player,player_id,nation,pos,squad,squad_key,age,born,season_start_year,mp,starts,min,nineties,gls,ast,g_plus_a,gpk,pk,pkatt,crdy,crdr,gls_per90,ast_per90,g_plus_a_per90,gpk_per90,gapk_per90,impact_score,team_rank,tier,tier_label
Simon Francis,1e0b6a73,eng ENG,DF,Bournemouth,AFCBOURNEMOUTH,30.0,1985,2015,38,38,3387,37.6,0,4,4,0,0,0,5,1,0.0,0.11,0.11,0.0,0.11,0.095,1,1,Talisman
Andrew Surman,7d41b619,eng ENG,MF,Bournemouth,AFCBOURNEMOUTH,28.0,1986,2015,38,38,3420,38.0,0,3,3,0,0,0,4,0,0.0,0.08,0.08,0.0,0.08,0.0946,2,1,Talisman
Charlie Daniels,9d107085,eng ENG,DF,Bournemouth,AFCBOURNEMOUTH,28.0,1986,2015,37,37,3285,36.5,3,5,8,1,2,2,2,0,0.08,0.14,0.22,0.03,0.16,0.0944,3,1,Talisman
Matt Ritchie,71ef519e,sct SCO,MF,Bournemouth,AFCBOURNEMOUTH,25.0,1989,2015,37,33,2973,33.0,4,6,10,4,0,0,5,0,0.12,0.18,0.3,0.12,0.3,0.0909,4,1,Talisman
Steve Cook,3e5e4e63,eng ENG,DF,Bournemouth,AFCBOURNEMOUTH,24.0,1991,2015,36,36,3195,35.5,4,0,4,4,0,0,5,0,0.11,0.0,0.11,0.11,0.11,0.0897,5,1,Talisman
Artur Boruc,34ccf6fa,pl POL,GK,Bournemouth,AFCBOURNEMOUTH,35.0,1980,2015,32,32,2880,32.0,0,0,0,0,0,0,2,0,0.0,0.0,0.0,0.0,0.0,0.0766,6,2,Key Player
Dan Gosling,7fec31a0,eng ENG,MF,Bournemouth,AFCBOURNEMOUTH,25.0,1990,2015,34,28,2444,27.2,3,1,4,3,0,0,6,0,0.11,0.04,0.15,0.11,0.15,0.07,7,2,Key Player
Joshua King,43458538,no NOR,FWMF,Bournemouth,AFCBOURNEMOUTH,23.0,1992,2015,31,24,1913,21.3,6,2,8,6,0,0,1,0,0.28,0.09,0.38,0.28,0.38,0.0607,8,2,Key Player
Adam Smith,20b104bc,eng ENG,DF,Bournemouth,AFCBOURNEMOUTH,24.0,1991,2015,31,22,2100,23.3,2,0,2,2,0,0,5,0,0.09,0.0,0.09,0.09,0.09,0.0583,9,2,Key Player
Harry Arter,2f4c5a52,ie IRL,MF,Bournemouth,AFCBOURNEMOUTH,25.0,1989,2015,21,21,1661,18.5,1,0,1,1,0,0,7,0,0.05,0.0,0.05,0.05,0.05,0.0454,10,2,Key Player
Junior Stanislas,6992791d,eng ENG,MF,Bournemouth,AFCBOURNEMOUTH,25.0,1989,2015,21,17,1435,15.9,3,2,5,3,0,0,1,0,0.19,0.13,0.31,0.19,0.31,0.044,11,2,Key Player
Marc Pugh,9aacb284,eng ENG,MF,Bournemouth,AFCBOURNEMOUTH,28.0,1987,2015,26,15,1337,14.9,3,2,5,3,0,0,1,0,0.2,0.13,0.34,0.2,0.34,0.0417,12,3,Regular Starter
Benik Afobe,b63f4077,cd COD,FW,Bournemouth,AFCBOURNEMOUTH,22.0,1993,2015,15,12,930,10.3,4,0,4,4,0,0,0,0,0.39,0.0,0.39,0.39,0.39,0.0295,13,3,Regular Starter
Tommy Elphick,14caf5c9,eng ENG,DF,Bournemouth,AFCBOURNEMOUTH,27.0,1987,2015,12,11,1013,11.3,1,0,1,1,0,0,1,0,0.09,0.0,0.09,0.09,0.09,0.0283,14,3,Regular Starter
Max Gradel,c5a500ca,ci CIV,MF,Bournemouth,AFCBOURNEMOUTH,27.0,1987,2015,14,11,891,9.9,1,2,3,1,0,0,1,0,0.1,0.2,0.3,0.1,0.3,0.0273,15,3,Regular Starter
Callum Wilson,c596fcb0,eng ENG,FWMF,Bournemouth,AFCBOURNEMOUTH,23.0,1992,2015,13,9,771,8.6,5,0,5,4,1,1,0,0,0.58,0.0,0.58,0.47,0.47,0.0254,16,3,Regular Starter
Sylvain Distin,002d06bb,fr FRA,DF,Bournemouth,AFCBOURNEMOUTH,37.0,1977,2015,12,9,843,9.4,0,0,0,0,0,0,0,0,0.0,0.0,0.0,0.0,0.0,0.0225,17,4,Squad Rotation
Glenn Murray,f2f29dda,eng ENG,FW,Bournemouth,AFCBOURNEMOUTH,31.0,1983,2015,19,6,676,7.5,3,0,3,3,0,1,2,0,0.4,0.0,0.4,0.4,0.4,0.0216,18,4,Squad Rotation
Eunan O'Kane,b7f8b1fc,ie IRL,MF,Bournemouth,AFCBOURNEMOUTH,25.0,1990,2015,16,6,756,8.4,0,1,1,0,0,0,2,0,0.0,0.12,0.12,0.0,0.12,0.0213,19,4,Squad Rotation
Lewis Grabban,1a857282,eng ENG,FW,Bournemouth,AFCBOURNEMOUTH,27.0,1988,2015,15,4,577,6.4,0,0,0,0,0,0,2,0,0.0,0.0,0.0,0.0,0.0,0.0153,20,4,Squad Rotation
Adam Federici,e5ea8be7,au AUS,GK,Bournemouth,AFCBOURNEMOUTH,30.0,1985,2015,6,6,495,5.5,0,0,0,0,0,0,0,0,0.0,0.0,0.0,0.0,0.0,0.0132,21,4,Squad Rotation
Lee Tomlin,ef1739b9,eng ENG,MF,Bournemouth,AFCBOURNEMOUTH,26.0,1989,2015,6,3,290,3.2,0,0,0,0,0,0,1,0,0.0,0.0,0.0,0.0,0.0,0.0077,22,4,Squad Rotation
Yann Kermorgant,0172d6cc,fr FRA,FW,Bournemouth,AFCBOURNEMOUTH,33.0,1981,2015,7,0,130,1.4,0,0,0,0,0,0,0,0,0.0,0.0,0.0,0.0,0.0,0.0034,23,5,Fringe/Backup
Juan Iturbe,2c0fbaf5,py PAR,FWMF,Bournemouth,AFCBOURNEMOUTH,22.0,1993,2015,2,0,57,0.6,0,0,0,0,0,0,0,0,0.0,0.0,0.0,0.0,0.0,0.0014,24,5,Fringe/Backup
Ryan Allsop,af615123,eng ENG,GK,Bournemouth,AFCBOURNEMOUTH,23.0,1992,2015,1,0,45,0.5,0,0,0,0,0,0,0,0,0.0,0.0,0.0,0.0,0.0,0.0012,25,5,Fringe/Backup
Tokelo Rantie,7ef25942,za RSA,FW,Bournemouth,AFCBOURNEMOUTH,24.0,1990,2015,3,0,41,0.5,0,0,0,0,0,0,0,0,0.0,0.0,0.0,0.0,0.0,0.0012,26,5,Fringe/Backup
Shaun MacDonald,fdcff59c,wls WAL,MF,Bournemouth,AFCBOURNEMOUTH,27.0,1988,2015,3,0,31,0.3,0,0,0,0,0,0,0,0,0.0,0.0,0.0,0.0,0.0,0.0007,27,5,Fringe/Backup
Tyrone Mings,8397a50c,eng ENG,DF,Bournemouth,AFCBOURNEMOUTH,22.0,1993,2015,1,0,11,0.1,0,0,0,0,0,0,0,0,0.0,0.0,0.0,0.0,0.0,0.0002,28,5,Fringe/Backup
Mesut Özil,16380240,de GER,MF,Arsenal,ARSENAL,26.0,1988,2015,35,35,3035,33.7,6,19,25,6,0,0,4,0,0.18,0.56,0.74,0.18,0.74,0.1109,1,1,Talisman
Héctor Bellerín,f874dd44,es ESP,DF,Arsenal,ARSENAL,20.0,1995,2015,36,36,3240,36.0,1,5,6,1,0,0,3,0,0.03,0.14,0.17,0.03,0.17,0.0938,2,1,Talisman
Olivier Giroud,16ceb862,fr FRA,FW,Arsenal,ARSENAL,28.0,1986,2015,38,26,2429,27.0,16,6,22,15,1,1,2,0,0.59,0.22,0.82,0.56,0.78,0.0902,3,1,Talisman
Nacho Monreal,d4cb83cc,es ESP,DF,Arsenal,ARSENAL,29.0,1986,2015,37,36,3249,36.1,0,3,3,0,0,0,1,0,0.0,0.08,0.08,0.0,0.08,0.0902,4,1,Talisman
Alexis Sánchez,2c0f8e9e,cl CHI,MF,Arsenal,ARSENAL,26.0,1988,2015,30,28,2436,27.1,13,4,17,13,0,0,1,0,0.48,0.15,0.63,0.48,0.63,0.0856,5,1,Talisman
Petr Čech,71672fa0,cz CZE,GK,Arsenal,ARSENAL,33.0,1982,2015,34,34,3060,34.0,0,0,0,0,0,0,0,0,0.0,0.0,0.0,0.0,0.0,0.0817,6,2,Key Player
Laurent Koscielny,f5efb153,fr FRA,DF,Arsenal,ARSENAL,29.0,1985,2015,33,33,2845,31.6,4,0,4,4,0,0,3,0,0.13,0.0,0.13,0.13,0.13,0.0808,7,2,Key Player
Aaron Ramsey,ef619b0b,wls WAL,MF,Arsenal,ARSENAL,24.0,1990,2015,31,29,2623,29.1,5,4,9,5,0,0,4,0,0.17,0.14,0.31,0.17,0.31,0.0807,8,2,Key Player
Per Mertesacker,5be28712,de GER,DF,Arsenal,ARSENAL,30.0,1984,2015,24,24,2048,22.8,0,0,0,0,0,0,1,1,0.0,0.0,0.0,0.0,0.0,0.0548,9,2,Key Player
Gabriel Paulista,b7ca5c51,br BRA,DF,Arsenal,ARSENAL,24.0,1990,2015,21,18,1764,19.6,1,0,1,1,0,0,4,1,0.05,0.0,0.05,0.05,0.05,0.0483,10,2,Key Player
Theo Walcott,1ecb65be,eng ENG,MFFW,Arsenal,ARSENAL,26.0,1989,2015,28,15,1373,15.3,5,2,7,5,0,0,0,0,0.33,0.13,0.46,0.33,0.46,0.0452,11,3,Regular Starter
Francis Coquelin,a6951bf8,fr FRA,MF,Arsenal,ARSENAL,24.0,1991,2015,26,21,1643,18.3,0,0,0,0,0,0,7,2,0.0,0.0,0.0,0.0,0.0,0.044,12,3,Regular Starter
Santi Cazorla,e2e9c250,es ESP,MF,Arsenal,ARSENAL,30.0,1984,2015,15,15,1290,14.3,0,3,3,0,0,1,4,2,0.0,0.21,0.21,0.0,0.21,0.038,13,3,Regular Starter
Joel Campbell,895ff3ca,cr CRC,MF,Arsenal,ARSENAL,23.0,1992,2015,19,11,884,9.8,3,2,5,3,0,0,0,0,0.31,0.2,0.51,0.31,0.51,0.0295,14,3,Regular Starter
Mathieu Flamini,148d4105,fr FRA,MF,Arsenal,ARSENAL,31.0,1984,2015,16,12,1089,12.1,0,0,0,0,0,0,3,0,0.0,0.0,0.0,0.0,0.0,0.0291,15,3,Regular Starter
Alex Oxlade-Chamberlain,38c7feef,eng ENG,MF,Arsenal,ARSENAL,21.0,1993,2015,22,9,926,10.3,1,0,1,1,0,0,0,0,0.1,0.0,0.1,0.1,0.1,0.026,16,4,Squad Rotation
Danny Welbeck,ce5143da,eng ENG,FW,Arsenal,ARSENAL,24.0,1990,2015,11,7,575,6.4,4,2,6,4,0,0,1,0,0.63,0.31,0.94,0.63,0.94,0.0226,17,4,Squad Rotation
Mohamed Elneny,47a34c4f,eg EGY,MF,Arsenal,ARSENAL,23.0,1992,2015,11,9,792,8.8,0,1,1,0,0,0,3,0,0.0,0.11,0.11,0.0,0.11,0.0223,18,4,Squad Rotation
Alex Iwobi,6ca5ec4b,ng NGA,MFFW,Arsenal,ARSENAL,19.0,1996,2015,13,8,628,7.0,2,2,4,2,0,0,0,0,0.29,0.29,0.57,0.29,0.57,0.0216,19,4,Squad Rotation
Kieran Gibbs,46ee5234,eng ENG,DFMF,Arsenal,ARSENAL,25.0,1989,2015,15,3,391,4.3,1,0,1,1,0,0,0,0,0.23,0.0,0.23,0.23,0.23,0.0115,20,4,Squad Rotation
David Ospina,82b1198a,co COL,GK,Arsenal,ARSENAL,26.0,1988,2015,4,4,360,4.0,0,0,0,0,0,0,0,0,0.0,0.0,0.0,0.0,0.0,0.0096,21,5,Fringe/Backup
Calum Chambers,dc6f5bdd,eng ENG,MFDF,Arsenal,ARSENAL,20.0,1995,2015,12,2,322,3.6,0,0,0,0,0,0,2,0,0.0,0.0,0.0,0.0,0.0,0.0086,22,5,Fringe/Backup
Mikel Arteta,d934d1e6,es ESP,MF,Arsenal,ARSENAL,33.0,1982,2015,9,0,169,1.9,0,0,0,0,0,0,1,0,0.0,0.0,0.0,0.0,0.0,0.0046,23,5,Fringe/Backup
Mathieu Debuchy,92232aad,fr FRA,DF,Arsenal,ARSENAL,30.0,1985,2015,2,2,142,1.6,0,0,0,0,0,0,0,0,0.0,0.0,0.0,0.0,0.0,0.0038,24,5,Fringe/Backup
Jack Wilshere,9c318325,eng ENG,MF,Arsenal,ARSENAL,23.0,1992,2015,3,1,142,1.6,0,0,0,0,0,0,0,0,0.0,0.0,0.0,0.0,0.0,0.0038,25,5,Fringe/Backup
Idrissa Gueye,72c812f3,sn SEN,MF,Aston Villa,ASTONVILLA,25.0,1989,2015,35,35,3071,34.1,0,1,1,0,0,0,10,0,0.0,0.03,0.03,0.0,0.03,0.083,1,1,Talisman
Ashley Westwood,495945ef,eng ENG,MF,Aston Villa,ASTONVILLA,25.0,1990,2015,32,31,2717,30.2,2,2,4,2,0,0,6,0,0.07,0.07,0.13,0.07,0.13,0.0771,2,1,Talisman
Joleon Lescott,62393d3b,eng ENG,DF,Aston Villa,ASTONVILLA,32.0,1982,2015,30,30,2629,29.2,1,0,1,1,0,0,2,0,0.03,0.0,0.03,0.03,0.03,0.0711,3,1,Talisman
Jordan Ayew,da052c14,gh GHA,FW,Aston Villa,ASTONVILLA,23.0,1991,2015,30,27,2349,26.1,7,0,7,6,1,1,6,1,0.27,0.0,0.27,0.23,0.23,0.0698,4,1,Talisman
Brad Guzan,d899e3bf,us USA,GK,Aston Villa,ASTONVILLA,30.0,1984,2015,28,28,2520,28.0,0,0,0,0,0,0,2,0,0.0,0.0,0.0,0.0,0.0,0.0672,5,1,Talisman
Leandro Bacuna,9dc69d38,cw CUW,DFMF,Aston Villa,ASTONVILLA,23.0,1991,2015,31,27,2417,26.9,1,0,1,1,0,0,8,0,0.04,0.0,0.04,0.04,0.04,0.0658,6,2,Key Player
Alan Hutton,688ae34c,sct SCO,DF,Aston Villa,ASTONVILLA,30.0,1984,2015,28,26,2330,25.9,0,1,1,0,0,0,8,2,0.0,0.04,0.04,0.0,0.04,0.0634,7,2,Key Player
Micah Richards,ff87875a,eng ENG,DF,Aston Villa,ASTONVILLA,27.0,1988,2015,24,23,2044,22.7,1,1,2,1,0,0,3,0,0.04,0.04,0.09,0.04,0.09,0.0569,8,2,Key Player
Jordan Veretout,4a56052c,fr FRA,MF,Aston Villa,ASTONVILLA,22.0,1993,2015,25,21,1820,20.2,0,5,5,0,0,0,4,0,0.0,0.25,0.25,0.0,0.25,0.0545,9,2,Key Player
Rudy Gestede,822b3ef9,bj BEN,FW,Aston Villa,ASTONVILLA,26.0,1988,2015,32,14,1669,18.5,5,2,7,5,0,0,2,0,0.27,0.11,0.38,0.27,0.38,0.0528,10,2,Key Player
Scott Sinclair,273c483b,eng ENG,FWMF,Aston Villa,ASTONVILLA,26.0,1989,2015,27,19,1595,17.7,2,0,2,1,1,1,0,0,0.11,0.0,0.11,0.06,0.06,0.0437,11,2,Key Player
Aly Cissokho,83a2bb30,fr FRA,DF,Aston Villa,ASTONVILLA,27.0,1987,2015,18,18,1603,17.8,0,0,0,0,0,0,3,1,0.0,0.0,0.0,0.0,0.0,0.0427,12,3,Regular Starter
Carles Gil,11c30a46,es ESP,FWMF,Aston Villa,ASTONVILLA,22.0,1992,2015,23,17,1435,15.9,2,0,2,2,0,0,3,0,0.13,0.0,0.13,0.13,0.13,0.0406,13,3,Regular Starter
Ciaran Clark,2b91cf8e,ie IRL,DF,Aston Villa,ASTONVILLA,25.0,1989,2015,18,16,1442,16.0,1,0,1,1,0,0,6,0,0.06,0.0,0.06,0.06,0.06,0.0395,14,3,Regular Starter
Carlos Sánchez,50b51fac,co COL,MF,Aston Villa,ASTONVILLA,29.0,1986,2015,20,16,1367,15.2,0,0,0,0,0,0,3,0,0.0,0.0,0.0,0.0,0.0,0.0365,15,3,Regular Starter
Gabriel Agbonlahor,db80f5f1,eng ENG,FW,Aston Villa,ASTONVILLA,28.0,1986,2015,15,13,1031,11.5,1,2,3,1,0,0,0,0,0.09,0.17,0.26,0.09,0.26,0.0312,16,3,Regular Starter
Jores Okore,bd7138e5,dk DEN,DF,Aston Villa,ASTONVILLA,22.0,1992,2015,12,12,1080,12.0,0,0,0,0,0,0,1,0,0.0,0.0,0.0,0.0,0.0,0.0288,17,3,Regular Starter
Jordan Amavi,22721b88,fr FRA,DF,Aston Villa,ASTONVILLA,21.0,1994,2015,10,9,837,9.3,0,2,2,0,0,0,2,0,0.0,0.22,0.22,0.0,0.22,0.0248,18,4,Squad Rotation
Mark Bunn,a6738b6c,eng ENG,GK,Aston Villa,ASTONVILLA,30.0,1984,2015,10,10,900,10.0,0,0,0,0,0,0,2,0,0.0,0.0,0.0,0.0,0.0,0.024,19,4,Squad Rotation
Jack Grealish,b0b4fd3e,eng ENG,MFFW,Aston Villa,ASTONVILLA,19.0,1995,2015,16,9,833,9.3,1,0,1,1,0,0,1,0,0.11,0.0,0.11,0.11,0.11,0.0235,20,4,Squad Rotation
Kieran Richardson,d2bf40b4,eng ENG,DFMF,Aston Villa,ASTONVILLA,30.0,1984,2015,11,8,723,8.0,0,1,1,0,0,0,4,0,0.0,0.12,0.12,0.0,0.12,0.0203,21,4,Squad Rotation
Kevin Toner,e2910435,ie IRL,DFMF,Aston Villa,ASTONVILLA,19.0,1996,2015,4,3,315,3.5,0,1,1,0,0,0,0,0,0.0,0.29,0.29,0.0,0.29,0.0096,22,4,Squad Rotation
Libor Kozák,979d0640,cz CZE,FW,Aston Villa,ASTONVILLA,26.0,1989,2015,4,3,258,2.9,0,0,0,0,0,0,0,0,0.0,0.0,0.0,0.0,0.0,0.007,23,4,Squad Rotation
Adama Traoré,9a28eba4,es ESP,FWMF,Aston Villa,ASTONVILLA,19.0,1996,2015,10,0,193,2.1,0,1,1,0,0,0,1,0,0.0,0.47,0.47,0.0,0.47,0.0062,24,5,Fringe/Backup
Jordan Lyden,f246a2a8,au AUS,MFDF,Aston Villa,ASTONVILLA,19.0,1996,2015,4,2,153,1.7,0,0,0,0,0,0,0,0,0.0,0.0,0.0,0.0,0.0,0.0041,25,5,Fringe/Backup
José Ángel Crespo,8ec4c2f7,es ESP,FW,Aston Villa,ASTONVILLA,28.0,1987,2015,1,1,90,1.0,0,0,0,0,0,0,0,0,0.0,0.0,0.0,0.0,0.0,0.0024,26,5,Fringe/Backup
André Green,6e287b7a,eng ENG,FWMF,Aston Villa,ASTONVILLA,17.0,1998,2015,2,0,59,0.7,0,0,0,0,0,0,0,0,0.0,0.0,0.0,0.0,0.0,0.0017,27,5,Fringe/Backup
Charles N'Zogbia,4e31f3e2,fr FRA,DFFW,Aston Villa,ASTONVILLA,29.0,1986,2015,2,0,43,0.5,0,0,0,0,0,0,0,0,0.0,0.0,0.0,0.0,0.0,0.0012,28,5,Fringe/Backup
Rushian Hepburn-Murphy,1e2012a6,eng ENG,FW,Aston Villa,ASTONVILLA,16.0,1998,2015,1,0,1,0.0,0,0,0,0,0,0,0,0,0.0,0.0,0.0,0.0,0.0,0.0,29,5,Fringe/Backup
César Azpilicueta,53cad200,es ESP,DF,Chelsea,CHELSEA,25.0,1989,2015,37,36,3199,35.5,2,3,5,2,0,0,7,0,0.06,0.08,0.14,0.06,0.14,0.0912,1,1,Talisman
Cesc Fàbregas,33508c78,es ESP,MF,Chelsea,CHELSEA,28.0,1987,2015,37,33,2895,32.2,5,7,12,3,2,2,5,0,0.16,0.22,0.37,0.09,0.31,0.0893,2,1,Talisman
Willian,8b9ebd03,br BRA,MF,Chelsea,CHELSEA,26.0,1988,2015,35,32,2739,30.4,5,6,11,5,0,0,5,0,0.16,0.2,0.36,0.16,0.36,0.0861,3,1,Talisman
Diego Costa,a190d597,es ESP,FW,Chelsea,CHELSEA,26.0,1988,2015,28,27,2373,26.4,12,6,18,12,0,0,8,0,0.46,0.23,0.68,0.46,0.68,0.085,4,1,Talisman
Branislav Ivanović,85f8571a,rs SRB,DF,Chelsea,CHELSEA,31.0,1984,2015,33,33,2916,32.4,2,2,4,2,0,0,5,0,0.06,0.06,0.12,0.06,0.12,0.0825,5,1,Talisman
Nemanja Matić,eb7822d7,rs SRB,MF,Chelsea,CHELSEA,26.0,1988,2015,33,28,2415,26.8,2,2,4,2,0,0,6,1,0.07,0.07,0.15,0.07,0.15,0.0692,6,2,Key Player
Eden Hazard,a39bb753,be BEL,MFFW,Chelsea,CHELSEA,24.0,1991,2015,31,25,2191,24.3,4,3,7,4,0,0,2,0,0.16,0.12,0.29,0.16,0.29,0.0668,7,2,Key Player
Pedro,3ca7254a,es ESP,MF,Chelsea,CHELSEA,28.0,1987,2015,29,24,2033,22.6,7,3,10,7,0,0,3,0,0.31,0.13,0.44,0.31,0.44,0.0662,8,2,Key Player
Gary Cahill,7914b9fe,eng ENG,DF,Chelsea,CHELSEA,29.0,1985,2015,23,21,1957,21.7,2,1,3,2,0,0,2,0,0.09,0.05,0.14,0.09,0.14,0.0558,9,2,Key Player
John Terry,68517cfd,eng ENG,DF,Chelsea,CHELSEA,34.0,1980,2015,24,24,1986,22.1,1,0,1,1,0,0,4,2,0.05,0.0,0.05,0.05,0.05,0.0544,10,2,Key Player
Thibaut Courtois,1840e36d,be BEL,GK,Chelsea,CHELSEA,23.0,1992,2015,23,23,2020,22.4,0,0,0,0,0,0,1,2,0.0,0.0,0.0,0.0,0.0,0.0538,11,2,Key Player
Kurt Zouma,ce4246f5,fr FRA,DF,Chelsea,CHELSEA,20.0,1994,2015,23,21,1918,21.3,1,1,2,1,0,0,0,0,0.05,0.05,0.09,0.05,0.09,0.0535,12,3,Regular Starter
Oscar,57fe98dd,br BRA,MF,Chelsea,CHELSEA,23.0,1991,2015,27,20,1769,19.7,3,3,6,2,1,2,4,0,0.15,0.15,0.31,0.1,0.25,0.0532,13,3,Regular Starter
John Obi Mikel,424d5f72,ng NGA,MFDF,Chelsea,CHELSEA,28.0,1987,2015,25,19,1782,19.8,0,1,1,0,0,0,6,0,0.0,0.05,0.05,0.0,0.05,0.0487,14,3,Regular Starter
Asmir Begović,7b4de647,ba BIH,GK,Chelsea,CHELSEA,28.0,1987,2015,17,15,1399,15.5,0,0,0,0,0,0,0,0,0.0,0.0,0.0,0.0,0.0,0.0372,15,3,Regular Starter
Abdul Rahman Baba,e4086af3,gh GHA,DF,Chelsea,CHELSEA,21.0,1994,2015,15,11,1018,11.3,0,1,1,0,0,0,1,0,0.0,0.09,0.09,0.0,0.09,0.0284,16,3,Regular Starter
Ramires,4cce2c67,br BRA,MF,Chelsea,CHELSEA,28.0,1987,2015,12,7,609,6.8,2,0,2,2,0,0,1,0,0.3,0.0,0.3,0.3,0.3,0.0188,17,4,Squad Rotation
Kenedy,5eebbfdf,br BRA,DFMF,Chelsea,CHELSEA,19.0,1996,2015,14,4,556,6.2,1,0,1,1,0,0,0,0,0.16,0.0,0.16,0.16,0.16,0.0161,18,4,Squad Rotation
Bertrand Traoré,c47541e0,bf BFA,FWMF,Chelsea,CHELSEA,19.0,1995,2015,10,4,375,4.2,2,1,3,2,0,0,0,0,0.48,0.24,0.72,0.48,0.72,0.0137,19,4,Squad Rotation
Ruben Loftus-Cheek,e97fd090,eng ENG,MF,Chelsea,CHELSEA,19.0,1996,2015,13,4,412,4.6,1,0,1,1,0,0,0,0,0.22,0.0,0.22,0.22,0.22,0.0123,20,4,Squad Rotation
Loïc Rémy,5c2da10f,fr FRA,FW,Chelsea,CHELSEA,28.0,1987,2015,13,3,291,3.2,1,0,1,1,0,0,0,0,0.31,0.0,0.31,0.31,0.31,0.0089,21,4,Squad Rotation
Radamel Falcao,66116290,co COL,FW,Chelsea,CHELSEA,29.0,1986,2015,10,1,237,2.6,1,0,1,1,0,0,1,0,0.38,0.0,0.38,0.38,0.38,0.0074,22,4,Squad Rotation
Matt Miazga,9fc0f253,us USA,DF,Chelsea,CHELSEA,20.0,1995,2015,2,2,135,1.5,0,0,0,0,0,0,1,0,0.0,0.0,0.0,0.0,0.0,0.0036,23,5,Fringe/Backup
Alexandre Pato,7dd83c7d,br BRA,FW,Chelsea,CHELSEA,25.0,1989,2015,2,1,131,1.5,1,0,1,0,1,1,0,0,0.69,0.0,0.69,0.0,0.0,0.0036,24,5,Fringe/Backup
Tammy Abraham,f586779e,eng ENG,FW,Chelsea,CHELSEA,17.0,1997,2015,2,0,55,0.6,0,0,0,0,0,0,0,0,0.0,0.0,0.0,0.0,0.0,0.0014,25,5,Fringe/Backup
Juan Cuadrado,0ab1f153,co COL,DFFW,Chelsea,CHELSEA,27.0,1988,2015,1,0,27,0.3,0,0,0,0,0,0,0,0,0.0,0.0,0.0,0.0,0.0,0.0007,26,5,Fringe/Backup
Fikayo Tomori,7edfbb8a,eng ENG,DF,Chelsea,CHELSEA,17.0,1997,2015,1,0,31,0.3,0,0,0,0,0,0,0,0,0.0,0.0,0.0,0.0,0.0,0.0007,27,5,Fringe/Backup
Jake Clarke-Salter,0df092d3,eng ENG,DF,Chelsea,CHELSEA,17.0,1997,2015,1,0,17,0.2,0,0,0,0,0,0,0,0,0.0,0.0,0.0,0.0,0.0,0.0005,28,5,Fringe/Backup
Scott Dann,52105203,eng ENG,DF,Crystal Palace,CRYSTALPALACE,28.0,1987,2015,35,35,3150,35.0,5,1,6,5,0,0,7,0,0.14,0.03,0.17,0.14,0.17,0.0909,1,1,Talisman
Damien Delaney,210d9ecb,ie IRL,DF,Crystal Palace,CRYSTALPALACE,34.0,1981,2015,32,32,2880,32.0,2,3,5,2,0,0,2,0,0.06,0.09,0.16,0.06,0.16,0.0828,2,1,Talisman
Pape Souaré,46b5375e,sn SEN,DF,Crystal Palace,CRYSTALPALACE,25.0,1990,2015,34,34,3015,33.5,0,1,1,0,0,0,6,1,0.0,0.03,0.03,0.0,0.03,0.0814,3,1,Talisman
Jason Puncheon,fd3f57ce,eng ENG,MFFW,Crystal Palace,CRYSTALPALACE,29.0,1986,2015,31,31,2615,29.1,2,3,5,2,0,0,3,0,0.07,0.1,0.17,0.07,0.17,0.0756,4,1,Talisman
Yohan Cabaye,ad7b19ef,fr FRA,MF,Crystal Palace,CRYSTALPALACE,29.0,1986,2015,33,32,2689,29.9,5,1,6,2,3,4,7,0,0.17,0.03,0.2,0.07,0.1,0.0752,5,1,Talisman
Joel Ward,8a7ff278,eng ENG,DF,Crystal Palace,CRYSTALPALACE,25.0,1989,2015,30,30,2691,29.9,2,1,3,2,0,0,4,0,0.07,0.03,0.1,0.07,0.1,0.0752,6,1,Talisman
Wilfried Zaha,b2bc3b1f,ci CIV,MFFW,Crystal Palace,CRYSTALPALACE,22.0,1992,2015,34,30,2488,27.6,2,1,3,2,0,0,5,0,0.07,0.04,0.11,0.07,0.11,0.0697,7,2,Key Player
Wayne Hennessey,76eca7e2,wls WAL,GK,Crystal Palace,CRYSTALPALACE,28.0,1987,2015,29,29,2610,29.0,0,0,0,0,0,0,1,0,0.0,0.0,0.0,0.0,0.0,0.0694,8,2,Key Player
Yannick Bolasie,715fc0fe,cd COD,MFFW,Crystal Palace,CRYSTALPALACE,26.0,1989,2015,26,23,2075,23.1,5,3,8,5,0,0,2,0,0.22,0.13,0.35,0.22,0.35,0.065,9,2,Key Player
James McArthur,cee31595,sct SCO,MF,Crystal Palace,CRYSTALPALACE,27.0,1987,2015,28,26,2185,24.3,2,2,4,2,0,0,5,0,0.08,0.08,0.16,0.08,0.16,0.0628,10,2,Key Player
Connor Wickham,41cc19c2,eng ENG,FW,Crystal Palace,CRYSTALPALACE,22.0,1993,2015,21,15,1320,14.7,5,3,8,4,1,1,1,0,0.34,0.2,0.55,0.27,0.48,0.0436,11,2,Key Player
Mile Jedinak,22fd2214,au AUS,MF,Crystal Palace,CRYSTALPALACE,30.0,1984,2015,27,16,1540,17.1,0,0,0,0,0,0,6,0,0.0,0.0,0.0,0.0,0.0,0.0409,12,2,Key Player
Bakary Sako,381d7d54,ml MLI,MFFW,Crystal Palace,CRYSTALPALACE,27.0,1988,2015,20,11,1069,11.9,2,1,3,2,0,0,1,0,0.17,0.08,0.25,0.17,0.25,0.0321,13,3,Regular Starter
Martin Kelly,d7492450,eng ENG,DF,Crystal Palace,CRYSTALPALACE,25.0,1990,2015,13,11,1044,11.6,0,0,0,0,0,0,3,0,0.0,0.0,0.0,0.0,0.0,0.0278,14,3,Regular Starter
Joe Ledley,c221f149,wls WAL,MF,Crystal Palace,CRYSTALPALACE,28.0,1987,2015,19,11,981,10.9,1,0,1,1,0,0,1,0,0.09,0.0,0.09,0.09,0.09,0.0273,15,3,Regular Starter
Dwight Gayle,e58a03c6,eng ENG,FW,Crystal Palace,CRYSTALPALACE,24.0,1990,2015,16,8,770,8.6,3,0,3,3,0,0,3,2,0.35,0.0,0.35,0.35,0.35,0.0242,16,3,Regular Starter
Jordon Mutch,37c408cc,eng ENG,MF,Crystal Palace,CRYSTALPALACE,23.0,1991,2015,20,7,803,8.9,0,0,0,0,0,0,0,0,0.0,0.0,0.0,0.0,0.0,0.0213,17,3,Regular Starter
Emmanuel Adebayor,936d9e3e,tg TOG,FW,Crystal Palace,CRYSTALPALACE,31.0,1984,2015,12,7,619,6.9,1,1,2,1,0,0,1,0,0.15,0.15,0.29,0.15,0.29,0.0189,18,3,Regular Starter
Brede Hangeland,7cbeb80c,no NOR,DF,Crystal Palace,CRYSTALPALACE,34.0,1981,2015,7,7,630,7.0,0,0,0,0,0,0,2,0,0.0,0.0,0.0,0.0,0.0,0.0168,19,4,Squad Rotation
Alex McCarthy,36c2ca73,eng ENG,GK,Crystal Palace,CRYSTALPALACE,25.0,1989,2015,7,7,630,7.0,0,0,0,0,0,0,0,0,0.0,0.0,0.0,0.0,0.0,0.0168,20,4,Squad Rotation
Lee Chung-yong,49b05a83,kr KOR,MF,Crystal Palace,CRYSTALPALACE,27.0,1988,2015,13,4,390,4.3,1,0,1,1,0,0,0,0,0.23,0.0,0.23,0.23,0.23,0.0115,21,4,Squad Rotation
Fraizer Campbell,81d63375,eng ENG,FW,Crystal Palace,CRYSTALPALACE,27.0,1987,2015,11,4,362,4.0,0,0,0,0,0,0,1,0,0.0,0.0,0.0,0.0,0.0,0.0096,22,4,Squad Rotation
Marouane Chamakh,790ca5f3,ma MAR,FW,Crystal Palace,CRYSTALPALACE,31.0,1984,2015,10,1,257,2.9,0,0,0,0,0,0,1,0,0.0,0.0,0.0,0.0,0.0,0.0069,23,4,Squad Rotation
Adrian Mariappa,8aa5f52c,jm JAM,DF,Crystal Palace,CRYSTALPALACE,28.0,1986,2015,3,3,255,2.8,0,0,0,0,0,0,0,0,0.0,0.0,0.0,0.0,0.0,0.0067,24,4,Squad Rotation
Julián Speroni,8e65a5e5,ar ARG,GK,Crystal Palace,CRYSTALPALACE,36.0,1979,2015,2,2,180,2.0,0,0,0,0,0,0,0,0,0.0,0.0,0.0,0.0,0.0,0.0048,25,5,Fringe/Backup
Patrick Bamford,93feac6e,eng ENG,FWMF,Crystal Palace,CRYSTALPALACE,21.0,1993,2015,6,0,124,1.4,0,0,0,0,0,0,0,0,0.0,0.0,0.0,0.0,0.0,0.0034,26,5,Fringe/Backup
Glenn Murray,f2f29dda,eng ENG,FW,Crystal Palace,CRYSTALPALACE,31.0,1983,2015,2,2,126,1.4,0,0,0,0,0,0,0,0,0.0,0.0,0.0,0.0,0.0,0.0034,27,5,Fringe/Backup
Sullay Kaikai,fc166e49,sl SLE,FWMF,Crystal Palace,CRYSTALPALACE,19.0,1995,2015,1,0,45,0.5,0,0,0,0,0,0,0,0,0.0,0.0,0.0,0.0,0.0,0.0012,28,5,Fringe/Backup
Hiram Boateng,929917ce,eng ENG,FWMF,Crystal Palace,CRYSTALPALACE,19.0,1996,2015,1,0,19,0.2,0,0,0,0,0,0,0,0,0.0,0.0,0.0,0.0,0.0,0.0005,29,5,Fringe/Backup
Jonny Williams,49b8432c,wls WAL,FWMF,Crystal Palace,CRYSTALPALACE,21.0,1993,2015,1,0,11,0.1,0,0,0,0,0,0,0,0,0.0,0.0,0.0,0.0,0.0,0.0002,30,5,Fringe/Backup
Romelu Lukaku,5eae500a,be BEL,FW,Everton,EVERTON,22.0,1993,2015,37,36,3169,35.2,18,6,24,17,1,2,3,0,0.51,0.17,0.68,0.48,0.65,0.1119,1,1,Talisman
Ross Barkley,3a24769f,eng ENG,MF,Everton,EVERTON,21.0,1993,2015,38,36,3075,34.2,8,8,16,6,2,2,4,0,0.23,0.23,0.47,0.18,0.41,0.0989,2,1,Talisman
Gareth Barry,7dbbe367,eng ENG,MF,Everton,EVERTON,34.0,1981,2015,33,32,2836,31.5,0,1,1,0,0,0,7,1,0.0,0.03,0.03,0.0,0.03,0.0767,3,1,Talisman
John Stones,5eecec3d,eng ENG,DF,Everton,EVERTON,21.0,1994,2015,33,31,2779,30.9,0,0,0,0,0,0,3,0,0.0,0.0,0.0,0.0,0.0,0.0742,4,1,Talisman
James McCarthy,64b08de7,ie IRL,MF,Everton,EVERTON,24.0,1990,2015,29,29,2428,27.0,2,2,4,2,0,0,7,1,0.07,0.07,0.15,0.07,0.15,0.0697,5,1,Talisman
Séamus Coleman,0420d84f,ie IRL,DF,Everton,EVERTON,26.0,1988,2015,28,27,2383,26.5,1,3,4,1,0,0,4,0,0.04,0.11,0.15,0.04,0.15,0.0684,6,1,Talisman
Ramiro Funes Mori,89cbc961,ar ARG,DF,Everton,EVERTON,24.0,1991,2015,28,24,2194,24.4,4,1,5,4,0,0,4,1,0.16,0.04,0.21,0.16,0.21,0.0647,7,2,Key Player
Tim Howard,c444465e,us USA,GK,Everton,EVERTON,36.0,1979,2015,25,25,2250,25.0,0,0,0,0,0,0,1,0,0.0,0.0,0.0,0.0,0.0,0.06,8,2,Key Player
Tom Cleverley,6cdd8245,eng ENG,MF,Everton,EVERTON,25.0,1989,2015,22,17,1612,17.9,2,4,6,2,0,0,1,0,0.11,0.22,0.33,0.11,0.33,0.05,9,2,Key Player
Arouna Koné,f9a72ca4,ci CIV,MFFW,Everton,EVERTON,31.0,1983,2015,25,16,1456,16.2,5,4,9,5,0,0,1,0,0.31,0.25,0.56,0.31,0.56,0.0498,10,2,Key Player
Phil Jagielka,3233eefd,eng ENG,DF,Everton,EVERTON,32.0,1982,2015,21,21,1850,20.6,0,0,0,0,0,0,0,0,0.0,0.0,0.0,0.0,0.0,0.0494,11,2,Key Player
Gerard Deulofeu,39583cfd,es ESP,MFFW,Everton,EVERTON,21.0,1994,2015,26,16,1383,15.4,2,8,10,2,0,0,2,0,0.13,0.52,0.65,0.13,0.65,0.049,12,2,Key Player
Aaron Lennon,2ff964a0,eng ENG,MFFW,Everton,EVERTON,28.0,1987,2015,25,17,1538,17.1,5,0,5,5,0,0,1,0,0.29,0.0,0.29,0.29,0.29,0.047,13,3,Regular Starter
Leighton Baines,b18095b6,eng ENG,DF,Everton,EVERTON,30.0,1984,2015,18,16,1479,16.4,2,1,3,1,1,1,0,0,0.12,0.06,0.18,0.06,0.12,0.0417,14,3,Regular Starter
Kevin Mirallas,aa51343f,be BEL,MFFW,Everton,EVERTON,27.0,1987,2015,23,10,1011,11.2,4,2,6,4,0,0,2,3,0.36,0.18,0.53,0.36,0.53,0.034,15,3,Regular Starter
Brendan Galloway,321506b3,zw ZIM,DF,Everton,EVERTON,19.0,1996,2015,15,14,1220,13.6,0,1,1,0,0,0,2,0,0.0,0.07,0.07,0.0,0.07,0.0338,16,3,Regular Starter
Joel Robles,cda0b317,es ESP,GK,Everton,EVERTON,25.0,1990,2015,13,13,1170,13.0,0,0,0,0,0,0,1,0,0.0,0.0,0.0,0.0,0.0,0.0312,17,3,Regular Starter
Bryan Oviedo,31faf295,cr CRC,DF,Everton,EVERTON,25.0,1990,2015,14,12,996,11.1,0,1,1,0,0,0,0,0,0.0,0.09,0.09,0.0,0.09,0.0278,18,3,Regular Starter
Steven Naismith,5e98c186,sct SCO,MF,Everton,EVERTON,28.0,1986,2015,10,4,453,5.0,3,1,4,3,0,0,1,0,0.6,0.2,0.79,0.6,0.79,0.0167,19,4,Squad Rotation
Muhamed Bešić,7ca9f0f0,ba BIH,MFDF,Everton,EVERTON,22.0,1992,2015,12,7,558,6.2,0,0,0,0,0,0,1,0,0.0,0.0,0.0,0.0,0.0,0.0149,20,4,Squad Rotation
Tyias Browning,c4e180f0,cn CHN,DF,Everton,EVERTON,21.0,1994,2015,5,3,300,3.3,0,0,0,0,0,0,1,0,0.0,0.0,0.0,0.0,0.0,0.0079,21,4,Squad Rotation
Matthew Pennington,0ff967f7,eng ENG,DF,Everton,EVERTON,20.0,1994,2015,4,4,298,3.3,0,0,0,0,0,0,1,0,0.0,0.0,0.0,0.0,0.0,0.0079,22,4,Squad Rotation
Darron Gibson,f0e72e1c,ie IRL,MF,Everton,EVERTON,27.0,1987,2015,7,2,242,2.7,0,1,1,0,0,0,3,0,0.0,0.37,0.37,0.0,0.37,0.0077,23,4,Squad Rotation
Leon Osman,a014c247,eng ENG,MFFW,Everton,EVERTON,34.0,1981,2015,9,2,223,2.5,0,0,0,0,0,0,0,0,0.0,0.0,0.0,0.0,0.0,0.006,24,4,Squad Rotation
Oumar Niasse,af721f98,sn SEN,MFFW,Everton,EVERTON,25.0,1990,2015,5,2,143,1.6,0,0,0,0,0,0,0,0,0.0,0.0,0.0,0.0,0.0,0.0038,25,5,Fringe/Backup
Steven Pienaar,8056f6e6,za RSA,MF,Everton,EVERTON,33.0,1982,2015,4,0,122,1.4,0,0,0,0,0,0,0,0,0.0,0.0,0.0,0.0,0.0,0.0034,26,5,Fringe/Backup
Tom Davies,9228b07c,eng ENG,FW,Everton,EVERTON,17.0,1998,2015,2,1,98,1.1,0,0,0,0,0,0,0,0,0.0,0.0,0.0,0.0,0.0,0.0026,27,5,Fringe/Backup
Kieran Dowell,2f6ec02a,eng ENG,MF,Everton,EVERTON,17.0,1997,2015,2,1,72,0.8,0,0,0,0,0,0,0,0,0.0,0.0,0.0,0.0,0.0,0.0019,28,5,Fringe/Backup
Jonjoe Kenny,099e666f,eng ENG,DFFW,Everton,EVERTON,18.0,1997,2015,1,0,62,0.7,0,0,0,0,0,0,0,0,0.0,0.0,0.0,0.0,0.0,0.0017,29,5,Fringe/Backup
Tony Hibbert,c878c4bf,eng ENG,DF,Everton,EVERTON,34.0,1981,2015,1,0,45,0.5,0,0,0,0,0,0,0,0,0.0,0.0,0.0,0.0,0.0,0.0012,30,5,Fringe/Backup
Callum Connolly,39ad0b72,eng ENG,DFMF,Everton,EVERTON,17.0,1997,2015,1,0,37,0.4,0,0,0,0,0,0,0,0,0.0,0.0,0.0,0.0,0.0,0.001,31,5,Fringe/Backup
Jamie Vardy,45963054,eng ENG,FW,Leicester City,LEICESTERCITY,28.0,1987,2015,36,36,3132,34.8,24,6,30,19,5,6,7,1,0.69,0.17,0.86,0.55,0.72,0.1134,1,1,Talisman
Riyad Mahrez,892d5bb1,dz ALG,MF,Leicester City,LEICESTERCITY,24.0,1991,2015,37,36,3034,33.7,17,11,28,13,4,6,1,0,0.5,0.33,0.83,0.39,0.71,0.1095,2,1,Talisman
Wes Morgan,80c31c97,jm JAM,DF,Leicester City,LEICESTERCITY,31.0,1984,2015,38,38,3420,38.0,2,0,2,2,0,0,3,0,0.05,0.0,0.05,0.05,0.05,0.0934,3,1,Talisman
Danny Drinkwater,2649ff32,eng ENG,MF,Leicester City,LEICESTERCITY,25.0,1990,2015,35,35,3032,33.7,2,7,9,2,0,0,5,1,0.06,0.21,0.27,0.06,0.27,0.0917,4,1,Talisman
Kasper Schmeichel,53af52f3,dk DEN,GK,Leicester City,LEICESTERCITY,28.0,1986,2015,38,38,3420,38.0,0,0,0,0,0,0,2,0,0.0,0.0,0.0,0.0,0.0,0.0911,5,2,Key Player
Robert Huth,0bd1ea64,de GER,DF,Leicester City,LEICESTERCITY,30.0,1984,2015,35,35,3150,35.0,3,0,3,3,0,0,8,0,0.09,0.0,0.09,0.09,0.09,0.0877,6,2,Key Player
N'Golo Kanté,b9fbae28,fr FRA,MF,Leicester City,LEICESTERCITY,24.0,1991,2015,37,33,3022,33.6,1,4,5,1,0,0,3,0,0.03,0.12,0.15,0.03,0.15,0.0866,7,2,Key Player
Marc Albrighton,b827d5b3,eng ENG,MF,Leicester City,LEICESTERCITY,25.0,1989,2015,38,34,2749,30.5,2,6,8,2,0,0,4,0,0.07,0.2,0.26,0.07,0.26,0.0826,8,2,Key Player
Christian Fuchs,a67a09fb,at AUT,DF,Leicester City,LEICESTERCITY,29.0,1986,2015,32,30,2711,30.1,0,4,4,0,0,0,4,0,0.0,0.13,0.13,0.0,0.13,0.0768,9,2,Key Player
Danny Simpson,3201b03d,eng ENG,DF,Leicester City,LEICESTERCITY,28.0,1987,2015,30,30,2609,29.0,0,0,0,0,0,0,5,1,0.0,0.0,0.0,0.0,0.0,0.0695,10,3,Regular Starter
Shinji Okazaki,68796d61,jp JPN,FWMF,Leicester City,LEICESTERCITY,29.0,1986,2015,36,28,2054,22.8,5,0,5,5,0,0,1,0,0.22,0.0,0.22,0.22,0.22,0.0607,11,3,Regular Starter
Jeffrey Schlupp,3312f911,gh GHA,DFMF,Leicester City,LEICESTERCITY,22.0,1992,2015,24,14,1387,15.4,1,2,3,1,0,0,4,0,0.06,0.13,0.19,0.06,0.19,0.0404,12,3,Regular Starter
Leonardo Ulloa,eed56f6c,ar ARG,FW,Leicester City,LEICESTERCITY,29.0,1986,2015,29,7,984,10.9,6,1,7,5,1,1,0,0,0.55,0.09,0.64,0.46,0.55,0.0333,13,3,Regular Starter
Andy King,d790907f,wls WAL,MF,Leicester City,LEICESTERCITY,26.0,1988,2015,25,9,1062,11.8,2,1,3,2,0,0,2,0,0.17,0.08,0.25,0.17,0.25,0.0318,14,4,Squad Rotation
Ritchie De Laet,dc234f98,be BEL,DF,Leicester City,LEICESTERCITY,26.0,1988,2015,12,7,657,7.3,1,0,1,1,0,0,1,0,0.14,0.0,0.14,0.14,0.14,0.0187,15,4,Squad Rotation
Marcin Wasilewski,24249219,pl POL,DF,Leicester City,LEICESTERCITY,35.0,1980,2015,4,3,303,3.4,0,0,0,0,0,0,2,0,0.0,0.0,0.0,0.0,0.0,0.0081,16,4,Squad Rotation
Nathan Dyer,6dfd5af0,eng ENG,FWMF,Leicester City,LEICESTERCITY,27.0,1987,2015,12,0,220,2.4,1,0,1,1,0,0,1,0,0.41,0.0,0.41,0.41,0.41,0.0069,17,4,Squad Rotation
Demarai Gray,4468ec10,jm JAM,MF,Leicester City,LEICESTERCITY,19.0,1996,2015,12,1,187,2.1,0,1,1,0,0,0,0,0,0.0,0.48,0.48,0.0,0.48,0.0062,18,4,Squad Rotation
Gökhan Inler,3200c583,ch SUI,MF,Leicester City,LEICESTERCITY,31.0,1984,2015,5,3,194,2.2,0,0,0,0,0,0,0,0,0.0,0.0,0.0,0.0,0.0,0.0053,19,5,Fringe/Backup
Daniel Amartey,1a4ef233,gh GHA,DF,Leicester City,LEICESTERCITY,20.0,1994,2015,5,1,104,1.2,0,0,0,0,0,0,0,0,0.0,0.0,0.0,0.0,0.0,0.0029,20,5,Fringe/Backup
Yohan Benalouane,8309b068,tn TUN,DF,Leicester City,LEICESTERCITY,28.0,1987,2015,4,0,68,0.8,0,0,0,0,0,0,1,0,0.0,0.0,0.0,0.0,0.0,0.0019,21,5,Fringe/Backup
Andrej Kramarić,603cb947,hr CRO,FWMF,Leicester City,LEICESTERCITY,24.0,1991,2015,2,0,24,0.3,0,0,0,0,0,0,0,0,0.0,0.0,0.0,0.0,0.0,0.0007,22,5,Fringe/Backup
Joe Dodoo,beed85c7,eng ENG,FWMF,Leicester City,LEICESTERCITY,20.0,1995,2015,1,0,20,0.2,0,0,0,0,0,0,0,0,0.0,0.0,0.0,0.0,0.0,0.0005,23,5,Fringe/Backup
James Milner,2f90f6b8,eng ENG,MFFW,Liverpool,LIVERPOOL,29.0,1986,2015,28,28,2408,26.8,5,11,16,4,1,1,11,1,0.19,0.41,0.6,0.15,0.56,0.0822,1,1,Talisman
Simon Mignolet,d436eb94,be BEL,GK,Liverpool,LIVERPOOL,27.0,1988,2015,34,34,3060,34.0,0,0,0,0,0,0,2,0,0.0,0.0,0.0,0.0,0.0,0.0815,2,1,Talisman
Nathaniel Clyne,0442183b,eng ENG,DF,Liverpool,LIVERPOOL,24.0,1991,2015,33,33,2970,33.0,1,0,1,1,0,0,6,0,0.03,0.0,0.03,0.03,0.03,0.0803,3,1,Talisman
Alberto Moreno,11b9265b,es ESP,DF,Liverpool,LIVERPOOL,23.0,1992,2015,32,28,2548,28.3,1,4,5,1,0,0,3,0,0.04,0.14,0.18,0.04,0.18,0.0739,4,1,Talisman
Roberto Firmino,4c370d81,br BRA,FWMF,Liverpool,LIVERPOOL,23.0,1991,2015,31,24,1972,21.9,10,7,17,10,0,0,1,0,0.46,0.32,0.78,0.46,0.78,0.0729,5,1,Talisman
Philippe Coutinho,0ef89a37,br BRA,MFFW,Liverpool,LIVERPOOL,23.0,1992,2015,26,24,1995,22.2,8,5,13,8,0,0,4,2,0.36,0.23,0.59,0.36,0.59,0.0689,6,1,Talisman
Adam Lallana,99813635,eng ENG,MFFW,Liverpool,LIVERPOOL,27.0,1988,2015,30,23,2107,23.4,4,6,10,4,0,0,2,0,0.17,0.26,0.43,0.17,0.43,0.0681,7,2,Key Player
Emre Can,a65ce836,de GER,MFDF,Liverpool,LIVERPOOL,21.0,1994,2015,30,28,2491,27.7,1,0,1,1,0,0,9,0,0.04,0.0,0.04,0.04,0.04,0.0677,8,2,Key Player
Christian Benteke,ab070c55,be BEL,FW,Liverpool,LIVERPOOL,24.0,1990,2015,29,14,1529,17.0,9,3,12,8,1,1,2,0,0.53,0.18,0.71,0.47,0.65,0.054,9,2,Key Player
Lucas Leiva,4c78b5ed,br BRA,MFDF,Liverpool,LIVERPOOL,28.0,1987,2015,27,21,1953,21.7,0,1,1,0,0,0,8,0,0.0,0.05,0.05,0.0,0.05,0.0533,10,2,Key Player
Martin Škrtel,defb905a,sk SVK,DF,Liverpool,LIVERPOOL,30.0,1984,2015,22,21,1885,20.9,1,0,1,1,0,0,5,0,0.05,0.0,0.05,0.05,0.05,0.0513,11,2,Key Player
Dejan Lovren,1a2935f6,hr CRO,DF,Liverpool,LIVERPOOL,26.0,1989,2015,24,22,1896,21.1,0,0,0,0,0,0,2,0,0.0,0.0,0.0,0.0,0.0,0.0506,12,2,Key Player
Mamadou Sakho,87935cf3,fr FRA,DF,Liverpool,LIVERPOOL,25.0,1990,2015,22,21,1854,20.6,1,0,1,1,0,0,1,0,0.05,0.0,0.05,0.05,0.05,0.0506,13,2,Key Player
Jordan Henderson,935e6b8f,eng ENG,MF,Liverpool,LIVERPOOL,25.0,1990,2015,17,15,1290,14.3,2,3,5,2,0,0,1,0,0.14,0.21,0.35,0.14,0.35,0.0403,14,3,Regular Starter
Daniel Sturridge,1b7ec703,eng ENG,FW,Liverpool,LIVERPOOL,25.0,1989,2015,14,11,978,10.9,8,1,9,8,0,0,0,0,0.74,0.09,0.83,0.74,0.83,0.037,15,3,Regular Starter
Jordon Ibe,9f736ed2,eng ENG,MFFW,Liverpool,LIVERPOOL,19.0,1995,2015,27,12,1178,13.1,1,2,3,1,0,0,0,0,0.08,0.15,0.23,0.08,0.23,0.035,16,3,Regular Starter
Divock Origi,43a166b4,be BEL,FW,Liverpool,LIVERPOOL,20.0,1995,2015,16,7,670,7.4,5,1,6,5,0,0,0,0,0.67,0.13,0.81,0.67,0.81,0.0249,17,3,Regular Starter
Kolo Touré,3301c9f4,ci CIV,DF,Liverpool,LIVERPOOL,34.0,1981,2015,14,9,858,9.5,1,0,1,1,0,0,1,0,0.1,0.0,0.1,0.1,0.1,0.0239,18,3,Regular Starter
Joe Allen,9feb8f24,wls WAL,MF,Liverpool,LIVERPOOL,25.0,1990,2015,19,8,735,8.2,2,1,3,2,0,0,0,0,0.24,0.12,0.37,0.24,0.37,0.0233,19,3,Regular Starter
Kevin Stewart,ff674795,jm JAM,MF,Liverpool,LIVERPOOL,21.0,1993,2015,7,6,565,6.3,0,0,0,0,0,0,1,0,0.0,0.0,0.0,0.0,0.0,0.0151,20,3,Regular Starter
Sheyi Ojo,7b9a86e6,eng ENG,MFFW,Liverpool,LIVERPOOL,18.0,1997,2015,8,5,397,4.4,0,3,3,0,0,0,0,0,0.0,0.68,0.68,0.0,0.68,0.0141,21,4,Squad Rotation
Joe Gomez,7a11550b,eng ENG,DFMF,Liverpool,LIVERPOOL,18.0,1997,2015,5,5,437,4.9,0,1,1,0,0,0,3,0,0.0,0.21,0.21,0.0,0.21,0.013,22,4,Squad Rotation
Jon Flanagan,f2428fd4,eng ENG,DF,Liverpool,LIVERPOOL,22.0,1993,2015,5,5,420,4.7,0,1,1,0,0,0,1,0,0.0,0.21,0.21,0.0,0.21,0.0124,23,4,Squad Rotation
Danny Ings,07802f7f,eng ENG,FW,Liverpool,LIVERPOOL,23.0,1992,2015,6,3,340,3.8,2,0,2,2,0,0,1,0,0.53,0.0,0.53,0.53,0.53,0.0115,24,4,Squad Rotation
Brad Smith,c76c717c,au AUS,DF,Liverpool,LIVERPOOL,21.0,1994,2015,4,3,286,3.2,0,0,0,0,0,0,3,1,0.0,0.0,0.0,0.0,0.0,0.0077,25,4,Squad Rotation
Ádám Bogdán,56f99ec7,hu HUN,GK,Liverpool,LIVERPOOL,27.0,1987,2015,2,2,180,2.0,0,0,0,0,0,0,0,0,0.0,0.0,0.0,0.0,0.0,0.0048,26,4,Squad Rotation
Danny Ward,d3ce0e89,wls WAL,GK,Liverpool,LIVERPOOL,22.0,1993,2015,2,2,180,2.0,0,0,0,0,0,0,0,0,0.0,0.0,0.0,0.0,0.0,0.0048,27,4,Squad Rotation
Connor Randall,412e1445,eng ENG,DF,Liverpool,LIVERPOOL,19.0,1995,2015,3,2,163,1.8,0,0,0,0,0,0,0,0,0.0,0.0,0.0,0.0,0.0,0.0043,28,5,Fringe/Backup
Cameron Brannagan,9220e731,eng ENG,MF,Liverpool,LIVERPOOL,19.0,1996,2015,3,1,114,1.3,0,0,0,0,0,0,0,0,0.0,0.0,0.0,0.0,0.0,0.0031,29,5,Fringe/Backup
Pedro Chirivella,68a26d51,es ESP,MF,Liverpool,LIVERPOOL,18.0,1997,2015,1,1,45,0.5,0,0,0,0,0,0,0,0,0.0,0.0,0.0,0.0,0.0,0.0012,30,5,Fringe/Backup
Jordan Rossiter,0e459095,eng ENG,MF,Liverpool,LIVERPOOL,18.0,1997,2015,1,0,15,0.2,0,0,0,0,0,0,0,0,0.0,0.0,0.0,0.0,0.0,0.0005,31,5,Fringe/Backup
Sergi Canós,1137759d,es ESP,FWMF,Liverpool,LIVERPOOL,18.0,1997,2015,1,0,10,0.1,0,0,0,0,0,0,0,0,0.0,0.0,0.0,0.0,0.0,0.0002,32,5,Fringe/Backup
Steven Caulker,2592d9b5,sl SLE,DF,Liverpool,LIVERPOOL,23.0,1991,2015,3,0,5,0.1,0,0,0,0,0,0,0,0,0.0,0.0,0.0,0.0,0.0,0.0002,33,5,Fringe/Backup
João Carlos Teixeira,601299e9,pt POR,FWMF,Liverpool,LIVERPOOL,22.0,1993,2015,1,0,4,0.0,0,0,0,0,0,0,0,0,0.0,0.0,0.0,0.0,0.0,0.0,34,5,Fringe/Backup
Sergio Agüero,4d034881,ar ARG,FW,Manchester City,MANCHESTERCITY,27.0,1988,2015,30,29,2360,26.2,24,2,26,20,4,5,1,0,0.92,0.08,0.99,0.76,0.84,0.089,1,1,Talisman
Joe Hart,cb4f24c6,eng ENG,GK,Manchester City,MANCHESTERCITY,28.0,1987,2015,35,35,3109,34.5,0,0,0,0,0,0,0,0,0.0,0.0,0.0,0.0,0.0,0.0825,2,1,Talisman
Fernandinho,101da2b5,br BRA,MF,Manchester City,MANCHESTERCITY,30.0,1985,2015,33,31,2729,30.3,2,2,4,2,0,0,8,0,0.07,0.07,0.13,0.07,0.13,0.0772,3,1,Talisman
Yaya Touré,c204f844,ci CIV,MF,Manchester City,MANCHESTERCITY,32.0,1983,2015,32,28,2325,25.8,6,5,11,5,1,1,3,0,0.23,0.19,0.43,0.19,0.39,0.0738,4,1,Talisman
Kevin De Bruyne,e46012d4,be BEL,MF,Manchester City,MANCHESTERCITY,24.0,1991,2015,25,22,2002,22.2,7,9,16,7,0,0,2,0,0.31,0.4,0.72,0.31,0.72,0.0722,5,1,Talisman
Nicolás Otamendi,0d267745,ar ARG,DF,Manchester City,MANCHESTERCITY,27.0,1988,2015,30,30,2671,29.7,1,0,1,1,0,0,9,0,0.03,0.0,0.03,0.03,0.03,0.0721,6,2,Key Player
Jesús Navas,3f10bd22,es ESP,MF,Manchester City,MANCHESTERCITY,29.0,1985,2015,34,24,2282,25.4,0,7,7,0,0,0,1,0,0.0,0.28,0.28,0.0,0.28,0.0693,7,2,Key Player
Bacary Sagna,6ef56efd,fr FRA,DF,Manchester City,MANCHESTERCITY,32.0,1983,2015,28,27,2448,27.2,0,3,3,0,0,0,4,0,0.0,0.11,0.11,0.0,0.11,0.0687,8,2,Key Player
Aleksandar Kolarov,eda40760,rs SRB,DF,Manchester City,MANCHESTERCITY,29.0,1985,2015,29,25,2283,25.4,3,3,6,3,0,1,3,0,0.12,0.12,0.24,0.12,0.24,0.0681,9,2,Key Player
David Silva,e2716bd0,es ESP,MF,Manchester City,MANCHESTERCITY,29.0,1986,2015,24,22,1791,19.9,2,11,13,2,0,0,1,0,0.1,0.55,0.65,0.1,0.65,0.0631,10,2,Key Player
Raheem Sterling,b400bde0,eng ENG,MF,Manchester City,MANCHESTERCITY,20.0,1994,2015,31,23,1920,21.3,6,2,8,6,0,0,1,0,0.28,0.09,0.37,0.28,0.37,0.0604,11,3,Regular Starter
Eliaquim Mangala,f520049f,fr FRA,DF,Manchester City,MANCHESTERCITY,24.0,1991,2015,23,23,2009,22.3,0,0,0,0,0,0,8,0,0.0,0.0,0.0,0.0,0.0,0.0533,12,3,Regular Starter
Fernando,41f32541,br BRA,MF,Manchester City,MANCHESTERCITY,28.0,1987,2015,24,17,1715,19.1,2,0,2,2,0,0,4,0,0.1,0.0,0.1,0.1,0.1,0.048,13,3,Regular Starter
Wilfried Bony,61abe9b6,ci CIV,FW,Manchester City,MANCHESTERCITY,26.0,1988,2015,26,13,1226,13.6,4,3,7,4,0,1,1,0,0.29,0.22,0.51,0.29,0.51,0.0408,14,3,Regular Starter
Vincent Kompany,d2bff301,be BEL,DF,Manchester City,MANCHESTERCITY,29.0,1986,2015,14,13,1179,13.1,2,0,2,2,0,0,5,0,0.15,0.0,0.15,0.15,0.15,0.0337,15,3,Regular Starter
Kelechi Iheanacho,c92e1a31,ng NGA,FWMF,Manchester City,MANCHESTERCITY,18.0,1996,2015,26,7,766,8.5,8,1,9,8,0,0,1,0,0.94,0.12,1.06,0.94,1.06,0.0311,16,4,Squad Rotation
Gaël Clichy,450ad405,fr FRA,DF,Manchester City,MANCHESTERCITY,30.0,1985,2015,14,12,1087,12.1,0,1,1,0,0,0,0,0,0.0,0.08,0.08,0.0,0.08,0.0301,17,4,Squad Rotation
Pablo Zabaleta,6813ac34,ar ARG,DF,Manchester City,MANCHESTERCITY,30.0,1985,2015,13,12,1062,11.8,0,1,1,0,0,0,3,0,0.0,0.08,0.08,0.0,0.08,0.0294,18,4,Squad Rotation
Martín Demichelis,e9c7102a,ar ARG,DF,Manchester City,MANCHESTERCITY,34.0,1980,2015,20,10,1021,11.3,0,0,0,0,0,0,3,0,0.0,0.0,0.0,0.0,0.0,0.027,19,4,Squad Rotation
Fabian Delph,111c3236,eng ENG,MF,Manchester City,MANCHESTERCITY,25.0,1989,2015,17,8,753,8.4,2,0,2,2,0,0,0,0,0.24,0.0,0.24,0.24,0.24,0.0225,20,4,Squad Rotation
Samir Nasri,165bed61,fr FRA,MFFW,Manchester City,MANCHESTERCITY,28.0,1987,2015,12,4,541,6.0,2,2,4,2,0,0,3,0,0.33,0.33,0.67,0.33,0.67,0.0192,21,5,Fringe/Backup
Willy Caballero,a179d516,ar ARG,GK,Manchester City,MANCHESTERCITY,33.0,1981,2015,4,3,311,3.5,0,0,0,0,0,0,0,0,0.0,0.0,0.0,0.0,0.0,0.0084,22,5,Fringe/Backup
Bersant Celina,3043d33f,xk KVX,FWMF,Manchester City,MANCHESTERCITY,18.0,1996,2015,1,0,14,0.2,0,1,1,0,0,0,0,0,0.0,6.43,6.43,0.0,6.43,0.002,23,5,Fringe/Backup
Manu García,6ed1a2a2,es ESP,FWMF,Manchester City,MANCHESTERCITY,17.0,1998,2015,1,0,11,0.1,0,0,0,0,0,0,0,0,0.0,0.0,0.0,0.0,0.0,0.0002,24,5,Fringe/Backup
Patrick Roberts,59d93937,eng ENG,FWMF,Manchester City,MANCHESTERCITY,18.0,1997,2015,1,0,5,0.1,0,0,0,0,0,0,0,0,0.0,0.0,0.0,0.0,0.0,0.0002,25,5,Fringe/Backup
Juan Mata,29733c72,es ESP,MF,Manchester Utd,MANCHESTERUNITED,27.0,1988,2015,38,34,2888,32.1,6,5,11,5,1,1,6,1,0.19,0.16,0.34,0.16,0.31,0.0888,1,1,Talisman
Anthony Martial,8b788c01,fr FRA,MFFW,Manchester Utd,MANCHESTERUNITED,19.0,1995,2015,31,29,2632,29.2,11,4,15,11,0,0,2,0,0.38,0.14,0.51,0.38,0.51,0.0878,2,1,Talisman
Daley Blind,691bef82,nl NED,DF,Manchester Utd,MANCHESTERUNITED,25.0,1990,2015,35,35,3114,34.6,1,1,2,1,0,0,2,0,0.03,0.03,0.06,0.03,0.06,0.0854,3,1,Talisman
Chris Smalling,b6964eb6,eng ENG,DF,Manchester Utd,MANCHESTERUNITED,25.0,1989,2015,35,35,3150,35.0,0,1,1,0,0,0,8,0,0.0,0.03,0.03,0.0,0.03,0.0851,4,1,Talisman
David de Gea,7ba6d84e,es ESP,GK,Manchester Utd,MANCHESTERUNITED,24.0,1990,2015,34,34,3060,34.0,0,0,0,0,0,0,0,0,0.0,0.0,0.0,0.0,0.0,0.0815,5,1,Talisman
Wayne Rooney,f07be45a,eng ENG,FWMF,Manchester Utd,MANCHESTERUNITED,29.0,1985,2015,28,27,2406,26.7,8,6,14,7,1,1,4,0,0.3,0.22,0.52,0.26,0.49,0.0797,6,1,Talisman
Morgan Schneiderlin,51b41c5c,fr FRA,MF,Manchester Utd,MANCHESTERUNITED,25.0,1989,2015,29,25,2205,24.5,1,0,1,1,0,0,3,0,0.04,0.0,0.04,0.04,0.04,0.0599,7,2,Key Player
Matteo Darmian,96e0490d,it ITA,DF,Manchester Utd,MANCHESTERUNITED,25.0,1989,2015,28,24,1924,21.4,1,0,1,1,0,0,8,0,0.05,0.0,0.05,0.05,0.05,0.0526,8,2,Key Player
Michael Carrick,ab7263c1,eng ENG,MF,Manchester Utd,MANCHESTERUNITED,34.0,1981,2015,28,22,1972,21.9,0,0,0,0,0,0,4,0,0.0,0.0,0.0,0.0,0.0,0.0525,9,2,Key Player
Jesse Lingard,810e3c74,eng ENG,MF,Manchester Utd,MANCHESTERUNITED,22.0,1992,2015,25,19,1632,18.1,4,1,5,4,0,0,4,0,0.22,0.06,0.28,0.22,0.28,0.0494,10,2,Key Player
Ander Herrera,436a9dd0,es ESP,MF,Manchester Utd,MANCHESTERUNITED,25.0,1989,2015,27,17,1532,17.0,3,2,5,2,1,1,4,0,0.18,0.12,0.29,0.12,0.23,0.0454,11,2,Key Player
Memphis,8f696594,nl NED,MF,Manchester Utd,MANCHESTERUNITED,21.0,1994,2015,29,16,1484,16.5,2,0,2,2,0,0,2,0,0.12,0.0,0.12,0.12,0.12,0.0419,12,2,Key Player
Marcos Rojo,e0991c04,ar ARG,DF,Manchester Utd,MANCHESTERUNITED,25.0,1990,2015,16,15,1249,13.9,0,1,1,0,0,0,3,0,0.0,0.07,0.07,0.0,0.07,0.0345,13,2,Key Player
Bastian Schweinsteiger,ccc22fea,de GER,MF,Manchester Utd,MANCHESTERUNITED,30.0,1984,2015,18,13,1202,13.4,1,0,1,1,0,0,3,0,0.07,0.0,0.07,0.07,0.07,0.0332,14,3,Regular Starter
Ashley Young,be927d03,eng ENG,DFMF,Manchester Utd,MANCHESTERUNITED,30.0,1985,2015,18,11,1065,11.8,1,2,3,1,0,0,5,0,0.08,0.17,0.25,0.08,0.25,0.0318,15,3,Regular Starter
Marcus Rashford,a1d5bd30,eng ENG,FW,Manchester Utd,MANCHESTERUNITED,17.0,1997,2015,11,11,855,9.5,5,2,7,5,0,0,0,0,0.53,0.21,0.74,0.53,0.74,0.0312,16,3,Regular Starter
Marouane Fellaini,87575fd9,be BEL,MF,Manchester Utd,MANCHESTERUNITED,27.0,1987,2015,18,12,1068,11.9,1,0,1,1,0,0,2,0,0.08,0.0,0.08,0.08,0.08,0.0297,17,3,Regular Starter
Antonio Valencia,08aa17d0,ec ECU,DF,Manchester Utd,MANCHESTERUNITED,29.0,1985,2015,14,8,857,9.5,0,3,3,0,0,0,1,0,0.0,0.32,0.32,0.0,0.32,0.0264,18,3,Regular Starter
Cameron Borthwick-Jackson,ff61102d,eng ENG,DF,Manchester Utd,MANCHESTERUNITED,18.0,1997,2015,10,6,695,7.7,0,1,1,0,0,0,0,0,0.0,0.13,0.13,0.0,0.13,0.0197,19,3,Regular Starter
Phil Jones,def899bd,eng ENG,DF,Manchester Utd,MANCHESTERUNITED,23.0,1992,2015,10,6,530,5.9,0,0,0,0,0,0,0,0,0.0,0.0,0.0,0.0,0.0,0.0141,20,4,Squad Rotation
Luke Shaw,9c94165b,eng ENG,DF,Manchester Utd,MANCHESTERUNITED,20.0,1995,2015,5,5,450,5.0,0,1,1,0,0,0,1,0,0.0,0.2,0.2,0.0,0.2,0.0132,21,4,Squad Rotation
Sergio Romero,1e26e376,ar ARG,GK,Manchester Utd,MANCHESTERUNITED,28.0,1987,2015,4,4,360,4.0,0,0,0,0,0,0,0,0,0.0,0.0,0.0,0.0,0.0,0.0096,22,4,Squad Rotation
Paddy McNair,8ac454b5,nir NIR,DF,Manchester Utd,MANCHESTERUNITED,20.0,1995,2015,8,3,314,3.5,0,0,0,0,0,0,0,0,0.0,0.0,0.0,0.0,0.0,0.0084,23,4,Squad Rotation
Guillermo Varela,5c961282,uy URU,DF,Manchester Utd,MANCHESTERUNITED,22.0,1993,2015,4,3,315,3.5,0,0,0,0,0,0,1,0,0.0,0.0,0.0,0.0,0.0,0.0084,24,4,Squad Rotation
Timothy Fosu-Mensah,a9142dc3,nl NED,DF,Manchester Utd,MANCHESTERUNITED,17.0,1998,2015,8,2,257,2.9,0,1,1,0,0,0,1,0,0.0,0.35,0.35,0.0,0.35,0.0082,25,4,Squad Rotation
Adnan Januzaj,4737cebe,be BEL,MF,Manchester Utd,MANCHESTERUNITED,20.0,1995,2015,5,2,145,1.6,1,0,1,1,0,0,1,0,0.62,0.0,0.62,0.62,0.62,0.005,26,4,Squad Rotation
Andreas Pereira,6639e500,br BRA,MF,Manchester Utd,MANCHESTERUNITED,19.0,1996,2015,4,0,84,0.9,0,0,0,0,0,0,2,0,0.0,0.0,0.0,0.0,0.0,0.0022,27,5,Fringe/Backup
Donald Love,160599ed,sct SCO,DFMF,Manchester Utd,MANCHESTERUNITED,20.0,1994,2015,1,0,54,0.6,0,0,0,0,0,0,0,0,0.0,0.0,0.0,0.0,0.0,0.0014,28,5,Fringe/Backup
Javier Hernández,189cee7b,mx MEX,FW,Manchester Utd,MANCHESTERUNITED,27.0,1988,2015,1,0,24,0.3,0,0,0,0,0,0,0,0,0.0,0.0,0.0,0.0,0.0,0.0007,29,5,Fringe/Backup
Nick Powell,05ca4fcb,eng ENG,FWMF,Manchester Utd,MANCHESTERUNITED,21.0,1994,2015,1,0,17,0.2,0,0,0,0,0,0,0,0,0.0,0.0,0.0,0.0,0.0,0.0005,30,5,Fringe/Backup
Will Keane,fc7f8f87,ie IRL,FWMF,Manchester Utd,MANCHESTERUNITED,22.0,1993,2015,1,0,5,0.1,0,0,0,0,0,0,0,0,0.0,0.0,0.0,0.0,0.0,0.0002,31,5,Fringe/Backup
James Wilson,b0d786ee,eng ENG,FWMF,Manchester Utd,MANCHESTERUNITED,19.0,1995,2015,1,0,9,0.1,0,0,0,0,0,0,0,0,0.0,0.0,0.0,0.0,0.0,0.0002,32,5,Fringe/Backup
James Weir,c8d651c1,eng ENG,MF,Manchester Utd,MANCHESTERUNITED,19.0,1995,2015,1,0,1,0.0,0,0,0,0,0,0,0,0,0.0,0.0,0.0,0.0,0.0,0.0,33,5,Fringe/Backup
Georginio Wijnaldum,eb58eef0,nl NED,MF,Newcastle,NEWCASTLEUNITED,24.0,1990,2015,38,36,3163,35.1,11,5,16,10,1,1,1,0,0.31,0.14,0.46,0.28,0.43,0.1026,1,1,Talisman
Moussa Sissoko,2acd49b9,fr FRA,MF,Newcastle,NEWCASTLEUNITED,25.0,1989,2015,37,37,3217,35.7,1,7,8,1,0,0,3,0,0.03,0.2,0.22,0.03,0.22,0.0953,2,1,Talisman
Daryl Janmaat,45da6694,nl NED,DF,Newcastle,NEWCASTLEUNITED,26.0,1989,2015,32,32,2751,30.6,2,4,6,2,0,0,7,2,0.07,0.13,0.2,0.07,0.2,0.081,3,1,Talisman
Chancel Mbemba,e76cb9cc,cd COD,DF,Newcastle,NEWCASTLEUNITED,20.0,1994,2015,33,33,2923,32.5,0,0,0,0,0,0,5,0,0.0,0.0,0.0,0.0,0.0,0.0782,4,1,Talisman
Aleksandar Mitrović,3925dbd6,rs SRB,FW,Newcastle,NEWCASTLEUNITED,20.0,1994,2015,34,22,2118,23.5,9,4,13,7,2,2,4,2,0.38,0.17,0.55,0.3,0.47,0.0698,5,1,Talisman
Jack Colback,963a9201,eng ENG,MF,Newcastle,NEWCASTLEUNITED,25.0,1989,2015,29,28,2387,26.5,1,1,2,1,0,0,11,0,0.04,0.04,0.08,0.04,0.08,0.0663,6,1,Talisman
Ayoze Pérez,819aa8e7,es ESP,MFFW,Newcastle,NEWCASTLEUNITED,22.0,1993,2015,34,22,2048,22.8,6,2,8,6,0,0,4,0,0.26,0.09,0.35,0.26,0.35,0.0644,7,2,Key Player
Fabricio Coloccini,78b3399f,ar ARG,DF,Newcastle,NEWCASTLEUNITED,33.0,1982,2015,26,26,2292,25.5,1,0,1,1,0,0,1,1,0.04,0.0,0.04,0.04,0.04,0.0626,8,2,Key Player
Vurnon Anita,2d368fd5,cw CUW,MFDF,Newcastle,NEWCASTLEUNITED,26.0,1989,2015,28,24,2101,23.3,1,3,4,1,0,0,6,0,0.04,0.13,0.17,0.04,0.17,0.0608,9,2,Key Player
Paul Dummett,3fe6bd8c,wls WAL,DF,Newcastle,NEWCASTLEUNITED,23.0,1991,2015,23,23,1892,21.0,1,0,1,1,0,0,3,0,0.05,0.0,0.05,0.05,0.05,0.0518,10,2,Key Player
Rob Elliot,b1b25949,ie IRL,GK,Newcastle,NEWCASTLEUNITED,29.0,1986,2015,21,21,1890,21.0,0,0,0,0,0,0,1,0,0.0,0.0,0.0,0.0,0.0,0.0505,11,2,Key Player
Andros Townsend,b28bbd58,eng ENG,MF,Newcastle,NEWCASTLEUNITED,24.0,1991,2015,13,12,1087,12.1,4,2,6,4,0,0,0,0,0.33,0.17,0.5,0.33,0.5,0.0364,12,2,Key Player
Jamaal Lascelles,450ab6fc,eng ENG,DF,Newcastle,NEWCASTLEUNITED,21.0,1993,2015,18,10,1152,12.8,2,0,2,2,0,0,1,1,0.16,0.0,0.16,0.16,0.16,0.0332,13,3,Regular Starter
Cheick Tioté,e1270968,ci CIV,MF,Newcastle,NEWCASTLEUNITED,29.0,1986,2015,20,16,1220,13.6,0,0,0,0,0,0,5,0,0.0,0.0,0.0,0.0,0.0,0.0327,14,3,Regular Starter
Papiss Cissé,40f3ff51,sn SEN,FW,Newcastle,NEWCASTLEUNITED,30.0,1985,2015,21,14,1067,11.9,3,0,3,3,0,0,1,0,0.25,0.0,0.25,0.25,0.25,0.0322,15,3,Regular Starter
Jonjo Shelvey,3727dd3c,eng ENG,MF,Newcastle,NEWCASTLEUNITED,23.0,1992,2015,15,11,1050,11.7,0,3,3,0,0,0,3,0,0.0,0.26,0.26,0.0,0.26,0.0318,16,3,Regular Starter
Karl Darlow,cde3309f,wls WAL,GK,Newcastle,NEWCASTLEUNITED,24.0,1990,2015,9,9,810,9.0,0,0,0,0,0,0,0,0,0.0,0.0,0.0,0.0,0.0,0.0216,17,3,Regular Starter
Steven Taylor,9f9ba8ca,eng ENG,DF,Newcastle,NEWCASTLEUNITED,29.0,1986,2015,10,9,810,9.0,0,0,0,0,0,0,1,0,0.0,0.0,0.0,0.0,0.0,0.0216,18,3,Regular Starter
Tim Krul,f23f9d20,nl NED,GK,Newcastle,NEWCASTLEUNITED,27.0,1988,2015,8,8,720,8.0,0,0,0,0,0,0,0,0,0.0,0.0,0.0,0.0,0.0,0.0192,19,4,Squad Rotation
Massadio Haïdara,5167c97e,ml MLI,DF,Newcastle,NEWCASTLEUNITED,22.0,1992,2015,7,6,555,6.2,0,0,0,0,0,0,1,0,0.0,0.0,0.0,0.0,0.0,0.0149,20,4,Squad Rotation
Siem de Jong,cf2a6ace,nl NED,MF,Newcastle,NEWCASTLEUNITED,26.0,1989,2015,18,3,454,5.0,0,1,1,0,0,0,0,0,0.0,0.2,0.2,0.0,0.2,0.0132,21,4,Squad Rotation
Rolando Aarons,c5942695,eng ENG,DFMF,Newcastle,NEWCASTLEUNITED,19.0,1995,2015,10,3,381,4.2,1,1,2,1,0,0,1,0,0.24,0.24,0.47,0.24,0.47,0.0125,22,4,Squad Rotation
Florian Thauvin,2b9fdeea,fr FRA,MF,Newcastle,NEWCASTLEUNITED,22.0,1993,2015,13,3,427,4.7,0,0,0,0,0,0,1,0,0.0,0.0,0.0,0.0,0.0,0.0113,23,4,Squad Rotation
Gabriel Obertan,adc264a8,fr FRA,MF,Newcastle,NEWCASTLEUNITED,26.0,1989,2015,5,3,279,3.1,0,1,1,0,0,0,1,0,0.0,0.32,0.32,0.0,0.32,0.0086,24,4,Squad Rotation
Yoan Gouffran,a28d181a,fr FRA,MF,Newcastle,NEWCASTLEUNITED,29.0,1986,2015,8,2,227,2.5,0,0,0,0,0,0,0,0,0.0,0.0,0.0,0.0,0.0,0.006,25,5,Fringe/Backup
Kevin Mbabu,493924a7,ch SUI,DF,Newcastle,NEWCASTLEUNITED,20.0,1995,2015,3,2,143,1.6,0,0,0,0,0,0,0,0,0.0,0.0,0.0,0.0,0.0,0.0038,26,5,Fringe/Backup
Henri Saivet,f3709655,sn SEN,MF,Newcastle,NEWCASTLEUNITED,24.0,1990,2015,4,2,147,1.6,0,0,0,0,0,0,0,0,0.0,0.0,0.0,0.0,0.0,0.0038,27,5,Fringe/Backup
Emmanuel Rivière,2bae5658,fr FRA,FW,Newcastle,NEWCASTLEUNITED,25.0,1990,2015,3,1,65,0.7,0,0,0,0,0,0,0,0,0.0,0.0,0.0,0.0,0.0,0.0017,28,5,Fringe/Backup
Seydou Doumbia,c49afee6,ci CIV,FW,Newcastle,NEWCASTLEUNITED,27.0,1987,2015,3,0,32,0.4,0,0,0,0,0,0,0,0,0.0,0.0,0.0,0.0,0.0,0.001,29,5,Fringe/Backup
Jamie Sterry,f13d0f83,eng ENG,DFMF,Newcastle,NEWCASTLEUNITED,19.0,1995,2015,1,0,7,0.1,0,0,0,0,0,0,0,0,0.0,0.0,0.0,0.0,0.0,0.0002,30,5,Fringe/Backup
Ivan Toney,e09f279b,eng ENG,FW,Newcastle,NEWCASTLEUNITED,19.0,1996,2015,2,0,12,0.1,0,0,0,0,0,0,0,0,0.0,0.0,0.0,0.0,0.0,0.0002,31,5,Fringe/Backup
Jonny Howson,08b10f50,eng ENG,MF,Norwich City,NORWICHCITY,27.0,1988,2015,36,33,2951,32.8,3,4,7,3,0,0,7,0,0.09,0.12,0.21,0.09,0.21,0.087,1,1,Talisman
Robbie Brady,96bb8cc2,ie IRL,MFDF,Norwich City,NORWICHCITY,23.0,1992,2015,36,34,2984,33.2,3,2,5,3,0,0,3,0,0.09,0.06,0.15,0.09,0.15,0.0857,2,1,Talisman
Russell Martin,24952f1e,sct SCO,DF,Norwich City,NORWICHCITY,29.0,1986,2015,30,30,2698,30.0,3,0,3,3,0,0,4,1,0.1,0.0,0.1,0.1,0.1,0.0756,3,1,Talisman
Sébastien Bassong,0d521662,cm CMR,DF,Norwich City,NORWICHCITY,29.0,1986,2015,32,30,2790,31.0,1,0,1,1,0,0,4,0,0.03,0.0,0.03,0.03,0.03,0.0755,4,1,Talisman
Nathan Redmond,ab651565,eng ENG,MF,Norwich City,NORWICHCITY,21.0,1994,2015,35,24,2341,26.0,6,3,9,6,0,0,0,0,0.23,0.12,0.35,0.23,0.35,0.0733,5,1,Talisman
Wes Hoolahan,5236a502,ie IRL,MF,Norwich City,NORWICHCITY,33.0,1982,2015,30,25,1991,22.1,4,8,12,3,1,1,1,0,0.18,0.36,0.54,0.14,0.5,0.0663,6,2,Key Player
John Ruddy,da8b19e2,eng ENG,GK,Norwich City,NORWICHCITY,28.0,1986,2015,27,27,2430,27.0,0,0,0,0,0,0,0,0,0.0,0.0,0.0,0.0,0.0,0.0648,7,2,Key Player
Alexander Tettey,75566759,no NOR,MF,Norwich City,NORWICHCITY,29.0,1986,2015,23,23,1949,21.7,2,0,2,2,0,0,10,0,0.09,0.0,0.09,0.09,0.09,0.0544,8,2,Key Player
Cameron Jerome,680fb5ee,eng ENG,FWMF,Norwich City,NORWICHCITY,28.0,1986,2015,34,19,1777,19.7,3,2,5,3,0,0,2,0,0.15,0.1,0.25,0.15,0.25,0.0532,9,2,Key Player
Dieumerci Mbokani,d9847696,cd COD,FW,Norwich City,NORWICHCITY,29.0,1985,2015,29,15,1595,17.7,7,1,8,7,0,0,0,0,0.39,0.06,0.45,0.39,0.45,0.052,10,2,Key Player
Martin Olsson,2f72f79e,se SWE,DF,Norwich City,NORWICHCITY,27.0,1988,2015,24,20,1775,19.7,1,2,3,1,0,0,2,0,0.05,0.1,0.15,0.05,0.15,0.0508,11,2,Key Player
Ryan Bennett,0bad4516,eng ENG,DF,Norwich City,NORWICHCITY,25.0,1990,2015,22,20,1837,20.4,0,0,0,0,0,0,7,0,0.0,0.0,0.0,0.0,0.0,0.049,12,3,Regular Starter
Gary O'Neil,754d4ac4,eng ENG,MF,Norwich City,NORWICHCITY,32.0,1983,2015,27,19,1756,19.5,0,0,0,0,0,0,7,1,0.0,0.0,0.0,0.0,0.0,0.0468,13,3,Regular Starter
Graham Dorrans,eeb032db,sct SCO,MF,Norwich City,NORWICHCITY,28.0,1987,2015,21,14,1287,14.3,0,1,1,0,0,0,2,0,0.0,0.07,0.07,0.0,0.07,0.0355,14,3,Regular Starter
Matthew Jarvis,02d6d2b4,eng ENG,MF,Norwich City,NORWICHCITY,29.0,1986,2015,19,13,1017,11.3,1,1,2,1,0,0,0,0,0.09,0.09,0.18,0.09,0.18,0.0296,15,3,Regular Starter
Declan Rudd,42f4f848,eng ENG,GK,Norwich City,NORWICHCITY,24.0,1991,2015,11,11,990,11.0,0,0,0,0,0,0,2,0,0.0,0.0,0.0,0.0,0.0,0.0264,16,3,Regular Starter
Steven Naismith,5e98c186,sct SCO,MF,Norwich City,NORWICHCITY,28.0,1986,2015,13,11,872,9.7,1,1,2,1,0,0,2,0,0.1,0.1,0.21,0.1,0.21,0.0257,17,4,Squad Rotation
Timm Klose,5f1d07f6,ch SUI,DF,Norwich City,NORWICHCITY,27.0,1988,2015,10,10,848,9.4,1,0,1,1,0,0,3,0,0.11,0.0,0.11,0.11,0.11,0.0238,18,4,Squad Rotation
Andre Wisdom,ab6a3628,eng ENG,DF,Norwich City,NORWICHCITY,22.0,1993,2015,10,9,824,9.2,0,0,0,0,0,0,1,0,0.0,0.0,0.0,0.0,0.0,0.0221,19,4,Squad Rotation
Ivo Pinto,8d82551b,pt POR,DF,Norwich City,NORWICHCITY,25.0,1990,2015,10,9,811,9.0,0,0,0,0,0,0,0,0,0.0,0.0,0.0,0.0,0.0,0.0216,20,4,Squad Rotation
Steven Whittaker,06f81a8c,sct SCO,DF,Norwich City,NORWICHCITY,31.0,1984,2015,8,8,661,7.3,1,0,1,1,0,0,3,1,0.14,0.0,0.14,0.14,0.14,0.0187,21,4,Squad Rotation
Vadis Odjidja-Ofoe,518918ad,be BEL,MF,Norwich City,NORWICHCITY,26.0,1989,2015,10,3,279,3.1,0,2,2,0,0,0,2,0,0.0,0.65,0.65,0.0,0.65,0.0099,22,4,Squad Rotation
Youssouf Mulumbu,a275b145,cd COD,MF,Norwich City,NORWICHCITY,28.0,1987,2015,7,5,368,4.1,0,0,0,0,0,0,1,0,0.0,0.0,0.0,0.0,0.0,0.0098,23,5,Fringe/Backup
Lewis Grabban,1a857282,eng ENG,FW,Norwich City,NORWICHCITY,27.0,1988,2015,6,3,250,2.8,1,0,1,1,0,0,0,0,0.36,0.0,0.36,0.36,0.36,0.0079,24,5,Fringe/Backup
Patrick Bamford,93feac6e,eng ENG,FW,Norwich City,NORWICHCITY,21.0,1993,2015,7,2,238,2.6,0,0,0,0,0,0,0,0,0.0,0.0,0.0,0.0,0.0,0.0062,25,5,Fringe/Backup
Bradley Johnson,e0d9bbbe,eng ENG,MF,Norwich City,NORWICHCITY,28.0,1987,2015,4,1,154,1.7,0,0,0,0,0,0,0,0,0.0,0.0,0.0,0.0,0.0,0.0041,26,5,Fringe/Backup
Kyle Lafferty,3bf81c50,nir NIR,FW,Norwich City,NORWICHCITY,27.0,1987,2015,1,0,14,0.2,0,0,0,0,0,0,0,0,0.0,0.0,0.0,0.0,0.0,0.0005,27,5,Fringe/Backup
Gary Hooper,b73ce4ba,eng ENG,FW,Norwich City,NORWICHCITY,27.0,1988,2015,2,0,13,0.1,0,0,0,0,0,0,0,0,0.0,0.0,0.0,0.0,0.0,0.0002,28,5,Fringe/Backup
Sadio Mané,c691bfe2,sn SEN,MFFW,Southampton,SOUTHAMPTON,23.0,1992,2015,37,30,2596,28.8,11,6,17,11,0,1,6,2,0.38,0.21,0.59,0.38,0.59,0.0894,1,1,Talisman
José Fonte,90f87966,pt POR,DF,Southampton,SOUTHAMPTON,31.0,1983,2015,37,37,3166,35.2,2,1,3,2,0,0,4,1,0.06,0.03,0.09,0.06,0.09,0.0882,2,1,Talisman
Virgil van Dijk,e06683ca,nl NED,DF,Southampton,SOUTHAMPTON,24.0,1991,2015,34,34,3060,34.0,3,0,3,3,0,0,2,0,0.09,0.0,0.09,0.09,0.09,0.0852,3,1,Talisman
Dušan Tadić,2475dcc6,rs SRB,MFFW,Southampton,SOUTHAMPTON,26.0,1988,2015,34,27,2279,25.3,8,12,20,7,1,1,2,0,0.32,0.47,0.79,0.28,0.75,0.0834,4,1,Talisman
Ryan Bertrand,01226327,eng ENG,DFMF,Southampton,SOUTHAMPTON,25.0,1989,2015,32,32,2880,32.0,1,3,4,0,1,1,6,0,0.03,0.09,0.12,0.0,0.09,0.0802,5,1,Talisman
Steven Davis,cf15bbb1,nir NIR,MF,Southampton,SOUTHAMPTON,30.0,1985,2015,34,31,2602,28.9,5,3,8,5,0,0,4,0,0.17,0.1,0.28,0.17,0.28,0.079,6,2,Key Player
Graziano Pellè,9654d8de,it ITA,FW,Southampton,SOUTHAMPTON,30.0,1985,2015,30,23,2175,24.2,11,6,17,11,0,0,6,0,0.46,0.25,0.7,0.46,0.7,0.0783,7,2,Key Player
Shane Long,9f472354,ie IRL,FWMF,Southampton,SOUTHAMPTON,28.0,1987,2015,28,23,2111,23.5,10,4,14,10,0,0,2,0,0.43,0.17,0.6,0.43,0.6,0.0732,8,2,Key Player
Victor Wanyama,e0900238,ke KEN,MF,Southampton,SOUTHAMPTON,24.0,1991,2015,30,29,2498,27.8,1,1,2,1,0,0,8,3,0.04,0.04,0.07,0.04,0.07,0.069,9,2,Key Player
Cédric Soares,839c14e1,pt POR,DFMF,Southampton,SOUTHAMPTON,23.0,1991,2015,24,23,1965,21.8,0,2,2,0,0,0,3,0,0.0,0.09,0.09,0.0,0.09,0.0546,10,2,Key Player
James Ward-Prowse,3515d404,eng ENG,MF,Southampton,SOUTHAMPTON,20.0,1994,2015,33,14,1545,17.2,2,4,6,1,1,1,5,0,0.12,0.23,0.35,0.06,0.29,0.0472,11,3,Regular Starter
Oriol Romeu,4b511457,es ESP,MF,Southampton,SOUTHAMPTON,23.0,1991,2015,29,17,1612,17.9,1,0,1,1,0,0,7,0,0.06,0.0,0.06,0.06,0.06,0.0442,12,3,Regular Starter
Fraser Forster,c3e39f12,eng ENG,GK,Southampton,SOUTHAMPTON,27.0,1988,2015,18,18,1620,18.0,0,0,0,0,0,0,0,0,0.0,0.0,0.0,0.0,0.0,0.0432,13,3,Regular Starter
Jordy Clasie,31c01b85,nl NED,MF,Southampton,SOUTHAMPTON,24.0,1991,2015,22,20,1538,17.1,0,0,0,0,0,0,5,0,0.0,0.0,0.0,0.0,0.0,0.041,14,3,Regular Starter
Maarten Stekelenburg,fefce889,nl NED,GK,Southampton,SOUTHAMPTON,32.0,1982,2015,17,17,1530,17.0,0,0,0,0,0,0,0,0,0.0,0.0,0.0,0.0,0.0,0.0408,15,3,Regular Starter
Cuco Martina,22551915,cw CUW,DF,Southampton,SOUTHAMPTON,25.0,1989,2015,15,11,1085,12.1,1,1,2,1,0,0,1,0,0.08,0.08,0.17,0.08,0.17,0.0315,16,4,Squad Rotation
Matt Targett,e514ab62,eng ENG,DFMF,Southampton,SOUTHAMPTON,19.0,1995,2015,14,13,1067,11.9,0,1,1,0,0,0,1,0,0.0,0.08,0.08,0.0,0.08,0.0297,17,4,Squad Rotation
Maya Yoshida,caffaf5a,jp JPN,DFMF,Southampton,SOUTHAMPTON,26.0,1988,2015,20,10,1020,11.3,1,0,1,1,0,0,0,0,0.09,0.0,0.09,0.09,0.09,0.0283,18,4,Squad Rotation
Jay Rodriguez,4ab53cdb,eng ENG,MFFW,Southampton,SOUTHAMPTON,26.0,1989,2015,12,3,351,3.9,0,0,0,0,0,0,1,0,0.0,0.0,0.0,0.0,0.0,0.0094,19,4,Squad Rotation
Charlie Austin,8d228291,eng ENG,FW,Southampton,SOUTHAMPTON,26.0,1989,2015,7,2,211,2.3,1,0,1,1,0,0,0,0,0.43,0.0,0.43,0.43,0.43,0.0067,20,4,Squad Rotation
Paulo Gazzaniga,63d17038,ar ARG,GK,Southampton,SOUTHAMPTON,23.0,1992,2015,2,2,180,2.0,0,0,0,0,0,0,0,0,0.0,0.0,0.0,0.0,0.0,0.0048,21,5,Fringe/Backup
Juanmi,84399660,es ESP,FWMF,Southampton,SOUTHAMPTON,22.0,1993,2015,12,0,173,1.9,0,0,0,0,0,0,0,0,0.0,0.0,0.0,0.0,0.0,0.0046,22,5,Fringe/Backup
Steven Caulker,2592d9b5,sl SLE,DF,Southampton,SOUTHAMPTON,23.0,1991,2015,3,1,146,1.6,0,0,0,0,0,0,0,0,0.0,0.0,0.0,0.0,0.0,0.0038,23,5,Fringe/Backup
Kelvin Davis,33b6ee02,eng ENG,GK,Southampton,SOUTHAMPTON,38.0,1976,2015,1,1,90,1.0,0,0,0,0,0,0,0,0,0.0,0.0,0.0,0.0,0.0,0.0024,24,5,Fringe/Backup
Gastón Ramírez,2c851997,uy URU,FWMF,Southampton,SOUTHAMPTON,24.0,1990,2015,3,0,31,0.3,0,1,1,0,0,0,0,0,0.0,2.9,2.9,0.0,2.9,0.0018,25,5,Fringe/Backup
Harrison Reed,803ae100,eng ENG,MF,Southampton,SOUTHAMPTON,20.0,1995,2015,1,0,11,0.1,0,0,0,0,0,0,0,0,0.0,0.0,0.0,0.0,0.0,0.0002,26,5,Fringe/Backup
Marko Arnautović,00459419,at AUT,MFFW,Stoke City,STOKECITY,26.0,1989,2015,34,33,2807,31.2,11,6,17,8,3,3,2,0,0.35,0.19,0.55,0.26,0.45,0.0918,1,1,Talisman
Glenn Whelan,d5bd56a5,ie IRL,MF,Stoke City,STOKECITY,31.0,1984,2015,37,37,3166,35.2,0,1,1,0,0,0,6,0,0.0,0.03,0.03,0.0,0.03,0.0858,2,1,Talisman
Erik Pieters,1ef37668,nl NED,DF,Stoke City,STOKECITY,26.0,1988,2015,35,35,3095,34.4,0,1,1,0,0,0,10,0,0.0,0.03,0.03,0.0,0.03,0.0839,3,1,Talisman
Jack Butland,cc70a1d5,eng ENG,GK,Stoke City,STOKECITY,22.0,1993,2015,31,31,2790,31.0,0,0,0,0,0,0,0,0,0.0,0.0,0.0,0.0,0.0,0.0745,4,1,Talisman
Philipp Wollscheid,c4cca587,de GER,DF,Stoke City,STOKECITY,26.0,1989,2015,31,30,2684,29.8,0,0,0,0,0,0,2,0,0.0,0.0,0.0,0.0,0.0,0.0716,5,1,Talisman
Xherdan Shaqiri,6421ec64,ch SUI,MF,Stoke City,STOKECITY,23.0,1991,2015,27,27,2012,22.4,3,6,9,3,0,0,3,0,0.13,0.27,0.4,0.13,0.4,0.0646,6,2,Key Player
Geoff Cameron,1a160ea3,us USA,DFMF,Stoke City,STOKECITY,30.0,1985,2015,30,27,2359,26.2,0,0,0,0,0,0,0,1,0.0,0.0,0.0,0.0,0.0,0.063,7,2,Key Player
Glen Johnson,8cceca90,eng ENG,DF,Stoke City,STOKECITY,30.0,1984,2015,25,25,2184,24.3,0,3,3,0,0,0,1,0,0.0,0.12,0.12,0.0,0.12,0.0619,8,2,Key Player
Ibrahim Afellay,9a8c6673,nl NED,MF,Stoke City,STOKECITY,29.0,1986,2015,31,24,2102,23.4,2,2,4,2,0,0,3,1,0.09,0.09,0.17,0.09,0.17,0.061,9,2,Key Player
Jonathan Walters,0356cf4f,ie IRL,MFFW,Stoke City,STOKECITY,31.0,1983,2015,27,18,1728,19.2,5,3,8,5,0,0,1,0,0.26,0.16,0.42,0.26,0.42,0.0558,10,2,Key Player
Bojan Krkić,9fa0a0b8,es ESP,MFFW,Stoke City,STOKECITY,24.0,1990,2015,27,22,1697,18.9,7,1,8,5,2,2,2,0,0.37,0.05,0.42,0.27,0.32,0.0527,11,3,Regular Starter
Ryan Shawcross,285a3d44,eng ENG,DF,Stoke City,STOKECITY,27.0,1987,2015,20,20,1695,18.8,0,0,0,0,0,0,4,1,0.0,0.0,0.0,0.0,0.0,0.0452,12,3,Regular Starter
Mame Biram Diouf,7f4f3e49,sn SEN,FWMF,Stoke City,STOKECITY,27.0,1987,2015,26,12,1278,14.2,5,1,6,5,0,0,3,0,0.35,0.07,0.42,0.35,0.42,0.0413,13,3,Regular Starter
Giannelli Imbula,b86fe156,cd COD,MF,Stoke City,STOKECITY,22.0,1992,2015,14,14,1260,14.0,2,0,2,2,0,0,4,0,0.14,0.0,0.14,0.14,0.14,0.036,14,3,Regular Starter
Joselu,6265208f,es ESP,FW,Stoke City,STOKECITY,25.0,1990,2015,22,10,1097,12.2,4,1,5,4,0,0,0,0,0.33,0.08,0.41,0.33,0.41,0.0353,15,3,Regular Starter
Charlie Adam,aff418dc,sct SCO,MF,Stoke City,STOKECITY,29.0,1985,2015,22,12,1044,11.6,1,1,2,1,0,0,6,1,0.09,0.09,0.17,0.09,0.17,0.0302,16,3,Regular Starter
Marc Muniesa,4db76f57,es ESP,DF,Stoke City,STOKECITY,23.0,1992,2015,15,12,1114,12.4,0,0,0,0,0,0,2,0,0.0,0.0,0.0,0.0,0.0,0.0298,17,4,Squad Rotation
Phil Bardsley,1ae30132,sct SCO,DF,Stoke City,STOKECITY,30.0,1985,2015,11,9,817,9.1,0,1,1,0,0,0,1,0,0.0,0.11,0.11,0.0,0.11,0.0231,18,4,Squad Rotation
Marco van Ginkel,47681787,nl NED,MF,Stoke City,STOKECITY,22.0,1992,2015,17,8,755,8.4,0,0,0,0,0,0,0,0,0.0,0.0,0.0,0.0,0.0,0.0202,19,4,Squad Rotation
Peter Crouch,73d9bdc7,eng ENG,FW,Stoke City,STOKECITY,34.0,1981,2015,11,4,463,5.1,0,1,1,0,0,0,0,0,0.0,0.19,0.19,0.0,0.19,0.0134,20,4,Squad Rotation
Jakob Haugaard,142741bb,dk DEN,GK,Stoke City,STOKECITY,23.0,1992,2015,5,4,405,4.5,0,0,0,0,0,0,0,0,0.0,0.0,0.0,0.0,0.0,0.0108,21,4,Squad Rotation
Stephen Ireland,bcf30f17,ie IRL,MF,Stoke City,STOKECITY,28.0,1986,2015,13,0,243,2.7,0,1,1,0,0,0,2,0,0.0,0.37,0.37,0.0,0.37,0.0077,22,5,Fringe/Backup
Marc Wilson,c325c010,ie IRL,DF,Stoke City,STOKECITY,27.0,1987,2015,4,1,261,2.9,0,0,0,0,0,0,0,0,0.0,0.0,0.0,0.0,0.0,0.007,23,5,Fringe/Backup
Shay Given,0db918ff,ie IRL,GK,Stoke City,STOKECITY,39.0,1976,2015,3,3,225,2.5,0,0,0,0,0,0,1,0,0.0,0.0,0.0,0.0,0.0,0.006,24,5,Fringe/Backup
Peter Odemwingie,b16150ac,ng NGA,FW,Stoke City,STOKECITY,34.0,1981,2015,5,0,106,1.2,0,0,0,0,0,0,0,0,0.0,0.0,0.0,0.0,0.0,0.0029,25,5,Fringe/Backup
Dionatan Teixeira,f7f09bee,br BRA,DF,Stoke City,STOKECITY,23.0,1992,2015,1,0,45,0.5,0,0,0,0,0,0,0,0,0.0,0.0,0.0,0.0,0.0,0.0012,26,5,Fringe/Backup
Steve Sidwell,ed083afd,eng ENG,MF,Stoke City,STOKECITY,32.0,1982,2015,1,0,13,0.1,0,0,0,0,0,0,0,0,0.0,0.0,0.0,0.0,0.0,0.0002,27,5,Fringe/Backup
Yann M'Vila,d4133fa1,fr FRA,MF,Sunderland,SUNDERLAND,25.0,1990,2015,37,36,3186,35.4,1,4,5,1,0,0,1,0,0.03,0.11,0.14,0.03,0.14,0.0907,1,1,Talisman
Patrick van Aanholt,5f09991f,nl NED,DF,Sunderland,SUNDERLAND,24.0,1990,2015,33,33,2970,33.0,4,3,7,4,0,0,2,0,0.12,0.09,0.21,0.12,0.21,0.0873,2,1,Talisman
Jermain Defoe,f1e8372d,eng ENG,FW,Sunderland,SUNDERLAND,32.0,1982,2015,33,28,2550,28.3,15,1,16,14,1,1,3,0,0.53,0.04,0.56,0.49,0.53,0.0857,3,1,Talisman
Lee Cattermole,538e77d5,eng ENG,MF,Sunderland,SUNDERLAND,27.0,1988,2015,31,27,2210,24.6,0,0,0,0,0,0,8,0,0.0,0.0,0.0,0.0,0.0,0.0589,4,1,Talisman
Fabio Borini,ef5b337e,it ITA,MFFW,Sunderland,SUNDERLAND,24.0,1991,2015,26,22,1891,21.0,5,2,7,4,1,1,6,0,0.24,0.1,0.33,0.19,0.29,0.0576,5,1,Talisman
Billy Jones,aa3cb1ad,eng ENG,DF,Sunderland,SUNDERLAND,28.0,1987,2015,24,23,2032,22.6,1,1,2,1,0,0,8,0,0.04,0.04,0.09,0.04,0.09,0.0566,6,1,Talisman
Younès Kaboul,3680d723,fr FRA,DF,Sunderland,SUNDERLAND,29.0,1986,2015,23,22,2008,22.3,0,1,1,0,0,0,5,2,0.0,0.04,0.04,0.0,0.04,0.0545,7,2,Key Player
John O'Shea,7c1f4685,ie IRL,DF,Sunderland,SUNDERLAND,34.0,1981,2015,28,23,2009,22.3,0,0,0,0,0,0,2,0,0.0,0.0,0.0,0.0,0.0,0.0534,8,2,Key Player
DeAndre Yedlin,ae0a7ddf,us USA,DFMF,Sunderland,SUNDERLAND,22.0,1993,2015,23,21,1811,20.1,0,1,1,0,0,0,2,0,0.0,0.05,0.05,0.0,0.05,0.0493,9,2,Key Player
Vito Mannone,c4173f1a,it ITA,GK,Sunderland,SUNDERLAND,27.0,1988,2015,19,19,1710,19.0,0,0,0,0,0,0,2,0,0.0,0.0,0.0,0.0,0.0,0.0455,10,2,Key Player
Jeremain Lens,6f1721f0,nl NED,MFFW,Sunderland,SUNDERLAND,27.0,1987,2015,20,14,1294,14.4,3,3,6,3,0,0,5,1,0.21,0.21,0.42,0.21,0.42,0.0417,11,2,Key Player
Costel Pantilimon,d24e154c,ro ROU,GK,Sunderland,SUNDERLAND,28.0,1987,2015,17,17,1530,17.0,0,0,0,0,0,0,3,0,0.0,0.0,0.0,0.0,0.0,0.0407,12,2,Key Player
Lamine Koné,a46472d0,ci CIV,DF,Sunderland,SUNDERLAND,26.0,1989,2015,15,15,1314,14.6,2,1,3,2,0,0,0,0,0.14,0.07,0.21,0.14,0.21,0.0386,13,3,Regular Starter
Adam Johnson,1ba61951,eng ENG,MF,Sunderland,SUNDERLAND,28.0,1987,2015,19,11,1148,12.8,2,5,7,1,1,1,3,0,0.16,0.39,0.55,0.08,0.47,0.0379,14,3,Regular Starter
Sebastián Coates,1fbbfbde,uy URU,DF,Sunderland,SUNDERLAND,24.0,1990,2015,16,14,1229,13.7,0,3,3,0,0,0,4,0,0.0,0.22,0.22,0.0,0.22,0.0364,15,3,Regular Starter
Jack Rodwell,a07579ee,eng ENG,MF,Sunderland,SUNDERLAND,24.0,1991,2015,22,9,1169,13.0,1,0,1,1,0,0,5,0,0.08,0.0,0.08,0.08,0.08,0.0324,16,3,Regular Starter
Wahbi Khazri,2677a1de,tn TUN,MF,Sunderland,SUNDERLAND,24.0,1991,2015,14,13,1071,11.9,2,1,3,2,0,0,3,0,0.17,0.08,0.25,0.17,0.25,0.0321,17,3,Regular Starter
Steven Fletcher,2c9c3502,sct SCO,FW,Sunderland,SUNDERLAND,28.0,1987,2015,16,11,1010,11.2,4,0,4,4,0,0,0,0,0.36,0.0,0.36,0.36,0.36,0.0317,18,3,Regular Starter
Duncan Watmore,2b2bae51,eng ENG,MFFW,Sunderland,SUNDERLAND,21.0,1994,2015,23,7,919,10.2,3,1,4,3,0,0,0,0,0.29,0.1,0.39,0.29,0.39,0.0292,19,4,Squad Rotation
Jan Kirchhoff,a14d04e3,de GER,MF,Sunderland,SUNDERLAND,24.0,1990,2015,15,14,1075,11.9,0,0,0,0,0,0,0,0,0.0,0.0,0.0,0.0,0.0,0.0285,20,4,Squad Rotation
Ola Toivonen,de4fe7a2,se SWE,MF,Sunderland,SUNDERLAND,29.0,1986,2015,12,9,659,7.3,0,2,2,0,0,0,1,0,0.0,0.27,0.27,0.0,0.27,0.0198,21,4,Squad Rotation
Dame N'Doye,4574720b,sn SEN,MFFW,Sunderland,SUNDERLAND,30.0,1985,2015,11,5,572,6.4,1,0,1,1,0,0,2,0,0.16,0.0,0.16,0.16,0.16,0.0166,22,4,Squad Rotation
Sebastian Larsson,b26efc36,se SWE,MF,Sunderland,SUNDERLAND,30.0,1985,2015,18,6,554,6.2,0,1,1,0,0,0,2,0,0.0,0.16,0.16,0.0,0.16,0.016,23,4,Squad Rotation
Wes Brown,659ccc97,eng ENG,DF,Sunderland,SUNDERLAND,35.0,1979,2015,6,6,540,6.0,0,0,0,0,0,0,1,0,0.0,0.0,0.0,0.0,0.0,0.0144,24,4,Squad Rotation
Danny Graham,7d7bdee6,eng ENG,FW,Sunderland,SUNDERLAND,29.0,1985,2015,10,4,360,4.0,0,0,0,0,0,0,0,0,0.0,0.0,0.0,0.0,0.0,0.0096,25,5,Fringe/Backup
Jordi Gómez,d92b0327,es ESP,MF,Sunderland,SUNDERLAND,30.0,1985,2015,6,5,352,3.9,0,0,0,0,0,0,0,0,0.0,0.0,0.0,0.0,0.0,0.0093,26,5,Fringe/Backup
Jordan Pickford,4806ec67,eng ENG,GK,Sunderland,SUNDERLAND,21.0,1994,2015,2,2,180,2.0,0,0,0,0,0,0,0,0,0.0,0.0,0.0,0.0,0.0,0.0048,27,5,Fringe/Backup
Thomas Robson,a18298ff,eng ENG,DF,Sunderland,SUNDERLAND,19.0,1995,2015,1,1,90,1.0,0,0,0,0,0,0,0,0,0.0,0.0,0.0,0.0,0.0,0.0024,28,5,Fringe/Backup
Rees Greenwood,e5e459d4,eng ENG,MF,Sunderland,SUNDERLAND,18.0,1996,2015,1,1,51,0.6,0,0,0,0,0,0,0,0,0.0,0.0,0.0,0.0,0.0,0.0014,29,5,Fringe/Backup
George Honeyman,84afeaff,eng ENG,MF,Sunderland,SUNDERLAND,20.0,1994,2015,1,0,39,0.4,0,0,0,0,0,0,0,0,0.0,0.0,0.0,0.0,0.0,0.001,30,5,Fringe/Backup
Adam Matthews,d8bffa70,wls WAL,DFMF,Sunderland,SUNDERLAND,23.0,1992,2015,1,0,37,0.4,0,0,0,0,0,0,0,0,0.0,0.0,0.0,0.0,0.0,0.001,31,5,Fringe/Backup
André Ayew,5dbefa9d,gh GHA,MFFW,Swansea City,SWANSEACITY,25.0,1989,2015,34,34,2925,32.5,12,2,14,12,0,0,5,0,0.37,0.06,0.43,0.37,0.43,0.0946,1,1,Talisman
Gylfi Sigurðsson,76dd1480,is ISL,MFFW,Swansea City,SWANSEACITY,25.0,1989,2015,36,32,2914,32.4,11,3,14,8,3,3,6,0,0.34,0.09,0.43,0.25,0.34,0.0908,2,1,Talisman
Ashley Williams,a498e276,wls WAL,DF,Swansea City,SWANSEACITY,30.0,1984,2015,36,36,3240,36.0,2,1,3,2,0,0,8,0,0.06,0.03,0.08,0.06,0.08,0.0897,3,1,Talisman
Łukasz Fabiański,9328b835,pl POL,GK,Swansea City,SWANSEACITY,30.0,1985,2015,37,37,3330,37.0,0,0,0,0,0,0,1,0,0.0,0.0,0.0,0.0,0.0,0.0886,4,1,Talisman
Neil Taylor,c2f9d19f,wls WAL,DF,Swansea City,SWANSEACITY,26.0,1989,2015,34,33,2947,32.7,0,1,1,0,0,0,4,0,0.0,0.03,0.03,0.0,0.03,0.0795,5,1,Talisman
Federico Fernández,f25b010f,ar ARG,DF,Swansea City,SWANSEACITY,26.0,1989,2015,32,32,2880,32.0,1,1,2,1,0,0,3,0,0.03,0.03,0.06,0.03,0.06,0.079,6,2,Key Player
Jack Cork,74e12f1e,eng ENG,MF,Swansea City,SWANSEACITY,26.0,1989,2015,35,28,2546,28.3,1,2,3,1,0,0,3,0,0.04,0.07,0.11,0.04,0.11,0.0715,7,2,Key Player
Ki Sung-yueng,1d8c99b0,kr KOR,MF,Swansea City,SWANSEACITY,26.0,1989,2015,28,21,1850,20.6,2,1,3,2,0,0,4,0,0.1,0.05,0.15,0.1,0.15,0.0531,8,2,Key Player
Bafétimbi Gomis,3d6686f9,fr FRA,FW,Swansea City,SWANSEACITY,29.0,1985,2015,33,18,1703,18.9,6,0,6,5,1,1,0,0,0.32,0.0,0.32,0.26,0.26,0.0512,9,2,Key Player
Kyle Naughton,e860c42f,eng ENG,DF,Swansea City,SWANSEACITY,26.0,1988,2015,27,19,1769,19.7,0,3,3,0,0,0,2,1,0.0,0.15,0.15,0.0,0.15,0.0507,10,2,Key Player
Àngel Rangel,93ee387c,es ESP,DF,Swansea City,SWANSEACITY,32.0,1982,2015,23,20,1820,20.2,0,0,0,0,0,0,6,0,0.0,0.0,0.0,0.0,0.0,0.0484,11,3,Regular Starter
Wayne Routledge,1d387eee,eng ENG,MFFW,Swansea City,SWANSEACITY,30.0,1985,2015,28,22,1672,18.6,2,1,3,2,0,0,3,0,0.11,0.05,0.16,0.11,0.16,0.0481,12,3,Regular Starter
Leon Britton,b92dd711,eng ENG,MF,Swansea City,SWANSEACITY,32.0,1982,2015,25,19,1520,16.9,0,0,0,0,0,0,4,0,0.0,0.0,0.0,0.0,0.0,0.0405,13,3,Regular Starter
Jefferson Montero,fa6561bf,ec ECU,MFFW,Swansea City,SWANSEACITY,25.0,1989,2015,23,14,1355,15.1,0,2,2,0,0,0,0,0,0.0,0.13,0.13,0.0,0.13,0.0385,14,3,Regular Starter
Jonjo Shelvey,3727dd3c,eng ENG,MF,Swansea City,SWANSEACITY,23.0,1992,2015,16,14,1216,13.5,1,2,3,0,1,1,5,0,0.07,0.15,0.22,0.0,0.15,0.0348,15,3,Regular Starter
Modou Barrow,75783f5f,gm GAM,MFFW,Swansea City,SWANSEACITY,22.0,1992,2015,22,6,791,8.8,1,2,3,1,0,0,0,0,0.11,0.23,0.34,0.11,0.34,0.0247,16,3,Regular Starter
Leroy Fer,3cefa66a,nl NED,MF,Swansea City,SWANSEACITY,25.0,1990,2015,11,9,756,8.4,0,2,2,0,0,0,2,0,0.0,0.24,0.24,0.0,0.24,0.0225,17,4,Squad Rotation
Alberto Paloschi,b5cae4e6,it ITA,FWMF,Swansea City,SWANSEACITY,25.0,1990,2015,10,7,667,7.4,2,0,2,2,0,0,2,0,0.27,0.0,0.27,0.27,0.27,0.0201,18,4,Squad Rotation
Jordi Amat,d70a2141,id IDN,DF,Swansea City,SWANSEACITY,23.0,1992,2015,8,5,463,5.1,0,0,0,0,0,0,0,0,0.0,0.0,0.0,0.0,0.0,0.0122,19,4,Squad Rotation
Stephen Kingsley,488cc9c7,sct SCO,DF,Swansea City,SWANSEACITY,21.0,1994,2015,4,4,355,3.9,0,1,1,0,0,0,0,0,0.0,0.25,0.25,0.0,0.25,0.0105,20,4,Squad Rotation
Kyle Bartley,18e96f64,eng ENG,DF,Swansea City,SWANSEACITY,24.0,1991,2015,5,3,286,3.2,0,0,0,0,0,0,2,0,0.0,0.0,0.0,0.0,0.0,0.0077,21,4,Squad Rotation
Éder,f0fc9d0e,pt POR,FW,Swansea City,SWANSEACITY,27.0,1987,2015,13,2,276,3.1,0,0,0,0,0,0,0,0,0.0,0.0,0.0,0.0,0.0,0.0074,22,5,Fringe/Backup
Matt Grimes,81a487b9,eng ENG,DF,Swansea City,SWANSEACITY,20.0,1995,2015,1,1,90,1.0,0,0,0,0,0,0,0,0,0.0,0.0,0.0,0.0,0.0,0.0024,23,5,Fringe/Backup
Kristoffer Nordfeldt,78549904,se SWE,GK,Swansea City,SWANSEACITY,26.0,1989,2015,1,1,90,1.0,0,0,0,0,0,0,0,0,0.0,0.0,0.0,0.0,0.0,0.0024,24,5,Fringe/Backup
Marvin Emnes,a5900d91,nl NED,MF,Swansea City,SWANSEACITY,27.0,1988,2015,2,1,66,0.7,0,0,0,0,0,0,0,0,0.0,0.0,0.0,0.0,0.0,0.0017,25,5,Fringe/Backup
Nathan Dyer,6dfd5af0,eng ENG,FWMF,Swansea City,SWANSEACITY,27.0,1987,2015,1,0,19,0.2,0,1,1,0,0,0,0,0,0.0,4.74,4.74,0.0,4.74,0.0016,26,5,Fringe/Backup
Jay Fulton,434ad289,sct SCO,MF,Swansea City,SWANSEACITY,21.0,1994,2015,2,0,21,0.2,0,0,0,0,0,0,0,0,0.0,0.0,0.0,0.0,0.0,0.0005,27,5,Fringe/Backup
Harry Kane,21a66f6a,eng ENG,FW,Tottenham,TOTTENHAMHOTSPUR,22.0,1993,2015,38,38,3361,37.3,25,1,26,20,5,5,5,0,0.67,0.03,0.7,0.54,0.56,0.1143,1,1,Talisman
Christian Eriksen,980522ec,dk DEN,MF,Tottenham,TOTTENHAMHOTSPUR,23.0,1992,2015,35,33,2933,32.6,6,13,19,6,0,0,2,0,0.18,0.4,0.58,0.18,0.58,0.1007,2,1,Talisman
Toby Alderweireld,f7d50789,be BEL,DF,Tottenham,TOTTENHAMHOTSPUR,26.0,1989,2015,38,38,3419,38.0,4,2,6,4,0,0,3,0,0.11,0.05,0.16,0.11,0.16,0.0982,3,1,Talisman
Eric Dier,ac861941,eng ENG,MF,Tottenham,TOTTENHAMHOTSPUR,21.0,1994,2015,37,37,3263,36.3,3,2,5,3,0,0,10,0,0.08,0.06,0.14,0.08,0.14,0.093,4,1,Talisman
Hugo Lloris,8f62b6ee,fr FRA,GK,Tottenham,TOTTENHAMHOTSPUR,28.0,1986,2015,37,37,3330,37.0,0,0,0,0,0,0,0,0,0.0,0.0,0.0,0.0,0.0,0.0886,5,2,Key Player
Dele Alli,cea4ee8f,eng ENG,MF,Tottenham,TOTTENHAMHOTSPUR,19.0,1996,2015,33,28,2470,27.4,10,9,19,10,0,0,7,0,0.36,0.33,0.69,0.36,0.69,0.0882,6,2,Key Player
Kyle Walker,86dd77d1,eng ENG,DF,Tottenham,TOTTENHAMHOTSPUR,25.0,1990,2015,33,33,2941,32.7,1,3,4,1,0,0,7,0,0.03,0.09,0.12,0.03,0.12,0.083,7,2,Key Player
Érik Lamela,abe66106,ar ARG,MF,Tottenham,TOTTENHAMHOTSPUR,23.0,1992,2015,34,28,2371,26.3,5,9,14,5,0,0,9,0,0.19,0.34,0.53,0.19,0.53,0.0796,8,2,Key Player
Jan Vertonghen,ba23a904,be BEL,DF,Tottenham,TOTTENHAMHOTSPUR,28.0,1987,2015,29,29,2594,28.8,0,0,0,0,0,0,5,0,0.0,0.0,0.0,0.0,0.0,0.0689,9,2,Key Player
Mousa Dembélé,f7ee69fb,be BEL,MF,Tottenham,TOTTENHAMHOTSPUR,28.0,1987,2015,29,27,2265,25.2,3,1,4,3,0,0,3,0,0.12,0.04,0.16,0.12,0.16,0.0651,10,3,Regular Starter
Danny Rose,89d10e53,eng ENG,DF,Tottenham,TOTTENHAMHOTSPUR,25.0,1990,2015,24,24,2129,23.7,1,3,4,1,0,0,7,0,0.04,0.13,0.17,0.04,0.17,0.0615,11,3,Regular Starter
Ben Davies,44781702,wls WAL,DF,Tottenham,TOTTENHAMHOTSPUR,22.0,1993,2015,17,14,1291,14.3,0,2,2,0,0,0,3,0,0.0,0.14,0.14,0.0,0.14,0.0366,12,3,Regular Starter
Son Heung-min,92e7e919,kr KOR,MF,Tottenham,TOTTENHAMHOTSPUR,23.0,1992,2015,28,13,1107,12.3,4,1,5,4,0,0,0,0,0.33,0.08,0.41,0.33,0.41,0.0355,13,3,Regular Starter
Nacer Chadli,5b54bf3b,be BEL,MF,Tottenham,TOTTENHAMHOTSPUR,25.0,1989,2015,29,10,947,10.5,3,2,5,3,0,0,1,0,0.29,0.19,0.48,0.29,0.48,0.0312,14,3,Regular Starter
Ryan Mason,c8fac933,eng ENG,MF,Tottenham,TOTTENHAMHOTSPUR,24.0,1991,2015,22,8,805,8.9,1,0,1,1,0,0,3,0,0.11,0.0,0.11,0.11,0.11,0.0225,15,4,Squad Rotation
Kevin Wimmer,faf55ce4,at AUT,DF,Tottenham,TOTTENHAMHOTSPUR,22.0,1992,2015,10,9,812,9.0,0,0,0,0,0,0,2,0,0.0,0.0,0.0,0.0,0.0,0.0215,16,4,Squad Rotation
Tom Carroll,5a1900a4,eng ENG,MF,Tottenham,TOTTENHAMHOTSPUR,23.0,1992,2015,19,4,515,5.7,1,0,1,1,0,0,3,0,0.17,0.0,0.17,0.17,0.17,0.0148,17,4,Squad Rotation
Kieran Trippier,21512407,eng ENG,DF,Tottenham,TOTTENHAMHOTSPUR,24.0,1990,2015,6,5,459,5.1,1,1,2,1,0,0,1,0,0.2,0.2,0.39,0.2,0.39,0.0146,18,4,Squad Rotation
Clinton N'Jie,77f278a0,cm CMR,FWMF,Tottenham,TOTTENHAMHOTSPUR,21.0,1993,2015,8,0,192,2.1,0,1,1,0,0,0,0,0,0.0,0.47,0.47,0.0,0.47,0.0062,19,4,Squad Rotation
Nabil Bentaleb,3189f61a,dz ALG,MF,Tottenham,TOTTENHAMHOTSPUR,20.0,1994,2015,5,2,170,1.9,0,0,0,0,0,0,1,0,0.0,0.0,0.0,0.0,0.0,0.0045,20,5,Fringe/Backup
Michel Vorm,1bebde9d,nl NED,GK,Tottenham,TOTTENHAMHOTSPUR,31.0,1983,2015,1,1,90,1.0,0,0,0,0,0,0,0,0,0.0,0.0,0.0,0.0,0.0,0.0024,21,5,Fringe/Backup
Josh Onomah,6612cd8c,eng ENG,FWMF,Tottenham,TOTTENHAMHOTSPUR,18.0,1997,2015,8,0,83,0.9,0,0,0,0,0,0,0,0,0.0,0.0,0.0,0.0,0.0,0.0022,22,5,Fringe/Backup
Andros Townsend,b28bbd58,eng ENG,FWMF,Tottenham,TOTTENHAMHOTSPUR,24.0,1991,2015,3,0,67,0.7,0,0,0,0,0,0,0,0,0.0,0.0,0.0,0.0,0.0,0.0017,23,5,Fringe/Backup
Alex Pritchard,ff9fcd4d,eng ENG,FWMF,Tottenham,TOTTENHAMHOTSPUR,22.0,1993,2015,1,0,6,0.1,0,0,0,0,0,0,0,0,0.0,0.0,0.0,0.0,0.0,0.0002,24,5,Fringe/Backup
Odion Ighalo,03622183,ng NGA,FWMF,Watford,WATFORD,26.0,1989,2015,37,36,3147,35.0,15,3,18,15,0,0,4,0,0.43,0.09,0.51,0.43,0.51,0.1052,1,1,Talisman
Troy Deeney,82e34b69,eng ENG,FWMF,Watford,WATFORD,27.0,1988,2015,38,36,3291,36.6,13,7,20,7,6,7,6,0,0.36,0.19,0.55,0.19,0.38,0.1043,2,1,Talisman
Heurelho Gomes,d596e193,br BRA,GK,Watford,WATFORD,34.0,1981,2015,38,38,3396,37.7,0,0,0,0,0,0,4,0,0.0,0.0,0.0,0.0,0.0,0.0903,3,1,Talisman
Craig Cathcart,89e4b358,nir NIR,DF,Watford,WATFORD,26.0,1989,2015,35,34,3034,33.7,1,0,1,1,0,0,3,0,0.03,0.0,0.03,0.03,0.03,0.0819,4,1,Talisman
Ben Watson,df540668,eng ENG,MF,Watford,WATFORD,30.0,1985,2015,35,31,2816,31.3,2,0,2,2,0,0,5,0,0.06,0.0,0.06,0.06,0.06,0.0772,5,1,Talisman
Étienne Capoue,5acc4a10,fr FRA,MF,Watford,WATFORD,27.0,1988,2015,33,33,2814,31.3,0,1,1,0,0,0,7,0,0.0,0.03,0.03,0.0,0.03,0.0761,6,2,Key Player
Allan Nyom,97572117,cm CMR,DF,Watford,WATFORD,27.0,1988,2015,32,29,2469,27.4,0,1,1,0,0,0,8,0,0.0,0.04,0.04,0.0,0.04,0.0669,7,2,Key Player
Miguel Britos,356a9a62,uy URU,DF,Watford,WATFORD,30.0,1985,2015,24,24,2073,23.0,0,0,0,0,0,0,7,0,0.0,0.0,0.0,0.0,0.0,0.0551,8,2,Key Player
Almen Abdi,8d425d84,ch SUI,MF,Watford,WATFORD,28.0,1986,2015,32,25,1974,21.9,2,0,2,2,0,0,4,0,0.09,0.0,0.09,0.09,0.09,0.0548,9,2,Key Player
José Manuel Jurado,71d4e271,es ESP,MF,Watford,WATFORD,29.0,1986,2015,27,27,2007,22.3,0,0,0,0,0,0,3,0,0.0,0.0,0.0,0.0,0.0,0.0534,10,2,Key Player
Nathan Aké,eaeca114,nl NED,DF,Watford,WATFORD,20.0,1995,2015,24,20,1875,20.8,1,0,1,1,0,0,4,1,0.05,0.0,0.05,0.05,0.05,0.0511,11,3,Regular Starter
Sebastian Prödl,f5e6d08d,at AUT,DF,Watford,WATFORD,28.0,1987,2015,21,19,1778,19.8,2,0,2,2,0,0,5,0,0.1,0.0,0.1,0.1,0.1,0.0498,12,3,Regular Starter
Ikechi Anya,c55e973d,sct SCO,MFDF,Watford,WATFORD,27.0,1988,2015,28,17,1686,18.7,0,1,1,0,0,0,0,0,0.0,0.05,0.05,0.0,0.05,0.0459,13,3,Regular Starter
Valon Behrami,d3d758d8,ch SUI,MF,Watford,WATFORD,30.0,1985,2015,21,14,1279,14.2,0,1,1,0,0,0,3,1,0.0,0.07,0.07,0.0,0.07,0.0352,14,3,Regular Starter
José Holebas,12aa7661,gr GRE,DF,Watford,WATFORD,31.0,1984,2015,11,11,945,10.5,1,0,1,1,0,0,2,0,0.1,0.0,0.1,0.1,0.1,0.0264,15,3,Regular Starter
Juan Carlos Paredes,5d8c6afd,ec ECU,DFMF,Watford,WATFORD,28.0,1987,2015,17,7,771,8.6,0,0,0,0,0,0,1,0,0.0,0.0,0.0,0.0,0.0,0.0206,16,4,Squad Rotation
Mario Suárez,7106f0a0,es ESP,MF,Watford,WATFORD,28.0,1987,2015,15,8,749,8.3,0,0,0,0,0,0,2,0,0.0,0.0,0.0,0.0,0.0,0.0199,17,4,Squad Rotation
Adlène Guedioura,f75825e3,dz ALG,MF,Watford,WATFORD,29.0,1985,2015,18,3,430,4.8,0,2,2,0,0,0,2,0,0.0,0.42,0.42,0.0,0.42,0.0139,18,4,Squad Rotation
Nordin Amrabat,7c2a398c,ma MAR,MFFW,Watford,WATFORD,28.0,1987,2015,12,4,506,5.6,0,0,0,0,0,0,4,1,0.0,0.0,0.0,0.0,0.0,0.0134,19,4,Squad Rotation
Steven Berghuis,713c144a,nl NED,FWMF,Watford,WATFORD,23.0,1991,2015,9,0,231,2.6,0,2,2,0,0,0,2,0,0.0,0.78,0.78,0.0,0.78,0.0087,20,4,Squad Rotation
Miguel Layún,ad6295d4,mx MEX,MFDF,Watford,WATFORD,27.0,1988,2015,3,2,131,1.5,1,0,1,1,0,0,0,0,0.69,0.0,0.69,0.69,0.69,0.0048,21,5,Fringe/Backup
Víctor Ibarbo,552d1e41,co COL,FWMF,Watford,WATFORD,25.0,1990,2015,4,0,68,0.8,0,0,0,0,0,0,0,0,0.0,0.0,0.0,0.0,0.0,0.0019,22,5,Fringe/Backup
Alessandro Diamanti,cb5af1af,it ITA,FWMF,Watford,WATFORD,32.0,1983,2015,3,0,67,0.7,0,0,0,0,0,0,0,0,0.0,0.0,0.0,0.0,0.0,0.0017,23,5,Fringe/Backup
Giedrius Arlauskis,1858bbf7,lt LTU,GK,Watford,WATFORD,27.0,1987,2015,1,0,24,0.3,0,0,0,0,0,0,0,0,0.0,0.0,0.0,0.0,0.0,0.0007,24,5,Fringe/Backup
Obbi Oulare,9e49c320,be BEL,FW,Watford,WATFORD,19.0,1996,2015,2,0,7,0.1,0,0,0,0,0,0,0,0,0.0,0.0,0.0,0.0,0.0,0.0002,25,5,Fringe/Backup
Craig Dawson,3e9e06cb,eng ENG,DF,West Brom,WESTBROMWICHALBION,25.0,1990,2015,38,38,3384,37.6,4,0,4,4,0,0,3,0,0.11,0.0,0.11,0.11,0.11,0.0951,1,1,Talisman
Darren Fletcher,184e4970,sct SCO,MF,West Brom,WESTBROMWICHALBION,31.0,1984,2015,38,38,3374,37.5,1,3,4,1,0,0,3,0,0.03,0.08,0.11,0.03,0.11,0.0948,2,1,Talisman
Gareth McAuley,ac7d7378,nir NIR,DF,West Brom,WESTBROMWICHALBION,35.0,1979,2015,34,34,3060,34.0,1,0,1,1,0,0,4,1,0.03,0.0,0.03,0.03,0.03,0.0827,3,1,Talisman
Salomón Rondón,b318a643,ve VEN,FW,West Brom,WESTBROMWICHALBION,25.0,1989,2015,34,30,2555,28.4,9,2,11,9,0,0,1,1,0.32,0.07,0.39,0.32,0.39,0.0813,4,1,Talisman
Claudio Yacob,bda6ffd4,ar ARG,MF,West Brom,WESTBROMWICHALBION,28.0,1987,2015,34,33,2846,31.6,0,1,1,0,0,0,9,0,0.0,0.03,0.03,0.0,0.03,0.0769,5,1,Talisman
Jonny Evans,f8fcd2a5,nir NIR,DFMF,West Brom,WESTBROMWICHALBION,27.0,1988,2015,30,30,2590,28.8,1,1,2,1,0,0,4,0,0.03,0.03,0.07,0.03,0.07,0.0714,6,2,Key Player
James McClean,53538b39,ie IRL,MFFW,West Brom,WESTBROMWICHALBION,26.0,1989,2015,35,28,2413,26.8,2,2,4,2,0,0,7,1,0.07,0.07,0.15,0.07,0.15,0.069,7,2,Key Player
Craig Gardner,1117b9ff,eng ENG,MF,West Brom,WESTBROMWICHALBION,28.0,1986,2015,34,20,2038,22.6,3,3,6,3,0,1,5,0,0.13,0.13,0.26,0.13,0.26,0.0612,8,2,Key Player
Jonas Olsson,48844a9b,se SWE,DF,West Brom,WESTBROMWICHALBION,32.0,1983,2015,28,25,2013,22.4,1,1,2,1,0,0,5,0,0.04,0.04,0.09,0.04,0.09,0.0561,9,2,Key Player
Boaz Myhill,7ca2d989,wls WAL,GK,West Brom,WESTBROMWICHALBION,32.0,1982,2015,23,23,2070,23.0,0,0,0,0,0,0,2,0,0.0,0.0,0.0,0.0,0.0,0.0551,10,2,Key Player
Stéphane Sessègnon,35c5f9b1,bj BEN,MFFW,West Brom,WESTBROMWICHALBION,31.0,1984,2015,25,21,1752,19.5,2,2,4,2,0,0,1,0,0.1,0.1,0.21,0.1,0.21,0.0516,11,2,Key Player
Chris Brunt,ec7e6ad1,nir NIR,DFMF,West Brom,WESTBROMWICHALBION,30.0,1984,2015,22,20,1800,20.0,0,3,3,0,0,0,7,0,0.0,0.15,0.15,0.0,0.15,0.0515,12,3,Regular Starter
Saido Berahino,25b166d0,bi BDI,FWMF,West Brom,WESTBROMWICHALBION,21.0,1993,2015,31,17,1746,19.4,4,0,4,4,0,2,0,0,0.21,0.0,0.21,0.21,0.21,0.0514,13,3,Regular Starter
James Morrison,21a66e33,sct SCO,MF,West Brom,WESTBROMWICHALBION,29.0,1986,2015,18,17,1338,14.9,3,3,6,3,0,1,3,0,0.2,0.2,0.4,0.2,0.4,0.0428,14,3,Regular Starter
Ben Foster,d0b3ceb9,eng ENG,GK,West Brom,WESTBROMWICHALBION,32.0,1983,2015,15,15,1350,15.0,0,0,0,0,0,0,1,0,0.0,0.0,0.0,0.0,0.0,0.0359,15,3,Regular Starter
James Chester,a772eba6,wls WAL,DF,West Brom,WESTBROMWICHALBION,26.0,1989,2015,13,9,964,10.7,0,0,0,0,0,0,4,0,0.0,0.0,0.0,0.0,0.0,0.0256,16,3,Regular Starter
Rickie Lambert,495de82c,eng ENG,FW,West Brom,WESTBROMWICHALBION,33.0,1982,2015,19,5,625,6.9,1,1,2,0,1,1,2,0,0.14,0.14,0.29,0.0,0.14,0.0177,17,4,Squad Rotation
Sandro,c1c2c925,br BRA,MF,West Brom,WESTBROMWICHALBION,26.0,1989,2015,12,5,382,4.2,0,0,0,0,0,0,0,0,0.0,0.0,0.0,0.0,0.0,0.0101,18,4,Squad Rotation
Victor Anichebe,4aed5c19,ng NGA,FW,West Brom,WESTBROMWICHALBION,27.0,1988,2015,10,3,369,4.1,0,0,0,0,0,0,0,0,0.0,0.0,0.0,0.0,0.0,0.0098,19,4,Squad Rotation
Callum McManaman,1a5dbcc2,eng ENG,MF,West Brom,WESTBROMWICHALBION,24.0,1991,2015,12,2,281,3.1,0,1,1,0,0,0,2,0,0.0,0.32,0.32,0.0,0.32,0.0086,20,4,Squad Rotation
Jonathan Leko,76b5cbbd,eng ENG,MF,West Brom,WESTBROMWICHALBION,16.0,1999,2015,5,3,271,3.0,0,1,1,0,0,0,0,0,0.0,0.33,0.33,0.0,0.33,0.0084,21,4,Squad Rotation
Joleon Lescott,62393d3b,eng ENG,DF,West Brom,WESTBROMWICHALBION,32.0,1982,2015,2,2,180,2.0,0,0,0,0,0,0,0,0,0.0,0.0,0.0,0.0,0.0,0.0048,22,4,Squad Rotation
Sébastien Pocognoli,cc41eec1,be BEL,DFMF,West Brom,WESTBROMWICHALBION,27.0,1987,2015,1,0,36,0.4,0,1,1,0,0,0,0,0,0.0,2.5,2.5,0.0,2.5,0.0022,23,5,Fringe/Backup
Alex Pritchard,ff9fcd4d,eng ENG,FWMF,West Brom,WESTBROMWICHALBION,22.0,1993,2015,2,0,63,0.7,0,0,0,0,0,0,0,0,0.0,0.0,0.0,0.0,0.0,0.0017,24,5,Fringe/Backup
Cristian Gamboa,f27680d9,cr CRC,DFMF,West Brom,WESTBROMWICHALBION,25.0,1989,2015,1,0,28,0.3,0,0,0,0,0,0,1,0,0.0,0.0,0.0,0.0,0.0,0.0007,25,5,Fringe/Backup
Tyler Roberts,6c17e046,wls WAL,FWMF,West Brom,WESTBROMWICHALBION,16.0,1999,2015,1,0,18,0.2,0,0,0,0,0,0,1,0,0.0,0.0,0.0,0.0,0.0,0.0005,26,5,Fringe/Backup
Sam Field,bd8a7d05,eng ENG,MF,West Brom,WESTBROMWICHALBION,17.0,1998,2015,1,0,5,0.1,0,0,0,0,0,0,0,0,0.0,0.0,0.0,0.0,0.0,0.0002,27,5,Fringe/Backup
Serge Gnabry,88e357ef,de GER,FWMF,West Brom,WESTBROMWICHALBION,20.0,1995,2015,1,0,13,0.1,0,0,0,0,0,0,0,0,0.0,0.0,0.0,0.0,0.0,0.0002,28,5,Fringe/Backup
Aaron Cresswell,4f974391,eng ENG,DF,West Ham,WESTHAMUNITED,25.0,1989,2015,37,37,3314,36.8,2,4,6,2,0,0,1,0,0.05,0.11,0.16,0.05,0.16,0.0952,1,1,Talisman
Mark Noble,ff527768,eng ENG,MF,West Ham,WESTHAMUNITED,28.0,1987,2015,37,37,3196,35.5,7,4,11,4,3,3,8,1,0.2,0.11,0.31,0.11,0.23,0.0948,2,1,Talisman
Dimitri Payet,58ae47b2,fr FRA,FWMF,West Ham,WESTHAMUNITED,28.0,1987,2015,30,29,2568,28.5,9,12,21,9,0,0,3,0,0.32,0.42,0.74,0.32,0.74,0.0935,3,1,Talisman
Cheikhou Kouyaté,8d3c902d,sn SEN,MF,West Ham,WESTHAMUNITED,25.0,1989,2015,34,34,3007,33.4,5,2,7,5,0,0,5,1,0.15,0.06,0.21,0.15,0.21,0.0884,4,1,Talisman
Adrián,f76e6b4e,es ESP,GK,West Ham,WESTHAMUNITED,28.0,1987,2015,32,32,2880,32.0,0,0,0,0,0,0,1,1,0.0,0.0,0.0,0.0,0.0,0.0767,5,1,Talisman
Michail Antonio,ac05f970,jm JAM,MFFW,West Ham,WESTHAMUNITED,25.0,1990,2015,26,23,2057,22.9,8,3,11,8,0,0,3,0,0.35,0.13,0.48,0.35,0.48,0.068,6,2,Key Player
Angelo Ogbonna,74b2cd7e,it ITA,DF,West Ham,WESTHAMUNITED,27.0,1988,2015,28,27,2326,25.8,0,0,0,0,0,0,5,0,0.0,0.0,0.0,0.0,0.0,0.0618,7,2,Key Player
Manuel Lanzini,26f6dca8,ar ARG,MF,West Ham,WESTHAMUNITED,22.0,1993,2015,26,23,1910,21.2,6,2,8,6,0,0,3,0,0.28,0.09,0.38,0.28,0.38,0.0604,8,2,Key Player
Winston Reid,562eed5c,nz NZL,DF,West Ham,WESTHAMUNITED,27.0,1988,2015,24,24,2135,23.7,1,1,2,1,0,0,5,0,0.04,0.04,0.08,0.04,0.08,0.0591,9,2,Key Player
James Tomkins,e7ca0439,eng ENG,DF,West Ham,WESTHAMUNITED,26.0,1989,2015,25,23,1961,21.8,0,0,0,0,0,0,3,0,0.0,0.0,0.0,0.0,0.0,0.0522,10,2,Key Player
Andy Carroll,b581987a,eng ENG,FW,West Ham,WESTHAMUNITED,26.0,1989,2015,27,13,1440,16.0,9,2,11,8,1,1,2,0,0.56,0.12,0.69,0.5,0.62,0.0502,11,2,Key Player
Diafra Sakho,57c433c8,sn SEN,FW,West Ham,WESTHAMUNITED,25.0,1989,2015,21,18,1519,16.9,5,1,6,5,0,0,3,0,0.3,0.06,0.36,0.3,0.36,0.0478,12,3,Regular Starter
James Collins,c61f1719,wls WAL,DF,West Ham,WESTHAMUNITED,31.0,1983,2015,19,16,1441,16.0,0,0,0,0,0,0,3,1,0.0,0.0,0.0,0.0,0.0,0.0383,13,3,Regular Starter
Carl Jenkinson,874125a3,eng ENG,DF,West Ham,WESTHAMUNITED,23.0,1992,2015,20,13,1229,13.7,2,0,2,2,0,0,3,1,0.15,0.0,0.15,0.15,0.15,0.0353,14,3,Regular Starter
Enner Valencia,fb485406,ec ECU,FWMF,West Ham,WESTHAMUNITED,25.0,1989,2015,19,10,1009,11.2,4,2,6,4,0,0,1,0,0.36,0.18,0.54,0.36,0.54,0.0341,15,3,Regular Starter
Pedro Obiang,ba1e04b3,gq EQG,MF,West Ham,WESTHAMUNITED,23.0,1992,2015,24,11,1088,12.1,0,1,1,0,0,0,2,0,0.0,0.08,0.08,0.0,0.08,0.0301,16,3,Regular Starter
Victor Moses,e726e11e,ng NGA,MFFW,West Ham,WESTHAMUNITED,24.0,1990,2015,21,13,979,10.9,1,2,3,1,0,0,0,0,0.09,0.18,0.28,0.09,0.28,0.0298,17,4,Squad Rotation
Mauro Zárate,cc18ff4c,ar ARG,MFFW,West Ham,WESTHAMUNITED,28.0,1987,2015,15,9,788,8.8,3,0,3,3,0,0,1,0,0.34,0.0,0.34,0.34,0.34,0.0247,18,4,Squad Rotation
Alexandre Song,1c32281d,cm CMR,MF,West Ham,WESTHAMUNITED,27.0,1987,2015,12,8,658,7.3,0,0,0,0,0,0,1,0,0.0,0.0,0.0,0.0,0.0,0.0175,19,4,Squad Rotation
Darren Randolph,6385ebfb,ie IRL,GK,West Ham,WESTHAMUNITED,28.0,1987,2015,6,6,540,6.0,0,0,0,0,0,0,0,0,0.0,0.0,0.0,0.0,0.0,0.0144,20,4,Squad Rotation
Emmanuel Emenike,df6bcd09,ng NGA,FWMF,West Ham,WESTHAMUNITED,28.0,1987,2015,13,5,512,5.7,0,0,0,0,0,0,0,0,0.0,0.0,0.0,0.0,0.0,0.0137,21,4,Squad Rotation
Nikica Jelavić,1a29f38c,hr CRO,FW,West Ham,WESTHAMUNITED,29.0,1985,2015,13,1,350,3.9,1,2,3,1,0,0,1,0,0.26,0.51,0.77,0.26,0.77,0.0129,22,4,Squad Rotation
Sam Byram,1bf811d4,eng ENG,DF,West Ham,WESTHAMUNITED,21.0,1993,2015,4,2,288,3.2,0,0,0,0,0,0,3,0,0.0,0.0,0.0,0.0,0.0,0.0077,23,5,Fringe/Backup
Reece Oxford,8b6e0db2,eng ENG,MFDF,West Ham,WESTHAMUNITED,16.0,1998,2015,7,3,212,2.4,0,0,0,0,0,0,0,0,0.0,0.0,0.0,0.0,0.0,0.0057,24,5,Fringe/Backup
Matthew Jarvis,02d6d2b4,eng ENG,MF,West Ham,WESTHAMUNITED,29.0,1986,2015,3,0,76,0.8,0,0,0,0,0,0,0,0,0.0,0.0,0.0,0.0,0.0,0.0019,25,5,Fringe/Backup
Modibo Maïga,a546477d,ml MLI,FWMF,West Ham,WESTHAMUNITED,27.0,1987,2015,3,0,27,0.3,1,0,1,1,0,0,0,0,3.33,0.0,3.33,3.33,3.33,0.0019,26,5,Fringe/Backup
Kevin Nolan,3d307105,eng ENG,MF,West Ham,WESTHAMUNITED,33.0,1982,2015,2,1,57,0.6,0,0,0,0,0,0,0,0,0.0,0.0,0.0,0.0,0.0,0.0014,27,5,Fringe/Backup
Josh Cullen,f6d7d690,ie IRL,DFMF,West Ham,WESTHAMUNITED,19.0,1996,2015,1,0,1,0.0,0,0,0,0,0,0,0,0,0.0,0.0,0.0,0.0,0.0,0.0,28,5,Fringe/Backup
Steve Cook,3e5e4e63,eng ENG,DF,Bournemouth,AFCBOURNEMOUTH,25.0,1991,2016,38,38,3420,38.0,2,0,2,2,0,0,5,0,0.05,0.0,0.05,0.05,0.05,0.0933,1,1,Talisman
Joshua King,43458538,no NOR,MFFW,Bournemouth,AFCBOURNEMOUTH,24.0,1992,2016,36,31,2713,30.1,16,2,18,14,2,3,1,0,0.53,0.07,0.6,0.46,0.53,0.0912,2,1,Talisman
Charlie Daniels,9d107085,eng ENG,DF,Bournemouth,AFCBOURNEMOUTH,29.0,1986,2016,34,34,3060,34.0,4,3,7,4,0,0,1,0,0.12,0.09,0.21,0.12,0.21,0.09,3,1,Talisman
Adam Smith,20b104bc,eng ENG,DFMF,Bournemouth,AFCBOURNEMOUTH,25.0,1991,2016,36,34,3101,34.5,1,5,6,1,0,0,6,0,0.03,0.15,0.17,0.03,0.17,0.0897,4,1,Talisman
Artur Boruc,34ccf6fa,pl POL,GK,Bournemouth,AFCBOURNEMOUTH,36.0,1980,2016,35,35,3150,35.0,0,0,0,0,0,0,2,0,0.0,0.0,0.0,0.0,0.0,0.0839,5,1,Talisman
Harry Arter,2f4c5a52,ie IRL,MF,Bournemouth,AFCBOURNEMOUTH,26.0,1989,2016,35,33,2956,32.8,1,3,4,1,0,1,13,2,0.03,0.09,0.12,0.03,0.12,0.0833,6,2,Key Player
Simon Francis,1e0b6a73,eng ENG,DF,Bournemouth,AFCBOURNEMOUTH,31.0,1985,2016,34,34,2939,32.7,0,1,1,0,0,0,4,1,0.0,0.03,0.03,0.0,0.03,0.0795,7,2,Key Player
Ryan Fraser,d56543a0,sct SCO,MF,Bournemouth,AFCBOURNEMOUTH,22.0,1994,2016,28,19,1764,19.6,3,5,8,3,0,0,3,0,0.15,0.26,0.41,0.15,0.41,0.0566,8,2,Key Player
Jack Wilshere,9c318325,eng ENG,MF,Bournemouth,AFCBOURNEMOUTH,24.0,1992,2016,27,22,1910,21.2,0,2,2,0,0,0,3,0,0.0,0.09,0.09,0.0,0.09,0.0531,9,2,Key Player
Junior Stanislas,6992791d,eng ENG,MF,Bournemouth,AFCBOURNEMOUTH,26.0,1989,2016,21,18,1467,16.3,7,5,12,5,2,2,1,0,0.43,0.31,0.74,0.31,0.61,0.051,10,2,Key Player
Benik Afobe,b63f4077,cd COD,FW,Bournemouth,AFCBOURNEMOUTH,23.0,1993,2016,31,14,1461,16.2,6,3,9,6,0,1,1,0,0.37,0.18,0.55,0.37,0.55,0.0495,11,3,Regular Starter
Andrew Surman,7d41b619,eng ENG,MF,Bournemouth,AFCBOURNEMOUTH,29.0,1986,2016,22,21,1788,19.9,0,1,1,0,0,0,3,1,0.0,0.05,0.05,0.0,0.05,0.0489,12,3,Regular Starter
Marc Pugh,9aacb284,eng ENG,MF,Bournemouth,AFCBOURNEMOUTH,29.0,1987,2016,21,16,1328,14.8,2,2,4,2,0,0,1,0,0.14,0.14,0.27,0.14,0.27,0.0402,13,3,Regular Starter
Callum Wilson,c596fcb0,eng ENG,FW,Bournemouth,AFCBOURNEMOUTH,24.0,1992,2016,20,16,1356,15.1,6,0,6,3,3,3,0,0,0.4,0.0,0.4,0.2,0.2,0.0398,14,3,Regular Starter
Dan Gosling,7fec31a0,eng ENG,MF,Bournemouth,AFCBOURNEMOUTH,26.0,1990,2016,27,14,1366,15.2,2,0,2,2,0,0,6,0,0.13,0.0,0.13,0.13,0.13,0.0388,15,3,Regular Starter
Jordon Ibe,9f736ed2,eng ENG,MFFW,Bournemouth,AFCBOURNEMOUTH,20.0,1995,2016,25,13,1055,11.7,0,0,0,0,0,0,0,0,0.0,0.0,0.0,0.0,0.0,0.028,16,3,Regular Starter
Nathan Aké,eaeca114,nl NED,DF,Bournemouth,AFCBOURNEMOUTH,21.0,1995,2016,10,8,735,8.2,3,0,3,3,0,0,0,0,0.37,0.0,0.37,0.37,0.37,0.0233,17,4,Squad Rotation
Tyrone Mings,8397a50c,eng ENG,DF,Bournemouth,AFCBOURNEMOUTH,23.0,1993,2016,7,5,506,5.6,0,0,0,0,0,0,0,0,0.0,0.0,0.0,0.0,0.0,0.0134,18,4,Squad Rotation
Lewis Cook,2afc7272,eng ENG,MF,Bournemouth,AFCBOURNEMOUTH,19.0,1997,2016,6,4,432,4.8,0,1,1,0,0,0,1,0,0.0,0.21,0.21,0.0,0.21,0.0127,19,4,Squad Rotation
Brad Smith,c76c717c,au AUS,DFMF,Bournemouth,AFCBOURNEMOUTH,22.0,1994,2016,5,3,291,3.2,0,0,0,0,0,0,1,0,0.0,0.0,0.0,0.0,0.0,0.0077,20,4,Squad Rotation
Lys Mousset,d9cfca3d,fr FRA,FW,Bournemouth,AFCBOURNEMOUTH,20.0,1996,2016,11,3,270,3.0,0,0,0,0,0,0,0,0,0.0,0.0,0.0,0.0,0.0,0.0072,21,4,Squad Rotation
Adam Federici,e5ea8be7,au AUS,GK,Bournemouth,AFCBOURNEMOUTH,31.0,1985,2016,2,2,180,2.0,0,0,0,0,0,0,1,0,0.0,0.0,0.0,0.0,0.0,0.0048,22,5,Fringe/Backup
Max Gradel,c5a500ca,ci CIV,FWMF,Bournemouth,AFCBOURNEMOUTH,28.0,1987,2016,11,0,134,1.5,0,0,0,0,0,0,3,0,0.0,0.0,0.0,0.0,0.0,0.0036,23,5,Fringe/Backup
Ryan Allsop,af615123,eng ENG,GK,Bournemouth,AFCBOURNEMOUTH,24.0,1992,2016,1,1,90,1.0,0,0,0,0,0,0,0,0,0.0,0.0,0.0,0.0,0.0,0.0024,24,5,Fringe/Backup
Lewis Grabban,1a857282,eng ENG,FWMF,Bournemouth,AFCBOURNEMOUTH,28.0,1988,2016,3,0,60,0.7,0,0,0,0,0,0,0,0,0.0,0.0,0.0,0.0,0.0,0.0017,25,5,Fringe/Backup
Matt Worthington,8c8b941f,eng ENG,DFMF,Bournemouth,AFCBOURNEMOUTH,18.0,1997,2016,1,0,17,0.2,0,0,0,0,0,0,0,0,0.0,0.0,0.0,0.0,0.0,0.0005,26,5,Fringe/Backup
Baily Cargill,6dbe8f69,eng ENG,DF,Bournemouth,AFCBOURNEMOUTH,21.0,1995,2016,1,0,13,0.1,0,0,0,0,0,0,0,0,0.0,0.0,0.0,0.0,0.0,0.0002,27,5,Fringe/Backup
Alexis Sánchez,2c0f8e9e,cl CHI,FWMF,Arsenal,ARSENAL,27.0,1988,2016,38,36,3217,35.7,24,10,34,22,2,3,6,0,0.67,0.28,0.95,0.62,0.9,0.1242,1,1,Talisman
Mesut Özil,16380240,de GER,MF,Arsenal,ARSENAL,27.0,1988,2016,33,32,2841,31.6,8,10,18,8,0,0,2,0,0.25,0.32,0.57,0.25,0.57,0.0974,2,1,Talisman
Nacho Monreal,d4cb83cc,es ESP,DF,Arsenal,ARSENAL,30.0,1986,2016,36,35,3153,35.0,0,2,2,0,0,0,5,0,0.0,0.06,0.06,0.0,0.06,0.0865,3,1,Talisman
Petr Čech,71672fa0,cz CZE,GK,Arsenal,ARSENAL,34.0,1982,2016,35,35,3097,34.4,0,0,0,0,0,0,2,0,0.0,0.0,0.0,0.0,0.0,0.0826,4,1,Talisman
Laurent Koscielny,f5efb153,fr FRA,DF,Arsenal,ARSENAL,30.0,1985,2016,33,33,2822,31.4,2,0,2,2,0,0,4,1,0.06,0.0,0.06,0.06,0.06,0.0776,5,1,Talisman
Héctor Bellerín,f874dd44,es ESP,DFMF,Arsenal,ARSENAL,21.0,1995,2016,33,27,2503,27.8,1,4,5,1,0,0,4,0,0.04,0.14,0.18,0.04,0.18,0.0727,6,2,Key Player
Granit Xhaka,e61b8aee,ch SUI,MF,Arsenal,ARSENAL,23.0,1992,2016,32,28,2485,27.6,2,2,4,2,0,0,5,2,0.07,0.07,0.14,0.07,0.14,0.0709,7,2,Key Player
Shkodran Mustafi,3f2d59fe,de GER,DF,Arsenal,ARSENAL,24.0,1992,2016,26,26,2274,25.3,2,2,4,2,0,0,11,0,0.08,0.08,0.16,0.08,0.16,0.0656,8,2,Key Player
Theo Walcott,1ecb65be,eng ENG,MF,Arsenal,ARSENAL,27.0,1989,2016,28,23,1916,21.3,10,2,12,10,0,1,1,0,0.47,0.09,0.56,0.47,0.56,0.0654,9,2,Key Player
Alex Oxlade-Chamberlain,38c7feef,eng ENG,MF,Arsenal,ARSENAL,22.0,1993,2016,29,16,1564,17.4,2,7,9,2,0,0,1,0,0.12,0.4,0.52,0.12,0.52,0.0526,10,2,Key Player
Olivier Giroud,16ceb862,fr FRA,FW,Arsenal,ARSENAL,29.0,1986,2016,29,11,1206,13.4,12,3,15,12,0,0,2,0,0.9,0.22,1.12,0.9,1.12,0.0502,11,2,Key Player
Francis Coquelin,a6951bf8,fr FRA,MF,Arsenal,ARSENAL,25.0,1991,2016,29,22,1779,19.8,0,0,0,0,0,0,5,0,0.0,0.0,0.0,0.0,0.0,0.0475,12,3,Regular Starter
Alex Iwobi,6ca5ec4b,ng NGA,MF,Arsenal,ARSENAL,20.0,1996,2016,26,18,1456,16.2,3,4,7,3,0,0,1,0,0.19,0.25,0.43,0.19,0.43,0.0472,13,3,Regular Starter
Gabriel Paulista,b7ca5c51,br BRA,DF,Arsenal,ARSENAL,25.0,1990,2016,19,15,1517,16.9,0,0,0,0,0,0,6,0,0.0,0.0,0.0,0.0,0.0,0.0406,14,3,Regular Starter
Aaron Ramsey,ef619b0b,wls WAL,MF,Arsenal,ARSENAL,25.0,1990,2016,23,13,1236,13.7,1,4,5,1,0,0,3,0,0.07,0.29,0.36,0.07,0.36,0.0388,15,3,Regular Starter
Danny Welbeck,ce5143da,eng ENG,FWMF,Arsenal,ARSENAL,25.0,1990,2016,16,8,748,8.3,2,2,4,2,0,0,0,0,0.24,0.24,0.48,0.24,0.48,0.0247,16,3,Regular Starter
Rob Holding,d79a8c87,eng ENG,DF,Arsenal,ARSENAL,20.0,1995,2016,9,9,810,9.0,0,0,0,0,0,0,3,0,0.0,0.0,0.0,0.0,0.0,0.0216,17,3,Regular Starter
Kieran Gibbs,46ee5234,eng ENG,MFDF,Arsenal,ARSENAL,26.0,1989,2016,11,8,702,7.8,0,1,1,0,0,0,3,0,0.0,0.13,0.13,0.0,0.13,0.0199,18,4,Squad Rotation
Mohamed Elneny,47a34c4f,eg EGY,MF,Arsenal,ARSENAL,24.0,1992,2016,14,8,694,7.7,0,1,1,0,0,0,1,0,0.0,0.13,0.13,0.0,0.13,0.0197,19,4,Squad Rotation
Santi Cazorla,e2e9c250,es ESP,MF,Arsenal,ARSENAL,31.0,1984,2016,8,7,618,6.9,2,1,3,0,2,2,2,0,0.29,0.15,0.44,0.0,0.15,0.0178,20,4,Squad Rotation
Lucas Pérez,a300ac7e,es ESP,MFFW,Arsenal,ARSENAL,27.0,1988,2016,11,2,272,3.0,1,0,1,1,0,0,0,0,0.33,0.0,0.33,0.33,0.33,0.0084,21,4,Squad Rotation
Emiliano Martínez,7956236f,ar ARG,GK,Arsenal,ARSENAL,23.0,1992,2016,2,2,180,2.0,0,0,0,0,0,0,0,0,0.0,0.0,0.0,0.0,0.0,0.0048,22,4,Squad Rotation
David Ospina,82b1198a,co COL,GK,Arsenal,ARSENAL,27.0,1988,2016,2,1,143,1.6,0,0,0,0,0,0,0,0,0.0,0.0,0.0,0.0,0.0,0.0038,23,4,Squad Rotation
Calum Chambers,dc6f5bdd,eng ENG,DF,Arsenal,ARSENAL,21.0,1995,2016,1,1,90,1.0,1,0,1,1,0,0,0,0,1.0,0.0,1.0,1.0,1.0,0.0036,24,5,Fringe/Backup
Carl Jenkinson,874125a3,eng ENG,DF,Arsenal,ARSENAL,24.0,1992,2016,1,1,82,0.9,0,0,0,0,0,0,0,0,0.0,0.0,0.0,0.0,0.0,0.0022,25,5,Fringe/Backup
Per Mertesacker,5be28712,de GER,DF,Arsenal,ARSENAL,31.0,1984,2016,1,0,38,0.4,0,0,0,0,0,0,0,0,0.0,0.0,0.0,0.0,0.0,0.001,26,5,Fringe/Backup
Jack Wilshere,9c318325,eng ENG,MF,Arsenal,ARSENAL,24.0,1992,2016,2,0,39,0.4,0,0,0,0,0,0,1,0,0.0,0.0,0.0,0.0,0.0,0.001,27,5,Fringe/Backup
Mathieu Debuchy,92232aad,fr FRA,DF,Arsenal,ARSENAL,31.0,1985,2016,1,1,15,0.2,0,0,0,0,0,0,0,0,0.0,0.0,0.0,0.0,0.0,0.0005,28,5,Fringe/Backup
Ainsley Maitland-Niles,e3a5814e,eng ENG,DFFW,Arsenal,ARSENAL,18.0,1997,2016,1,0,2,0.0,0,0,0,0,0,0,0,0,0.0,0.0,0.0,0.0,0.0,0.0,29,5,Fringe/Backup
Matthew Lowton,9a9c05db,eng ENG,DF,Burnley,BURNLEY,27.0,1989,2016,36,36,3240,36.0,0,2,2,0,0,0,9,0,0.0,0.06,0.06,0.0,0.06,0.0889,1,1,Talisman
Stephen Ward,3831b9fe,ie IRL,DF,Burnley,BURNLEY,30.0,1985,2016,37,37,3230,35.9,1,1,2,1,0,0,5,0,0.03,0.03,0.06,0.03,0.06,0.0887,2,1,Talisman
Michael Keane,c5b7c315,eng ENG,DF,Burnley,BURNLEY,23.0,1993,2016,35,35,3150,35.0,2,1,3,2,0,0,4,0,0.06,0.03,0.09,0.06,0.09,0.0877,3,1,Talisman
Tom Heaton,a6de6361,eng ENG,GK,Burnley,BURNLEY,30.0,1986,2016,35,35,3150,35.0,0,0,0,0,0,0,1,0,0.0,0.0,0.0,0.0,0.0,0.0839,4,1,Talisman
Ben Mee,8df7a2fb,eng ENG,DF,Burnley,BURNLEY,26.0,1989,2016,34,34,3015,33.5,1,0,1,1,0,0,5,0,0.03,0.0,0.03,0.03,0.03,0.0815,5,1,Talisman
George Boyd,0a9048ce,sct SCO,MF,Burnley,BURNLEY,30.0,1985,2016,36,33,2836,31.5,2,1,3,2,0,0,3,0,0.06,0.03,0.1,0.06,0.1,0.0793,6,2,Key Player
Jeff Hendrick,989d5705,ie IRL,MF,Burnley,BURNLEY,24.0,1992,2016,32,31,2692,29.9,2,1,3,2,0,0,6,1,0.07,0.03,0.1,0.07,0.1,0.0753,7,2,Key Player
Andre Gray,c24dba2a,jm JAM,FW,Burnley,BURNLEY,25.0,1991,2016,32,26,2259,25.1,9,3,12,7,2,2,2,0,0.36,0.12,0.48,0.28,0.4,0.0722,8,2,Key Player
Sam Vokes,1d6ac165,wls WAL,FW,Burnley,BURNLEY,26.0,1989,2016,37,21,2064,22.9,10,3,13,8,2,2,0,0,0.44,0.13,0.57,0.35,0.48,0.0681,9,2,Key Player
Scott Arfield,b1313ec4,ca CAN,MF,Burnley,BURNLEY,27.0,1988,2016,31,23,2102,23.4,1,1,2,1,0,0,3,0,0.04,0.04,0.09,0.04,0.09,0.0586,10,2,Key Player
Ashley Barnes,2691c772,eng ENG,FW,Burnley,BURNLEY,26.0,1989,2016,28,20,1771,19.7,6,2,8,4,2,2,8,2,0.3,0.1,0.41,0.2,0.3,0.0543,11,3,Regular Starter
Dean Marney,b3379356,eng ENG,MF,Burnley,BURNLEY,32.0,1984,2016,21,21,1764,19.6,1,2,3,1,0,0,7,0,0.05,0.1,0.15,0.05,0.15,0.0505,12,3,Regular Starter
Steven Defour,73489527,be BEL,MF,Burnley,BURNLEY,28.0,1988,2016,21,16,1068,11.9,1,3,4,1,0,0,1,0,0.08,0.25,0.34,0.08,0.34,0.0334,13,3,Regular Starter
Joey Barton,93bfa675,eng ENG,MF,Burnley,BURNLEY,33.0,1982,2016,14,12,1105,12.3,1,0,1,1,0,0,4,0,0.08,0.0,0.08,0.08,0.08,0.0307,14,3,Regular Starter
Jóhann Berg Guðmundsson,f72293fc,is ISL,MF,Burnley,BURNLEY,25.0,1990,2016,20,10,998,11.1,1,2,3,1,0,0,1,0,0.09,0.18,0.27,0.09,0.27,0.0302,15,3,Regular Starter
Robbie Brady,96bb8cc2,ie IRL,MF,Burnley,BURNLEY,24.0,1992,2016,14,7,719,8.0,1,2,3,1,0,0,1,0,0.13,0.25,0.38,0.13,0.38,0.0228,16,3,Regular Starter
James Tarkowski,15ea812b,eng ENG,DF,Burnley,BURNLEY,23.0,1992,2016,19,4,568,6.3,0,0,0,0,0,0,1,0,0.0,0.0,0.0,0.0,0.0,0.0151,17,4,Squad Rotation
Ashley Westwood,495945ef,eng ENG,MF,Burnley,BURNLEY,26.0,1990,2016,9,6,551,6.1,0,0,0,0,0,0,3,0,0.0,0.0,0.0,0.0,0.0,0.0146,18,4,Squad Rotation
Jon Flanagan,f2428fd4,eng ENG,DF,Burnley,BURNLEY,23.0,1993,2016,6,3,360,4.0,0,0,0,0,0,0,2,0,0.0,0.0,0.0,0.0,0.0,0.0096,19,4,Squad Rotation
Kevin Long,5a4280b1,ie IRL,DF,Burnley,BURNLEY,25.0,1990,2016,3,3,270,3.0,0,0,0,0,0,0,0,0,0.0,0.0,0.0,0.0,0.0,0.0072,20,4,Squad Rotation
Paul Robinson,3515ba56,eng ENG,GK,Burnley,BURNLEY,36.0,1979,2016,3,3,270,3.0,0,0,0,0,0,0,0,0,0.0,0.0,0.0,0.0,0.0,0.0072,21,4,Squad Rotation
Michael Kightly,26e5c484,eng ENG,MF,Burnley,BURNLEY,30.0,1986,2016,5,1,104,1.2,0,0,0,0,0,0,0,0,0.0,0.0,0.0,0.0,0.0,0.0029,22,5,Fringe/Backup
David Jones,2f0edbe7,eng ENG,MF,Burnley,BURNLEY,31.0,1984,2016,1,1,86,1.0,0,0,0,0,0,0,1,0,0.0,0.0,0.0,0.0,0.0,0.0024,23,5,Fringe/Backup
Aiden O'Neill,c7aee75b,au AUS,MF,Burnley,BURNLEY,18.0,1998,2016,3,0,85,0.9,0,0,0,0,0,0,0,0,0.0,0.0,0.0,0.0,0.0,0.0022,24,5,Fringe/Backup
Patrick Bamford,93feac6e,eng ENG,FWMF,Burnley,BURNLEY,22.0,1993,2016,6,0,39,0.4,0,0,0,0,0,0,0,0,0.0,0.0,0.0,0.0,0.0,0.001,25,5,Fringe/Backup
Dan Agyei,5c374509,gh GHA,FWMF,Burnley,BURNLEY,19.0,1997,2016,3,0,25,0.3,0,0,0,0,0,0,0,0,0.0,0.0,0.0,0.0,0.0,0.0007,26,5,Fringe/Backup
Lukas Jutkiewicz,3943a06f,eng ENG,FW,Burnley,BURNLEY,27.0,1989,2016,2,0,13,0.1,0,0,0,0,0,0,0,0,0.0,0.0,0.0,0.0,0.0,0.0002,27,5,Fringe/Backup
Diego Costa,a190d597,es ESP,FW,Chelsea,CHELSEA,27.0,1988,2016,35,35,3082,34.2,20,7,27,20,0,1,10,0,0.58,0.2,0.79,0.58,0.79,0.1142,1,1,Talisman
Eden Hazard,a39bb753,be BEL,FWMF,Chelsea,CHELSEA,25.0,1991,2016,36,36,2982,33.1,16,5,21,14,2,3,3,0,0.48,0.15,0.63,0.42,0.57,0.1018,2,1,Talisman
César Azpilicueta,53cad200,es ESP,DF,Chelsea,CHELSEA,26.0,1989,2016,38,38,3420,38.0,1,4,5,1,0,0,4,0,0.03,0.11,0.13,0.03,0.13,0.0968,3,1,Talisman
Gary Cahill,7914b9fe,eng ENG,DF,Chelsea,CHELSEA,30.0,1985,2016,37,36,3296,36.6,6,0,6,6,0,0,5,0,0.16,0.0,0.16,0.16,0.16,0.0946,4,1,Talisman
Thibaut Courtois,1840e36d,be BEL,GK,Chelsea,CHELSEA,24.0,1992,2016,36,36,3240,36.0,0,0,0,0,0,0,1,0,0.0,0.0,0.0,0.0,0.0,0.0861,5,2,Key Player
N'Golo Kanté,b9fbae28,fr FRA,MF,Chelsea,CHELSEA,25.0,1991,2016,35,35,3138,34.9,1,1,2,1,0,0,9,0,0.03,0.03,0.06,0.03,0.06,0.086,6,2,Key Player
Marcos Alonso,f4290206,es ESP,MF,Chelsea,CHELSEA,25.0,1990,2016,31,30,2693,29.9,6,3,9,6,0,0,2,0,0.2,0.1,0.3,0.2,0.3,0.0823,7,2,Key Player
Nemanja Matić,eb7822d7,rs SRB,MF,Chelsea,CHELSEA,27.0,1988,2016,35,30,2694,29.9,1,7,8,1,0,0,4,0,0.03,0.23,0.27,0.03,0.27,0.0812,8,2,Key Player
David Luiz,c0e27d1a,br BRA,DF,Chelsea,CHELSEA,29.0,1987,2016,33,33,2954,32.8,1,0,1,1,0,0,6,0,0.03,0.0,0.03,0.03,0.03,0.0797,9,2,Key Player
Pedro,3ca7254a,es ESP,FWMF,Chelsea,CHELSEA,29.0,1987,2016,35,26,2140,23.8,9,9,18,9,0,0,6,0,0.38,0.38,0.76,0.38,0.76,0.0786,10,3,Regular Starter
Victor Moses,e726e11e,ng NGA,MF,Chelsea,CHELSEA,25.0,1990,2016,34,29,2483,27.6,3,2,5,3,0,0,4,0,0.11,0.07,0.18,0.11,0.18,0.072,11,3,Regular Starter
Cesc Fàbregas,33508c78,es ESP,MF,Chelsea,CHELSEA,29.0,1987,2016,29,13,1339,14.9,5,12,17,5,0,0,8,0,0.34,0.81,1.14,0.34,1.14,0.056,12,3,Regular Starter
Willian,8b9ebd03,br BRA,FWMF,Chelsea,CHELSEA,27.0,1988,2016,34,15,1534,17.0,8,2,10,8,0,0,3,0,0.47,0.12,0.59,0.47,0.59,0.0527,13,3,Regular Starter
Branislav Ivanović,85f8571a,rs SRB,DF,Chelsea,CHELSEA,32.0,1984,2016,13,6,589,6.5,0,0,0,0,0,0,2,0,0.0,0.0,0.0,0.0,0.0,0.0156,14,3,Regular Starter
John Terry,68517cfd,eng ENG,DF,Chelsea,CHELSEA,35.0,1980,2016,9,6,496,5.5,1,0,1,1,0,0,1,0,0.18,0.0,0.18,0.18,0.18,0.0143,15,4,Squad Rotation
Michy Batshuayi,2973d8ff,be BEL,FW,Chelsea,CHELSEA,22.0,1993,2016,20,1,254,2.8,5,1,6,5,0,0,0,0,1.77,0.35,2.13,1.77,2.13,0.0138,16,4,Squad Rotation
Oscar,57fe98dd,br BRA,MF,Chelsea,CHELSEA,24.0,1991,2016,9,5,455,5.1,0,1,1,0,0,0,1,0,0.0,0.2,0.2,0.0,0.2,0.0134,17,4,Squad Rotation
Kurt Zouma,ce4246f5,fr FRA,DF,Chelsea,CHELSEA,21.0,1994,2016,9,3,250,2.8,0,0,0,0,0,0,0,0,0.0,0.0,0.0,0.0,0.0,0.0067,18,4,Squad Rotation
Asmir Begović,7b4de647,ba BIH,GK,Chelsea,CHELSEA,29.0,1987,2016,2,2,180,2.0,0,0,0,0,0,0,0,0,0.0,0.0,0.0,0.0,0.0,0.0048,19,4,Squad Rotation
Nathaniel Chalobah,422862ea,eng ENG,MF,Chelsea,CHELSEA,21.0,1994,2016,10,1,167,1.9,0,0,0,0,0,0,2,0,0.0,0.0,0.0,0.0,0.0,0.0045,20,5,Fringe/Backup
Nathan Aké,eaeca114,nl NED,DF,Chelsea,CHELSEA,21.0,1995,2016,2,1,99,1.1,0,0,0,0,0,0,1,0,0.0,0.0,0.0,0.0,0.0,0.0026,21,5,Fringe/Backup
Kenedy,5eebbfdf,br BRA,MF,Chelsea,CHELSEA,20.0,1996,2016,1,1,74,0.8,0,0,0,0,0,0,0,0,0.0,0.0,0.0,0.0,0.0,0.0019,22,5,Fringe/Backup
Ruben Loftus-Cheek,e97fd090,eng ENG,MF,Chelsea,CHELSEA,20.0,1996,2016,6,0,35,0.4,0,0,0,0,0,0,0,0,0.0,0.0,0.0,0.0,0.0,0.001,23,5,Fringe/Backup
Ola Aina,246d153b,ng NGA,DFMF,Chelsea,CHELSEA,19.0,1996,2016,3,0,26,0.3,0,0,0,0,0,0,0,0,0.0,0.0,0.0,0.0,0.0,0.0007,24,5,Fringe/Backup
Christian Benteke,ab070c55,be BEL,FW,Crystal Palace,CRYSTALPALACE,25.0,1990,2016,36,36,3131,34.8,15,2,17,13,2,4,10,0,0.43,0.06,0.49,0.37,0.43,0.1012,1,1,Talisman
Wilfried Zaha,b2bc3b1f,ci CIV,MFFW,Crystal Palace,CRYSTALPALACE,23.0,1992,2016,35,34,3019,33.5,7,8,15,7,0,0,8,0,0.21,0.24,0.45,0.21,0.45,0.0982,2,1,Talisman
Joel Ward,8a7ff278,eng ENG,DF,Crystal Palace,CRYSTALPALACE,26.0,1989,2016,38,38,3417,38.0,0,1,1,0,0,0,7,0,0.0,0.03,0.03,0.0,0.03,0.0923,3,1,Talisman
Jason Puncheon,fd3f57ce,eng ENG,MF,Crystal Palace,CRYSTALPALACE,30.0,1986,2016,36,35,3091,34.3,0,5,5,0,0,0,9,0,0.0,0.15,0.15,0.0,0.15,0.0882,4,1,Talisman
Andros Townsend,b28bbd58,eng ENG,MF,Crystal Palace,CRYSTALPALACE,25.0,1991,2016,36,30,2519,28.0,3,4,7,3,0,0,4,0,0.11,0.14,0.25,0.11,0.25,0.0754,5,1,Talisman
Wayne Hennessey,76eca7e2,wls WAL,GK,Crystal Palace,CRYSTALPALACE,29.0,1987,2016,29,29,2610,29.0,0,0,0,0,0,0,1,0,0.0,0.0,0.0,0.0,0.0,0.0694,6,1,Talisman
Yohan Cabaye,ad7b19ef,fr FRA,MF,Crystal Palace,CRYSTALPALACE,30.0,1986,2016,32,25,2125,23.6,4,2,6,4,0,1,7,0,0.17,0.08,0.25,0.17,0.25,0.0635,7,2,Key Player
James McArthur,cee31595,sct SCO,MF,Crystal Palace,CRYSTALPALACE,28.0,1987,2016,29,24,1999,22.2,5,3,8,5,0,0,5,0,0.23,0.14,0.36,0.23,0.36,0.0627,8,2,Key Player
Martin Kelly,d7492450,eng ENG,DF,Crystal Palace,CRYSTALPALACE,26.0,1990,2016,29,25,2123,23.6,0,2,2,0,0,0,4,0,0.0,0.08,0.08,0.0,0.08,0.0587,9,2,Key Player
James Tomkins,e7ca0439,eng ENG,DF,Crystal Palace,CRYSTALPALACE,27.0,1989,2016,24,23,1974,21.9,3,0,3,3,0,0,4,0,0.14,0.0,0.14,0.14,0.14,0.0561,10,2,Key Player
Damien Delaney,210d9ecb,ie IRL,DF,Crystal Palace,CRYSTALPALACE,35.0,1981,2016,30,21,2014,22.4,0,2,2,0,0,0,8,0,0.0,0.09,0.09,0.0,0.09,0.056,11,2,Key Player
Scott Dann,52105203,eng ENG,DF,Crystal Palace,CRYSTALPALACE,29.0,1987,2016,23,19,1746,19.4,3,1,4,3,0,0,2,0,0.15,0.05,0.21,0.15,0.21,0.0513,12,2,Key Player
Luka Milivojević,2ce2508a,rs SRB,MF,Crystal Palace,CRYSTALPALACE,25.0,1991,2016,14,14,1224,13.6,2,1,3,0,2,2,4,0,0.15,0.07,0.22,0.0,0.07,0.0337,13,3,Regular Starter
Joe Ledley,c221f149,wls WAL,MF,Crystal Palace,CRYSTALPALACE,29.0,1987,2016,18,13,1160,12.9,1,1,2,1,0,0,1,0,0.08,0.08,0.16,0.08,0.16,0.0333,14,3,Regular Starter
Jeffrey Schlupp,3312f911,gh GHA,DF,Crystal Palace,CRYSTALPALACE,23.0,1992,2016,15,11,998,11.1,0,0,0,0,0,0,0,0,0.0,0.0,0.0,0.0,0.0,0.0266,15,3,Regular Starter
Steve Mandanda,1d2d5cc8,fr FRA,GK,Crystal Palace,CRYSTALPALACE,31.0,1985,2016,9,9,810,9.0,0,0,0,0,0,0,0,0,0.0,0.0,0.0,0.0,0.0,0.0215,16,3,Regular Starter
Patrick van Aanholt,5f09991f,nl NED,DFMF,Crystal Palace,CRYSTALPALACE,25.0,1990,2016,11,8,714,7.9,2,0,2,2,0,0,1,0,0.25,0.0,0.25,0.25,0.25,0.0213,17,3,Regular Starter
Mamadou Sakho,87935cf3,fr FRA,DF,Crystal Palace,CRYSTALPALACE,26.0,1990,2016,8,8,686,7.6,0,0,0,0,0,0,0,0,0.0,0.0,0.0,0.0,0.0,0.0182,18,3,Regular Starter
Connor Wickham,41cc19c2,eng ENG,FWMF,Crystal Palace,CRYSTALPALACE,23.0,1993,2016,8,4,412,4.6,2,0,2,2,0,0,1,0,0.44,0.0,0.44,0.44,0.44,0.0134,19,4,Squad Rotation
Lee Chung-yong,49b05a83,kr KOR,MF,Crystal Palace,CRYSTALPALACE,28.0,1988,2016,15,4,471,5.2,0,0,0,0,0,0,0,0,0.0,0.0,0.0,0.0,0.0,0.0124,20,4,Squad Rotation
Mathieu Flamini,148d4105,fr FRA,MF,Crystal Palace,CRYSTALPALACE,32.0,1984,2016,10,3,274,3.0,0,0,0,0,0,0,0,0,0.0,0.0,0.0,0.0,0.0,0.0072,21,4,Squad Rotation
Pape Souaré,46b5375e,sn SEN,DF,Crystal Palace,CRYSTALPALACE,26.0,1990,2016,3,3,269,3.0,0,0,0,0,0,0,0,0,0.0,0.0,0.0,0.0,0.0,0.0072,22,4,Squad Rotation
Fraizer Campbell,81d63375,eng ENG,FW,Crystal Palace,CRYSTALPALACE,28.0,1987,2016,12,0,165,1.8,1,0,1,1,0,0,0,0,0.55,0.0,0.55,0.55,0.55,0.0055,23,4,Squad Rotation
Zeki Fryers,f58d6213,eng ENG,DF,Crystal Palace,CRYSTALPALACE,23.0,1992,2016,8,0,188,2.1,0,0,0,0,0,0,0,0,0.0,0.0,0.0,0.0,0.0,0.005,24,4,Squad Rotation
Bakary Sako,381d7d54,ml MLI,FWMF,Crystal Palace,CRYSTALPALACE,28.0,1988,2016,7,0,142,1.6,0,0,0,0,0,0,0,0,0.0,0.0,0.0,0.0,0.0,0.0038,25,5,Fringe/Backup
Loïc Rémy,5c2da10f,fr FRA,FW,Crystal Palace,CRYSTALPALACE,29.0,1987,2016,5,1,134,1.5,0,0,0,0,0,0,0,0,0.0,0.0,0.0,0.0,0.0,0.0036,26,5,Fringe/Backup
Mile Jedinak,22fd2214,au AUS,MF,Crystal Palace,CRYSTALPALACE,31.0,1984,2016,1,1,90,1.0,0,0,0,0,0,0,0,0,0.0,0.0,0.0,0.0,0.0,0.0024,27,5,Fringe/Backup
Jordon Mutch,37c408cc,eng ENG,MF,Crystal Palace,CRYSTALPALACE,24.0,1991,2016,4,0,53,0.6,0,0,0,0,0,0,0,0,0.0,0.0,0.0,0.0,0.0,0.0014,28,5,Fringe/Backup
Yannick Bolasie,715fc0fe,cd COD,FWMF,Crystal Palace,CRYSTALPALACE,27.0,1989,2016,1,0,25,0.3,0,0,0,0,0,0,1,0,0.0,0.0,0.0,0.0,0.0,0.0007,29,5,Fringe/Backup
Sullay Kaikai,fc166e49,sl SLE,FWMF,Crystal Palace,CRYSTALPALACE,20.0,1995,2016,1,0,24,0.3,0,0,0,0,0,0,0,0,0.0,0.0,0.0,0.0,0.0,0.0007,30,5,Fringe/Backup
Jonathan Benteke,5c59bc47,be BEL,FW,Crystal Palace,CRYSTALPALACE,21.0,1995,2016,1,0,7,0.1,0,0,0,0,0,0,0,0,0.0,0.0,0.0,0.0,0.0,0.0002,31,5,Fringe/Backup
Romelu Lukaku,5eae500a,be BEL,FW,Everton,EVERTON,23.0,1993,2016,37,36,3266,36.3,25,6,31,24,1,1,3,0,0.69,0.17,0.85,0.66,0.83,0.1229,1,1,Talisman
Ross Barkley,3a24769f,eng ENG,MFFW,Everton,EVERTON,22.0,1993,2016,36,32,2899,32.2,5,8,13,5,0,0,5,0,0.16,0.25,0.4,0.16,0.4,0.0924,2,1,Talisman
Ashley Williams,a498e276,wls WAL,DF,Everton,EVERTON,31.0,1984,2016,36,35,3160,35.1,1,2,3,1,0,0,7,1,0.03,0.06,0.09,0.03,0.09,0.0878,3,1,Talisman
Leighton Baines,b18095b6,eng ENG,DFMF,Everton,EVERTON,31.0,1984,2016,32,32,2819,31.3,2,3,5,0,2,3,4,0,0.06,0.1,0.16,0.0,0.1,0.0786,4,1,Talisman
Idrissa Gueye,72c812f3,sn SEN,MF,Everton,EVERTON,26.0,1989,2016,33,32,2681,29.8,1,1,2,1,0,0,11,0,0.03,0.03,0.07,0.03,0.07,0.0738,5,1,Talisman
Séamus Coleman,0420d84f,ie IRL,DFMF,Everton,EVERTON,27.0,1988,2016,26,26,2316,25.7,4,3,7,4,0,0,3,0,0.16,0.12,0.27,0.16,0.27,0.0698,6,2,Key Player
Kevin Mirallas,aa51343f,be BEL,FWMF,Everton,EVERTON,28.0,1987,2016,35,23,2074,23.0,4,7,11,4,0,0,2,0,0.17,0.3,0.48,0.17,0.48,0.0682,7,2,Key Player
Phil Jagielka,3233eefd,eng ENG,DF,Everton,EVERTON,33.0,1982,2016,27,25,2249,25.0,3,2,5,3,0,0,6,2,0.12,0.08,0.2,0.12,0.2,0.0658,8,2,Key Player
Gareth Barry,7dbbe367,eng ENG,MF,Everton,EVERTON,35.0,1981,2016,33,23,2108,23.4,2,1,3,2,0,0,10,0,0.09,0.04,0.13,0.09,0.13,0.0596,9,2,Key Player
Tom Davies,9228b07c,eng ENG,MF,Everton,EVERTON,18.0,1998,2016,24,18,1544,17.2,2,3,5,2,0,0,4,0,0.12,0.17,0.29,0.12,0.29,0.0471,10,2,Key Player
Joel Robles,cda0b317,es ESP,GK,Everton,EVERTON,26.0,1990,2016,20,19,1737,19.3,0,0,0,0,0,0,2,0,0.0,0.0,0.0,0.0,0.0,0.0462,11,3,Regular Starter
Maarten Stekelenburg,fefce889,nl NED,GK,Everton,EVERTON,33.0,1982,2016,19,19,1683,18.7,0,0,0,0,0,0,2,0,0.0,0.0,0.0,0.0,0.0,0.0447,12,3,Regular Starter
Ramiro Funes Mori,89cbc961,ar ARG,DF,Everton,EVERTON,25.0,1991,2016,23,16,1543,17.1,0,1,1,0,0,0,0,0,0.0,0.06,0.06,0.0,0.06,0.0421,13,3,Regular Starter
Mason Holgate,d0042ab9,jm JAM,DF,Everton,EVERTON,19.0,1996,2016,18,16,1372,15.2,0,1,1,0,0,0,2,0,0.0,0.07,0.07,0.0,0.07,0.0376,14,3,Regular Starter
Yannick Bolasie,715fc0fe,cd COD,MFFW,Everton,EVERTON,27.0,1989,2016,13,12,1023,11.4,1,4,5,1,0,0,2,0,0.09,0.35,0.44,0.09,0.44,0.0333,15,3,Regular Starter
Morgan Schneiderlin,51b41c5c,fr FRA,MF,Everton,EVERTON,26.0,1989,2016,14,12,1059,11.8,1,0,1,1,0,0,2,0,0.08,0.0,0.08,0.08,0.08,0.0294,16,3,Regular Starter
Enner Valencia,fb485406,ec ECU,FWMF,Everton,EVERTON,26.0,1989,2016,21,5,716,8.0,3,1,4,3,0,0,1,0,0.38,0.13,0.5,0.38,0.5,0.0239,17,4,Squad Rotation
James McCarthy,64b08de7,ie IRL,MF,Everton,EVERTON,25.0,1990,2016,12,7,613,6.8,1,1,2,1,0,0,2,0,0.15,0.15,0.29,0.15,0.29,0.0186,18,4,Squad Rotation
Aaron Lennon,2ff964a0,eng ENG,MFFW,Everton,EVERTON,29.0,1987,2016,11,6,509,5.7,0,1,1,0,0,0,0,0,0.0,0.18,0.18,0.0,0.18,0.0149,19,4,Squad Rotation
Bryan Oviedo,31faf295,cr CRC,DF,Everton,EVERTON,26.0,1990,2016,6,6,475,5.3,0,0,0,0,0,0,3,0,0.0,0.0,0.0,0.0,0.0,0.0127,20,4,Squad Rotation
Gerard Deulofeu,39583cfd,es ESP,FWMF,Everton,EVERTON,22.0,1994,2016,11,4,460,5.1,0,0,0,0,0,0,1,0,0.0,0.0,0.0,0.0,0.0,0.0122,21,4,Squad Rotation
Tom Cleverley,6cdd8245,eng ENG,MF,Everton,EVERTON,26.0,1989,2016,10,4,406,4.5,0,0,0,0,0,0,1,0,0.0,0.0,0.0,0.0,0.0,0.0108,22,5,Fringe/Backup
Dominic Calvert-Lewin,59e6e5bf,eng ENG,MFFW,Everton,EVERTON,19.0,1997,2016,11,5,347,3.9,1,0,1,1,0,0,1,0,0.26,0.0,0.26,0.26,0.26,0.0105,23,5,Fringe/Backup
Ademola Lookman,7c104bb7,ng NGA,FW,Everton,EVERTON,18.0,1997,2016,8,3,289,3.2,1,0,1,1,0,0,0,0,0.31,0.0,0.31,0.31,0.31,0.0088,24,5,Fringe/Backup
Matthew Pennington,0ff967f7,eng ENG,DF,Everton,EVERTON,21.0,1994,2016,3,2,180,2.0,1,0,1,1,0,0,0,0,0.5,0.0,0.5,0.5,0.5,0.006,25,5,Fringe/Backup
Arouna Koné,f9a72ca4,ci CIV,FW,Everton,EVERTON,32.0,1983,2016,6,0,78,0.9,0,0,0,0,0,0,0,0,0.0,0.0,0.0,0.0,0.0,0.0022,26,5,Fringe/Backup
Jonjoe Kenny,099e666f,eng ENG,DFFW,Everton,EVERTON,19.0,1997,2016,1,0,13,0.1,0,0,0,0,0,0,0,0,0.0,0.0,0.0,0.0,0.0,0.0002,27,5,Fringe/Backup
Sam Clucas,987718f5,eng ENG,MF,Hull City,HULLCITY,25.0,1990,2016,37,36,3185,35.4,3,1,4,3,0,0,9,1,0.08,0.03,0.11,0.08,0.11,0.0898,1,1,Talisman
Andy Robertson,2e4f5f03,sct SCO,DFMF,Hull City,HULLCITY,22.0,1994,2016,33,31,2736,30.4,1,2,3,1,0,0,5,0,0.03,0.07,0.1,0.03,0.1,0.0768,2,1,Talisman
Ahmed Elmohamady,615ef733,eg EGY,DFMF,Hull City,HULLCITY,28.0,1987,2016,33,28,2524,28.0,0,2,2,0,0,0,3,1,0.0,0.07,0.07,0.0,0.07,0.0697,3,1,Talisman
Harry Maguire,d8931174,eng ENG,DF,Hull City,HULLCITY,23.0,1993,2016,29,25,2307,25.6,2,1,3,2,0,0,5,0,0.08,0.04,0.12,0.08,0.12,0.0653,4,1,Talisman
Curtis Davies,607fb965,sl SLE,DF,Hull City,HULLCITY,31.0,1985,2016,26,25,2135,23.7,0,2,2,0,0,0,4,0,0.0,0.08,0.08,0.0,0.08,0.0593,5,1,Talisman
Robert Snodgrass,9f4647e9,sct SCO,FWMF,Hull City,HULLCITY,28.0,1987,2016,20,19,1710,19.0,7,2,9,5,2,2,2,0,0.37,0.11,0.47,0.26,0.37,0.0542,6,2,Key Player
Tom Huddlestone,464cbbc9,eng ENG,MF,Hull City,HULLCITY,29.0,1986,2016,31,23,2026,22.5,1,0,1,0,1,1,5,1,0.04,0.0,0.04,0.0,0.0,0.0541,7,2,Key Player
Eldin Jakupović,1148323a,ch SUI,GK,Hull City,HULLCITY,31.0,1984,2016,22,22,1980,22.0,0,0,0,0,0,0,0,0,0.0,0.0,0.0,0.0,0.0,0.0529,8,2,Key Player
Michael Dawson,4771114f,eng ENG,DF,Hull City,HULLCITY,32.0,1983,2016,22,19,1722,19.1,3,0,3,3,0,0,4,0,0.16,0.0,0.16,0.16,0.16,0.0496,9,2,Key Player
Abel Hernández,a36da810,uy URU,FW,Hull City,HULLCITY,25.0,1990,2016,24,16,1425,15.8,4,3,7,4,0,0,0,0,0.25,0.19,0.44,0.25,0.44,0.0464,10,2,Key Player
Jake Livermore,b98570d1,eng ENG,MFDF,Hull City,HULLCITY,26.0,1989,2016,21,20,1670,18.6,1,0,1,1,0,0,3,1,0.05,0.0,0.05,0.05,0.05,0.0459,11,2,Key Player
Andrea Ranocchia,539230cf,it ITA,DF,Hull City,HULLCITY,28.0,1988,2016,16,15,1330,14.8,2,2,4,2,0,0,2,0,0.14,0.14,0.27,0.14,0.27,0.0404,12,3,Regular Starter
David Marshall,4d93d433,sct SCO,GK,Hull City,HULLCITY,31.0,1985,2016,16,16,1440,16.0,0,0,0,0,0,0,0,0,0.0,0.0,0.0,0.0,0.0,0.0385,13,3,Regular Starter
Oumar Niasse,af721f98,sn SEN,FW,Hull City,HULLCITY,26.0,1990,2016,17,12,1097,12.2,4,1,5,4,0,0,3,1,0.33,0.08,0.41,0.33,0.41,0.0354,14,3,Regular Starter
Alfred N'Diaye,7789bf63,sn SEN,MF,Hull City,HULLCITY,26.0,1990,2016,15,15,1273,14.1,1,0,1,1,0,0,7,0,0.07,0.0,0.07,0.07,0.07,0.0351,15,3,Regular Starter
Kamil Grosicki,81d8091f,pl POL,MF,Hull City,HULLCITY,28.0,1988,2016,15,12,1143,12.7,0,3,3,0,0,0,1,0,0.0,0.24,0.24,0.0,0.24,0.0342,16,3,Regular Starter
Adama Diomande,336dbcb2,no NOR,FWMF,Hull City,HULLCITY,26.0,1990,2016,22,13,1171,13.0,2,0,2,2,0,0,1,0,0.15,0.0,0.15,0.15,0.15,0.0336,17,4,Squad Rotation
Lazar Marković,723ba189,rs SRB,MF,Hull City,HULLCITY,22.0,1994,2016,12,12,1005,11.2,2,0,2,2,0,0,4,0,0.18,0.0,0.18,0.18,0.18,0.0294,18,4,Squad Rotation
David Meyler,8ea6417a,ie IRL,MFDF,Hull City,HULLCITY,27.0,1989,2016,20,9,962,10.7,1,1,2,1,0,0,2,0,0.09,0.09,0.19,0.09,0.19,0.0282,19,4,Squad Rotation
Ryan Mason,c8fac933,eng ENG,MF,Hull City,HULLCITY,25.0,1991,2016,16,11,927,10.3,1,1,2,1,0,0,4,0,0.1,0.1,0.19,0.1,0.19,0.0271,20,4,Squad Rotation
Dieumerci Mbokani,d9847696,cd COD,FW,Hull City,HULLCITY,30.0,1985,2016,12,8,764,8.5,0,1,1,0,0,0,0,0,0.0,0.12,0.12,0.0,0.12,0.0217,21,4,Squad Rotation
Markus Henriksen,26acecd2,no NOR,MF,Hull City,HULLCITY,24.0,1992,2016,15,6,638,7.1,0,0,0,0,0,0,1,0,0.0,0.0,0.0,0.0,0.0,0.0171,22,4,Squad Rotation
Omar Elabdellaoui,4f56170e,no NOR,DFMF,Hull City,HULLCITY,24.0,1991,2016,8,7,615,6.8,0,0,0,0,0,0,0,0,0.0,0.0,0.0,0.0,0.0,0.0164,23,5,Fringe/Backup
Evandro Goebel,67dbadfc,br BRA,MF,Hull City,HULLCITY,29.0,1986,2016,11,7,576,6.4,0,0,0,0,0,0,1,0,0.0,0.0,0.0,0.0,0.0,0.0154,24,5,Fringe/Backup
Shaun Maloney,0558e236,sct SCO,MF,Hull City,HULLCITY,33.0,1983,2016,9,2,283,3.1,1,2,3,1,0,0,0,0,0.32,0.64,0.95,0.32,0.95,0.011,25,5,Fringe/Backup
Josh Tymon,efe6f6ac,eng ENG,MFDF,Hull City,HULLCITY,17.0,1999,2016,5,4,322,3.6,0,0,0,0,0,0,1,0,0.0,0.0,0.0,0.0,0.0,0.0087,26,5,Fringe/Backup
Will Keane,fc7f8f87,ie IRL,FW,Hull City,HULLCITY,23.0,1993,2016,5,4,280,3.1,0,0,0,0,0,0,0,0,0.0,0.0,0.0,0.0,0.0,0.0075,27,5,Fringe/Backup
Jarrod Bowen,79c84d1c,eng ENG,MF,Hull City,HULLCITY,19.0,1996,2016,7,1,181,2.0,0,0,0,0,0,0,0,0,0.0,0.0,0.0,0.0,0.0,0.0048,28,5,Fringe/Backup
Jamie Vardy,45963054,eng ENG,FW,Leicester City,LEICESTERCITY,29.0,1987,2016,35,33,2802,31.1,13,4,17,13,0,0,2,1,0.42,0.13,0.55,0.42,0.55,0.095,1,1,Talisman
Christian Fuchs,a67a09fb,at AUT,DF,Leicester City,LEICESTERCITY,30.0,1986,2016,36,35,3103,34.5,2,3,5,2,0,0,10,0,0.06,0.09,0.15,0.06,0.15,0.0888,2,1,Talisman
Riyad Mahrez,892d5bb1,dz ALG,MF,Leicester City,LEICESTERCITY,25.0,1991,2016,36,33,2825,31.4,6,4,10,3,3,5,4,0,0.19,0.13,0.32,0.1,0.22,0.0835,3,1,Talisman
Robert Huth,0bd1ea64,de GER,DF,Leicester City,LEICESTERCITY,31.0,1984,2016,33,33,2926,32.5,2,1,3,2,0,0,9,0,0.06,0.03,0.09,0.06,0.09,0.0813,4,1,Talisman
Danny Simpson,3201b03d,eng ENG,DF,Leicester City,LEICESTERCITY,29.0,1987,2016,35,34,2988,33.2,0,1,1,0,0,0,12,0,0.0,0.03,0.03,0.0,0.03,0.0807,5,1,Talisman
Marc Albrighton,b827d5b3,eng ENG,MF,Leicester City,LEICESTERCITY,26.0,1989,2016,33,29,2411,26.8,2,6,8,2,0,0,5,0,0.07,0.22,0.3,0.07,0.3,0.0738,6,2,Key Player
Kasper Schmeichel,53af52f3,dk DEN,GK,Leicester City,LEICESTERCITY,29.0,1986,2016,30,30,2666,29.6,0,0,0,0,0,0,1,0,0.0,0.0,0.0,0.0,0.0,0.0709,7,2,Key Player
Danny Drinkwater,2649ff32,eng ENG,MF,Leicester City,LEICESTERCITY,26.0,1990,2016,29,27,2466,27.4,1,2,3,1,0,0,6,0,0.04,0.07,0.11,0.04,0.11,0.0692,8,2,Key Player
Wes Morgan,80c31c97,jm JAM,DF,Leicester City,LEICESTERCITY,32.0,1984,2016,27,27,2430,27.0,1,0,1,1,0,0,3,0,0.04,0.0,0.04,0.04,0.04,0.066,9,2,Key Player
Daniel Amartey,1a4ef233,gh GHA,MF,Leicester City,LEICESTERCITY,21.0,1994,2016,24,17,1673,18.6,1,1,2,1,0,0,3,0,0.05,0.05,0.11,0.05,0.11,0.047,10,2,Key Player
Shinji Okazaki,68796d61,jp JPN,FWMF,Leicester City,LEICESTERCITY,30.0,1986,2016,30,21,1565,17.4,3,1,4,3,0,0,1,0,0.17,0.06,0.23,0.17,0.23,0.0465,11,3,Regular Starter
Islam Slimani,ffec9769,dz ALG,FW,Leicester City,LEICESTERCITY,28.0,1988,2016,23,13,1281,14.2,7,4,11,6,1,1,1,0,0.49,0.28,0.77,0.42,0.7,0.0459,12,3,Regular Starter
Wilfred Ndidi,6b47c5db,ng NGA,MF,Leicester City,LEICESTERCITY,19.0,1996,2016,17,17,1521,16.9,2,1,3,2,0,0,0,0,0.12,0.06,0.18,0.12,0.18,0.0441,13,3,Regular Starter
Andy King,d790907f,wls WAL,MF,Leicester City,LEICESTERCITY,27.0,1988,2016,23,15,1446,16.1,1,0,1,1,0,0,4,0,0.06,0.0,0.06,0.06,0.06,0.0397,14,3,Regular Starter
Demarai Gray,4468ec10,jm JAM,MFFW,Leicester City,LEICESTERCITY,20.0,1996,2016,30,9,1049,11.7,1,3,4,1,0,0,2,0,0.09,0.26,0.34,0.09,0.34,0.0328,15,3,Regular Starter
Yohan Benalouane,8309b068,tn TUN,DF,Leicester City,LEICESTERCITY,29.0,1987,2016,11,11,917,10.2,0,0,0,0,0,0,4,0,0.0,0.0,0.0,0.0,0.0,0.0244,16,4,Squad Rotation
Ahmed Musa,b7084daf,ng NGA,MFFW,Leicester City,LEICESTERCITY,23.0,1992,2016,21,7,761,8.5,2,1,3,2,0,0,1,0,0.24,0.12,0.35,0.24,0.35,0.0239,17,4,Squad Rotation
Ron-Robert Zieler,a0606ae8,de GER,GK,Leicester City,LEICESTERCITY,27.0,1989,2016,9,8,754,8.4,0,0,0,0,0,0,0,0,0.0,0.0,0.0,0.0,0.0,0.0201,18,4,Squad Rotation
Ben Chilwell,d2424d1b,eng ENG,DFMF,Leicester City,LEICESTERCITY,19.0,1996,2016,12,7,699,7.8,1,0,1,1,0,0,2,0,0.13,0.0,0.13,0.13,0.13,0.0199,19,4,Squad Rotation
Leonardo Ulloa,eed56f6c,ar ARG,FW,Leicester City,LEICESTERCITY,30.0,1986,2016,16,3,447,5.0,1,0,1,1,0,0,0,0,0.2,0.0,0.2,0.2,0.2,0.0132,20,4,Squad Rotation
Luis Hernández,02d2c436,es ESP,DF,Leicester City,LEICESTERCITY,27.0,1989,2016,4,3,327,3.6,0,0,0,0,0,0,1,0,0.0,0.0,0.0,0.0,0.0,0.0086,21,5,Fringe/Backup
Nampalys Mendy,1598599e,sn SEN,MF,Leicester City,LEICESTERCITY,24.0,1992,2016,4,4,269,3.0,0,0,0,0,0,0,1,0,0.0,0.0,0.0,0.0,0.0,0.0072,22,5,Fringe/Backup
Jeffrey Schlupp,3312f911,gh GHA,MF,Leicester City,LEICESTERCITY,23.0,1992,2016,4,1,141,1.6,0,0,0,0,0,0,0,0,0.0,0.0,0.0,0.0,0.0,0.0038,23,5,Fringe/Backup
Marcin Wasilewski,24249219,pl POL,DF,Leicester City,LEICESTERCITY,36.0,1980,2016,1,1,90,1.0,0,0,0,0,0,0,0,0,0.0,0.0,0.0,0.0,0.0,0.0024,24,5,Fringe/Backup
Matty James,ebd0a048,eng ENG,MF,Leicester City,LEICESTERCITY,25.0,1991,2016,1,0,1,0.0,0,0,0,0,0,0,0,0,0.0,0.0,0.0,0.0,0.0,0.0,25,5,Fringe/Backup
Roberto Firmino,4c370d81,br BRA,FW,Liverpool,LIVERPOOL,24.0,1991,2016,35,34,3062,34.0,11,7,18,11,0,0,5,0,0.32,0.21,0.53,0.32,0.53,0.1029,1,1,Talisman
Georginio Wijnaldum,eb58eef0,nl NED,MF,Liverpool,LIVERPOOL,25.0,1990,2016,36,33,2972,33.0,6,8,14,6,0,0,2,0,0.18,0.24,0.42,0.18,0.42,0.0955,2,1,Talisman
Nathaniel Clyne,0442183b,eng ENG,DF,Liverpool,LIVERPOOL,25.0,1991,2016,37,37,3323,36.9,0,2,2,0,0,0,0,0,0.0,0.05,0.05,0.0,0.05,0.0905,3,1,Talisman
James Milner,2f90f6b8,eng ENG,DF,Liverpool,LIVERPOOL,30.0,1986,2016,36,36,3154,35.0,7,3,10,0,7,8,5,0,0.2,0.09,0.29,0.0,0.09,0.0875,4,1,Talisman
Philippe Coutinho,0ef89a37,br BRA,FWMF,Liverpool,LIVERPOOL,24.0,1992,2016,31,28,2227,24.7,13,8,21,13,0,0,2,0,0.53,0.32,0.85,0.53,0.85,0.0842,5,2,Key Player
Sadio Mané,c691bfe2,sn SEN,FW,Liverpool,LIVERPOOL,24.0,1992,2016,27,26,2235,24.8,13,5,18,13,0,0,4,0,0.52,0.2,0.72,0.52,0.72,0.0807,6,2,Key Player
Adam Lallana,99813635,eng ENG,MFFW,Liverpool,LIVERPOOL,28.0,1988,2016,31,27,2336,26.0,8,6,14,8,0,0,3,0,0.31,0.23,0.54,0.31,0.54,0.079,7,2,Key Player
Dejan Lovren,1a2935f6,hr CRO,DF,Liverpool,LIVERPOOL,27.0,1989,2016,29,29,2553,28.4,2,1,3,2,0,0,6,0,0.07,0.04,0.11,0.07,0.11,0.0717,8,2,Key Player
Emre Can,a65ce836,de GER,MF,Liverpool,LIVERPOOL,22.0,1994,2016,32,26,2371,26.3,5,2,7,5,0,0,6,0,0.19,0.08,0.27,0.19,0.27,0.0714,9,2,Key Player
Simon Mignolet,d436eb94,be BEL,GK,Liverpool,LIVERPOOL,28.0,1988,2016,28,28,2520,28.0,0,0,0,0,0,0,0,0,0.0,0.0,0.0,0.0,0.0,0.067,10,3,Regular Starter
Joël Matip,b217ef29,cm CMR,DF,Liverpool,LIVERPOOL,24.0,1991,2016,29,27,2457,27.3,1,0,1,1,0,0,3,0,0.04,0.0,0.04,0.04,0.04,0.0666,11,3,Regular Starter
Jordan Henderson,935e6b8f,eng ENG,MF,Liverpool,LIVERPOOL,26.0,1990,2016,24,24,2116,23.5,1,4,5,1,0,0,8,0,0.04,0.17,0.21,0.04,0.21,0.0621,12,3,Regular Starter
Divock Origi,43a166b4,be BEL,FW,Liverpool,LIVERPOOL,21.0,1995,2016,34,14,1468,16.3,7,3,10,7,0,0,0,0,0.43,0.18,0.61,0.43,0.61,0.0509,13,3,Regular Starter
Ragnar Klavan,008a6e6d,ee EST,DF,Liverpool,LIVERPOOL,30.0,1985,2016,20,15,1410,15.7,0,0,0,0,0,0,3,0,0.0,0.0,0.0,0.0,0.0,0.0376,14,4,Squad Rotation
Lucas Leiva,4c78b5ed,br BRA,MFDF,Liverpool,LIVERPOOL,29.0,1987,2016,24,12,1112,12.4,0,2,2,0,0,0,4,0,0.0,0.16,0.16,0.0,0.16,0.032,15,4,Squad Rotation
Daniel Sturridge,1b7ec703,eng ENG,FW,Liverpool,LIVERPOOL,26.0,1989,2016,20,7,775,8.6,3,1,4,3,0,0,1,0,0.35,0.12,0.46,0.35,0.46,0.0253,16,4,Squad Rotation
Loris Karius,32e7ce92,de GER,GK,Liverpool,LIVERPOOL,23.0,1993,2016,10,10,900,10.0,0,0,0,0,0,0,0,0,0.0,0.0,0.0,0.0,0.0,0.0239,17,4,Squad Rotation
Alberto Moreno,11b9265b,es ESP,DF,Liverpool,LIVERPOOL,24.0,1992,2016,12,2,305,3.4,0,0,0,0,0,0,1,0,0.0,0.0,0.0,0.0,0.0,0.0081,18,4,Squad Rotation
Trent Alexander-Arnold,cd1acf9d,eng ENG,MFDF,Liverpool,LIVERPOOL,17.0,1998,2016,7,2,167,1.9,0,0,0,0,0,0,0,0,0.0,0.0,0.0,0.0,0.0,0.0045,19,5,Fringe/Backup
Ben Woodburn,8aadeaef,wls WAL,FW,Liverpool,LIVERPOOL,16.0,1999,2016,5,1,86,1.0,0,0,0,0,0,0,0,0,0.0,0.0,0.0,0.0,0.0,0.0024,20,5,Fringe/Backup
Marko Grujić,8b8e759d,rs SRB,MF,Liverpool,LIVERPOOL,20.0,1996,2016,5,0,43,0.5,0,0,0,0,0,0,1,0,0.0,0.0,0.0,0.0,0.0,0.0012,21,5,Fringe/Backup
Kevin Stewart,ff674795,jm JAM,DFMF,Liverpool,LIVERPOOL,22.0,1993,2016,4,0,20,0.2,0,0,0,0,0,0,0,0,0.0,0.0,0.0,0.0,0.0,0.0005,22,5,Fringe/Backup
Ovie Ejaria,a801669e,eng ENG,MF,Liverpool,LIVERPOOL,18.0,1997,2016,2,0,8,0.1,0,0,0,0,0,0,0,0,0.0,0.0,0.0,0.0,0.0,0.0002,23,5,Fringe/Backup
Kevin De Bruyne,e46012d4,be BEL,MF,Manchester City,MANCHESTERCITY,25.0,1991,2016,36,33,2877,32.0,6,17,23,6,0,1,4,0,0.19,0.53,0.72,0.19,0.72,0.1042,1,1,Talisman
Sergio Agüero,4d034881,ar ARG,FW,Manchester City,MANCHESTERCITY,28.0,1988,2016,31,25,2403,26.7,20,4,24,16,4,5,4,1,0.75,0.15,0.9,0.6,0.75,0.0879,2,1,Talisman
David Silva,e2716bd0,es ESP,MF,Manchester City,MANCHESTERCITY,30.0,1986,2016,34,31,2759,30.7,4,7,11,4,0,0,6,0,0.13,0.23,0.36,0.13,0.36,0.0868,3,1,Talisman
Raheem Sterling,b400bde0,eng ENG,MFFW,Manchester City,MANCHESTERCITY,21.0,1994,2016,33,29,2508,27.9,7,8,15,7,0,0,7,0,0.25,0.29,0.54,0.25,0.54,0.0849,4,1,Talisman
Fernandinho,101da2b5,br BRA,MFDF,Manchester City,MANCHESTERCITY,31.0,1985,2016,32,31,2756,30.6,2,1,3,2,0,0,4,2,0.07,0.03,0.1,0.07,0.1,0.077,5,1,Talisman
Aleksandar Kolarov,eda40760,rs SRB,DF,Manchester City,MANCHESTERCITY,30.0,1985,2016,29,27,2535,28.2,1,2,3,1,0,0,6,0,0.04,0.07,0.11,0.04,0.11,0.0713,6,2,Key Player
Nicolás Otamendi,0d267745,ar ARG,DF,Manchester City,MANCHESTERCITY,28.0,1988,2016,30,29,2592,28.8,1,0,1,1,0,0,9,0,0.03,0.0,0.03,0.03,0.03,0.07,7,2,Key Player
Gaël Clichy,450ad405,fr FRA,DF,Manchester City,MANCHESTERCITY,31.0,1985,2016,25,24,2123,23.6,1,0,1,1,0,0,2,0,0.04,0.0,0.04,0.04,0.04,0.0577,8,2,Key Player
Leroy Sané,2b114be3,de GER,MFFW,Manchester City,MANCHESTERCITY,20.0,1996,2016,26,20,1781,19.8,5,2,7,5,0,0,4,0,0.25,0.1,0.35,0.25,0.35,0.0557,9,2,Key Player
Yaya Touré,c204f844,ci CIV,MF,Manchester City,MANCHESTERCITY,33.0,1983,2016,25,22,1941,21.6,5,0,5,3,2,2,4,0,0.23,0.0,0.23,0.14,0.14,0.0554,10,2,Key Player
John Stones,5eecec3d,eng ENG,DF,Manchester City,MANCHESTERCITY,22.0,1994,2016,27,23,2014,22.4,0,0,0,0,0,0,1,0,0.0,0.0,0.0,0.0,0.0,0.0537,11,3,Regular Starter
Claudio Bravo,10072610,cl CHI,GK,Manchester City,MANCHESTERCITY,33.0,1983,2016,22,22,1968,21.9,0,0,0,0,0,0,0,0,0.0,0.0,0.0,0.0,0.0,0.0525,12,3,Regular Starter
Willy Caballero,a179d516,ar ARG,GK,Manchester City,MANCHESTERCITY,34.0,1981,2016,17,16,1452,16.1,0,0,0,0,0,0,0,0,0.0,0.0,0.0,0.0,0.0,0.0386,13,3,Regular Starter
Bacary Sagna,6ef56efd,fr FRA,DF,Manchester City,MANCHESTERCITY,33.0,1983,2016,17,14,1346,15.0,0,1,1,0,0,0,2,0,0.0,0.07,0.07,0.0,0.07,0.0372,14,3,Regular Starter
Pablo Zabaleta,6813ac34,ar ARG,DFMF,Manchester City,MANCHESTERCITY,31.0,1985,2016,20,11,1065,11.8,1,1,2,1,0,0,2,0,0.08,0.08,0.17,0.08,0.17,0.0307,15,3,Regular Starter
Jesús Navas,3f10bd22,es ESP,MFDF,Manchester City,MANCHESTERCITY,30.0,1985,2016,24,12,1064,11.8,0,1,1,0,0,0,2,0,0.0,0.08,0.08,0.0,0.08,0.0294,16,4,Squad Rotation
Gabriel Jesus,b66315ae,br BRA,FWMF,Manchester City,MANCHESTERCITY,19.0,1997,2016,10,8,650,7.2,7,4,11,6,1,1,2,0,0.97,0.55,1.52,0.83,1.38,0.0291,17,4,Squad Rotation
Nolito,b2d0ec1b,es ESP,MFFW,Manchester City,MANCHESTERCITY,29.0,1986,2016,19,9,778,8.6,4,2,6,4,0,0,3,1,0.46,0.23,0.69,0.46,0.69,0.0277,18,4,Squad Rotation
Vincent Kompany,d2bff301,be BEL,DF,Manchester City,MANCHESTERCITY,30.0,1986,2016,11,10,820,9.1,3,0,3,3,0,0,5,0,0.33,0.0,0.33,0.33,0.33,0.0254,19,4,Squad Rotation
İlkay Gündoğan,819b3158,de GER,MF,Manchester City,MANCHESTERCITY,25.0,1990,2016,10,9,704,7.8,3,1,4,3,0,0,0,0,0.38,0.13,0.51,0.38,0.51,0.0234,20,4,Squad Rotation
Kelechi Iheanacho,c92e1a31,ng NGA,FW,Manchester City,MANCHESTERCITY,19.0,1996,2016,20,5,537,6.0,4,3,7,4,0,0,0,0,0.67,0.5,1.17,0.67,1.17,0.0228,21,5,Fringe/Backup
Fernando,41f32541,br BRA,MFDF,Manchester City,MANCHESTERCITY,29.0,1987,2016,15,5,568,6.3,0,0,0,0,0,0,3,0,0.0,0.0,0.0,0.0,0.0,0.0151,22,5,Fringe/Backup
Fabian Delph,111c3236,eng ENG,MF,Manchester City,MANCHESTERCITY,26.0,1989,2016,7,2,224,2.5,1,0,1,1,0,0,1,0,0.4,0.0,0.4,0.4,0.4,0.0072,23,5,Fringe/Backup
Aleix García,a10361d2,es ESP,MF,Manchester City,MANCHESTERCITY,19.0,1997,2016,4,1,77,0.9,0,0,0,0,0,0,0,0,0.0,0.0,0.0,0.0,0.0,0.0022,24,5,Fringe/Backup
Samir Nasri,165bed61,fr FRA,FWMF,Manchester City,MANCHESTERCITY,29.0,1987,2016,1,0,16,0.2,0,0,0,0,0,0,0,0,0.0,0.0,0.0,0.0,0.0,0.0005,25,5,Fringe/Backup
Zlatan Ibrahimović,4cde5509,se SWE,FW,Manchester Utd,MANCHESTERUNITED,34.0,1981,2016,28,27,2438,27.1,17,5,22,15,2,3,7,0,0.63,0.18,0.81,0.55,0.74,0.0889,1,1,Talisman
David de Gea,7ba6d84e,es ESP,GK,Manchester Utd,MANCHESTERUNITED,25.0,1990,2016,35,35,3150,35.0,0,0,0,0,0,0,2,0,0.0,0.0,0.0,0.0,0.0,0.0838,2,1,Talisman
Paul Pogba,867239d3,fr FRA,MF,Manchester Utd,MANCHESTERUNITED,23.0,1993,2016,30,29,2608,29.0,5,4,9,5,0,0,7,0,0.17,0.14,0.31,0.17,0.31,0.0802,3,1,Talisman
Ander Herrera,436a9dd0,es ESP,MF,Manchester Utd,MANCHESTERUNITED,26.0,1989,2016,31,27,2463,27.4,1,5,6,1,0,0,7,2,0.04,0.18,0.22,0.04,0.22,0.0728,4,1,Talisman
Antonio Valencia,08aa17d0,ec ECU,DF,Manchester Utd,MANCHESTERUNITED,30.0,1985,2016,28,27,2483,27.6,1,3,4,1,0,0,5,0,0.04,0.11,0.14,0.04,0.14,0.0707,5,1,Talisman
Eric Bailly,a1232f4e,ci CIV,DF,Manchester Utd,MANCHESTERUNITED,22.0,1994,2016,25,24,2058,22.9,0,0,0,0,0,0,4,0,0.0,0.0,0.0,0.0,0.0,0.0548,6,1,Talisman
Juan Mata,29733c72,es ESP,MFFW,Manchester Utd,MANCHESTERUNITED,28.0,1988,2016,25,19,1614,17.9,6,3,9,6,0,0,3,0,0.33,0.17,0.5,0.33,0.5,0.0536,7,2,Key Player
Marcus Rashford,a1d5bd30,eng ENG,FWMF,Manchester Utd,MANCHESTERUNITED,18.0,1997,2016,32,16,1710,19.0,5,1,6,5,0,0,3,0,0.26,0.05,0.32,0.26,0.32,0.0528,8,2,Key Player
Daley Blind,691bef82,nl NED,DF,Manchester Utd,MANCHESTERUNITED,26.0,1990,2016,23,20,1830,20.3,1,2,3,1,0,0,2,0,0.05,0.1,0.15,0.05,0.15,0.0522,9,2,Key Player
Anthony Martial,8b788c01,fr FRA,MFFW,Manchester Utd,MANCHESTERUNITED,20.0,1995,2016,25,18,1554,17.3,4,5,9,4,0,0,2,0,0.23,0.29,0.52,0.23,0.52,0.0522,10,2,Key Player
Wayne Rooney,f07be45a,eng ENG,MFFW,Manchester Utd,MANCHESTERUNITED,30.0,1985,2016,25,15,1539,17.1,5,5,10,4,1,1,8,0,0.29,0.29,0.58,0.23,0.53,0.0518,11,2,Key Player
Marcos Rojo,e0991c04,ar ARG,DF,Manchester Utd,MANCHESTERUNITED,26.0,1990,2016,21,18,1663,18.5,1,0,1,1,0,0,5,0,0.05,0.0,0.05,0.05,0.05,0.0454,12,2,Key Player
Marouane Fellaini,87575fd9,be BEL,MF,Manchester Utd,MANCHESTERUNITED,28.0,1987,2016,28,18,1605,17.8,1,0,1,1,0,0,9,1,0.06,0.0,0.06,0.06,0.06,0.0439,13,3,Regular Starter
Michael Carrick,ab7263c1,eng ENG,MF,Manchester Utd,MANCHESTERUNITED,35.0,1981,2016,23,18,1600,17.8,0,0,0,0,0,0,2,0,0.0,0.0,0.0,0.0,0.0,0.0426,14,3,Regular Starter
Phil Jones,def899bd,eng ENG,DF,Manchester Utd,MANCHESTERUNITED,24.0,1992,2016,18,18,1584,17.6,0,0,0,0,0,0,2,0,0.0,0.0,0.0,0.0,0.0,0.0421,15,3,Regular Starter
Henrikh Mkhitaryan,dd0daf32,am ARM,FWMF,Manchester Utd,MANCHESTERUNITED,27.0,1989,2016,24,15,1348,15.0,4,1,5,4,0,0,1,0,0.27,0.07,0.33,0.27,0.33,0.0418,16,3,Regular Starter
Jesse Lingard,810e3c74,eng ENG,MFFW,Manchester Utd,MANCHESTERUNITED,23.0,1992,2016,25,18,1360,15.1,1,1,2,1,0,0,3,0,0.07,0.07,0.13,0.07,0.13,0.0385,17,3,Regular Starter
Matteo Darmian,96e0490d,it ITA,DF,Manchester Utd,MANCHESTERUNITED,26.0,1989,2016,18,15,1333,14.8,0,0,0,0,0,0,3,0,0.0,0.0,0.0,0.0,0.0,0.0354,18,3,Regular Starter
Chris Smalling,b6964eb6,eng ENG,DF,Manchester Utd,MANCHESTERUNITED,26.0,1989,2016,18,13,1217,13.5,1,0,1,1,0,0,0,0,0.07,0.0,0.07,0.07,0.07,0.0334,19,4,Squad Rotation
Ashley Young,be927d03,eng ENG,DFMF,Manchester Utd,MANCHESTERUNITED,31.0,1985,2016,12,8,758,8.4,0,1,1,0,0,0,2,0,0.0,0.12,0.12,0.0,0.12,0.0213,20,4,Squad Rotation
Luke Shaw,9c94165b,eng ENG,DF,Manchester Utd,MANCHESTERUNITED,21.0,1995,2016,11,9,688,7.6,0,1,1,0,0,0,1,0,0.0,0.13,0.13,0.0,0.13,0.0194,21,4,Squad Rotation
Axel Tuanzebe,2baec6ce,cd COD,MFDF,Manchester Utd,MANCHESTERUNITED,18.0,1997,2016,4,4,303,3.4,0,0,0,0,0,0,0,0,0.0,0.0,0.0,0.0,0.0,0.0081,22,4,Squad Rotation
Sergio Romero,1e26e376,ar ARG,GK,Manchester Utd,MANCHESTERUNITED,29.0,1987,2016,2,2,180,2.0,0,0,0,0,0,0,0,0,0.0,0.0,0.0,0.0,0.0,0.0048,23,4,Squad Rotation
Josh Harrop,00e1cf8f,eng ENG,FW,Manchester Utd,MANCHESTERUNITED,20.0,1995,2016,1,1,90,1.0,1,0,1,1,0,0,0,0,1.0,0.0,1.0,1.0,1.0,0.0036,24,4,Squad Rotation
Timothy Fosu-Mensah,a9142dc3,nl NED,DF,Manchester Utd,MANCHESTERUNITED,18.0,1998,2016,4,1,97,1.1,0,0,0,0,0,0,0,0,0.0,0.0,0.0,0.0,0.0,0.0026,25,5,Fringe/Backup
Scott McTominay,d93c2511,sct SCO,MF,Manchester Utd,MANCHESTERUNITED,19.0,1996,2016,2,1,97,1.1,0,0,0,0,0,0,1,0,0.0,0.0,0.0,0.0,0.0,0.0026,26,5,Fringe/Backup
Joel Castro Pereira,881e5db7,pt POR,GK,Manchester Utd,MANCHESTERUNITED,20.0,1996,2016,1,1,90,1.0,0,0,0,0,0,0,0,0,0.0,0.0,0.0,0.0,0.0,0.0024,27,5,Fringe/Backup
Demetri Mitchell,c286f3c2,eng ENG,DF,Manchester Utd,MANCHESTERUNITED,19.0,1997,2016,1,1,90,1.0,0,0,0,0,0,0,0,0,0.0,0.0,0.0,0.0,0.0,0.0024,28,5,Fringe/Backup
Memphis,8f696594,nl NED,FWMF,Manchester Utd,MANCHESTERUNITED,22.0,1994,2016,4,0,24,0.3,0,0,0,0,0,0,1,0,0.0,0.0,0.0,0.0,0.0,0.0007,29,5,Fringe/Backup
Morgan Schneiderlin,51b41c5c,fr FRA,MF,Manchester Utd,MANCHESTERUNITED,26.0,1989,2016,3,0,14,0.2,0,0,0,0,0,0,0,0,0.0,0.0,0.0,0.0,0.0,0.0005,30,5,Fringe/Backup
Angel Gomes,645a3363,eng ENG,FWMF,Manchester Utd,MANCHESTERUNITED,15.0,2000,2016,1,0,3,0.0,0,0,0,0,0,0,0,0,0.0,0.0,0.0,0.0,0.0,0.0,31,5,Fringe/Backup
Ben Gibson,bcfb0142,eng ENG,DF,Middlesbrough,MIDDLESBROUGH,23.0,1993,2016,38,38,3420,38.0,1,1,2,1,0,0,4,0,0.03,0.03,0.05,0.03,0.05,0.0934,1,1,Talisman
Álvaro Negredo,63b0ca6b,es ESP,FW,Middlesbrough,MIDDLESBROUGH,30.0,1985,2016,36,33,2870,31.9,9,5,14,7,2,2,5,0,0.28,0.16,0.44,0.22,0.38,0.091,2,1,Talisman
Marten de Roon,2a1beb34,nl NED,MF,Middlesbrough,MIDDLESBROUGH,25.0,1991,2016,33,32,2773,30.8,4,0,4,4,0,0,8,0,0.13,0.0,0.13,0.13,0.13,0.0786,3,1,Talisman
Adam Clayton,45b59689,eng ENG,MF,Middlesbrough,MIDDLESBROUGH,27.0,1989,2016,34,32,2804,31.2,0,2,2,0,0,0,10,0,0.0,0.06,0.06,0.0,0.06,0.077,4,1,Talisman
Adam Forshaw,9f1938ab,eng ENG,MF,Middlesbrough,MIDDLESBROUGH,24.0,1991,2016,34,30,2695,29.9,0,1,1,0,0,0,4,0,0.0,0.03,0.03,0.0,0.03,0.0727,5,1,Talisman
Víctor Valdés,e029e404,es ESP,GK,Middlesbrough,MIDDLESBROUGH,34.0,1982,2016,28,28,2520,28.0,0,0,0,0,0,0,1,0,0.0,0.0,0.0,0.0,0.0,0.0671,6,2,Key Player
Stewart Downing,b13c4620,eng ENG,MFFW,Middlesbrough,MIDDLESBROUGH,32.0,1984,2016,30,24,2214,24.6,1,3,4,1,0,0,1,0,0.04,0.12,0.16,0.04,0.16,0.0637,7,2,Key Player
Calum Chambers,dc6f5bdd,eng ENG,DF,Middlesbrough,MIDDLESBROUGH,21.0,1995,2016,24,24,2160,24.0,1,1,2,1,0,0,4,0,0.04,0.04,0.08,0.04,0.08,0.0598,8,2,Key Player
Antonio Barragán,487d9b09,es ESP,DF,Middlesbrough,MIDDLESBROUGH,29.0,1987,2016,26,26,2193,24.4,0,0,0,0,0,0,5,0,0.0,0.0,0.0,0.0,0.0,0.0585,9,2,Key Player
George Friend,4f97147d,eng ENG,DF,Middlesbrough,MIDDLESBROUGH,28.0,1987,2016,24,20,1964,21.8,0,2,2,0,0,0,4,0,0.0,0.09,0.09,0.0,0.09,0.0546,10,2,Key Player
Fábio,bc7b4580,br BRA,DF,Middlesbrough,MIDDLESBROUGH,26.0,1990,2016,24,21,1847,20.5,0,0,0,0,0,0,8,0,0.0,0.0,0.0,0.0,0.0,0.0491,11,3,Regular Starter
Gastón Ramírez,2c851997,uy URU,MFFW,Middlesbrough,MIDDLESBROUGH,25.0,1990,2016,24,20,1539,17.1,2,3,5,2,0,0,10,2,0.12,0.18,0.29,0.12,0.29,0.0469,12,3,Regular Starter
Adama Traoré,9a28eba4,es ESP,MFFW,Middlesbrough,MIDDLESBROUGH,20.0,1996,2016,27,16,1541,17.1,0,1,1,0,0,0,1,0,0.0,0.06,0.06,0.0,0.06,0.0422,13,3,Regular Starter
Cristhian Stuani,220c11f1,uy URU,FWMF,Middlesbrough,MIDDLESBROUGH,29.0,1986,2016,23,16,1354,15.0,4,0,4,4,0,0,4,0,0.27,0.0,0.27,0.27,0.27,0.0408,14,3,Regular Starter
Bernardo Espinosa,4242011c,co COL,DF,Middlesbrough,MIDDLESBROUGH,27.0,1989,2016,11,10,975,10.8,0,0,0,0,0,0,2,0,0.0,0.0,0.0,0.0,0.0,0.0259,15,3,Regular Starter
Daniel Ayala,302560a0,es ESP,DF,Middlesbrough,MIDDLESBROUGH,25.0,1990,2016,14,11,918,10.2,1,0,1,1,0,0,3,0,0.1,0.0,0.1,0.1,0.1,0.0257,16,3,Regular Starter
Brad Guzan,d899e3bf,us USA,GK,Middlesbrough,MIDDLESBROUGH,31.0,1984,2016,10,10,900,10.0,0,0,0,0,0,0,0,0,0.0,0.0,0.0,0.0,0.0,0.024,17,4,Squad Rotation
Grant Leadbitter,516f7fc1,eng ENG,MF,Middlesbrough,MIDDLESBROUGH,30.0,1986,2016,13,7,710,7.9,1,0,1,1,0,0,1,0,0.13,0.0,0.13,0.13,0.13,0.0202,18,4,Squad Rotation
Viktor Fischer,b5920350,dk DEN,FWMF,Middlesbrough,MIDDLESBROUGH,22.0,1994,2016,13,6,438,4.9,0,3,3,0,0,0,0,0,0.0,0.62,0.62,0.0,0.62,0.0154,19,4,Squad Rotation
Rudy Gestede,822b3ef9,bj BEN,FW,Middlesbrough,MIDDLESBROUGH,27.0,1988,2016,16,4,533,5.9,1,0,1,1,0,0,3,0,0.17,0.0,0.17,0.17,0.17,0.0153,20,4,Squad Rotation
Patrick Bamford,93feac6e,eng ENG,FW,Middlesbrough,MIDDLESBROUGH,22.0,1993,2016,8,2,287,3.2,1,0,1,1,0,0,1,0,0.31,0.0,0.31,0.31,0.31,0.0089,21,4,Squad Rotation
Emilio Nsue,1c9bc4fa,gq EQG,DFMF,Middlesbrough,MIDDLESBROUGH,26.0,1989,2016,4,4,320,3.6,0,0,0,0,0,0,0,0,0.0,0.0,0.0,0.0,0.0,0.0086,22,5,Fringe/Backup
Jordan Rhodes,3b8b641c,sct SCO,FW,Middlesbrough,MIDDLESBROUGH,26.0,1990,2016,6,2,211,2.3,0,0,0,0,0,0,0,0,0.0,0.0,0.0,0.0,0.0,0.0055,23,5,Fringe/Backup
Adlène Guedioura,f75825e3,dz ALG,MF,Middlesbrough,MIDDLESBROUGH,30.0,1985,2016,5,0,140,1.6,0,0,0,0,0,0,0,0,0.0,0.0,0.0,0.0,0.0,0.0038,24,5,Fringe/Backup
Albert Adomah,c7174e81,gh GHA,MF,Middlesbrough,MIDDLESBROUGH,28.0,1987,2016,2,1,122,1.4,0,0,0,0,0,0,0,0,0.0,0.0,0.0,0.0,0.0,0.0034,25,5,Fringe/Backup
James Husband,33e2d513,eng ENG,DF,Middlesbrough,MIDDLESBROUGH,22.0,1994,2016,1,1,58,0.6,0,0,0,0,0,0,0,0,0.0,0.0,0.0,0.0,0.0,0.0014,26,5,Fringe/Backup
David Nugent,f9b5e5bd,eng ENG,FW,Middlesbrough,MIDDLESBROUGH,31.0,1985,2016,4,0,43,0.5,0,0,0,0,0,0,0,0,0.0,0.0,0.0,0.0,0.0,0.0012,27,5,Fringe/Backup
Fraser Forster,c3e39f12,eng ENG,GK,Southampton,SOUTHAMPTON,28.0,1988,2016,38,38,3420,38.0,0,0,0,0,0,0,3,0,0.0,0.0,0.0,0.0,0.0,0.091,1,1,Talisman
Nathan Redmond,ab651565,eng ENG,FWMF,Southampton,SOUTHAMPTON,22.0,1994,2016,37,32,2899,32.2,7,1,8,7,0,0,2,1,0.22,0.03,0.25,0.22,0.25,0.0868,2,1,Talisman
Oriol Romeu,4b511457,es ESP,MF,Southampton,SOUTHAMPTON,24.0,1991,2016,35,35,3071,34.1,1,0,1,1,0,0,11,0,0.03,0.0,0.03,0.03,0.03,0.0829,3,1,Talisman
Steven Davis,cf15bbb1,nir NIR,MF,Southampton,SOUTHAMPTON,31.0,1985,2016,32,29,2643,29.4,0,3,3,0,0,0,3,0,0.0,0.1,0.1,0.0,0.1,0.074,4,1,Talisman
Ryan Bertrand,01226327,eng ENG,DF,Southampton,SOUTHAMPTON,26.0,1989,2016,28,28,2507,27.9,2,3,5,2,0,0,3,0,0.07,0.11,0.18,0.07,0.18,0.0729,5,1,Talisman
Dušan Tadić,2475dcc6,rs SRB,FWMF,Southampton,SOUTHAMPTON,27.0,1988,2016,33,30,2411,26.8,3,5,8,2,1,2,4,0,0.11,0.19,0.3,0.07,0.26,0.0726,6,2,Key Player
Cédric Soares,839c14e1,pt POR,DF,Southampton,SOUTHAMPTON,24.0,1991,2016,30,30,2515,27.9,0,3,3,0,0,0,7,0,0.0,0.11,0.11,0.0,0.11,0.0705,7,2,Key Player
James Ward-Prowse,3515d404,eng ENG,MF,Southampton,SOUTHAMPTON,21.0,1994,2016,30,22,1883,20.9,4,4,8,4,0,0,4,0,0.19,0.19,0.38,0.19,0.38,0.0596,8,2,Key Player
Maya Yoshida,caffaf5a,jp JPN,DF,Southampton,SOUTHAMPTON,27.0,1988,2016,23,23,2070,23.0,1,0,1,1,0,0,2,0,0.04,0.0,0.04,0.04,0.04,0.0562,9,2,Key Player
Virgil van Dijk,e06683ca,nl NED,DF,Southampton,SOUTHAMPTON,25.0,1991,2016,21,21,1853,20.6,1,0,1,1,0,0,5,2,0.05,0.0,0.05,0.05,0.05,0.0506,10,2,Key Player
José Fonte,90f87966,pt POR,DF,Southampton,SOUTHAMPTON,32.0,1983,2016,17,17,1530,17.0,0,0,0,0,0,0,2,0,0.0,0.0,0.0,0.0,0.0,0.0407,11,3,Regular Starter
Shane Long,9f472354,ie IRL,FW,Southampton,SOUTHAMPTON,29.0,1987,2016,32,10,1261,14.0,3,2,5,3,0,1,2,0,0.21,0.14,0.36,0.21,0.36,0.0396,12,3,Regular Starter
Jack Stephens,6adbc307,eng ENG,DF,Southampton,SOUTHAMPTON,22.0,1994,2016,17,15,1471,16.3,0,0,0,0,0,0,1,0,0.0,0.0,0.0,0.0,0.0,0.0391,13,3,Regular Starter
Pierre Højbjerg,8b04d6c1,dk DEN,MF,Southampton,SOUTHAMPTON,20.0,1995,2016,22,14,1301,14.5,0,0,0,0,0,0,2,0,0.0,0.0,0.0,0.0,0.0,0.0347,14,3,Regular Starter
Jay Rodriguez,4ab53cdb,eng ENG,FW,Southampton,SOUTHAMPTON,27.0,1989,2016,24,9,892,9.9,5,2,7,5,0,0,0,0,0.5,0.2,0.71,0.5,0.71,0.0321,15,3,Regular Starter
Sofiane Boufal,b0c71810,ma MAR,FWMF,Southampton,SOUTHAMPTON,22.0,1993,2016,24,12,1104,12.3,1,1,2,1,0,0,5,0,0.08,0.08,0.16,0.08,0.16,0.0318,16,4,Squad Rotation
Charlie Austin,8d228291,eng ENG,FW,Southampton,SOUTHAMPTON,27.0,1989,2016,15,11,934,10.4,6,1,7,4,2,2,1,0,0.58,0.1,0.67,0.39,0.48,0.0309,17,4,Squad Rotation
Jordy Clasie,31c01b85,nl NED,MF,Southampton,SOUTHAMPTON,25.0,1991,2016,16,12,1021,11.3,1,1,2,1,0,0,3,0,0.09,0.09,0.18,0.09,0.18,0.0295,18,4,Squad Rotation
Manolo Gabbiadini,8f866fe8,it ITA,FW,Southampton,SOUTHAMPTON,24.0,1991,2016,11,10,724,8.0,4,0,4,4,0,1,1,0,0.5,0.0,0.5,0.5,0.5,0.024,19,4,Squad Rotation
Sam McQueen,b27b49b4,eng ENG,DF,Southampton,SOUTHAMPTON,21.0,1995,2016,13,5,616,6.8,0,0,0,0,0,0,0,0,0.0,0.0,0.0,0.0,0.0,0.0163,20,4,Squad Rotation
Cuco Martina,22551915,cw CUW,DF,Southampton,SOUTHAMPTON,26.0,1989,2016,9,6,592,6.6,0,0,0,0,0,0,0,0,0.0,0.0,0.0,0.0,0.0,0.0158,21,5,Fringe/Backup
Matt Targett,e514ab62,eng ENG,DF,Southampton,SOUTHAMPTON,20.0,1995,2016,5,5,373,4.1,0,0,0,0,0,0,0,0,0.0,0.0,0.0,0.0,0.0,0.0098,22,5,Fringe/Backup
Josh Sims,6d6f09dc,eng ENG,FW,Southampton,SOUTHAMPTON,19.0,1997,2016,7,1,211,2.3,0,1,1,0,0,0,0,0,0.0,0.43,0.43,0.0,0.43,0.0067,23,5,Fringe/Backup
Jérémy Pied,a634b9d2,fr FRA,DF,Southampton,SOUTHAMPTON,27.0,1989,2016,4,1,129,1.4,0,0,0,0,0,0,0,0,0.0,0.0,0.0,0.0,0.0,0.0034,24,5,Fringe/Backup
Martín Cáceres,e94d79e3,uy URU,DF,Southampton,SOUTHAMPTON,29.0,1987,2016,1,1,90,1.0,0,0,0,0,0,0,0,0,0.0,0.0,0.0,0.0,0.0,0.0024,25,5,Fringe/Backup
Harrison Reed,803ae100,eng ENG,MF,Southampton,SOUTHAMPTON,21.0,1995,2016,3,1,64,0.7,0,0,0,0,0,0,0,0,0.0,0.0,0.0,0.0,0.0,0.0017,26,5,Fringe/Backup
Joe Allen,9feb8f24,wls WAL,MF,Stoke City,STOKECITY,26.0,1990,2016,36,34,2930,32.6,6,2,8,6,0,0,9,0,0.18,0.06,0.25,0.18,0.25,0.0879,1,1,Talisman
Ryan Shawcross,285a3d44,eng ENG,DF,Stoke City,STOKECITY,28.0,1987,2016,35,35,3150,35.0,1,1,2,1,0,0,6,0,0.03,0.03,0.06,0.03,0.06,0.0864,2,1,Talisman
Marko Arnautović,00459419,at AUT,MFFW,Stoke City,STOKECITY,27.0,1989,2016,32,32,2714,30.2,6,5,11,6,0,1,9,1,0.2,0.17,0.36,0.2,0.36,0.0854,3,1,Talisman
Bruno Martins Indi,7bc34048,nl NED,DF,Stoke City,STOKECITY,24.0,1992,2016,35,35,3146,35.0,1,0,1,1,0,0,4,0,0.03,0.0,0.03,0.03,0.03,0.0851,4,1,Talisman
Erik Pieters,1ef37668,nl NED,DFMF,Stoke City,STOKECITY,27.0,1988,2016,36,35,3151,35.0,0,1,1,0,0,0,5,0,0.0,0.03,0.03,0.0,0.03,0.0851,5,1,Talisman
Lee Grant,9dab6e3b,eng ENG,GK,Stoke City,STOKECITY,33.0,1983,2016,28,28,2520,28.0,0,0,0,0,0,0,1,0,0.0,0.0,0.0,0.0,0.0,0.0671,6,2,Key Player
Glenn Whelan,d5bd56a5,ie IRL,MF,Stoke City,STOKECITY,32.0,1984,2016,30,26,2275,25.3,0,1,1,0,0,0,5,0,0.0,0.04,0.04,0.0,0.04,0.0618,7,2,Key Player
Xherdan Shaqiri,6421ec64,ch SUI,MF,Stoke City,STOKECITY,24.0,1991,2016,21,21,1698,18.9,4,2,6,4,0,0,2,0,0.21,0.11,0.32,0.21,0.32,0.0525,8,2,Key Player
Glen Johnson,8cceca90,eng ENG,DF,Stoke City,STOKECITY,31.0,1984,2016,23,21,1957,21.7,0,0,0,0,0,0,1,0,0.0,0.0,0.0,0.0,0.0,0.052,9,2,Key Player
Peter Crouch,73d9bdc7,eng ENG,FW,Stoke City,STOKECITY,35.0,1981,2016,27,13,1343,14.9,7,2,9,7,0,0,3,0,0.47,0.13,0.6,0.47,0.6,0.0464,10,2,Key Player
Geoff Cameron,1a160ea3,us USA,MFDF,Stoke City,STOKECITY,31.0,1985,2016,19,18,1629,18.1,0,2,2,0,0,0,1,0,0.0,0.11,0.11,0.0,0.11,0.0457,11,3,Regular Starter
Charlie Adam,aff418dc,sct SCO,MF,Stoke City,STOKECITY,30.0,1985,2016,24,17,1491,16.6,1,3,4,0,1,1,7,0,0.06,0.18,0.24,0.0,0.18,0.0433,12,3,Regular Starter
Jonathan Walters,0356cf4f,ie IRL,FWMF,Stoke City,STOKECITY,32.0,1983,2016,23,13,1304,14.5,4,2,6,3,1,1,1,0,0.28,0.14,0.41,0.21,0.35,0.0408,13,3,Regular Starter
Mame Biram Diouf,7f4f3e49,sn SEN,MFFW,Stoke City,STOKECITY,28.0,1987,2016,27,15,1385,15.4,1,2,3,1,0,0,3,0,0.06,0.13,0.19,0.06,0.19,0.0404,14,3,Regular Starter
Phil Bardsley,1ae30132,sct SCO,DF,Stoke City,STOKECITY,31.0,1985,2016,15,14,1167,13.0,0,0,0,0,0,0,6,2,0.0,0.0,0.0,0.0,0.0,0.0311,15,3,Regular Starter
Ramadan Sobhi,98be0d02,eg EGY,MF,Stoke City,STOKECITY,19.0,1997,2016,17,8,854,9.5,0,1,1,0,0,0,2,0,0.0,0.11,0.11,0.0,0.11,0.024,16,4,Squad Rotation
Giannelli Imbula,b86fe156,cd COD,MF,Stoke City,STOKECITY,23.0,1992,2016,12,9,796,8.8,0,0,0,0,0,0,1,0,0.0,0.0,0.0,0.0,0.0,0.0211,17,4,Squad Rotation
Wilfried Bony,61abe9b6,ci CIV,FW,Stoke City,STOKECITY,27.0,1988,2016,10,9,684,7.6,2,0,2,2,0,0,1,0,0.26,0.0,0.26,0.26,0.26,0.0206,18,4,Squad Rotation
Saido Berahino,25b166d0,bi BDI,FW,Stoke City,STOKECITY,22.0,1993,2016,13,8,720,8.0,0,0,0,0,0,0,0,0,0.0,0.0,0.0,0.0,0.0,0.0192,19,4,Squad Rotation
Marc Muniesa,4db76f57,es ESP,DF,Stoke City,STOKECITY,24.0,1992,2016,10,7,650,7.2,1,0,1,1,0,0,2,0,0.14,0.0,0.14,0.14,0.14,0.0185,20,4,Squad Rotation
Bojan Krkić,9fa0a0b8,es ESP,MFFW,Stoke City,STOKECITY,25.0,1990,2016,9,5,475,5.3,3,0,3,1,2,3,1,0,0.57,0.0,0.57,0.19,0.19,0.0139,21,5,Fringe/Backup
Jack Butland,cc70a1d5,eng ENG,GK,Stoke City,STOKECITY,23.0,1993,2016,5,5,450,5.0,0,0,0,0,0,0,0,0,0.0,0.0,0.0,0.0,0.0,0.012,22,5,Fringe/Backup
Shay Given,0db918ff,ie IRL,GK,Stoke City,STOKECITY,40.0,1976,2016,5,5,450,5.0,0,0,0,0,0,0,1,0,0.0,0.0,0.0,0.0,0.0,0.012,23,5,Fringe/Backup
Ibrahim Afellay,9a8c6673,nl NED,MF,Stoke City,STOKECITY,30.0,1986,2016,12,3,384,4.3,0,0,0,0,0,0,0,0,0.0,0.0,0.0,0.0,0.0,0.0103,24,5,Fringe/Backup
Philipp Wollscheid,c4cca587,de GER,DF,Stoke City,STOKECITY,27.0,1989,2016,2,2,180,2.0,0,0,0,0,0,0,1,0,0.0,0.0,0.0,0.0,0.0,0.0048,25,5,Fringe/Backup
Julien Ngoy,87449a74,be BEL,FWMF,Stoke City,STOKECITY,18.0,1997,2016,5,0,49,0.5,0,0,0,0,0,0,0,0,0.0,0.0,0.0,0.0,0.0,0.0012,26,5,Fringe/Backup
Jermain Defoe,f1e8372d,eng ENG,FW,Sunderland,SUNDERLAND,33.0,1982,2016,37,37,3321,36.9,15,2,17,10,5,5,1,0,0.41,0.05,0.46,0.27,0.33,0.1031,1,1,Talisman
Jordan Pickford,4806ec67,eng ENG,GK,Sunderland,SUNDERLAND,22.0,1994,2016,29,29,2610,29.0,0,0,0,0,0,0,0,0,0.0,0.0,0.0,0.0,0.0,0.0695,2,1,Talisman
Lamine Koné,a46472d0,ci CIV,DF,Sunderland,SUNDERLAND,27.0,1989,2016,30,29,2545,28.3,1,0,1,1,0,0,4,0,0.04,0.0,0.04,0.04,0.04,0.0692,3,1,Talisman
Didier Ibrahim Ndong,885b7aa7,ga GAB,MF,Sunderland,SUNDERLAND,22.0,1994,2016,31,27,2520,28.0,1,0,1,1,0,0,5,0,0.04,0.0,0.04,0.04,0.04,0.0685,4,1,Talisman
Billy Jones,aa3cb1ad,eng ENG,DFMF,Sunderland,SUNDERLAND,29.0,1987,2016,27,25,2270,25.2,1,0,1,1,0,0,8,0,0.04,0.0,0.04,0.04,0.04,0.0616,5,1,Talisman
John O'Shea,7c1f4685,ie IRL,DF,Sunderland,SUNDERLAND,35.0,1981,2016,28,26,2158,24.0,0,1,1,0,0,0,5,0,0.0,0.04,0.04,0.0,0.04,0.0587,6,1,Talisman
Patrick van Aanholt,5f09991f,nl NED,DFMF,Sunderland,SUNDERLAND,25.0,1990,2016,21,20,1784,19.8,3,1,4,3,0,0,2,0,0.15,0.05,0.2,0.15,0.2,0.0522,7,2,Key Player
Jason Denayer,47af88b8,be BEL,MFDF,Sunderland,SUNDERLAND,21.0,1995,2016,24,22,1877,20.9,0,0,0,0,0,0,2,0,0.0,0.0,0.0,0.0,0.0,0.0501,8,2,Key Player
Fabio Borini,ef5b337e,it ITA,FWMF,Sunderland,SUNDERLAND,25.0,1991,2016,24,19,1741,19.3,2,0,2,2,0,0,5,0,0.1,0.0,0.1,0.1,0.1,0.0486,9,2,Key Player
Adnan Januzaj,4737cebe,be BEL,MFFW,Sunderland,SUNDERLAND,21.0,1995,2016,25,18,1628,18.1,0,2,2,0,0,0,5,2,0.0,0.11,0.11,0.0,0.11,0.0458,10,2,Key Player
Papy Djilobodji,083525e5,sn SEN,DF,Sunderland,SUNDERLAND,27.0,1988,2016,18,17,1578,17.5,0,0,0,0,0,0,6,1,0.0,0.0,0.0,0.0,0.0,0.042,11,2,Key Player
Jack Rodwell,a07579ee,eng ENG,MF,Sunderland,SUNDERLAND,25.0,1991,2016,20,17,1492,16.6,0,1,1,0,0,0,4,0,0.0,0.06,0.06,0.0,0.06,0.041,12,2,Key Player
Sebastian Larsson,b26efc36,se SWE,MF,Sunderland,SUNDERLAND,31.0,1985,2016,21,17,1469,16.3,0,1,1,0,0,0,4,1,0.0,0.06,0.06,0.0,0.06,0.0403,13,3,Regular Starter
Javier Manquillo,758dd7f0,es ESP,DFMF,Sunderland,SUNDERLAND,22.0,1994,2016,20,15,1430,15.9,1,0,1,1,0,0,2,0,0.06,0.0,0.06,0.06,0.06,0.0393,14,3,Regular Starter
Victor Anichebe,4aed5c19,ng NGA,FWMF,Sunderland,SUNDERLAND,28.0,1988,2016,18,14,1219,13.5,3,0,3,3,0,0,2,0,0.22,0.0,0.22,0.22,0.22,0.0359,15,3,Regular Starter
Duncan Watmore,2b2bae51,eng ENG,MFFW,Sunderland,SUNDERLAND,22.0,1994,2016,14,11,1024,11.4,0,2,2,0,0,0,1,0,0.0,0.18,0.18,0.0,0.18,0.0298,16,3,Regular Starter
Wahbi Khazri,2677a1de,tn TUN,MFFW,Sunderland,SUNDERLAND,25.0,1991,2016,21,7,849,9.4,1,0,1,1,0,0,6,0,0.11,0.0,0.11,0.11,0.11,0.0238,17,3,Regular Starter
Bryan Oviedo,31faf295,cr CRC,DFMF,Sunderland,SUNDERLAND,26.0,1990,2016,10,10,848,9.4,0,0,0,0,0,0,1,0,0.0,0.0,0.0,0.0,0.0,0.0225,18,3,Regular Starter
Vito Mannone,c4173f1a,it ITA,GK,Sunderland,SUNDERLAND,28.0,1988,2016,9,9,810,9.0,0,0,0,0,0,0,0,0,0.0,0.0,0.0,0.0,0.0,0.0216,19,4,Squad Rotation
Steven Pienaar,8056f6e6,za RSA,MFFW,Sunderland,SUNDERLAND,34.0,1982,2016,15,10,802,8.9,0,0,0,0,0,0,7,1,0.0,0.0,0.0,0.0,0.0,0.0213,20,4,Squad Rotation
Donald Love,160599ed,sct SCO,DF,Sunderland,SUNDERLAND,21.0,1994,2016,12,6,611,6.8,0,1,1,0,0,0,1,0,0.0,0.15,0.15,0.0,0.15,0.0175,21,4,Squad Rotation
Darron Gibson,f0e72e1c,ie IRL,MF,Sunderland,SUNDERLAND,28.0,1987,2016,12,7,640,7.1,0,0,0,0,0,0,4,0,0.0,0.0,0.0,0.0,0.0,0.017,22,4,Squad Rotation
Lee Cattermole,538e77d5,eng ENG,MF,Sunderland,SUNDERLAND,28.0,1988,2016,8,8,633,7.0,0,0,0,0,0,0,4,0,0.0,0.0,0.0,0.0,0.0,0.0168,23,4,Squad Rotation
Jan Kirchhoff,a14d04e3,de GER,MF,Sunderland,SUNDERLAND,25.0,1990,2016,7,5,433,4.8,0,0,0,0,0,0,1,0,0.0,0.0,0.0,0.0,0.0,0.0115,24,4,Squad Rotation
Lynden Gooch,1ea00b03,us USA,MF,Sunderland,SUNDERLAND,20.0,1995,2016,11,4,366,4.1,0,0,0,0,0,0,3,0,0.0,0.0,0.0,0.0,0.0,0.0098,25,5,Fringe/Backup
Paddy McNair,8ac454b5,nir NIR,MF,Sunderland,SUNDERLAND,21.0,1995,2016,9,5,353,3.9,0,0,0,0,0,0,0,0,0.0,0.0,0.0,0.0,0.0,0.0094,26,5,Fringe/Backup
George Honeyman,84afeaff,eng ENG,MF,Sunderland,SUNDERLAND,21.0,1994,2016,5,2,235,2.6,0,0,0,0,0,0,1,0,0.0,0.0,0.0,0.0,0.0,0.0062,27,5,Fringe/Backup
Joleon Lescott,62393d3b,eng ENG,DF,Sunderland,SUNDERLAND,33.0,1982,2016,2,1,124,1.4,0,0,0,0,0,0,0,0,0.0,0.0,0.0,0.0,0.0,0.0034,28,5,Fringe/Backup
Younès Kaboul,3680d723,fr FRA,DF,Sunderland,SUNDERLAND,30.0,1986,2016,1,1,90,1.0,0,0,0,0,0,0,0,0,0.0,0.0,0.0,0.0,0.0,0.0024,29,5,Fringe/Backup
Jeremain Lens,6f1721f0,nl NED,FWMF,Sunderland,SUNDERLAND,28.0,1987,2016,2,0,69,0.8,0,0,0,0,0,0,0,0,0.0,0.0,0.0,0.0,0.0,0.0019,30,5,Fringe/Backup
Joel Asoro,13e827f8,se SWE,FWMF,Sunderland,SUNDERLAND,17.0,1999,2016,1,0,10,0.1,0,0,0,0,0,0,0,0,0.0,0.0,0.0,0.0,0.0,0.0002,31,5,Fringe/Backup
Gylfi Sigurðsson,76dd1480,is ISL,FWMF,Swansea City,SWANSEACITY,26.0,1989,2016,38,37,3327,37.0,9,13,22,6,3,3,2,0,0.24,0.35,0.6,0.16,0.51,0.1108,1,1,Talisman
Łukasz Fabiański,9328b835,pl POL,GK,Swansea City,SWANSEACITY,31.0,1985,2016,37,37,3330,37.0,0,0,0,0,0,0,1,0,0.0,0.0,0.0,0.0,0.0,0.0883,2,1,Talisman
Fernando Llorente,82dbf623,es ESP,FW,Swansea City,SWANSEACITY,31.0,1985,2016,33,28,2442,27.1,15,1,16,15,0,0,2,0,0.55,0.04,0.59,0.55,0.59,0.0837,3,1,Talisman
Leroy Fer,3cefa66a,nl NED,MF,Swansea City,SWANSEACITY,26.0,1990,2016,34,27,2404,26.7,6,2,8,6,0,0,9,0,0.22,0.07,0.3,0.22,0.3,0.0732,4,1,Talisman
Kyle Naughton,e860c42f,eng ENG,DF,Swansea City,SWANSEACITY,27.0,1988,2016,31,31,2714,30.2,1,0,1,1,0,0,5,0,0.03,0.0,0.03,0.03,0.03,0.0731,5,1,Talisman
Alfie Mawson,d368feb8,eng ENG,DF,Swansea City,SWANSEACITY,22.0,1994,2016,27,27,2430,27.0,4,0,4,4,0,0,1,0,0.15,0.0,0.15,0.15,0.15,0.0692,6,2,Key Player
Federico Fernández,f25b010f,ar ARG,DF,Swansea City,SWANSEACITY,27.0,1989,2016,27,27,2430,27.0,0,2,2,0,0,0,7,0,0.0,0.07,0.07,0.0,0.07,0.0667,7,2,Key Player
Jack Cork,74e12f1e,eng ENG,MF,Swansea City,SWANSEACITY,27.0,1989,2016,30,25,2232,24.8,0,0,0,0,0,0,7,0,0.0,0.0,0.0,0.0,0.0,0.0592,8,2,Key Player
Wayne Routledge,1d387eee,eng ENG,FWMF,Swansea City,SWANSEACITY,31.0,1985,2016,27,24,1922,21.4,3,1,4,3,0,0,1,0,0.14,0.05,0.19,0.14,0.19,0.0559,9,2,Key Player
Tom Carroll,5a1900a4,eng ENG,MF,Swansea City,SWANSEACITY,24.0,1992,2016,17,16,1387,15.4,1,2,3,1,0,0,1,0,0.06,0.13,0.19,0.06,0.19,0.0402,10,2,Key Player
Jordi Amat,d70a2141,id IDN,DF,Swansea City,SWANSEACITY,24.0,1992,2016,17,15,1409,15.7,0,0,0,0,0,0,5,0,0.0,0.0,0.0,0.0,0.0,0.0375,11,3,Regular Starter
Martin Olsson,2f72f79e,se SWE,DF,Swansea City,SWANSEACITY,28.0,1988,2016,15,14,1252,13.9,2,0,2,2,0,0,2,0,0.14,0.0,0.14,0.14,0.14,0.0355,12,3,Regular Starter
Ki Sung-yueng,1d8c99b0,kr KOR,MF,Swansea City,SWANSEACITY,27.0,1989,2016,23,13,1291,14.3,0,1,1,0,0,0,3,0,0.0,0.07,0.07,0.0,0.07,0.0353,13,3,Regular Starter
Modou Barrow,75783f5f,gm GAM,MFFW,Swansea City,SWANSEACITY,23.0,1992,2016,18,12,1145,12.7,0,2,2,0,0,0,1,0,0.0,0.16,0.16,0.0,0.16,0.0327,14,3,Regular Starter
Leon Britton,b92dd711,eng ENG,MF,Swansea City,SWANSEACITY,33.0,1982,2016,16,16,1163,12.9,0,0,0,0,0,0,3,0,0.0,0.0,0.0,0.0,0.0,0.0308,15,3,Regular Starter
Stephen Kingsley,488cc9c7,sct SCO,DF,Swansea City,SWANSEACITY,22.0,1994,2016,13,12,1036,11.5,0,1,1,0,0,0,0,0,0.0,0.09,0.09,0.0,0.09,0.0287,16,3,Regular Starter
Jordan Ayew,da052c14,gh GHA,FWMF,Swansea City,SWANSEACITY,24.0,1991,2016,14,9,866,9.6,1,2,3,1,0,0,1,0,0.1,0.21,0.31,0.1,0.31,0.0265,17,4,Squad Rotation
Neil Taylor,c2f9d19f,wls WAL,DF,Swansea City,SWANSEACITY,27.0,1989,2016,11,11,920,10.2,0,0,0,0,0,0,1,0,0.0,0.0,0.0,0.0,0.0,0.0243,18,4,Squad Rotation
Àngel Rangel,93ee387c,es ESP,DF,Swansea City,SWANSEACITY,33.0,1982,2016,18,8,831,9.2,1,0,1,1,0,0,1,0,0.11,0.0,0.11,0.11,0.11,0.0232,19,4,Squad Rotation
Mike van der Hoorn,25f50295,nl NED,DF,Swansea City,SWANSEACITY,23.0,1992,2016,8,7,662,7.4,1,0,1,1,0,0,1,0,0.14,0.0,0.14,0.14,0.14,0.0189,20,4,Squad Rotation
Jay Fulton,434ad289,sct SCO,MF,Swansea City,SWANSEACITY,22.0,1994,2016,11,9,690,7.7,0,0,0,0,0,0,2,0,0.0,0.0,0.0,0.0,0.0,0.0184,21,4,Squad Rotation
Borja Bastón,8c44e37b,es ESP,FW,Swansea City,SWANSEACITY,23.0,1992,2016,18,4,561,6.2,1,0,1,1,0,0,0,0,0.16,0.0,0.16,0.16,0.16,0.016,22,5,Fringe/Backup
Jefferson Montero,fa6561bf,ec ECU,MFFW,Swansea City,SWANSEACITY,26.0,1989,2016,13,2,489,5.4,0,1,1,0,0,0,0,0,0.0,0.18,0.18,0.0,0.18,0.014,23,5,Fringe/Backup
Luciano Narsingh,977ffc24,nl NED,FW,Swansea City,SWANSEACITY,25.0,1990,2016,13,3,416,4.6,0,2,2,0,0,0,0,0,0.0,0.43,0.43,0.0,0.43,0.0133,24,5,Fringe/Backup
Nathan Dyer,6dfd5af0,eng ENG,MFFW,Swansea City,SWANSEACITY,28.0,1987,2016,8,3,214,2.4,0,1,1,0,0,0,0,0,0.0,0.42,0.42,0.0,0.42,0.0069,25,5,Fringe/Backup
Kristoffer Nordfeldt,78549904,se SWE,GK,Swansea City,SWANSEACITY,27.0,1989,2016,1,1,90,1.0,0,0,0,0,0,0,0,0,0.0,0.0,0.0,0.0,0.0,0.0024,26,5,Fringe/Backup
Oliver McBurnie,78b8ac63,sct SCO,FW,Swansea City,SWANSEACITY,20.0,1996,2016,5,0,82,0.9,0,0,0,0,0,0,0,0,0.0,0.0,0.0,0.0,0.0,0.0021,27,5,Fringe/Backup
Christian Eriksen,980522ec,dk DEN,MF,Tottenham,TOTTENHAMHOTSPUR,24.0,1992,2016,36,36,3157,35.1,8,15,23,8,0,0,0,0,0.23,0.43,0.66,0.23,0.66,0.1117,1,1,Talisman
Dele Alli,cea4ee8f,eng ENG,MF,Tottenham,TOTTENHAMHOTSPUR,20.0,1996,2016,37,35,3034,33.7,18,7,25,17,1,1,4,0,0.53,0.21,0.74,0.5,0.71,0.1092,2,1,Talisman
Harry Kane,21a66f6a,eng ENG,FW,Tottenham,TOTTENHAMHOTSPUR,23.0,1993,2016,30,29,2521,28.0,29,5,34,24,5,6,3,0,1.04,0.18,1.21,0.86,1.04,0.1018,3,1,Talisman
Victor Wanyama,e0900238,ke KEN,MF,Tottenham,TOTTENHAMHOTSPUR,25.0,1991,2016,36,35,3012,33.5,4,1,5,4,0,0,10,0,0.12,0.03,0.15,0.12,0.15,0.0862,4,1,Talisman
Eric Dier,ac861941,eng ENG,DFMF,Tottenham,TOTTENHAMHOTSPUR,22.0,1994,2016,36,34,3043,33.8,2,1,3,2,0,0,6,0,0.06,0.03,0.09,0.06,0.09,0.0845,5,2,Key Player
Hugo Lloris,8f62b6ee,fr FRA,GK,Tottenham,TOTTENHAMHOTSPUR,29.0,1986,2016,34,34,3004,33.4,0,0,0,0,0,0,0,0,0.0,0.0,0.0,0.0,0.0,0.0799,6,2,Key Player
Son Heung-min,92e7e919,kr KOR,MFFW,Tottenham,TOTTENHAMHOTSPUR,24.0,1992,2016,34,23,2062,22.9,14,6,20,14,0,0,2,0,0.61,0.26,0.87,0.61,0.87,0.0786,7,2,Key Player
Kyle Walker,86dd77d1,eng ENG,DFMF,Tottenham,TOTTENHAMHOTSPUR,26.0,1990,2016,33,31,2701,30.0,0,5,5,0,0,0,8,0,0.0,0.17,0.17,0.0,0.17,0.0779,8,2,Key Player
Jan Vertonghen,ba23a904,be BEL,DF,Tottenham,TOTTENHAMHOTSPUR,29.0,1987,2016,33,33,2894,32.2,0,0,0,0,0,0,5,0,0.0,0.0,0.0,0.0,0.0,0.077,9,2,Key Player
Toby Alderweireld,f7d50789,be BEL,DF,Tottenham,TOTTENHAMHOTSPUR,27.0,1989,2016,30,30,2601,28.9,1,0,1,1,0,0,1,0,0.03,0.0,0.03,0.03,0.03,0.0702,10,3,Regular Starter
Mousa Dembélé,f7ee69fb,be BEL,MF,Tottenham,TOTTENHAMHOTSPUR,29.0,1987,2016,30,24,2056,22.8,1,1,2,1,0,0,5,0,0.04,0.04,0.09,0.04,0.09,0.057,11,3,Regular Starter
Ben Davies,44781702,wls WAL,DFMF,Tottenham,TOTTENHAMHOTSPUR,23.0,1993,2016,23,18,1739,19.3,1,3,4,1,0,0,1,0,0.05,0.16,0.21,0.05,0.21,0.051,12,3,Regular Starter
Danny Rose,89d10e53,eng ENG,DFMF,Tottenham,TOTTENHAMHOTSPUR,26.0,1990,2016,18,18,1530,17.0,2,2,4,2,0,0,8,0,0.12,0.12,0.24,0.12,0.24,0.0456,13,3,Regular Starter
Moussa Sissoko,2acd49b9,fr FRA,MFFW,Tottenham,TOTTENHAMHOTSPUR,26.0,1989,2016,25,8,911,10.1,0,2,2,0,0,0,3,0,0.0,0.2,0.2,0.0,0.2,0.0266,14,3,Regular Starter
Vincent Janssen,31dce0c8,nl NED,FW,Tottenham,TOTTENHAMHOTSPUR,22.0,1994,2016,27,7,845,9.4,2,2,4,1,1,1,0,0,0.21,0.21,0.43,0.11,0.32,0.0261,15,4,Squad Rotation
Kieran Trippier,21512407,eng ENG,DFMF,Tottenham,TOTTENHAMHOTSPUR,25.0,1990,2016,12,6,568,6.3,0,5,5,0,0,0,1,0,0.0,0.79,0.79,0.0,0.79,0.021,16,4,Squad Rotation
Érik Lamela,abe66106,ar ARG,MF,Tottenham,TOTTENHAMHOTSPUR,24.0,1992,2016,9,6,594,6.6,1,3,4,1,0,1,1,0,0.15,0.45,0.61,0.15,0.61,0.0206,17,4,Squad Rotation
Harry Winks,2f7acede,eng ENG,MF,Tottenham,TOTTENHAMHOTSPUR,20.0,1996,2016,21,3,493,5.5,1,1,2,1,0,0,1,0,0.18,0.18,0.37,0.18,0.37,0.0156,18,4,Squad Rotation
Michel Vorm,1bebde9d,nl NED,GK,Tottenham,TOTTENHAMHOTSPUR,32.0,1983,2016,5,4,416,4.6,0,0,0,0,0,0,0,0,0.0,0.0,0.0,0.0,0.0,0.011,19,4,Squad Rotation
Kevin Wimmer,faf55ce4,at AUT,DF,Tottenham,TOTTENHAMHOTSPUR,23.0,1992,2016,5,4,357,4.0,0,0,0,0,0,0,3,0,0.0,0.0,0.0,0.0,0.0,0.0096,20,5,Fringe/Backup
Georges-Kévin N'Koudou,76c131da,cm CMR,FWMF,Tottenham,TOTTENHAMHOTSPUR,21.0,1995,2016,8,0,54,0.6,0,0,0,0,0,0,0,0,0.0,0.0,0.0,0.0,0.0,0.0014,21,5,Fringe/Backup
Josh Onomah,6612cd8c,eng ENG,FWMF,Tottenham,TOTTENHAMHOTSPUR,19.0,1997,2016,5,0,22,0.2,0,0,0,0,0,0,0,0,0.0,0.0,0.0,0.0,0.0,0.0005,22,5,Fringe/Backup
Filip Lesniak,5348fe7c,sk SVK,MF,Tottenham,TOTTENHAMHOTSPUR,20.0,1996,2016,1,0,5,0.1,0,0,0,0,0,0,0,0,0.0,0.0,0.0,0.0,0.0,0.0002,23,5,Fringe/Backup
Tom Carroll,5a1900a4,eng ENG,MF,Tottenham,TOTTENHAMHOTSPUR,24.0,1992,2016,1,0,1,0.0,0,0,0,0,0,0,0,0,0.0,0.0,0.0,0.0,0.0,0.0,24,5,Fringe/Backup
Étienne Capoue,5acc4a10,fr FRA,MF,Watford,WATFORD,28.0,1988,2016,37,37,3203,35.6,7,1,8,7,0,0,5,0,0.2,0.03,0.22,0.2,0.22,0.0946,1,1,Talisman
Troy Deeney,82e34b69,eng ENG,FW,Watford,WATFORD,28.0,1988,2016,37,31,2944,32.7,10,4,14,7,3,3,7,0,0.31,0.12,0.43,0.21,0.34,0.0916,2,1,Talisman
Heurelho Gomes,d596e193,br BRA,GK,Watford,WATFORD,35.0,1981,2016,38,38,3337,37.1,0,0,0,0,0,0,1,0,0.0,0.0,0.0,0.0,0.0,0.0888,3,1,Talisman
José Holebas,12aa7661,gr GRE,DFMF,Watford,WATFORD,32.0,1984,2016,33,33,2905,32.3,2,4,6,2,0,0,14,0,0.06,0.12,0.19,0.06,0.19,0.0847,4,1,Talisman
Sebastian Prödl,f5e6d08d,at AUT,DF,Watford,WATFORD,29.0,1987,2016,33,32,2768,30.8,1,1,2,1,0,0,12,2,0.03,0.03,0.07,0.03,0.07,0.0763,5,1,Talisman
Miguel Britos,356a9a62,uy URU,DF,Watford,WATFORD,31.0,1985,2016,27,27,2282,25.4,1,2,3,1,0,0,10,2,0.04,0.08,0.12,0.04,0.12,0.0645,6,1,Talisman
Nordin Amrabat,7c2a398c,ma MAR,MFFW,Watford,WATFORD,29.0,1987,2016,29,25,2091,23.2,0,3,3,0,0,0,4,0,0.0,0.13,0.13,0.0,0.13,0.0592,7,2,Key Player
Valon Behrami,d3d758d8,ch SUI,MF,Watford,WATFORD,31.0,1985,2016,27,26,2030,22.6,0,2,2,0,0,0,7,0,0.0,0.09,0.09,0.0,0.09,0.0566,8,2,Key Player
Younès Kaboul,3680d723,fr FRA,DF,Watford,WATFORD,30.0,1986,2016,22,22,1820,20.2,2,0,2,2,0,0,2,0,0.1,0.0,0.1,0.1,0.1,0.0508,9,2,Key Player
Daryl Janmaat,45da6694,nl NED,MFDF,Watford,WATFORD,27.0,1989,2016,27,18,1617,18.0,2,1,3,2,0,0,2,0,0.11,0.06,0.17,0.11,0.17,0.0468,10,2,Key Player
Tom Cleverley,6cdd8245,eng ENG,MF,Watford,WATFORD,26.0,1989,2016,17,16,1441,16.0,0,2,2,0,0,0,3,0,0.0,0.12,0.12,0.0,0.12,0.0406,11,2,Key Player
M'Baye Niang,2054d037,sn SEN,MFFW,Watford,WATFORD,21.0,1994,2016,16,15,1246,13.8,2,2,4,2,0,0,2,0,0.14,0.14,0.29,0.14,0.29,0.0378,12,2,Key Player
Abdoulaye Doucouré,02b29014,ml MLI,MF,Watford,WATFORD,23.0,1993,2016,20,14,1361,15.1,1,0,1,1,0,0,4,0,0.07,0.0,0.07,0.07,0.07,0.0374,13,2,Key Player
Odion Ighalo,03622183,ng NGA,FW,Watford,WATFORD,27.0,1989,2016,18,14,1291,14.3,1,0,1,1,0,0,1,0,0.07,0.0,0.07,0.07,0.07,0.0354,14,3,Regular Starter
Roberto Pereyra,75f2c59f,ar ARG,MFFW,Watford,WATFORD,25.0,1991,2016,13,12,1037,11.5,2,2,4,2,0,0,2,1,0.17,0.17,0.35,0.17,0.35,0.0324,15,3,Regular Starter
Craig Cathcart,89e4b358,nir NIR,DF,Watford,WATFORD,27.0,1989,2016,15,13,1162,12.9,0,1,1,0,0,0,3,0,0.0,0.08,0.08,0.0,0.08,0.0321,16,3,Regular Starter
Stefano Okaka,601ef102,it ITA,FW,Watford,WATFORD,26.0,1989,2016,19,10,958,10.6,4,1,5,4,0,0,5,0,0.38,0.09,0.47,0.38,0.47,0.0313,17,3,Regular Starter
Juan Zúñiga,06b34f37,co COL,DFMF,Watford,WATFORD,30.0,1985,2016,21,6,825,9.2,1,0,1,1,0,0,1,0,0.11,0.0,0.11,0.11,0.11,0.0232,18,3,Regular Starter
Christian Kabasele,914ab9a1,be BEL,DFMF,Watford,WATFORD,25.0,1991,2016,16,7,771,8.6,2,0,2,2,0,0,1,0,0.23,0.0,0.23,0.23,0.23,0.023,19,3,Regular Starter
Adlène Guedioura,f75825e3,dz ALG,MF,Watford,WATFORD,30.0,1985,2016,12,9,721,8.0,0,0,0,0,0,0,2,0,0.0,0.0,0.0,0.0,0.0,0.0192,20,4,Squad Rotation
Isaac Success,f573a8bf,ng NGA,MF,Watford,WATFORD,20.0,1996,2016,19,2,519,5.8,1,1,2,1,0,0,2,0,0.17,0.17,0.35,0.17,0.35,0.0163,21,4,Squad Rotation
Adrian Mariappa,8aa5f52c,jm JAM,DF,Watford,WATFORD,29.0,1986,2016,7,6,562,6.2,0,0,0,0,0,0,0,0,0.0,0.0,0.0,0.0,0.0,0.0148,22,4,Squad Rotation
Mauro Zárate,cc18ff4c,ar ARG,FWMF,Watford,WATFORD,29.0,1987,2016,3,3,203,2.3,0,0,0,0,0,0,0,0,0.0,0.0,0.0,0.0,0.0,0.0055,23,4,Squad Rotation
Brandon Mason,1415840f,eng ENG,DF,Watford,WATFORD,18.0,1997,2016,2,1,113,1.3,0,0,0,0,0,0,0,0,0.0,0.0,0.0,0.0,0.0,0.0031,24,4,Squad Rotation
Jerome Sinclair,1695c659,eng ENG,FW,Watford,WATFORD,19.0,1996,2016,5,1,116,1.3,0,0,0,0,0,0,0,0,0.0,0.0,0.0,0.0,0.0,0.0031,25,4,Squad Rotation
Costel Pantilimon,d24e154c,ro ROU,GK,Watford,WATFORD,29.0,1987,2016,2,0,83,0.9,0,0,0,0,0,0,0,0,0.0,0.0,0.0,0.0,0.0,0.0022,26,4,Squad Rotation
Andrew Eleftheriou,0878b548,eng ENG,DF,Watford,WATFORD,18.0,1997,2016,1,0,52,0.6,0,0,0,0,0,0,0,0,0.0,0.0,0.0,0.0,0.0,0.0014,27,5,Fringe/Backup
Ben Watson,df540668,eng ENG,MF,Watford,WATFORD,31.0,1985,2016,4,0,54,0.6,0,0,0,0,0,0,0,1,0.0,0.0,0.0,0.0,0.0,0.0014,28,5,Fringe/Backup
Dion Pereira,8aab04dc,ag ATG,MF,Watford,WATFORD,17.0,1999,2016,2,0,25,0.3,0,0,0,0,0,0,0,0,0.0,0.0,0.0,0.0,0.0,0.0007,29,5,Fringe/Backup
Kenedy,5eebbfdf,br BRA,FWMF,Watford,WATFORD,20.0,1996,2016,1,0,16,0.2,0,0,0,0,0,0,0,0,0.0,0.0,0.0,0.0,0.0,0.0005,30,5,Fringe/Backup
Ikechi Anya,c55e973d,sct SCO,FWMF,Watford,WATFORD,28.0,1988,2016,1,0,10,0.1,0,0,0,0,0,0,0,0,0.0,0.0,0.0,0.0,0.0,0.0002,31,5,Fringe/Backup
Michael Folivi,a7b41270,eng ENG,FW,Watford,WATFORD,18.0,1998,2016,1,0,10,0.1,0,0,0,0,0,0,0,0,0.0,0.0,0.0,0.0,0.0,0.0002,32,5,Fringe/Backup
Matěj Vydra,0d4ceb32,cz CZE,FWMF,Watford,WATFORD,24.0,1992,2016,1,0,3,0.0,0,0,0,0,0,0,0,0,0.0,0.0,0.0,0.0,0.0,0.0,33,5,Fringe/Backup
Darren Fletcher,184e4970,sct SCO,MF,West Brom,WESTBROMWICHALBION,32.0,1984,2016,38,37,3231,35.9,2,3,5,2,0,0,0,0,0.06,0.08,0.14,0.06,0.14,0.0918,1,1,Talisman
Craig Dawson,3e9e06cb,eng ENG,DF,West Brom,WESTBROMWICHALBION,26.0,1990,2016,37,37,3276,36.4,4,0,4,4,0,0,10,0,0.11,0.0,0.11,0.11,0.11,0.0917,2,1,Talisman
Gareth McAuley,ac7d7378,nir NIR,DF,West Brom,WESTBROMWICHALBION,36.0,1979,2016,36,36,3140,34.9,6,1,7,6,0,0,5,0,0.17,0.03,0.2,0.17,0.2,0.0917,3,1,Talisman
Ben Foster,d0b3ceb9,eng ENG,GK,West Brom,WESTBROMWICHALBION,33.0,1983,2016,38,38,3420,38.0,0,0,0,0,0,0,2,0,0.0,0.0,0.0,0.0,0.0,0.0908,4,1,Talisman
Salomón Rondón,b318a643,ve VEN,FW,West Brom,WESTBROMWICHALBION,26.0,1989,2016,38,32,2891,32.1,8,2,10,8,0,0,2,0,0.25,0.06,0.31,0.25,0.31,0.0886,5,2,Key Player
Jonny Evans,f8fcd2a5,nir NIR,DF,West Brom,WESTBROMWICHALBION,28.0,1988,2016,31,30,2637,29.3,2,2,4,2,0,0,8,0,0.07,0.07,0.14,0.07,0.14,0.0749,6,2,Key Player
Chris Brunt,ec7e6ad1,nir NIR,MFDF,West Brom,WESTBROMWICHALBION,31.0,1984,2016,31,27,2477,27.5,3,4,7,3,0,0,5,0,0.11,0.15,0.25,0.11,0.25,0.0739,7,2,Key Player
Matt Phillips,7bb5f40e,sct SCO,MF,West Brom,WESTBROMWICHALBION,25.0,1991,2016,27,26,2181,24.2,4,8,12,4,0,0,2,0,0.17,0.33,0.5,0.17,0.5,0.0723,8,2,Key Player
Allan Nyom,97572117,cm CMR,DF,West Brom,WESTBROMWICHALBION,28.0,1988,2016,32,29,2638,29.3,0,1,1,0,0,0,8,0,0.0,0.03,0.03,0.0,0.03,0.071,9,2,Key Player
Nacer Chadli,5b54bf3b,be BEL,MFFW,West Brom,WESTBROMWICHALBION,26.0,1989,2016,31,27,2134,23.7,5,4,9,4,1,1,2,0,0.21,0.17,0.38,0.17,0.34,0.0662,10,3,Regular Starter
Claudio Yacob,bda6ffd4,ar ARG,MF,West Brom,WESTBROMWICHALBION,29.0,1987,2016,33,27,2418,26.9,0,0,0,0,0,0,9,0,0.0,0.0,0.0,0.0,0.0,0.0643,11,3,Regular Starter
James Morrison,21a66e33,sct SCO,MF,West Brom,WESTBROMWICHALBION,30.0,1986,2016,31,17,1740,19.3,5,2,7,5,0,0,3,0,0.26,0.1,0.36,0.26,0.36,0.0544,12,3,Regular Starter
James McClean,53538b39,ie IRL,MFFW,West Brom,WESTBROMWICHALBION,27.0,1989,2016,34,13,1477,16.4,1,2,3,1,0,0,9,0,0.06,0.12,0.18,0.06,0.18,0.0427,13,3,Regular Starter
Jake Livermore,b98570d1,eng ENG,MF,West Brom,WESTBROMWICHALBION,26.0,1989,2016,16,15,1301,14.5,0,0,0,0,0,0,2,0,0.0,0.0,0.0,0.0,0.0,0.0346,14,4,Squad Rotation
Hal Robson-Kanu,fb2dec57,wls WAL,FW,West Brom,WESTBROMWICHALBION,27.0,1989,2016,29,5,701,7.8,3,2,5,3,0,0,3,0,0.39,0.26,0.64,0.39,0.64,0.0246,15,4,Squad Rotation
Jonas Olsson,48844a9b,se SWE,DF,West Brom,WESTBROMWICHALBION,33.0,1983,2016,7,7,590,6.6,0,0,0,0,0,0,3,0,0.0,0.0,0.0,0.0,0.0,0.0158,16,4,Squad Rotation
Sam Field,bd8a7d05,eng ENG,MF,West Brom,WESTBROMWICHALBION,18.0,1998,2016,8,4,275,3.1,0,0,0,0,0,0,2,0,0.0,0.0,0.0,0.0,0.0,0.0074,17,4,Squad Rotation
Craig Gardner,1117b9ff,eng ENG,MF,West Brom,WESTBROMWICHALBION,29.0,1986,2016,9,2,218,2.4,0,1,1,0,0,0,1,0,0.0,0.41,0.41,0.0,0.41,0.0069,18,4,Squad Rotation
Marc Wilson,c325c010,ie IRL,DF,West Brom,WESTBROMWICHALBION,28.0,1987,2016,4,3,254,2.8,0,0,0,0,0,0,3,0,0.0,0.0,0.0,0.0,0.0,0.0067,19,5,Fringe/Backup
Saido Berahino,25b166d0,bi BDI,FW,West Brom,WESTBROMWICHALBION,22.0,1993,2016,4,3,243,2.7,0,0,0,0,0,0,1,0,0.0,0.0,0.0,0.0,0.0,0.0065,20,5,Fringe/Backup
Brendan Galloway,321506b3,zw ZIM,DF,West Brom,WESTBROMWICHALBION,20.0,1996,2016,3,3,247,2.7,0,0,0,0,0,0,0,0,0.0,0.0,0.0,0.0,0.0,0.0065,21,5,Fringe/Backup
Jonathan Leko,76b5cbbd,eng ENG,FWMF,West Brom,WESTBROMWICHALBION,17.0,1999,2016,9,0,181,2.0,0,1,1,0,0,0,0,0,0.0,0.5,0.5,0.0,0.5,0.006,22,5,Fringe/Backup
Rickie Lambert,495de82c,eng ENG,FW,West Brom,WESTBROMWICHALBION,34.0,1982,2016,1,0,13,0.1,0,0,0,0,0,0,0,0,0.0,0.0,0.0,0.0,0.0,0.0002,23,5,Fringe/Backup
Manuel Lanzini,26f6dca8,ar ARG,MF,West Ham,WESTHAMUNITED,23.0,1993,2016,35,31,2706,30.1,8,2,10,6,2,2,9,0,0.27,0.07,0.33,0.2,0.27,0.0819,1,1,Talisman
Michail Antonio,ac05f970,jm JAM,MFFW,West Ham,WESTHAMUNITED,26.0,1990,2016,29,29,2433,27.0,9,3,12,9,0,0,6,2,0.33,0.11,0.44,0.33,0.44,0.079,2,1,Talisman
Cheikhou Kouyaté,8d3c902d,sn SEN,MFDF,West Ham,WESTHAMUNITED,26.0,1989,2016,31,31,2723,30.3,1,0,1,1,0,0,3,0,0.03,0.0,0.03,0.03,0.03,0.0738,3,1,Talisman
Winston Reid,562eed5c,nz NZL,DF,West Ham,WESTHAMUNITED,28.0,1988,2016,30,30,2587,28.7,2,1,3,2,0,0,10,1,0.07,0.03,0.1,0.07,0.1,0.0723,4,1,Talisman
Mark Noble,ff527768,eng ENG,MF,West Ham,WESTHAMUNITED,29.0,1987,2016,30,29,2389,26.5,3,0,3,2,1,2,10,0,0.11,0.0,0.11,0.08,0.08,0.0661,5,1,Talisman
Aaron Cresswell,4f974391,eng ENG,DFMF,West Ham,WESTHAMUNITED,26.0,1989,2016,26,24,2116,23.5,0,2,2,0,0,0,4,2,0.0,0.09,0.09,0.0,0.09,0.0589,6,2,Key Player
Darren Randolph,6385ebfb,ie IRL,GK,West Ham,WESTHAMUNITED,29.0,1987,2016,22,22,1980,22.0,0,0,0,0,0,0,1,0,0.0,0.0,0.0,0.0,0.0,0.0528,7,2,Key Player
Dimitri Payet,58ae47b2,fr FRA,MFFW,West Ham,WESTHAMUNITED,29.0,1987,2016,18,17,1511,16.8,2,6,8,2,0,0,2,0,0.12,0.36,0.48,0.12,0.48,0.05,8,2,Key Player
Pedro Obiang,ba1e04b3,gq EQG,MF,West Ham,WESTHAMUNITED,24.0,1992,2016,22,21,1763,19.6,1,1,2,1,0,0,7,0,0.05,0.05,0.1,0.05,0.1,0.0494,9,2,Key Player
André Ayew,5dbefa9d,gh GHA,MFFW,West Ham,WESTHAMUNITED,26.0,1989,2016,25,16,1438,16.0,6,3,9,6,0,0,1,0,0.38,0.19,0.56,0.38,0.56,0.0491,10,2,Key Player
Angelo Ogbonna,74b2cd7e,it ITA,DF,West Ham,WESTHAMUNITED,28.0,1988,2016,20,20,1755,19.5,0,0,0,0,0,0,2,0,0.0,0.0,0.0,0.0,0.0,0.0468,11,2,Key Player
James Collins,c61f1719,wls WAL,DF,West Ham,WESTHAMUNITED,32.0,1983,2016,22,19,1655,18.4,2,0,2,2,0,0,3,0,0.11,0.0,0.11,0.11,0.11,0.0466,12,3,Regular Starter
Andy Carroll,b581987a,eng ENG,FW,West Ham,WESTHAMUNITED,27.0,1989,2016,18,15,1311,14.6,7,1,8,7,0,0,3,0,0.48,0.07,0.55,0.48,0.55,0.0446,13,3,Regular Starter
Adrián,f76e6b4e,es ESP,GK,West Ham,WESTHAMUNITED,29.0,1987,2016,16,16,1440,16.0,0,0,0,0,0,0,1,0,0.0,0.0,0.0,0.0,0.0,0.0384,14,3,Regular Starter
José Fonte,90f87966,pt POR,DF,West Ham,WESTHAMUNITED,32.0,1983,2016,16,16,1404,15.6,0,0,0,0,0,0,2,0,0.0,0.0,0.0,0.0,0.0,0.0374,15,3,Regular Starter
Sam Byram,1bf811d4,eng ENG,DFMF,West Ham,WESTHAMUNITED,22.0,1993,2016,18,13,1249,13.9,0,1,1,0,0,0,7,1,0.0,0.07,0.07,0.0,0.07,0.0345,16,3,Regular Starter
Sofiane Feghouli,691f64f5,dz ALG,MFFW,West Ham,WESTHAMUNITED,26.0,1989,2016,21,11,1041,11.6,3,2,5,3,0,0,1,1,0.26,0.17,0.43,0.26,0.43,0.0338,17,3,Regular Starter
Edimilson Fernandes,3bb625ac,ch SUI,MF,West Ham,WESTHAMUNITED,20.0,1996,2016,28,8,1001,11.1,0,1,1,0,0,0,4,0,0.0,0.09,0.09,0.0,0.09,0.0278,18,4,Squad Rotation
Arthur Masuaku,57df7a11,cd COD,DFMF,West Ham,WESTHAMUNITED,22.0,1993,2016,13,11,972,10.8,0,1,1,0,0,0,1,0,0.0,0.09,0.09,0.0,0.09,0.0271,19,4,Squad Rotation
Håvard Nordtveit,6cafd68d,no NOR,DFMF,West Ham,WESTHAMUNITED,26.0,1990,2016,16,11,957,10.6,0,1,1,0,0,0,2,0,0.0,0.09,0.09,0.0,0.09,0.0266,20,4,Squad Rotation
Robert Snodgrass,9f4647e9,sct SCO,MFFW,West Ham,WESTHAMUNITED,28.0,1987,2016,15,8,838,9.3,0,2,2,0,0,0,0,0,0.0,0.21,0.21,0.0,0.21,0.0246,21,4,Squad Rotation
Jonathan Calleri,6922f806,ar ARG,FW,West Ham,WESTHAMUNITED,22.0,1993,2016,16,4,540,6.0,1,0,1,1,0,0,0,0,0.17,0.0,0.17,0.17,0.17,0.0156,22,4,Squad Rotation
Simone Zaza,9592289a,it ITA,FW,West Ham,WESTHAMUNITED,25.0,1991,2016,8,5,459,5.1,0,0,0,0,0,0,2,0,0.0,0.0,0.0,0.0,0.0,0.0122,23,4,Squad Rotation
Ashley Fletcher,eeb6551f,eng ENG,FW,West Ham,WESTHAMUNITED,20.0,1995,2016,16,2,367,4.1,0,0,0,0,0,0,2,0,0.0,0.0,0.0,0.0,0.0,0.0098,24,5,Fringe/Backup
Gökhan Töre,51960957,tr TUR,MFFW,West Ham,WESTHAMUNITED,24.0,1992,2016,5,3,240,2.7,0,1,1,0,0,0,0,0,0.0,0.37,0.37,0.0,0.37,0.0077,25,5,Fringe/Backup
Álvaro Arbeloa,6dc73abd,es ESP,DF,West Ham,WESTHAMUNITED,33.0,1983,2016,3,1,258,2.9,0,0,0,0,0,0,3,0,0.0,0.0,0.0,0.0,0.0,0.007,26,5,Fringe/Backup
Diafra Sakho,57c433c8,sn SEN,FW,West Ham,WESTHAMUNITED,26.0,1989,2016,4,2,181,2.0,1,0,1,1,0,0,0,0,0.5,0.0,0.5,0.5,0.5,0.006,27,5,Fringe/Backup
Enner Valencia,fb485406,ec ECU,FW,West Ham,WESTHAMUNITED,26.0,1989,2016,3,3,211,2.3,0,0,0,0,0,0,0,0,0.0,0.0,0.0,0.0,0.0,0.0055,28,5,Fringe/Backup
Declan Rice,1c7012b8,eng ENG,DFMF,West Ham,WESTHAMUNITED,17.0,1999,2016,1,0,1,0.0,0,0,0,0,0,0,0,0,0.0,0.0,0.0,0.0,0.0,0.0,29,5,Fringe/Backup
Nathan Aké,eaeca114,nl NED,DF,Bournemouth,AFCBOURNEMOUTH,22.0,1995,2017,38,37,3353,37.3,2,3,5,2,0,0,5,0,0.05,0.08,0.13,0.05,0.13,0.095,1,1,Talisman
Asmir Begović,7b4de647,ba BIH,GK,Bournemouth,AFCBOURNEMOUTH,30.0,1987,2017,38,38,3420,38.0,0,0,0,0,0,0,2,0,0.0,0.0,0.0,0.0,0.0,0.0908,2,1,Talisman
Charlie Daniels,9d107085,eng ENG,DFMF,Bournemouth,AFCBOURNEMOUTH,30.0,1986,2017,35,34,3002,33.4,1,3,4,1,0,0,0,0,0.03,0.09,0.12,0.03,0.12,0.0846,3,1,Talisman
Steve Cook,3e5e4e63,eng ENG,DF,Bournemouth,AFCBOURNEMOUTH,26.0,1991,2017,34,31,2767,30.7,2,1,3,2,0,0,5,0,0.07,0.03,0.1,0.07,0.1,0.0771,4,1,Talisman
Joshua King,43458538,no NOR,MFFW,Bournemouth,AFCBOURNEMOUTH,25.0,1992,2017,33,27,2453,27.3,8,3,11,6,2,2,3,0,0.29,0.11,0.4,0.22,0.33,0.076,5,2,Key Player
Simon Francis,1e0b6a73,eng ENG,DF,Bournemouth,AFCBOURNEMOUTH,32.0,1985,2017,32,31,2704,30.0,0,1,1,0,0,0,10,2,0.0,0.03,0.03,0.0,0.03,0.0728,6,2,Key Player
Callum Wilson,c596fcb0,eng ENG,FW,Bournemouth,AFCBOURNEMOUTH,25.0,1992,2017,28,23,1981,22.0,8,2,10,8,0,0,0,0,0.36,0.09,0.45,0.36,0.45,0.0644,7,2,Key Player
Ryan Fraser,d56543a0,sct SCO,MF,Bournemouth,AFCBOURNEMOUTH,23.0,1994,2017,26,23,2004,22.3,5,3,8,5,0,0,0,0,0.22,0.13,0.36,0.22,0.36,0.0629,8,2,Key Player
Jordon Ibe,9f736ed2,eng ENG,MF,Bournemouth,AFCBOURNEMOUTH,21.0,1995,2017,32,22,1995,22.2,2,6,8,2,0,0,1,0,0.09,0.27,0.36,0.09,0.36,0.0626,9,3,Regular Starter
Lewis Cook,2afc7272,eng ENG,MF,Bournemouth,AFCBOURNEMOUTH,20.0,1997,2017,29,25,2237,24.9,0,2,2,0,0,0,5,0,0.0,0.08,0.08,0.0,0.08,0.0619,10,3,Regular Starter
Adam Smith,20b104bc,eng ENG,DFMF,Bournemouth,AFCBOURNEMOUTH,26.0,1991,2017,27,22,2071,23.0,1,3,4,1,0,0,6,0,0.04,0.13,0.17,0.04,0.17,0.0597,11,3,Regular Starter
Andrew Surman,7d41b619,eng ENG,MF,Bournemouth,AFCBOURNEMOUTH,30.0,1986,2017,25,20,1856,20.6,2,5,7,2,0,0,2,0,0.1,0.24,0.34,0.1,0.34,0.0576,12,3,Regular Starter
Dan Gosling,7fec31a0,eng ENG,MF,Bournemouth,AFCBOURNEMOUTH,27.0,1990,2017,28,21,1947,21.6,2,1,3,2,0,0,8,0,0.09,0.05,0.14,0.09,0.14,0.0553,13,3,Regular Starter
Junior Stanislas,6992791d,eng ENG,MFFW,Bournemouth,AFCBOURNEMOUTH,27.0,1989,2017,19,17,1286,14.3,5,2,7,4,1,1,1,0,0.35,0.14,0.49,0.28,0.42,0.0414,14,4,Squad Rotation
Jermain Defoe,f1e8372d,eng ENG,FW,Bournemouth,AFCBOURNEMOUTH,34.0,1982,2017,24,11,1088,12.1,4,1,5,4,0,0,1,0,0.33,0.08,0.41,0.33,0.41,0.0349,15,4,Squad Rotation
Harry Arter,2f4c5a52,ie IRL,MF,Bournemouth,AFCBOURNEMOUTH,27.0,1989,2017,13,11,960,10.7,1,0,1,1,0,0,4,0,0.09,0.0,0.09,0.09,0.09,0.0267,16,4,Squad Rotation
Marc Pugh,9aacb284,eng ENG,MF,Bournemouth,AFCBOURNEMOUTH,30.0,1987,2017,20,11,985,10.9,0,0,0,0,0,0,2,0,0.0,0.0,0.0,0.0,0.0,0.0261,17,4,Squad Rotation
Lys Mousset,d9cfca3d,fr FRA,MFFW,Bournemouth,AFCBOURNEMOUTH,21.0,1996,2017,23,4,596,6.6,2,0,2,2,0,0,1,0,0.3,0.0,0.3,0.3,0.3,0.0181,18,5,Fringe/Backup
Benik Afobe,b63f4077,cd COD,FW,Bournemouth,AFCBOURNEMOUTH,24.0,1993,2017,17,5,611,6.8,0,0,0,0,0,0,0,0,0.0,0.0,0.0,0.0,0.0,0.0163,19,5,Fringe/Backup
Tyrone Mings,8397a50c,eng ENG,DF,Bournemouth,AFCBOURNEMOUTH,24.0,1993,2017,4,3,201,2.2,0,0,0,0,0,0,1,0,0.0,0.0,0.0,0.0,0.0,0.0053,20,5,Fringe/Backup
Jack Simpson,76fa5f80,eng ENG,DF,Bournemouth,AFCBOURNEMOUTH,20.0,1996,2017,1,1,71,0.8,0,0,0,0,0,0,0,0,0.0,0.0,0.0,0.0,0.0,0.0019,21,5,Fringe/Backup
Emerson Hyndman,3be1a627,us USA,MF,Bournemouth,AFCBOURNEMOUTH,21.0,1996,2017,1,1,58,0.6,0,0,0,0,0,0,0,0,0.0,0.0,0.0,0.0,0.0,0.0014,22,5,Fringe/Backup
Granit Xhaka,e61b8aee,ch SUI,MF,Arsenal,ARSENAL,24.0,1992,2017,38,37,3260,36.2,1,7,8,1,0,0,10,0,0.03,0.19,0.22,0.03,0.22,0.0963,1,1,Talisman
Héctor Bellerín,f874dd44,es ESP,MFDF,Arsenal,ARSENAL,22.0,1995,2017,35,34,3051,33.9,2,3,5,2,0,0,5,0,0.06,0.09,0.15,0.06,0.15,0.0874,2,1,Talisman
Petr Čech,71672fa0,cz CZE,GK,Arsenal,ARSENAL,35.0,1982,2017,34,34,3039,33.8,0,0,0,0,0,0,1,0,0.0,0.0,0.0,0.0,0.0,0.081,3,1,Talisman
Alexandre Lacazette,9dbb75ca,fr FRA,FW,Arsenal,ARSENAL,26.0,1991,2017,32,26,2202,24.5,14,4,18,12,2,2,1,0,0.57,0.16,0.74,0.49,0.65,0.0778,4,1,Talisman
Mesut Özil,16380240,de GER,MFFW,Arsenal,ARSENAL,28.0,1988,2017,26,24,2163,24.0,4,8,12,4,0,0,4,0,0.17,0.33,0.5,0.17,0.5,0.0719,5,1,Talisman
Nacho Monreal,d4cb83cc,es ESP,DF,Arsenal,ARSENAL,31.0,1986,2017,28,26,2243,24.9,5,2,7,5,0,0,3,0,0.2,0.08,0.28,0.2,0.28,0.0681,6,1,Talisman
Aaron Ramsey,ef619b0b,wls WAL,MF,Arsenal,ARSENAL,26.0,1990,2017,24,21,1846,20.5,7,8,15,7,0,0,0,0,0.34,0.39,0.73,0.34,0.73,0.0671,7,2,Key Player
Shkodran Mustafi,3f2d59fe,de GER,DF,Arsenal,ARSENAL,25.0,1992,2017,27,25,2273,25.3,3,1,4,3,0,0,6,0,0.12,0.04,0.16,0.12,0.16,0.0655,8,2,Key Player
Sead Kolašinac,3935e52e,ba BIH,MFDF,Arsenal,ARSENAL,24.0,1993,2017,27,25,2147,23.9,2,4,6,2,0,0,3,0,0.08,0.17,0.25,0.08,0.25,0.0645,9,2,Key Player
Laurent Koscielny,f5efb153,fr FRA,DF,Arsenal,ARSENAL,31.0,1985,2017,25,25,2225,24.7,2,0,2,2,0,0,4,0,0.08,0.0,0.08,0.08,0.08,0.0616,10,2,Key Player
Alex Iwobi,6ca5ec4b,ng NGA,MFFW,Arsenal,ARSENAL,21.0,1996,2017,26,22,1830,20.3,3,5,8,3,0,0,1,0,0.15,0.25,0.39,0.15,0.39,0.0582,11,2,Key Player
Alexis Sánchez,2c0f8e9e,cl CHI,MF,Arsenal,ARSENAL,28.0,1988,2017,19,17,1503,16.7,7,3,10,6,1,1,4,0,0.42,0.18,0.6,0.36,0.54,0.0508,12,2,Key Player
Pierre-Emerick Aubameyang,d5dd5f1f,ga GAB,FW,Arsenal,ARSENAL,28.0,1989,2017,13,12,1057,11.7,10,4,14,9,1,2,0,0,0.85,0.34,1.19,0.77,1.11,0.0436,13,3,Regular Starter
Danny Welbeck,ce5143da,eng ENG,MFFW,Arsenal,ARSENAL,26.0,1990,2017,28,12,1194,13.3,5,2,7,5,0,0,1,0,0.38,0.15,0.53,0.38,0.53,0.0403,14,3,Regular Starter
Jack Wilshere,9c318325,eng ENG,MF,Arsenal,ARSENAL,25.0,1992,2017,20,12,1193,13.3,1,3,4,1,0,0,6,0,0.08,0.23,0.3,0.08,0.3,0.0367,15,3,Regular Starter
Henrikh Mkhitaryan,dd0daf32,am ARM,MFFW,Arsenal,ARSENAL,28.0,1989,2017,11,9,794,8.8,2,4,6,2,0,0,0,0,0.23,0.45,0.68,0.23,0.68,0.0283,16,3,Regular Starter
Ainsley Maitland-Niles,e3a5814e,eng ENG,DFMF,Arsenal,ARSENAL,19.0,1997,2017,15,8,914,10.2,0,0,0,0,0,0,1,0,0.0,0.0,0.0,0.0,0.0,0.0245,17,3,Regular Starter
Mohamed Elneny,47a34c4f,eg EGY,MF,Arsenal,ARSENAL,25.0,1992,2017,13,11,867,9.6,0,1,1,0,0,0,3,1,0.0,0.1,0.1,0.0,0.1,0.0242,18,3,Regular Starter
Calum Chambers,dc6f5bdd,eng ENG,DF,Arsenal,ARSENAL,22.0,1995,2017,12,10,866,9.6,0,0,0,0,0,0,1,0,0.0,0.0,0.0,0.0,0.0,0.023,19,4,Squad Rotation
Rob Holding,d79a8c87,eng ENG,DF,Arsenal,ARSENAL,21.0,1995,2017,12,9,822,9.1,0,0,0,0,0,0,3,0,0.0,0.0,0.0,0.0,0.0,0.0218,20,4,Squad Rotation
Olivier Giroud,16ceb862,fr FRA,FW,Arsenal,ARSENAL,30.0,1986,2017,16,1,388,4.3,4,1,5,4,0,0,0,0,0.93,0.23,1.16,0.93,1.16,0.0163,21,4,Squad Rotation
Per Mertesacker,5be28712,de GER,DF,Arsenal,ARSENAL,32.0,1984,2017,6,4,366,4.1,1,0,1,1,0,0,0,0,0.25,0.0,0.25,0.25,0.25,0.0111,22,4,Squad Rotation
David Ospina,82b1198a,co COL,GK,Arsenal,ARSENAL,28.0,1988,2017,5,4,381,4.2,0,0,0,0,0,0,0,0,0.0,0.0,0.0,0.0,0.0,0.0101,23,4,Squad Rotation
Alex Oxlade-Chamberlain,38c7feef,eng ENG,MF,Arsenal,ARSENAL,23.0,1993,2017,3,3,241,2.7,0,0,0,0,0,0,0,0,0.0,0.0,0.0,0.0,0.0,0.0065,24,4,Squad Rotation
Konstantinos Mavropanos,00963611,gr GRE,DF,Arsenal,ARSENAL,19.0,1997,2017,3,3,195,2.2,0,0,0,0,0,0,0,1,0.0,0.0,0.0,0.0,0.0,0.0053,25,5,Fringe/Backup
Francis Coquelin,a6951bf8,fr FRA,DF,Arsenal,ARSENAL,26.0,1991,2017,7,1,159,1.8,0,0,0,0,0,0,0,0,0.0,0.0,0.0,0.0,0.0,0.0043,26,5,Fringe/Backup
Reiss Nelson,c5bdb6e3,eng ENG,MF,Arsenal,ARSENAL,17.0,1999,2017,3,2,145,1.6,0,0,0,0,0,0,0,0,0.0,0.0,0.0,0.0,0.0,0.0038,27,5,Fringe/Backup
Joe Willock,a3b03921,eng ENG,MF,Arsenal,ARSENAL,17.0,1999,2017,2,1,82,0.9,0,0,0,0,0,0,0,0,0.0,0.0,0.0,0.0,0.0,0.0022,28,5,Fringe/Backup
Theo Walcott,1ecb65be,eng ENG,FWMF,Arsenal,ARSENAL,28.0,1989,2017,6,0,69,0.8,0,0,0,0,0,0,0,0,0.0,0.0,0.0,0.0,0.0,0.0019,29,5,Fringe/Backup
Eddie Nketiah,a53649b7,eng ENG,FW,Arsenal,ARSENAL,18.0,1999,2017,3,0,20,0.2,0,1,1,0,0,0,0,0,0.0,4.5,4.5,0.0,4.5,0.0016,30,5,Fringe/Backup
Pascal Groß,8aec0537,de GER,MFFW,Brighton,BRIGHTONHOVEALBION,26.0,1991,2017,38,35,2928,32.5,7,8,15,6,1,1,2,0,0.22,0.25,0.46,0.18,0.43,0.0945,1,1,Talisman
Lewis Dunk,282f75f3,eng ENG,DF,Brighton,BRIGHTONHOVEALBION,25.0,1991,2017,38,38,3420,38.0,1,1,2,1,0,0,7,0,0.03,0.03,0.05,0.03,0.05,0.0932,2,1,Talisman
Mathew Ryan,4535e4bb,au AUS,GK,Brighton,BRIGHTONHOVEALBION,25.0,1992,2017,38,38,3420,38.0,0,0,0,0,0,0,0,0,0.0,0.0,0.0,0.0,0.0,0.091,3,1,Talisman
Dale Stephens,653ee42d,eng ENG,MF,Brighton,BRIGHTONHOVEALBION,28.0,1989,2017,36,36,3240,36.0,0,3,3,0,0,0,6,0,0.0,0.08,0.08,0.0,0.08,0.0896,4,1,Talisman
Shane Duffy,7314bba4,ie IRL,DF,Brighton,BRIGHTONHOVEALBION,25.0,1992,2017,37,37,3292,36.6,0,1,1,0,0,0,8,0,0.0,0.03,0.03,0.0,0.03,0.0889,5,2,Key Player
Davy Pröpper,fdd85f94,nl NED,MF,Brighton,BRIGHTONHOVEALBION,25.0,1991,2017,35,35,3119,34.7,0,4,4,0,0,0,2,1,0.0,0.12,0.12,0.0,0.12,0.088,6,2,Key Player
Anthony Knockaert,6c679c6d,fr FRA,MF,Brighton,BRIGHTONHOVEALBION,25.0,1991,2017,33,27,2421,26.9,3,1,4,3,0,0,4,1,0.11,0.04,0.15,0.11,0.15,0.0692,7,2,Key Player
Glenn Murray,f2f29dda,eng ENG,FW,Brighton,BRIGHTONHOVEALBION,33.0,1983,2017,35,25,2192,24.4,12,0,12,8,4,6,9,0,0.49,0.0,0.49,0.33,0.33,0.068,8,2,Key Player
José Izquierdo,ca2bc3df,co COL,MF,Brighton,BRIGHTONHOVEALBION,25.0,1992,2017,32,23,1984,22.0,5,3,8,5,0,0,2,0,0.23,0.14,0.36,0.23,0.36,0.0621,9,2,Key Player
Gaëtan Bong,cfd5e123,cm CMR,DF,Brighton,BRIGHTONHOVEALBION,29.0,1988,2017,25,25,2236,24.8,0,0,0,0,0,0,2,0,0.0,0.0,0.0,0.0,0.0,0.0594,10,3,Regular Starter
Bruno,78803d03,es ESP,DF,Brighton,BRIGHTONHOVEALBION,36.0,1980,2017,25,23,2016,22.4,0,0,0,0,0,0,3,0,0.0,0.0,0.0,0.0,0.0,0.0536,11,3,Regular Starter
Solly March,bb5fbd2b,eng ENG,MF,Brighton,BRIGHTONHOVEALBION,23.0,1994,2017,36,18,1851,20.6,1,1,2,1,0,0,3,0,0.05,0.05,0.1,0.05,0.1,0.0518,12,3,Regular Starter
Ezequiel Schelotto,a6e316c1,it ITA,DF,Brighton,BRIGHTONHOVEALBION,28.0,1989,2017,20,15,1318,14.6,0,0,0,0,0,0,3,0,0.0,0.0,0.0,0.0,0.0,0.0349,13,3,Regular Starter
Markus Suttner,7391c2d9,at AUT,DF,Brighton,BRIGHTONHOVEALBION,30.0,1987,2017,14,13,1179,13.1,0,0,0,0,0,0,0,0,0.0,0.0,0.0,0.0,0.0,0.0314,14,3,Regular Starter
Tomer Hemed,27d7453c,il ISR,FW,Brighton,BRIGHTONHOVEALBION,30.0,1987,2017,16,9,849,9.4,2,2,4,2,0,0,0,0,0.21,0.21,0.42,0.21,0.42,0.0272,15,4,Squad Rotation
Beram Kayal,26679cdf,il ISR,MF,Brighton,BRIGHTONHOVEALBION,29.0,1988,2017,19,8,745,8.3,0,0,0,0,0,0,2,0,0.0,0.0,0.0,0.0,0.0,0.0199,16,4,Squad Rotation
Izzy Brown,bf54c8cc,eng ENG,MFFW,Brighton,BRIGHTONHOVEALBION,20.0,1997,2017,13,4,311,3.5,0,0,0,0,0,0,0,0,0.0,0.0,0.0,0.0,0.0,0.0084,17,4,Squad Rotation
Jürgen Locadia,6cc47ae1,cw CUW,FWMF,Brighton,BRIGHTONHOVEALBION,23.0,1993,2017,6,3,224,2.5,1,1,2,1,0,0,0,0,0.4,0.4,0.8,0.4,0.8,0.0084,18,4,Squad Rotation
Leonardo Ulloa,eed56f6c,ar ARG,FW,Brighton,BRIGHTONHOVEALBION,31.0,1986,2017,10,2,267,3.0,1,0,1,1,0,0,0,0,0.34,0.0,0.34,0.34,0.34,0.0084,19,4,Squad Rotation
Connor Goldson,56f6f826,eng ENG,DF,Brighton,BRIGHTONHOVEALBION,24.0,1992,2017,3,2,200,2.2,0,0,0,0,0,0,1,0,0.0,0.0,0.0,0.0,0.0,0.0053,20,5,Fringe/Backup
Jamie Murphy,6c96b263,sct SCO,MF,Brighton,BRIGHTONHOVEALBION,27.0,1989,2017,4,1,168,1.9,0,0,0,0,0,0,0,0,0.0,0.0,0.0,0.0,0.0,0.0045,21,5,Fringe/Backup
Liam Rosenior,8b0d6fe9,eng ENG,DF,Brighton,BRIGHTONHOVEALBION,33.0,1984,2017,3,1,164,1.8,0,0,0,0,0,0,0,0,0.0,0.0,0.0,0.0,0.0,0.0043,22,5,Fringe/Backup
Sam Baldock,9d597f08,eng ENG,FWMF,Brighton,BRIGHTONHOVEALBION,28.0,1989,2017,2,0,32,0.4,0,0,0,0,0,0,0,0,0.0,0.0,0.0,0.0,0.0,0.001,23,5,Fringe/Backup
Uwe Hünemeier,f42456eb,de GER,DF,Brighton,BRIGHTONHOVEALBION,31.0,1986,2017,1,0,18,0.2,0,0,0,0,0,0,0,0,0.0,0.0,0.0,0.0,0.0,0.0005,24,5,Fringe/Backup
Jack Cork,74e12f1e,eng ENG,MF,Burnley,BURNLEY,28.0,1989,2017,38,38,3420,38.0,2,1,3,2,0,0,7,0,0.05,0.03,0.08,0.05,0.08,0.0946,1,1,Talisman
Jóhann Berg Guðmundsson,f72293fc,is ISL,MF,Burnley,BURNLEY,26.0,1990,2017,35,32,2833,31.5,2,8,10,2,0,0,2,0,0.06,0.25,0.32,0.06,0.32,0.0874,2,1,Talisman
Nick Pope,4b40d9ca,eng ENG,GK,Burnley,BURNLEY,25.0,1992,2017,35,34,3115,34.6,0,0,0,0,0,0,3,0,0.0,0.0,0.0,0.0,0.0,0.0828,3,1,Talisman
James Tarkowski,15ea812b,eng ENG,DF,Burnley,BURNLEY,24.0,1992,2017,31,31,2790,31.0,0,0,0,0,0,0,5,0,0.0,0.0,0.0,0.0,0.0,0.0742,4,1,Talisman
Ben Mee,8df7a2fb,eng ENG,DF,Burnley,BURNLEY,27.0,1989,2017,29,29,2610,29.0,0,0,0,0,0,0,5,0,0.0,0.0,0.0,0.0,0.0,0.0694,5,2,Key Player
Ashley Barnes,2691c772,eng ENG,FW,Burnley,BURNLEY,27.0,1989,2017,36,21,2165,24.1,9,0,9,9,0,0,10,0,0.37,0.0,0.37,0.37,0.37,0.0683,6,2,Key Player
Stephen Ward,3831b9fe,ie IRL,DF,Burnley,BURNLEY,31.0,1985,2017,28,28,2460,27.3,1,1,2,1,0,0,1,0,0.04,0.04,0.07,0.04,0.07,0.0676,7,2,Key Player
Jeff Hendrick,989d5705,ie IRL,MF,Burnley,BURNLEY,25.0,1992,2017,34,29,2331,25.9,2,2,4,2,0,0,1,0,0.08,0.08,0.15,0.08,0.15,0.0666,8,2,Key Player
Matthew Lowton,9a9c05db,eng ENG,DF,Burnley,BURNLEY,28.0,1989,2017,26,25,2295,25.5,0,3,3,0,0,0,1,0,0.0,0.12,0.12,0.0,0.12,0.0647,9,2,Key Player
Chris Wood,4e9a0555,nz NZL,FW,Burnley,BURNLEY,25.0,1991,2017,24,20,1624,18.0,10,1,11,10,0,0,1,0,0.55,0.06,0.61,0.55,0.61,0.0562,10,3,Regular Starter
Steven Defour,73489527,be BEL,MF,Burnley,BURNLEY,29.0,1988,2017,24,24,1997,22.2,1,1,2,1,0,0,6,0,0.05,0.05,0.09,0.05,0.09,0.0555,11,3,Regular Starter
Kevin Long,5a4280b1,ie IRL,DF,Burnley,BURNLEY,26.0,1990,2017,16,16,1440,16.0,1,2,3,1,0,0,1,0,0.06,0.12,0.19,0.06,0.19,0.0419,12,3,Regular Starter
Scott Arfield,b1313ec4,ca CAN,MF,Burnley,BURNLEY,28.0,1988,2017,18,15,1333,14.8,2,1,3,2,0,0,3,0,0.14,0.07,0.2,0.14,0.2,0.039,13,3,Regular Starter
Robbie Brady,96bb8cc2,ie IRL,MF,Burnley,BURNLEY,25.0,1992,2017,15,15,1277,14.2,1,2,3,1,0,0,3,0,0.07,0.14,0.21,0.07,0.21,0.0375,14,3,Regular Starter
Sam Vokes,1d6ac165,wls WAL,FW,Burnley,BURNLEY,27.0,1989,2017,30,7,998,11.1,4,1,5,4,0,0,3,0,0.36,0.09,0.45,0.36,0.45,0.0325,15,4,Squad Rotation
Aaron Lennon,2ff964a0,eng ENG,MF,Burnley,BURNLEY,30.0,1987,2017,14,13,1118,12.4,0,2,2,0,0,0,2,0,0.0,0.16,0.16,0.0,0.16,0.032,16,4,Squad Rotation
Ashley Westwood,495945ef,eng ENG,MF,Burnley,BURNLEY,27.0,1990,2017,19,12,1111,12.3,0,1,1,0,0,0,2,0,0.0,0.08,0.08,0.0,0.08,0.0306,17,4,Squad Rotation
Phil Bardsley,1ae30132,sct SCO,DF,Burnley,BURNLEY,32.0,1985,2017,13,13,1125,12.5,0,0,0,0,0,0,5,0,0.0,0.0,0.0,0.0,0.0,0.0299,18,4,Squad Rotation
Charlie Taylor,cc2d7ad5,eng ENG,DF,Burnley,BURNLEY,23.0,1993,2017,11,10,950,10.6,0,0,0,0,0,0,3,0,0.0,0.0,0.0,0.0,0.0,0.0254,19,4,Squad Rotation
Tom Heaton,a6de6361,eng ENG,GK,Burnley,BURNLEY,31.0,1986,2017,4,4,305,3.4,0,0,0,0,0,0,0,0,0.0,0.0,0.0,0.0,0.0,0.0081,20,5,Fringe/Backup
Georges-Kévin N'Koudou,76c131da,cm CMR,MF,Burnley,BURNLEY,22.0,1995,2017,8,2,228,2.5,0,0,0,0,0,0,1,0,0.0,0.0,0.0,0.0,0.0,0.006,21,5,Fringe/Backup
Nahki Wells,b070482d,bm BER,FW,Burnley,BURNLEY,27.0,1990,2017,9,0,55,0.6,0,0,0,0,0,0,0,0,0.0,0.0,0.0,0.0,0.0,0.0014,22,5,Fringe/Backup
Jonathan Walters,0356cf4f,ie IRL,FWMF,Burnley,BURNLEY,33.0,1983,2017,3,0,39,0.4,0,0,0,0,0,0,0,0,0.0,0.0,0.0,0.0,0.0,0.001,23,5,Fringe/Backup
Aiden O'Neill,c7aee75b,au AUS,MF,Burnley,BURNLEY,19.0,1998,2017,1,0,1,0.0,0,0,0,0,0,0,0,0,0.0,0.0,0.0,0.0,0.0,0.0,24,5,Fringe/Backup
César Azpilicueta,53cad200,es ESP,DF,Chelsea,CHELSEA,27.0,1989,2017,37,37,3330,37.0,2,6,8,2,0,0,1,0,0.05,0.16,0.22,0.05,0.22,0.0987,1,1,Talisman
Marcos Alonso,f4290206,es ESP,MF,Chelsea,CHELSEA,26.0,1990,2017,33,33,2855,31.7,7,2,9,7,0,0,6,0,0.22,0.06,0.28,0.22,0.28,0.0868,2,1,Talisman
Thibaut Courtois,1840e36d,be BEL,GK,Chelsea,CHELSEA,25.0,1992,2017,35,35,3150,35.0,0,0,0,0,0,0,2,0,0.0,0.0,0.0,0.0,0.0,0.0841,3,1,Talisman
N'Golo Kanté,b9fbae28,fr FRA,MF,Chelsea,CHELSEA,26.0,1991,2017,34,34,2994,33.3,1,1,2,1,0,0,3,0,0.03,0.03,0.06,0.03,0.06,0.0824,4,1,Talisman
Eden Hazard,a39bb753,be BEL,FWMF,Chelsea,CHELSEA,26.0,1991,2017,34,28,2422,26.9,12,4,16,10,2,2,2,0,0.45,0.15,0.59,0.37,0.52,0.0814,5,1,Talisman
Álvaro Morata,129af0db,es ESP,FW,Chelsea,CHELSEA,24.0,1992,2017,31,24,2061,22.9,11,6,17,11,0,0,7,0,0.48,0.26,0.74,0.48,0.74,0.0754,6,2,Key Player
Cesc Fàbregas,33508c78,es ESP,MF,Chelsea,CHELSEA,30.0,1987,2017,32,25,2306,25.6,2,4,6,2,0,0,6,2,0.08,0.16,0.23,0.08,0.23,0.0686,7,2,Key Player
Antonio Rüdiger,18b896d6,de GER,DF,Chelsea,CHELSEA,24.0,1993,2017,27,25,2338,26.0,2,1,3,2,0,0,4,0,0.08,0.04,0.12,0.08,0.12,0.0662,8,2,Key Player
Willian,8b9ebd03,br BRA,MFFW,Chelsea,CHELSEA,28.0,1988,2017,36,20,1890,21.0,6,7,13,5,1,1,1,0,0.29,0.33,0.62,0.24,0.57,0.0648,9,2,Key Player
Victor Moses,e726e11e,ng NGA,MF,Chelsea,CHELSEA,26.0,1990,2017,28,25,2110,23.4,3,3,6,3,0,0,3,0,0.13,0.13,0.26,0.13,0.26,0.0635,10,2,Key Player
Tiemoué Bakayoko,59bf127b,fr FRA,MF,Chelsea,CHELSEA,22.0,1994,2017,29,24,2126,23.6,2,2,4,2,0,0,5,1,0.08,0.08,0.17,0.08,0.17,0.0615,11,3,Regular Starter
Gary Cahill,7914b9fe,eng ENG,DF,Chelsea,CHELSEA,31.0,1985,2017,27,24,2086,23.2,0,0,0,0,0,0,1,1,0.0,0.0,0.0,0.0,0.0,0.0557,12,3,Regular Starter
Andreas Christensen,1cb49278,dk DEN,DF,Chelsea,CHELSEA,21.0,1996,2017,27,23,2069,23.0,0,0,0,0,0,0,0,0,0.0,0.0,0.0,0.0,0.0,0.0553,13,3,Regular Starter
Pedro,3ca7254a,es ESP,MFFW,Chelsea,CHELSEA,30.0,1987,2017,31,17,1523,16.9,4,2,6,4,0,0,1,0,0.24,0.12,0.35,0.24,0.35,0.0477,14,3,Regular Starter
Davide Zappacosta,7fe90ccd,it ITA,MF,Chelsea,CHELSEA,25.0,1992,2017,22,12,1098,12.2,1,1,2,1,0,0,0,0,0.08,0.08,0.16,0.08,0.16,0.0317,15,3,Regular Starter
David Luiz,c0e27d1a,br BRA,DFMF,Chelsea,CHELSEA,30.0,1987,2017,10,9,840,9.3,1,0,1,1,0,0,4,1,0.11,0.0,0.11,0.11,0.11,0.0236,16,4,Squad Rotation
Olivier Giroud,16ceb862,fr FRA,FW,Chelsea,CHELSEA,30.0,1986,2017,13,6,613,6.8,3,1,4,3,0,0,0,0,0.44,0.15,0.59,0.44,0.59,0.0212,17,4,Squad Rotation
Danny Drinkwater,2649ff32,eng ENG,MF,Chelsea,CHELSEA,27.0,1990,2017,12,5,527,5.9,1,0,1,1,0,0,0,0,0.17,0.0,0.17,0.17,0.17,0.0154,18,4,Squad Rotation
Michy Batshuayi,2973d8ff,be BEL,FW,Chelsea,CHELSEA,23.0,1993,2017,12,3,360,4.0,2,1,3,2,0,0,0,0,0.5,0.25,0.75,0.5,0.75,0.0132,19,4,Squad Rotation
Emerson Palmieri,e0bc6fdc,it ITA,MF,Chelsea,CHELSEA,22.0,1994,2017,5,3,280,3.1,0,1,1,0,0,0,0,0,0.0,0.32,0.32,0.0,0.32,0.0086,20,4,Squad Rotation
Willy Caballero,a179d516,ar ARG,GK,Chelsea,CHELSEA,35.0,1981,2017,3,3,270,3.0,0,0,0,0,0,0,0,0,0.0,0.0,0.0,0.0,0.0,0.0072,21,5,Fringe/Backup
Ross Barkley,3a24769f,eng ENG,MF,Chelsea,CHELSEA,23.0,1993,2017,2,2,129,1.4,0,0,0,0,0,0,0,0,0.0,0.0,0.0,0.0,0.0,0.0034,22,5,Fringe/Backup
Charly Musonda Jr.,62a0089e,be BEL,MF,Chelsea,CHELSEA,20.0,1996,2017,3,0,37,0.4,0,0,0,0,0,0,0,0,0.0,0.0,0.0,0.0,0.0,0.001,23,5,Fringe/Backup
Callum Hudson-Odoi,15f3ec41,eng ENG,FWMF,Chelsea,CHELSEA,16.0,2000,2017,2,0,29,0.3,0,0,0,0,0,0,0,0,0.0,0.0,0.0,0.0,0.0,0.0007,24,5,Fringe/Backup
Jeremie Boga,fe012aca,ci CIV,MF,Chelsea,CHELSEA,20.0,1997,2017,1,1,17,0.2,0,0,0,0,0,0,0,0,0.0,0.0,0.0,0.0,0.0,0.0005,25,5,Fringe/Backup
Ethan Ampadu,10b9fa99,wls WAL,DFMF,Chelsea,CHELSEA,16.0,2000,2017,1,0,11,0.1,0,0,0,0,0,0,0,0,0.0,0.0,0.0,0.0,0.0,0.0002,26,5,Fringe/Backup
Andros Townsend,b28bbd58,eng ENG,FWMF,Crystal Palace,CRYSTALPALACE,26.0,1991,2017,36,35,3120,34.7,2,7,9,2,0,0,3,0,0.06,0.2,0.26,0.06,0.26,0.0938,1,1,Talisman
Luka Milivojević,2ce2508a,rs SRB,MF,Crystal Palace,CRYSTALPALACE,26.0,1991,2017,36,35,3080,34.2,10,1,11,3,7,8,8,0,0.29,0.03,0.32,0.09,0.12,0.0867,2,1,Talisman
Wilfried Zaha,b2bc3b1f,ci CIV,FWMF,Crystal Palace,CRYSTALPALACE,24.0,1992,2017,29,28,2549,28.3,9,3,12,9,0,0,5,0,0.32,0.11,0.42,0.32,0.42,0.0819,3,1,Talisman
James McArthur,cee31595,sct SCO,MF,Crystal Palace,CRYSTALPALACE,29.0,1987,2017,33,27,2431,27.0,5,1,6,5,0,0,5,0,0.19,0.04,0.22,0.19,0.22,0.0717,4,1,Talisman
Christian Benteke,ab070c55,be BEL,FW,Crystal Palace,CRYSTALPALACE,26.0,1990,2017,31,24,2240,24.9,3,5,8,2,1,2,6,0,0.12,0.2,0.32,0.08,0.28,0.0679,5,1,Talisman
James Tomkins,e7ca0439,eng ENG,DF,Crystal Palace,CRYSTALPALACE,28.0,1989,2017,28,27,2387,26.5,3,0,3,3,0,0,8,0,0.11,0.0,0.11,0.11,0.11,0.0669,6,2,Key Player
Patrick van Aanholt,5f09991f,nl NED,DFMF,Crystal Palace,CRYSTALPALACE,26.0,1990,2017,28,25,2184,24.3,5,1,6,5,0,0,7,0,0.21,0.04,0.25,0.21,0.25,0.0654,7,2,Key Player
Wayne Hennessey,76eca7e2,wls WAL,GK,Crystal Palace,CRYSTALPALACE,30.0,1987,2017,27,27,2430,27.0,0,0,0,0,0,0,1,0,0.0,0.0,0.0,0.0,0.0,0.0646,8,2,Key Player
Yohan Cabaye,ad7b19ef,fr FRA,MF,Crystal Palace,CRYSTALPALACE,31.0,1986,2017,31,28,2376,26.4,0,1,1,0,0,0,7,0,0.0,0.04,0.04,0.0,0.04,0.0644,9,2,Key Player
Ruben Loftus-Cheek,e97fd090,eng ENG,MF,Crystal Palace,CRYSTALPALACE,21.0,1996,2017,24,21,1874,20.8,2,3,5,2,0,0,1,0,0.1,0.14,0.24,0.1,0.24,0.0557,10,2,Key Player
Jeffrey Schlupp,3312f911,gh GHA,DFMF,Crystal Palace,CRYSTALPALACE,24.0,1992,2017,24,21,1745,19.4,0,1,1,0,0,0,3,0,0.0,0.05,0.05,0.0,0.05,0.0476,11,2,Key Player
Mamadou Sakho,87935cf3,fr FRA,DF,Crystal Palace,CRYSTALPALACE,27.0,1990,2017,19,18,1600,17.8,1,2,3,1,0,0,1,0,0.06,0.11,0.17,0.06,0.17,0.0462,12,3,Regular Starter
Joel Ward,8a7ff278,eng ENG,DFMF,Crystal Palace,CRYSTALPALACE,27.0,1989,2017,19,19,1613,17.9,0,1,1,0,0,0,4,0,0.0,0.06,0.06,0.0,0.06,0.0441,13,3,Regular Starter
Timothy Fosu-Mensah,a9142dc3,nl NED,DF,Crystal Palace,CRYSTALPALACE,19.0,1998,2017,21,17,1596,17.7,0,0,0,0,0,0,2,0,0.0,0.0,0.0,0.0,0.0,0.0423,14,3,Regular Starter
Scott Dann,52105203,eng ENG,DF,Crystal Palace,CRYSTALPALACE,30.0,1987,2017,17,16,1435,15.9,1,0,1,1,0,0,4,0,0.06,0.0,0.06,0.06,0.06,0.0392,15,3,Regular Starter
Martin Kelly,d7492450,eng ENG,DF,Crystal Palace,CRYSTALPALACE,27.0,1990,2017,15,12,1195,13.3,0,0,0,0,0,0,1,0,0.0,0.0,0.0,0.0,0.0,0.0318,16,3,Regular Starter
Julián Speroni,8e65a5e5,ar ARG,GK,Crystal Palace,CRYSTALPALACE,38.0,1979,2017,11,11,990,11.0,0,0,0,0,0,0,0,0,0.0,0.0,0.0,0.0,0.0,0.0263,17,4,Squad Rotation
Aaron Wan-Bissaka,9e525177,cd COD,DF,Crystal Palace,CRYSTALPALACE,19.0,1997,2017,7,7,627,7.0,0,0,0,0,0,0,1,0,0.0,0.0,0.0,0.0,0.0,0.0167,18,4,Squad Rotation
Bakary Sako,381d7d54,ml MLI,FW,Crystal Palace,CRYSTALPALACE,29.0,1988,2017,16,4,478,5.3,3,0,3,3,0,0,0,0,0.56,0.0,0.56,0.56,0.56,0.0162,19,4,Squad Rotation
Jason Puncheon,fd3f57ce,eng ENG,MF,Crystal Palace,CRYSTALPALACE,31.0,1986,2017,10,6,571,6.3,0,0,0,0,0,0,5,0,0.0,0.0,0.0,0.0,0.0,0.0151,20,4,Squad Rotation
Jaïro Riedewald,7a1f2c08,nl NED,MFDF,Crystal Palace,CRYSTALPALACE,20.0,1996,2017,12,4,442,4.9,0,0,0,0,0,0,0,0,0.0,0.0,0.0,0.0,0.0,0.0117,21,4,Squad Rotation
Alexander Sørloth,e92cd3f7,no NOR,FW,Crystal Palace,CRYSTALPALACE,21.0,1995,2017,4,4,360,4.0,0,0,0,0,0,0,0,0,0.0,0.0,0.0,0.0,0.0,0.0096,22,4,Squad Rotation
Lee Chung-yong,49b05a83,kr KOR,FW,Crystal Palace,CRYSTALPALACE,29.0,1988,2017,7,1,135,1.5,0,0,0,0,0,0,0,0,0.0,0.0,0.0,0.0,0.0,0.0036,23,5,Fringe/Backup
Damien Delaney,210d9ecb,ie IRL,DF,Crystal Palace,CRYSTALPALACE,36.0,1981,2017,2,1,96,1.1,0,0,0,0,0,0,0,0,0.0,0.0,0.0,0.0,0.0,0.0026,24,5,Fringe/Backup
Levi Lumeka,199ff86e,eng ENG,MF,Crystal Palace,CRYSTALPALACE,18.0,1998,2017,1,0,26,0.3,0,0,0,0,0,0,0,0,0.0,0.0,0.0,0.0,0.0,0.0007,25,5,Fringe/Backup
Sullay Kaikai,fc166e49,sl SLE,FWMF,Crystal Palace,CRYSTALPALACE,21.0,1995,2017,1,0,14,0.2,0,0,0,0,0,0,0,0,0.0,0.0,0.0,0.0,0.0,0.0005,26,5,Fringe/Backup
Freddie Ladapo,da2b8db3,eng ENG,FW,Crystal Palace,CRYSTALPALACE,24.0,1993,2017,1,0,17,0.2,0,0,0,0,0,0,0,0,0.0,0.0,0.0,0.0,0.0,0.0005,27,5,Fringe/Backup
Pape Souaré,46b5375e,sn SEN,DF,Crystal Palace,CRYSTALPALACE,27.0,1990,2017,1,0,9,0.1,0,0,0,0,0,0,0,0,0.0,0.0,0.0,0.0,0.0,0.0002,28,5,Fringe/Backup
Jordan Pickford,4806ec67,eng ENG,GK,Everton,EVERTON,23.0,1994,2017,38,38,3420,38.0,0,0,0,0,0,0,0,0,0.0,0.0,0.0,0.0,0.0,0.091,1,1,Talisman
Idrissa Gueye,72c812f3,sn SEN,MF,Everton,EVERTON,27.0,1989,2017,33,32,2750,30.6,2,1,3,2,0,0,8,2,0.07,0.03,0.1,0.07,0.1,0.0769,2,1,Talisman
Wayne Rooney,f07be45a,eng ENG,MFFW,Everton,EVERTON,31.0,1985,2017,31,27,2268,25.2,10,2,12,7,3,6,5,0,0.4,0.08,0.48,0.28,0.36,0.0712,3,1,Talisman
Michael Keane,c5b7c315,eng ENG,DF,Everton,EVERTON,24.0,1993,2017,30,29,2560,28.4,0,1,1,0,0,0,3,0,0.0,0.04,0.04,0.0,0.04,0.0693,4,1,Talisman
Gylfi Sigurðsson,76dd1480,is ISL,MFFW,Everton,EVERTON,27.0,1989,2017,27,25,2259,25.1,4,3,7,4,0,0,2,0,0.16,0.12,0.28,0.16,0.28,0.0685,5,1,Talisman
Dominic Calvert-Lewin,59e6e5bf,eng ENG,FWMF,Everton,EVERTON,20.0,1997,2017,32,18,1882,20.9,4,6,10,4,0,0,4,0,0.19,0.29,0.48,0.19,0.48,0.062,6,1,Talisman
Morgan Schneiderlin,51b41c5c,fr FRA,MF,Everton,EVERTON,27.0,1989,2017,30,24,2130,23.7,0,0,0,0,0,0,6,1,0.0,0.0,0.0,0.0,0.0,0.0567,7,2,Key Player
Phil Jagielka,3233eefd,eng ENG,DF,Everton,EVERTON,34.0,1982,2017,25,23,2065,22.9,0,0,0,0,0,0,2,0,0.0,0.0,0.0,0.0,0.0,0.0548,8,2,Key Player
Leighton Baines,b18095b6,eng ENG,DFMF,Everton,EVERTON,32.0,1984,2017,22,22,1909,21.2,2,3,5,0,2,2,1,0,0.09,0.14,0.24,0.0,0.14,0.0543,9,2,Key Player
Tom Davies,9228b07c,eng ENG,MF,Everton,EVERTON,19.0,1998,2017,33,20,1900,21.1,2,1,3,2,0,0,7,0,0.09,0.05,0.14,0.09,0.14,0.054,10,2,Key Player
Cuco Martina,22551915,cw CUW,DFMF,Everton,EVERTON,27.0,1989,2017,21,20,1830,20.3,0,2,2,0,0,0,2,0,0.0,0.1,0.1,0.0,0.1,0.051,11,2,Key Player
Ashley Williams,a498e276,wls WAL,DF,Everton,EVERTON,32.0,1984,2017,24,20,1834,20.4,1,0,1,1,0,0,3,1,0.05,0.0,0.05,0.05,0.05,0.05,12,2,Key Player
Jonjoe Kenny,099e666f,eng ENG,DFMF,Everton,EVERTON,20.0,1997,2017,19,17,1590,17.7,0,1,1,0,0,0,2,0,0.0,0.06,0.06,0.0,0.06,0.0436,13,3,Regular Starter
Oumar Niasse,af721f98,sn SEN,FW,Everton,EVERTON,27.0,1990,2017,22,10,1087,12.1,8,2,10,8,0,0,2,0,0.66,0.17,0.83,0.66,0.83,0.041,14,3,Regular Starter
Theo Walcott,1ecb65be,eng ENG,MFFW,Everton,EVERTON,28.0,1989,2017,14,13,1152,12.8,3,3,6,3,0,0,2,0,0.23,0.23,0.47,0.23,0.47,0.0378,15,3,Regular Starter
Cenk Tosun,9a104dee,tr TUR,FW,Everton,EVERTON,26.0,1991,2017,14,12,986,11.0,5,0,5,5,0,0,0,0,0.46,0.0,0.46,0.46,0.46,0.0324,16,3,Regular Starter
Mason Holgate,d0042ab9,jm JAM,DFMF,Everton,EVERTON,20.0,1996,2017,15,13,1184,13.2,0,0,0,0,0,0,3,0,0.0,0.0,0.0,0.0,0.0,0.0316,17,3,Regular Starter
Séamus Coleman,0420d84f,ie IRL,DF,Everton,EVERTON,28.0,1988,2017,12,12,1035,11.5,0,1,1,0,0,0,0,0,0.0,0.09,0.09,0.0,0.09,0.0288,18,3,Regular Starter
Yannick Bolasie,715fc0fe,cd COD,MFFW,Everton,EVERTON,28.0,1989,2017,16,11,851,9.5,1,0,1,1,0,0,0,0,0.11,0.0,0.11,0.11,0.11,0.024,19,4,Squad Rotation
Aaron Lennon,2ff964a0,eng ENG,MFFW,Everton,EVERTON,30.0,1987,2017,15,9,793,8.8,0,0,0,0,0,0,0,0,0.0,0.0,0.0,0.0,0.0,0.0211,20,4,Squad Rotation
Nikola Vlašić,aa8e289e,hr CRO,MF,Everton,EVERTON,19.0,1997,2017,12,7,576,6.4,0,0,0,0,0,0,0,0,0.0,0.0,0.0,0.0,0.0,0.0153,21,4,Squad Rotation
Sandro Ramírez,833fb62e,es ESP,FW,Everton,EVERTON,22.0,1995,2017,8,3,278,3.1,0,0,0,0,0,0,0,0,0.0,0.0,0.0,0.0,0.0,0.0074,22,4,Squad Rotation
Davy Klaassen,15fd5593,nl NED,MF,Everton,EVERTON,24.0,1993,2017,7,3,251,2.8,0,0,0,0,0,0,0,0,0.0,0.0,0.0,0.0,0.0,0.0067,23,4,Squad Rotation
James McCarthy,64b08de7,ie IRL,MF,Everton,EVERTON,26.0,1990,2017,4,3,205,2.3,0,0,0,0,0,0,0,0,0.0,0.0,0.0,0.0,0.0,0.0055,24,4,Squad Rotation
Beni Baningime,ca9178af,,MF,Everton,EVERTON,18.0,1998,2017,8,1,198,2.2,0,0,0,0,0,0,1,0,0.0,0.0,0.0,0.0,0.0,0.0053,25,5,Fringe/Backup
Ademola Lookman,7c104bb7,ng NGA,MF,Everton,EVERTON,19.0,1997,2017,7,1,159,1.8,0,0,0,0,0,0,0,0,0.0,0.0,0.0,0.0,0.0,0.0043,26,5,Fringe/Backup
Eliaquim Mangala,f520049f,fr FRA,DF,Everton,EVERTON,26.0,1991,2017,2,2,134,1.5,0,0,0,0,0,0,0,0,0.0,0.0,0.0,0.0,0.0,0.0036,27,5,Fringe/Backup
Kevin Mirallas,aa51343f,be BEL,MFFW,Everton,EVERTON,29.0,1987,2017,5,2,138,1.5,0,0,0,0,0,0,1,0,0.0,0.0,0.0,0.0,0.0,0.0036,28,5,Fringe/Backup
Ramiro Funes Mori,89cbc961,ar ARG,DF,Everton,EVERTON,26.0,1991,2017,4,1,121,1.3,0,0,0,0,0,0,1,0,0.0,0.0,0.0,0.0,0.0,0.0031,29,5,Fringe/Backup
Muhamed Bešić,7ca9f0f0,ba BIH,DFMF,Everton,EVERTON,24.0,1992,2017,2,0,46,0.5,0,0,0,0,0,0,0,0,0.0,0.0,0.0,0.0,0.0,0.0012,30,5,Fringe/Backup
Mathias Jørgensen,0db5d2c8,dk DEN,DF,Huddersfield,HUDDERSFIELDTOWN,27.0,1990,2017,38,38,3420,38.0,0,2,2,0,0,0,6,0,0.0,0.05,0.05,0.0,0.05,0.0933,1,1,Talisman
Jonas Lössl,939bc634,dk DEN,GK,Huddersfield,HUDDERSFIELDTOWN,28.0,1989,2017,38,38,3420,38.0,0,1,1,0,0,0,1,0,0.0,0.03,0.03,0.0,0.03,0.0924,2,1,Talisman
Aaron Mooy,47b7e3af,au AUS,MF,Huddersfield,HUDDERSFIELDTOWN,26.0,1990,2017,36,34,3067,34.1,4,3,7,3,1,1,4,0,0.12,0.09,0.21,0.09,0.18,0.0891,3,1,Talisman
Christopher Schindler,8ae9869d,de GER,DF,Huddersfield,HUDDERSFIELDTOWN,27.0,1990,2017,37,37,3264,36.3,0,1,1,0,0,0,8,2,0.0,0.03,0.03,0.0,0.03,0.0883,4,1,Talisman
Tom Ince,67d23ab0,eng ENG,MF,Huddersfield,HUDDERSFIELDTOWN,25.0,1992,2017,33,27,2452,27.2,2,0,2,2,0,0,0,0,0.07,0.0,0.07,0.07,0.07,0.0675,5,1,Talisman
Jonathan Hogg,9306d5ea,eng ENG,MF,Huddersfield,HUDDERSFIELDTOWN,28.0,1988,2017,30,29,2398,26.6,0,0,0,0,0,0,10,1,0.0,0.0,0.0,0.0,0.0,0.0637,6,2,Key Player
Rajiv van La Parra,1931bde9,nl NED,MF,Huddersfield,HUDDERSFIELDTOWN,26.0,1991,2017,33,26,2137,23.7,3,0,3,2,1,1,3,1,0.13,0.0,0.13,0.08,0.08,0.0591,7,2,Key Player
Steve Mounié,19ba6c6d,bj BEN,FW,Huddersfield,HUDDERSFIELDTOWN,22.0,1994,2017,28,21,1855,20.6,7,1,8,7,0,0,2,0,0.34,0.05,0.39,0.34,0.39,0.059,8,2,Key Player
Laurent Depoitre,aa5859cb,be BEL,FW,Huddersfield,HUDDERSFIELDTOWN,28.0,1988,2017,33,18,1820,20.2,6,1,7,6,0,0,1,0,0.3,0.05,0.35,0.3,0.35,0.0569,9,2,Key Player
Tommy Smith,e9208654,eng ENG,DF,Huddersfield,HUDDERSFIELDTOWN,25.0,1992,2017,24,21,1904,21.2,0,1,1,0,0,0,7,0,0.0,0.05,0.05,0.0,0.05,0.0521,10,2,Key Player
Florent Hadergjonaj,9aa186b2,xk KVX,DFMF,Huddersfield,HUDDERSFIELDTOWN,23.0,1994,2017,23,19,1674,18.6,0,1,1,0,0,0,3,0,0.0,0.05,0.05,0.0,0.05,0.0457,11,3,Regular Starter
Chris Löwe,c6896eab,de GER,DF,Huddersfield,HUDDERSFIELDTOWN,28.0,1989,2017,23,19,1588,17.6,0,0,0,0,0,0,1,0,0.0,0.0,0.0,0.0,0.0,0.0422,12,3,Regular Starter
Collin Quaner,19b8b0b9,de GER,MF,Huddersfield,HUDDERSFIELDTOWN,26.0,1991,2017,26,13,1280,14.2,0,4,4,0,0,0,4,0,0.0,0.28,0.28,0.0,0.28,0.0388,13,3,Regular Starter
Elias Kachunga,5bddccc9,cd COD,MF,Huddersfield,HUDDERSFIELDTOWN,25.0,1992,2017,19,17,1329,14.8,1,1,2,1,0,0,1,0,0.07,0.07,0.14,0.07,0.14,0.0379,14,3,Regular Starter
Scott Malone,f15a50e8,eng ENG,DF,Huddersfield,HUDDERSFIELDTOWN,26.0,1991,2017,22,12,1119,12.4,0,1,1,0,0,0,3,0,0.0,0.08,0.08,0.0,0.08,0.0309,15,3,Regular Starter
Danny Williams,ec9a28ce,us USA,MF,Huddersfield,HUDDERSFIELDTOWN,28.0,1989,2017,20,11,1124,12.5,0,0,0,0,0,0,2,0,0.0,0.0,0.0,0.0,0.0,0.03,16,4,Squad Rotation
Alex Pritchard,ff9fcd4d,eng ENG,MFFW,Huddersfield,HUDDERSFIELDTOWN,24.0,1993,2017,14,12,998,11.1,1,1,2,1,0,0,1,0,0.09,0.09,0.18,0.09,0.18,0.029,17,4,Squad Rotation
Terence Kongolo,1f9a3a04,nl NED,DF,Huddersfield,HUDDERSFIELDTOWN,23.0,1994,2017,13,11,1049,11.7,0,0,0,0,0,0,0,0,0.0,0.0,0.0,0.0,0.0,0.028,18,4,Squad Rotation
Philip Billing,d328a254,dk DEN,MF,Huddersfield,HUDDERSFIELDTOWN,21.0,1996,2017,16,8,764,8.5,0,0,0,0,0,0,3,0,0.0,0.0,0.0,0.0,0.0,0.0204,19,4,Squad Rotation
Joe Lolley,c5f13182,eng ENG,MF,Huddersfield,HUDDERSFIELDTOWN,24.0,1992,2017,6,2,221,2.5,1,0,1,1,0,0,1,0,0.41,0.0,0.41,0.41,0.41,0.0072,20,4,Squad Rotation
Abdelhamid Sabiri,4830e0af,ma MAR,MF,Huddersfield,HUDDERSFIELDTOWN,20.0,1996,2017,5,2,220,2.4,0,1,1,0,0,0,1,0,0.0,0.41,0.41,0.0,0.41,0.0069,21,5,Fringe/Backup
Martin Cranie,9e53837d,eng ENG,DF,Huddersfield,HUDDERSFIELDTOWN,30.0,1986,2017,3,2,180,2.0,0,0,0,0,0,0,0,0,0.0,0.0,0.0,0.0,0.0,0.0048,22,5,Fringe/Backup
Kasey Palmer,453f566a,jm JAM,MF,Huddersfield,HUDDERSFIELDTOWN,20.0,1996,2017,4,1,170,1.9,0,0,0,0,0,0,2,0,0.0,0.0,0.0,0.0,0.0,0.0046,23,5,Fringe/Backup
Dean Whitehead,a32204c9,eng ENG,DFMF,Huddersfield,HUDDERSFIELDTOWN,35.0,1982,2017,4,0,71,0.8,0,0,0,0,0,0,0,0,0.0,0.0,0.0,0.0,0.0,0.0019,24,5,Fringe/Backup
Michael Hefele,91bdc54a,de GER,DF,Huddersfield,HUDDERSFIELDTOWN,26.0,1990,2017,2,0,33,0.4,0,0,0,0,0,0,1,0,0.0,0.0,0.0,0.0,0.0,0.001,25,5,Fringe/Backup
Jamie Vardy,45963054,eng ENG,FW,Leicester City,LEICESTERCITY,30.0,1987,2017,37,37,3247,36.1,20,1,21,15,5,6,3,0,0.55,0.03,0.58,0.42,0.44,0.1057,1,1,Talisman
Riyad Mahrez,892d5bb1,dz ALG,MF,Leicester City,LEICESTERCITY,26.0,1991,2017,36,34,2950,32.8,12,10,22,12,0,0,2,0,0.37,0.31,0.67,0.37,0.67,0.1051,2,1,Talisman
Harry Maguire,d8931174,eng ENG,DF,Leicester City,LEICESTERCITY,24.0,1993,2017,38,38,3420,38.0,2,4,6,2,0,0,7,0,0.05,0.11,0.16,0.05,0.16,0.0985,3,1,Talisman
Wilfred Ndidi,6b47c5db,ng NGA,MF,Leicester City,LEICESTERCITY,20.0,1996,2017,33,33,2896,32.2,0,3,3,0,0,0,10,4,0.0,0.09,0.09,0.0,0.09,0.0807,4,1,Talisman
Kasper Schmeichel,53af52f3,dk DEN,GK,Leicester City,LEICESTERCITY,30.0,1986,2017,33,33,2965,32.9,0,0,0,0,0,0,3,0,0.0,0.0,0.0,0.0,0.0,0.0789,5,1,Talisman
Marc Albrighton,b827d5b3,eng ENG,MF,Leicester City,LEICESTERCITY,27.0,1989,2017,34,30,2538,28.2,2,7,9,2,0,0,5,1,0.07,0.25,0.32,0.07,0.32,0.0785,6,2,Key Player
Wes Morgan,80c31c97,jm JAM,DF,Leicester City,LEICESTERCITY,33.0,1984,2017,32,32,2817,31.3,0,0,0,0,0,0,4,0,0.0,0.0,0.0,0.0,0.0,0.0751,7,2,Key Player
Danny Simpson,3201b03d,eng ENG,DF,Leicester City,LEICESTERCITY,30.0,1987,2017,28,27,2306,25.6,0,0,0,0,0,0,4,0,0.0,0.0,0.0,0.0,0.0,0.0614,8,2,Key Player
Christian Fuchs,a67a09fb,at AUT,DF,Leicester City,LEICESTERCITY,31.0,1986,2017,25,21,1921,21.3,0,1,1,0,0,0,1,0,0.0,0.05,0.05,0.0,0.05,0.0524,9,2,Key Player
Ben Chilwell,d2424d1b,eng ENG,DFMF,Leicester City,LEICESTERCITY,20.0,1996,2017,24,20,1853,20.6,0,2,2,0,0,0,3,1,0.0,0.1,0.1,0.0,0.1,0.0519,10,2,Key Player
Demarai Gray,4468ec10,jm JAM,MF,Leicester City,LEICESTERCITY,21.0,1996,2017,35,17,1697,18.9,3,1,4,3,0,0,2,0,0.16,0.05,0.21,0.16,0.21,0.0501,11,3,Regular Starter
Shinji Okazaki,68796d61,jp JPN,MF,Leicester City,LEICESTERCITY,31.0,1986,2017,27,17,1324,14.7,6,2,8,6,0,0,2,0,0.41,0.14,0.54,0.41,0.54,0.0448,12,3,Regular Starter
Vicente Iborra,ad1ffcfd,es ESP,MF,Leicester City,LEICESTERCITY,29.0,1988,2017,19,17,1410,15.7,3,0,3,3,0,0,0,0,0.19,0.0,0.19,0.19,0.19,0.0412,13,3,Regular Starter
Kelechi Iheanacho,c92e1a31,ng NGA,MFFW,Leicester City,LEICESTERCITY,20.0,1996,2017,21,7,830,9.2,3,3,6,3,0,0,2,0,0.33,0.33,0.65,0.33,0.65,0.0292,14,3,Regular Starter
Matty James,ebd0a048,eng ENG,MF,Leicester City,LEICESTERCITY,26.0,1991,2017,13,11,993,11.0,0,0,0,0,0,0,2,0,0.0,0.0,0.0,0.0,0.0,0.0264,15,3,Regular Starter
Adrien Silva,d6f88a1d,pt POR,MF,Leicester City,LEICESTERCITY,28.0,1989,2017,12,9,761,8.5,0,1,1,0,0,0,3,0,0.0,0.12,0.12,0.0,0.12,0.0216,16,3,Regular Starter
Aleksandar Dragović,6fd8a334,at AUT,DF,Leicester City,LEICESTERCITY,26.0,1991,2017,11,7,769,8.5,0,0,0,0,0,0,2,0,0.0,0.0,0.0,0.0,0.0,0.0204,17,4,Squad Rotation
Fousseni Diabaté,d07e3b41,ml MLI,MFFW,Leicester City,LEICESTERCITY,21.0,1995,2017,14,5,587,6.5,0,1,1,0,0,0,1,0,0.0,0.15,0.15,0.0,0.15,0.0168,18,4,Squad Rotation
Andy King,d790907f,wls WAL,MF,Leicester City,LEICESTERCITY,28.0,1988,2017,11,5,537,6.0,1,0,1,1,0,0,1,0,0.17,0.0,0.17,0.17,0.17,0.0156,19,4,Squad Rotation
Daniel Amartey,1a4ef233,gh GHA,DF,Leicester City,LEICESTERCITY,22.0,1994,2017,8,6,487,5.4,0,0,0,0,0,0,2,2,0.0,0.0,0.0,0.0,0.0,0.013,20,4,Squad Rotation
Hamza Choudhury,7d2d3329,bd BAN,MF,Leicester City,LEICESTERCITY,19.0,1997,2017,8,4,378,4.2,0,1,1,0,0,0,1,0,0.0,0.24,0.24,0.0,0.24,0.0113,21,4,Squad Rotation
Islam Slimani,ffec9769,dz ALG,FW,Leicester City,LEICESTERCITY,29.0,1988,2017,12,2,249,2.8,1,1,2,1,0,0,0,0,0.36,0.36,0.72,0.36,0.72,0.0091,22,5,Fringe/Backup
Ben Hamer,d822a850,eng ENG,GK,Leicester City,LEICESTERCITY,29.0,1987,2017,4,3,275,3.1,0,0,0,0,0,0,0,0,0.0,0.0,0.0,0.0,0.0,0.0074,23,5,Fringe/Backup
Eldin Jakupović,1148323a,ch SUI,GK,Leicester City,LEICESTERCITY,32.0,1984,2017,2,2,180,2.0,0,0,0,0,0,0,0,0,0.0,0.0,0.0,0.0,0.0,0.0048,24,5,Fringe/Backup
Yohan Benalouane,8309b068,tn TUN,DF,Leicester City,LEICESTERCITY,30.0,1987,2017,1,1,90,1.0,0,0,0,0,0,0,0,0,0.0,0.0,0.0,0.0,0.0,0.0024,25,5,Fringe/Backup
Leonardo Ulloa,eed56f6c,ar ARG,FW,Leicester City,LEICESTERCITY,31.0,1986,2017,4,0,22,0.2,0,0,0,0,0,0,0,0,0.0,0.0,0.0,0.0,0.0,0.0005,26,5,Fringe/Backup
Harvey Barnes,3ea50f67,eng ENG,FWMF,Leicester City,LEICESTERCITY,19.0,1997,2017,3,0,10,0.1,0,0,0,0,0,0,0,0,0.0,0.0,0.0,0.0,0.0,0.0002,27,5,Fringe/Backup
Mohamed Salah,e342ad68,eg EGY,FW,Liverpool,LIVERPOOL,25.0,1992,2017,36,34,2907,32.3,32,10,42,31,1,2,1,0,0.99,0.31,1.3,0.96,1.27,0.1266,1,1,Talisman
Roberto Firmino,4c370d81,br BRA,FW,Liverpool,LIVERPOOL,25.0,1991,2017,37,32,2763,30.7,15,7,22,14,1,1,1,0,0.49,0.23,0.72,0.46,0.68,0.0986,2,1,Talisman
Sadio Mané,c691bfe2,sn SEN,FWMF,Liverpool,LIVERPOOL,25.0,1992,2017,29,28,2190,24.3,10,7,17,10,0,0,3,1,0.41,0.29,0.7,0.41,0.7,0.0786,3,1,Talisman
Georginio Wijnaldum,eb58eef0,nl NED,MF,Liverpool,LIVERPOOL,26.0,1990,2017,33,27,2387,26.5,1,2,3,1,0,0,1,0,0.04,0.08,0.11,0.04,0.11,0.067,4,1,Talisman
Emre Can,a65ce836,de GER,MF,Liverpool,LIVERPOOL,23.0,1994,2017,26,24,2091,23.2,3,4,7,3,0,0,8,0,0.13,0.17,0.3,0.13,0.3,0.0639,5,1,Talisman
Dejan Lovren,1a2935f6,hr CRO,DF,Liverpool,LIVERPOOL,28.0,1989,2017,29,24,2127,23.6,2,1,3,2,0,0,4,0,0.08,0.04,0.13,0.08,0.13,0.0602,6,2,Key Player
Jordan Henderson,935e6b8f,eng ENG,MF,Liverpool,LIVERPOOL,27.0,1990,2017,27,25,2171,24.1,1,1,2,1,0,0,1,0,0.04,0.04,0.08,0.04,0.08,0.0601,7,2,Key Player
Andy Robertson,2e4f5f03,sct SCO,DF,Liverpool,LIVERPOOL,23.0,1994,2017,22,22,1940,21.6,1,5,6,1,0,0,2,0,0.05,0.23,0.28,0.05,0.28,0.059,8,2,Key Player
Joël Matip,b217ef29,cm CMR,DF,Liverpool,LIVERPOOL,25.0,1991,2017,25,22,1997,22.2,1,0,1,1,0,0,3,0,0.05,0.0,0.05,0.05,0.05,0.0545,9,2,Key Player
Joe Gomez,7a11550b,eng ENG,DF,Liverpool,LIVERPOOL,20.0,1997,2017,23,21,1902,21.1,0,2,2,0,0,0,3,0,0.0,0.09,0.09,0.0,0.09,0.0528,10,2,Key Player
Alex Oxlade-Chamberlain,38c7feef,eng ENG,MF,Liverpool,LIVERPOOL,23.0,1993,2017,32,14,1493,16.6,3,7,10,3,0,0,3,0,0.18,0.42,0.6,0.18,0.6,0.0517,11,3,Regular Starter
James Milner,2f90f6b8,eng ENG,MF,Liverpool,LIVERPOOL,31.0,1986,2017,32,16,1775,19.7,0,3,3,0,0,0,3,0,0.0,0.15,0.15,0.0,0.15,0.0507,12,3,Regular Starter
Loris Karius,32e7ce92,de GER,GK,Liverpool,LIVERPOOL,24.0,1993,2017,19,19,1710,19.0,0,0,0,0,0,0,1,0,0.0,0.0,0.0,0.0,0.0,0.0455,13,3,Regular Starter
Simon Mignolet,d436eb94,be BEL,GK,Liverpool,LIVERPOOL,29.0,1988,2017,19,19,1710,19.0,0,0,0,0,0,0,3,0,0.0,0.0,0.0,0.0,0.0,0.0455,14,3,Regular Starter
Philippe Coutinho,0ef89a37,br BRA,MFFW,Liverpool,LIVERPOOL,25.0,1992,2017,14,13,1109,12.3,7,6,13,7,0,0,0,0,0.57,0.49,1.06,0.57,1.06,0.0451,15,3,Regular Starter
Trent Alexander-Arnold,cd1acf9d,eng ENG,DFMF,Liverpool,LIVERPOOL,18.0,1998,2017,19,18,1573,17.5,1,1,2,1,0,0,3,0,0.06,0.06,0.11,0.06,0.11,0.0442,16,3,Regular Starter
Ragnar Klavan,008a6e6d,ee EST,DF,Liverpool,LIVERPOOL,31.0,1985,2017,19,16,1451,16.1,1,0,1,1,0,0,0,0,0.06,0.0,0.06,0.06,0.06,0.0397,17,4,Squad Rotation
Alberto Moreno,11b9265b,es ESP,DF,Liverpool,LIVERPOOL,25.0,1992,2017,16,14,1266,14.1,0,0,0,0,0,0,1,0,0.0,0.0,0.0,0.0,0.0,0.0338,18,4,Squad Rotation
Virgil van Dijk,e06683ca,nl NED,DF,Liverpool,LIVERPOOL,26.0,1991,2017,14,14,1260,14.0,0,0,0,0,0,0,1,0,0.0,0.0,0.0,0.0,0.0,0.0335,19,4,Squad Rotation
Dominic Solanke,e77dc3b2,eng ENG,FW,Liverpool,LIVERPOOL,19.0,1997,2017,21,5,596,6.6,1,1,2,1,0,0,0,0,0.15,0.15,0.3,0.15,0.3,0.0182,20,4,Squad Rotation
Daniel Sturridge,1b7ec703,eng ENG,FW,Liverpool,LIVERPOOL,27.0,1989,2017,9,5,431,4.8,2,1,3,2,0,0,0,0,0.42,0.21,0.63,0.42,0.63,0.0151,21,4,Squad Rotation
Danny Ings,07802f7f,eng ENG,FW,Liverpool,LIVERPOOL,25.0,1992,2017,8,3,267,3.0,1,0,1,1,0,0,0,0,0.34,0.0,0.34,0.34,0.34,0.0084,22,5,Fringe/Backup
Adam Lallana,99813635,eng ENG,MF,Liverpool,LIVERPOOL,29.0,1988,2017,12,1,244,2.7,0,0,0,0,0,0,1,0,0.0,0.0,0.0,0.0,0.0,0.0065,23,5,Fringe/Backup
Nathaniel Clyne,0442183b,eng ENG,DF,Liverpool,LIVERPOOL,26.0,1991,2017,3,2,174,1.9,0,0,0,0,0,0,1,0,0.0,0.0,0.0,0.0,0.0,0.0046,24,5,Fringe/Backup
Marko Grujić,8b8e759d,rs SRB,MF,Liverpool,LIVERPOOL,21.0,1996,2017,3,0,16,0.2,0,0,0,0,0,0,0,0,0.0,0.0,0.0,0.0,0.0,0.0005,25,5,Fringe/Backup
Divock Origi,43a166b4,be BEL,FWMF,Liverpool,LIVERPOOL,22.0,1995,2017,1,0,10,0.1,0,0,0,0,0,0,0,0,0.0,0.0,0.0,0.0,0.0,0.0002,26,5,Fringe/Backup
Ben Woodburn,8aadeaef,wls WAL,FWMF,Liverpool,LIVERPOOL,17.0,1999,2017,1,0,7,0.1,0,0,0,0,0,0,0,0,0.0,0.0,0.0,0.0,0.0,0.0002,27,5,Fringe/Backup
Kevin De Bruyne,e46012d4,be BEL,MF,Manchester City,MANCHESTERCITY,26.0,1991,2017,37,36,3073,34.1,8,16,24,8,0,0,2,0,0.23,0.47,0.7,0.23,0.7,0.1103,1,1,Talisman
Raheem Sterling,b400bde0,eng ENG,FWMF,Manchester City,MANCHESTERCITY,22.0,1994,2017,33,29,2586,28.7,18,11,29,17,1,1,5,2,0.63,0.38,1.01,0.59,0.97,0.1021,2,1,Talisman
Leroy Sané,2b114be3,de GER,FWMF,Manchester City,MANCHESTERCITY,21.0,1996,2017,32,27,2419,26.9,10,15,25,10,0,0,4,0,0.37,0.56,0.93,0.37,0.93,0.0944,3,1,Talisman
David Silva,e2716bd0,es ESP,MF,Manchester City,MANCHESTERCITY,31.0,1986,2017,29,28,2430,27.0,9,11,20,9,0,0,5,0,0.33,0.41,0.74,0.33,0.74,0.0886,4,1,Talisman
Fernandinho,101da2b5,br BRA,MF,Manchester City,MANCHESTERCITY,32.0,1985,2017,34,33,2881,32.0,5,3,8,5,0,0,7,0,0.16,0.09,0.25,0.16,0.25,0.0863,5,1,Talisman
Ederson Moraes,3bb7b8b4,br BRA,GK,Manchester City,MANCHESTERCITY,23.0,1993,2017,36,36,3194,35.5,0,0,0,0,0,0,1,0,0.0,0.0,0.0,0.0,0.0,0.0851,6,2,Key Player
Nicolás Otamendi,0d267745,ar ARG,DF,Manchester City,MANCHESTERCITY,29.0,1988,2017,34,33,2967,33.0,4,0,4,4,0,0,9,0,0.12,0.0,0.12,0.12,0.12,0.0838,7,2,Key Player
Kyle Walker,86dd77d1,eng ENG,DF,Manchester City,MANCHESTERCITY,27.0,1990,2017,32,32,2784,30.9,0,6,6,0,0,0,4,2,0.0,0.19,0.19,0.0,0.19,0.0811,8,2,Key Player
Sergio Agüero,4d034881,ar ARG,FW,Manchester City,MANCHESTERCITY,29.0,1988,2017,25,22,1963,21.8,21,6,27,17,4,4,2,0,0.96,0.28,1.24,0.78,1.05,0.0797,9,2,Key Player
Gabriel Jesus,b66315ae,br BRA,FW,Manchester City,MANCHESTERCITY,20.0,1997,2017,29,19,1668,18.5,13,3,16,13,0,2,6,0,0.7,0.16,0.86,0.7,0.86,0.0634,10,2,Key Player
Bernardo Silva,3eb22ec9,pt POR,FW,Manchester City,MANCHESTERCITY,22.0,1994,2017,35,15,1533,17.0,6,4,10,6,0,0,0,0,0.35,0.23,0.59,0.35,0.59,0.0528,11,3,Regular Starter
Fabian Delph,111c3236,eng ENG,DF,Manchester City,MANCHESTERCITY,27.0,1989,2017,22,21,1741,19.3,1,2,3,1,0,0,2,0,0.05,0.1,0.16,0.05,0.16,0.0499,12,3,Regular Starter
İlkay Gündoğan,819b3158,de GER,MF,Manchester City,MANCHESTERCITY,26.0,1990,2017,30,15,1517,16.9,4,1,5,3,1,1,3,0,0.24,0.06,0.3,0.18,0.24,0.0454,13,3,Regular Starter
Danilo,94b2001f,br BRA,DF,Manchester City,MANCHESTERCITY,26.0,1991,2017,23,13,1349,15.0,3,2,5,3,0,0,2,0,0.2,0.13,0.33,0.2,0.33,0.0419,14,3,Regular Starter
Vincent Kompany,d2bff301,be BEL,DF,Manchester City,MANCHESTERCITY,31.0,1986,2017,17,17,1394,15.5,1,1,2,1,0,0,6,0,0.06,0.06,0.13,0.06,0.13,0.0396,15,3,Regular Starter
John Stones,5eecec3d,eng ENG,DF,Manchester City,MANCHESTERCITY,23.0,1994,2017,18,16,1302,14.5,0,0,0,0,0,0,0,0,0.0,0.0,0.0,0.0,0.0,0.0347,16,4,Squad Rotation
Aymeric Laporte,119b9a8e,es ESP,DF,Manchester City,MANCHESTERCITY,23.0,1994,2017,9,9,806,9.0,0,0,0,0,0,0,1,0,0.0,0.0,0.0,0.0,0.0,0.0216,17,4,Squad Rotation
Oleksandr Zinchenko,51cf8561,ua UKR,DF,Manchester City,MANCHESTERCITY,20.0,1996,2017,8,6,532,5.9,0,0,0,0,0,0,1,0,0.0,0.0,0.0,0.0,0.0,0.0141,18,4,Squad Rotation
Eliaquim Mangala,f520049f,fr FRA,DF,Manchester City,MANCHESTERCITY,26.0,1991,2017,9,4,488,5.4,0,0,0,0,0,0,0,0,0.0,0.0,0.0,0.0,0.0,0.0129,19,4,Squad Rotation
Benjamin Mendy,5271c8f1,fr FRA,DFMF,Manchester City,MANCHESTERCITY,23.0,1994,2017,7,4,363,4.0,0,1,1,0,0,0,2,0,0.0,0.25,0.25,0.0,0.25,0.0108,20,4,Squad Rotation
Yaya Touré,c204f844,ci CIV,MF,Manchester City,MANCHESTERCITY,34.0,1983,2017,10,1,236,2.6,0,2,2,0,0,0,1,0,0.0,0.76,0.76,0.0,0.76,0.0086,21,5,Fringe/Backup
Claudio Bravo,10072610,cl CHI,GK,Manchester City,MANCHESTERCITY,34.0,1983,2017,3,2,226,2.5,0,0,0,0,0,0,0,0,0.0,0.0,0.0,0.0,0.0,0.006,22,5,Fringe/Backup
Phil Foden,ed1e53f3,eng ENG,FWMF,Manchester City,MANCHESTERCITY,17.0,2000,2017,5,0,49,0.5,0,1,1,0,0,0,0,0,0.0,1.84,1.84,0.0,1.84,0.0023,23,5,Fringe/Backup
Brahim Díaz,407feb71,ma MAR,FWMF,Manchester City,MANCHESTERCITY,17.0,1999,2017,5,0,55,0.6,0,0,0,0,0,0,0,0,0.0,0.0,0.0,0.0,0.0,0.0014,24,5,Fringe/Backup
Lukas Nmecha,0cc5f4a5,de GER,FW,Manchester City,MANCHESTERCITY,18.0,1998,2017,2,0,16,0.2,0,0,0,0,0,0,0,0,0.0,0.0,0.0,0.0,0.0,0.0005,25,5,Fringe/Backup
Romelu Lukaku,5eae500a,be BEL,FW,Manchester Utd,MANCHESTERUNITED,24.0,1993,2017,34,33,2867,31.9,16,7,23,16,0,1,4,0,0.5,0.22,0.72,0.5,0.72,0.1039,1,1,Talisman
David de Gea,7ba6d84e,es ESP,GK,Manchester Utd,MANCHESTERUNITED,26.0,1990,2017,37,37,3330,37.0,0,0,0,0,0,0,0,0,0.0,0.0,0.0,0.0,0.0,0.0886,2,1,Talisman
Nemanja Matić,eb7822d7,rs SRB,MF,Manchester Utd,MANCHESTERUNITED,28.0,1988,2017,36,35,3118,34.6,1,1,2,1,0,0,6,0,0.03,0.03,0.06,0.03,0.06,0.0853,3,1,Talisman
Antonio Valencia,08aa17d0,ec ECU,DFMF,Manchester Utd,MANCHESTERUNITED,31.0,1985,2017,31,31,2740,30.4,3,1,4,3,0,0,7,0,0.1,0.03,0.13,0.1,0.13,0.0775,4,1,Talisman
Paul Pogba,867239d3,fr FRA,MF,Manchester Utd,MANCHESTERUNITED,24.0,1993,2017,27,25,2148,23.9,6,10,16,6,0,0,5,1,0.25,0.42,0.67,0.25,0.67,0.0764,5,1,Talisman
Chris Smalling,b6964eb6,eng ENG,DF,Manchester Utd,MANCHESTERUNITED,27.0,1989,2017,29,28,2536,28.2,4,0,4,4,0,0,4,0,0.14,0.0,0.14,0.14,0.14,0.0722,6,2,Key Player
Ashley Young,be927d03,eng ENG,DFMF,Manchester Utd,MANCHESTERUNITED,32.0,1985,2017,30,28,2442,27.1,2,4,6,2,0,0,7,0,0.07,0.15,0.22,0.07,0.22,0.072,7,2,Key Player
Jesse Lingard,810e3c74,eng ENG,MFFW,Manchester Utd,MANCHESTERUNITED,24.0,1992,2017,33,20,1817,20.2,8,5,13,8,0,0,2,0,0.4,0.25,0.64,0.4,0.64,0.0638,8,2,Key Player
Marcus Rashford,a1d5bd30,eng ENG,MFFW,Manchester Utd,MANCHESTERUNITED,19.0,1997,2017,35,17,1813,20.1,7,5,12,7,0,0,3,0,0.35,0.25,0.6,0.35,0.6,0.0626,9,2,Key Player
Juan Mata,29733c72,es ESP,MFFW,Manchester Utd,MANCHESTERUNITED,29.0,1988,2017,28,23,1922,21.4,3,5,8,3,0,0,1,0,0.14,0.23,0.37,0.14,0.37,0.0607,10,2,Key Player
Anthony Martial,8b788c01,fr FRA,MFFW,Manchester Utd,MANCHESTERUNITED,21.0,1995,2017,30,18,1582,17.6,9,5,14,8,1,1,1,0,0.51,0.28,0.8,0.46,0.74,0.0577,11,3,Regular Starter
Phil Jones,def899bd,eng ENG,DF,Manchester Utd,MANCHESTERUNITED,25.0,1992,2017,23,23,1973,21.9,0,0,0,0,0,0,2,0,0.0,0.0,0.0,0.0,0.0,0.0524,12,3,Regular Starter
Ander Herrera,436a9dd0,es ESP,MF,Manchester Utd,MANCHESTERUNITED,27.0,1989,2017,26,13,1268,14.1,0,2,2,0,0,0,5,0,0.0,0.14,0.14,0.0,0.14,0.0361,13,3,Regular Starter
Victor Lindelöf,f5deef4c,se SWE,DF,Manchester Utd,MANCHESTERUNITED,23.0,1994,2017,17,13,1285,14.3,0,0,0,0,0,0,1,0,0.0,0.0,0.0,0.0,0.0,0.0342,14,3,Regular Starter
Alexis Sánchez,2c0f8e9e,cl CHI,FWMF,Manchester Utd,MANCHESTERUNITED,28.0,1988,2017,12,12,1043,11.6,2,3,5,2,0,1,1,0,0.17,0.26,0.43,0.17,0.43,0.0337,15,3,Regular Starter
Henrikh Mkhitaryan,dd0daf32,am ARM,MF,Manchester Utd,MANCHESTERUNITED,28.0,1989,2017,15,11,922,10.2,1,5,6,1,0,0,2,0,0.1,0.49,0.59,0.1,0.59,0.0316,16,3,Regular Starter
Eric Bailly,a1232f4e,ci CIV,DF,Manchester Utd,MANCHESTERUNITED,23.0,1994,2017,13,11,1001,11.1,1,0,1,1,0,0,2,0,0.09,0.0,0.09,0.09,0.09,0.0278,17,4,Squad Rotation
Marouane Fellaini,87575fd9,be BEL,MF,Manchester Utd,MANCHESTERUNITED,29.0,1987,2017,16,5,621,6.9,4,0,4,4,0,0,1,0,0.58,0.0,0.58,0.58,0.58,0.0213,18,4,Squad Rotation
Luke Shaw,9c94165b,eng ENG,DF,Manchester Utd,MANCHESTERUNITED,22.0,1995,2017,11,8,790,8.8,0,0,0,0,0,0,2,0,0.0,0.0,0.0,0.0,0.0,0.0211,19,4,Squad Rotation
Marcos Rojo,e0991c04,ar ARG,DF,Manchester Utd,MANCHESTERUNITED,27.0,1990,2017,9,8,640,7.1,0,0,0,0,0,0,6,0,0.0,0.0,0.0,0.0,0.0,0.017,20,4,Squad Rotation
Scott McTominay,d93c2511,sct SCO,MF,Manchester Utd,MANCHESTERUNITED,20.0,1996,2017,13,7,634,7.0,0,0,0,0,0,0,2,0,0.0,0.0,0.0,0.0,0.0,0.0168,21,4,Squad Rotation
Matteo Darmian,96e0490d,it ITA,DF,Manchester Utd,MANCHESTERUNITED,27.0,1989,2017,8,5,444,4.9,0,0,0,0,0,0,0,0,0.0,0.0,0.0,0.0,0.0,0.0117,22,5,Fringe/Backup
Daley Blind,691bef82,nl NED,DFMF,Manchester Utd,MANCHESTERUNITED,27.0,1990,2017,7,4,362,4.0,0,0,0,0,0,0,0,0,0.0,0.0,0.0,0.0,0.0,0.0096,23,5,Fringe/Backup
Michael Carrick,ab7263c1,eng ENG,MF,Manchester Utd,MANCHESTERUNITED,36.0,1981,2017,2,1,109,1.2,0,0,0,0,0,0,0,0,0.0,0.0,0.0,0.0,0.0,0.0029,24,5,Fringe/Backup
Zlatan Ibrahimović,4cde5509,se SWE,MF,Manchester Utd,MANCHESTERUNITED,35.0,1981,2017,5,1,106,1.2,0,0,0,0,0,0,0,0,0.0,0.0,0.0,0.0,0.0,0.0029,25,5,Fringe/Backup
Sergio Romero,1e26e376,ar ARG,GK,Manchester Utd,MANCHESTERUNITED,30.0,1987,2017,1,1,90,1.0,0,0,0,0,0,0,0,0,0.0,0.0,0.0,0.0,0.0,0.0024,26,5,Fringe/Backup
Axel Tuanzebe,2baec6ce,cd COD,DF,Manchester Utd,MANCHESTERUNITED,19.0,1997,2017,1,0,1,0.0,0,0,0,0,0,0,0,0,0.0,0.0,0.0,0.0,0.0,0.0,27,5,Fringe/Backup
Matt Ritchie,71ef519e,sct SCO,MF,Newcastle,NEWCASTLEUNITED,27.0,1989,2017,35,32,2804,31.2,3,5,8,3,0,0,6,0,0.1,0.16,0.26,0.1,0.26,0.0844,1,1,Talisman
Ayoze Pérez,819aa8e7,es ESP,MF,Newcastle,NEWCASTLEUNITED,24.0,1993,2017,36,28,2492,27.7,8,5,13,8,0,0,3,0,0.29,0.18,0.47,0.29,0.47,0.0819,2,1,Talisman
Jamaal Lascelles,450ab6fc,eng ENG,DF,Newcastle,NEWCASTLEUNITED,23.0,1993,2017,33,32,2928,32.5,3,0,3,3,0,0,5,0,0.09,0.0,0.09,0.09,0.09,0.0813,3,1,Talisman
DeAndre Yedlin,ae0a7ddf,us USA,DF,Newcastle,NEWCASTLEUNITED,24.0,1993,2017,34,31,2845,31.6,0,2,2,0,0,0,5,0,0.0,0.06,0.06,0.0,0.06,0.0779,4,1,Talisman
Jonjo Shelvey,3727dd3c,eng ENG,MF,Newcastle,NEWCASTLEUNITED,25.0,1992,2017,30,25,2268,25.2,1,3,4,1,0,0,4,3,0.04,0.12,0.16,0.04,0.16,0.0652,5,1,Talisman
Dwight Gayle,e58a03c6,eng ENG,FW,Newcastle,NEWCASTLEUNITED,26.0,1990,2017,35,23,1958,21.8,6,3,9,6,0,0,3,0,0.28,0.14,0.41,0.28,0.41,0.0629,6,2,Key Player
Florian Lejeune,6eaed4eb,fr FRA,DF,Newcastle,NEWCASTLEUNITED,26.0,1991,2017,24,24,2103,23.4,0,2,2,0,0,0,3,0,0.0,0.09,0.09,0.0,0.09,0.0585,7,2,Key Player
Mohamed Diamé,b7d082af,sn SEN,MF,Newcastle,NEWCASTLEUNITED,30.0,1987,2017,31,23,2041,22.7,2,0,2,2,0,0,3,0,0.09,0.0,0.09,0.09,0.09,0.0568,8,2,Key Player
Christian Atsu,8816329f,gh GHA,MF,Newcastle,NEWCASTLEUNITED,25.0,1992,2017,28,19,1784,19.8,2,2,4,2,0,0,1,0,0.1,0.1,0.2,0.1,0.2,0.0521,9,2,Key Player
Joselu,6265208f,es ESP,FW,Newcastle,NEWCASTLEUNITED,27.0,1990,2017,30,19,1712,19.0,4,1,5,4,0,1,2,0,0.21,0.05,0.26,0.21,0.26,0.0514,10,2,Key Player
Ciaran Clark,2b91cf8e,ie IRL,DF,Newcastle,NEWCASTLEUNITED,27.0,1989,2017,20,19,1746,19.4,2,1,3,2,0,0,3,0,0.1,0.05,0.15,0.1,0.15,0.0499,11,3,Regular Starter
Javier Manquillo,758dd7f0,es ESP,DF,Newcastle,NEWCASTLEUNITED,23.0,1994,2017,21,20,1758,19.5,0,1,1,0,0,0,2,0,0.0,0.05,0.05,0.0,0.05,0.0479,12,3,Regular Starter
Paul Dummett,3fe6bd8c,wls WAL,DF,Newcastle,NEWCASTLEUNITED,25.0,1991,2017,20,19,1602,17.8,0,0,0,0,0,0,1,0,0.0,0.0,0.0,0.0,0.0,0.0426,13,3,Regular Starter
Rob Elliot,b1b25949,ie IRL,GK,Newcastle,NEWCASTLEUNITED,31.0,1986,2017,16,16,1440,16.0,0,0,0,0,0,0,0,0,0.0,0.0,0.0,0.0,0.0,0.0383,14,3,Regular Starter
Mikel Merino,d080ed5e,es ESP,MF,Newcastle,NEWCASTLEUNITED,21.0,1996,2017,24,14,1347,15.0,1,1,2,1,0,0,4,0,0.07,0.07,0.13,0.07,0.13,0.0382,15,3,Regular Starter
Isaac Hayden,c951a6df,jm JAM,MF,Newcastle,NEWCASTLEUNITED,22.0,1995,2017,26,15,1374,15.3,1,0,1,1,0,0,7,0,0.07,0.0,0.07,0.07,0.07,0.0379,16,3,Regular Starter
Jacob Murphy,de112b84,eng ENG,MF,Newcastle,NEWCASTLEUNITED,22.0,1995,2017,25,13,1148,12.8,1,1,2,1,0,0,0,0,0.08,0.08,0.16,0.08,0.16,0.0331,17,4,Squad Rotation
Kenedy,5eebbfdf,br BRA,MF,Newcastle,NEWCASTLEUNITED,21.0,1996,2017,13,13,1023,11.4,2,2,4,2,0,0,1,0,0.18,0.18,0.35,0.18,0.35,0.0321,18,4,Squad Rotation
Martin Dúbravka,3a949a25,sk SVK,GK,Newcastle,NEWCASTLEUNITED,28.0,1989,2017,12,12,1080,12.0,0,0,0,0,0,0,0,0,0.0,0.0,0.0,0.0,0.0,0.0287,19,4,Squad Rotation
Karl Darlow,cde3309f,wls WAL,GK,Newcastle,NEWCASTLEUNITED,26.0,1990,2017,10,10,900,10.0,0,0,0,0,0,0,0,0,0.0,0.0,0.0,0.0,0.0,0.0239,20,4,Squad Rotation
Chancel Mbemba,e76cb9cc,cd COD,DF,Newcastle,NEWCASTLEUNITED,22.0,1994,2017,9,7,672,7.5,0,0,0,0,0,0,0,0,0.0,0.0,0.0,0.0,0.0,0.018,21,4,Squad Rotation
Aleksandar Mitrović,3925dbd6,rs SRB,FW,Newcastle,NEWCASTLEUNITED,22.0,1994,2017,6,0,95,1.1,1,0,1,1,0,0,0,0,0.95,0.0,0.95,0.95,0.95,0.0039,22,5,Fringe/Backup
Rolando Aarons,c5942695,eng ENG,MF,Newcastle,NEWCASTLEUNITED,21.0,1995,2017,4,1,139,1.5,0,0,0,0,0,0,0,0,0.0,0.0,0.0,0.0,0.0,0.0036,23,5,Fringe/Backup
Islam Slimani,ffec9769,dz ALG,FW,Newcastle,NEWCASTLEUNITED,29.0,1988,2017,4,1,132,1.5,0,0,0,0,0,0,1,0,0.0,0.0,0.0,0.0,0.0,0.0036,24,5,Fringe/Backup
Henri Saivet,f3709655,sn SEN,MF,Newcastle,NEWCASTLEUNITED,26.0,1990,2017,1,1,83,0.9,1,0,1,1,0,0,0,0,1.08,0.0,1.08,1.08,1.08,0.0033,25,5,Fringe/Backup
Jesús Gámez,bd1d1cbb,es ESP,DF,Newcastle,NEWCASTLEUNITED,32.0,1985,2017,2,1,98,1.1,0,0,0,0,0,0,0,0,0.0,0.0,0.0,0.0,0.0,0.0026,26,5,Fringe/Backup
Massadio Haïdara,5167c97e,ml MLI,DFMF,Newcastle,NEWCASTLEUNITED,24.0,1992,2017,1,0,4,0.0,0,0,0,0,0,0,0,0,0.0,0.0,0.0,0.0,0.0,0.0,27,5,Fringe/Backup
Ryan Bertrand,01226327,eng ENG,DFMF,Southampton,SOUTHAMPTON,27.0,1989,2017,35,35,3135,34.8,0,4,4,0,0,0,2,0,0.0,0.11,0.11,0.0,0.11,0.0879,1,1,Talisman
Dušan Tadić,2475dcc6,rs SRB,MF,Southampton,SOUTHAMPTON,28.0,1988,2017,36,34,2791,31.0,6,3,9,5,1,1,4,0,0.19,0.1,0.29,0.16,0.26,0.0839,2,1,Talisman
Oriol Romeu,4b511457,es ESP,MF,Southampton,SOUTHAMPTON,25.0,1991,2017,34,34,2897,32.2,1,0,1,1,0,0,11,0,0.03,0.0,0.03,0.03,0.03,0.0782,3,1,Talisman
Cédric Soares,839c14e1,pt POR,DFMF,Southampton,SOUTHAMPTON,25.0,1991,2017,32,32,2794,31.0,0,3,3,0,0,0,3,0,0.0,0.1,0.1,0.0,0.1,0.0779,4,1,Talisman
Wesley Hoedt,875898c7,nl NED,DF,Southampton,SOUTHAMPTON,23.0,1994,2017,28,28,2520,28.0,0,1,1,0,0,0,7,0,0.0,0.04,0.04,0.0,0.04,0.0684,5,1,Talisman
Maya Yoshida,caffaf5a,jp JPN,DF,Southampton,SOUTHAMPTON,28.0,1988,2017,24,23,2051,22.8,2,0,2,2,0,0,4,1,0.09,0.0,0.09,0.09,0.09,0.057,6,2,Key Player
Nathan Redmond,ab651565,eng ENG,MF,Southampton,SOUTHAMPTON,23.0,1994,2017,31,22,1945,21.6,1,3,4,1,0,0,3,0,0.05,0.14,0.19,0.05,0.19,0.0566,7,2,Key Player
Jack Stephens,6adbc307,eng ENG,DF,Southampton,SOUTHAMPTON,23.0,1994,2017,22,22,1980,22.0,2,0,2,2,0,0,6,1,0.09,0.0,0.09,0.09,0.09,0.055,8,2,Key Player
James Ward-Prowse,3515d404,eng ENG,MF,Southampton,SOUTHAMPTON,22.0,1994,2017,30,20,1716,19.1,3,3,6,3,0,0,3,0,0.16,0.16,0.31,0.16,0.31,0.0528,9,2,Key Player
Mario Lemina,2b471f99,ga GAB,MF,Southampton,SOUTHAMPTON,23.0,1993,2017,25,20,1720,19.1,1,1,2,1,0,0,2,0,0.05,0.05,0.1,0.05,0.1,0.048,10,2,Key Player
Fraser Forster,c3e39f12,eng ENG,GK,Southampton,SOUTHAMPTON,29.0,1988,2017,20,20,1800,20.0,0,0,0,0,0,0,0,0,0.0,0.0,0.0,0.0,0.0,0.0479,11,3,Regular Starter
Shane Long,9f472354,ie IRL,FW,Southampton,SOUTHAMPTON,30.0,1987,2017,30,15,1582,17.6,2,1,3,2,0,0,6,0,0.11,0.06,0.17,0.11,0.17,0.0457,12,3,Regular Starter
Pierre Højbjerg,8b04d6c1,dk DEN,MF,Southampton,SOUTHAMPTON,21.0,1995,2017,23,19,1670,18.6,0,0,0,0,0,0,6,0,0.0,0.0,0.0,0.0,0.0,0.0445,13,3,Regular Starter
Steven Davis,cf15bbb1,nir NIR,MF,Southampton,SOUTHAMPTON,32.0,1985,2017,23,17,1521,16.9,3,0,3,3,0,0,0,0,0.18,0.0,0.18,0.18,0.18,0.0441,14,3,Regular Starter
Alex McCarthy,36c2ca73,eng ENG,GK,Southampton,SOUTHAMPTON,27.0,1989,2017,18,18,1620,18.0,0,0,0,0,0,0,2,0,0.0,0.0,0.0,0.0,0.0,0.0431,15,3,Regular Starter
Sofiane Boufal,b0c71810,ma MAR,MF,Southampton,SOUTHAMPTON,23.0,1993,2017,26,11,1219,13.5,2,2,4,2,0,0,1,0,0.15,0.15,0.3,0.15,0.3,0.0372,16,4,Squad Rotation
Charlie Austin,8d228291,eng ENG,FW,Southampton,SOUTHAMPTON,28.0,1989,2017,24,10,1037,11.5,7,0,7,6,1,1,2,0,0.61,0.0,0.61,0.52,0.52,0.0347,17,4,Squad Rotation
Manolo Gabbiadini,8f866fe8,it ITA,FW,Southampton,SOUTHAMPTON,25.0,1991,2017,28,11,1081,12.0,5,0,5,4,1,1,2,0,0.42,0.0,0.42,0.33,0.33,0.0335,18,4,Squad Rotation
Virgil van Dijk,e06683ca,nl NED,DF,Southampton,SOUTHAMPTON,26.0,1991,2017,12,11,994,11.0,0,0,0,0,0,0,0,0,0.0,0.0,0.0,0.0,0.0,0.0263,19,4,Squad Rotation
Guido Carrillo,8f898ba8,ar ARG,FW,Southampton,SOUTHAMPTON,26.0,1991,2017,7,5,450,5.0,0,1,1,0,0,0,0,0,0.0,0.2,0.2,0.0,0.2,0.0132,20,4,Squad Rotation
Jan Bednarek,4115ce4e,pl POL,DF,Southampton,SOUTHAMPTON,21.0,1996,2017,5,5,426,4.7,1,0,1,1,0,0,1,0,0.21,0.0,0.21,0.21,0.21,0.0124,21,5,Fringe/Backup
Jérémy Pied,a634b9d2,fr FRA,DF,Southampton,SOUTHAMPTON,28.0,1989,2017,2,2,180,2.0,0,1,1,0,0,0,0,0,0.0,0.5,0.5,0.0,0.5,0.006,22,5,Fringe/Backup
Josh Sims,6d6f09dc,eng ENG,MF,Southampton,SOUTHAMPTON,20.0,1997,2017,6,1,163,1.8,0,0,0,0,0,0,0,0,0.0,0.0,0.0,0.0,0.0,0.0043,23,5,Fringe/Backup
Matt Targett,e514ab62,eng ENG,DF,Southampton,SOUTHAMPTON,21.0,1995,2017,2,2,166,1.8,0,0,0,0,0,0,0,0,0.0,0.0,0.0,0.0,0.0,0.0043,24,5,Fringe/Backup
Sam McQueen,b27b49b4,eng ENG,DF,Southampton,SOUTHAMPTON,22.0,1995,2017,7,1,148,1.6,0,0,0,0,0,0,0,0,0.0,0.0,0.0,0.0,0.0,0.0038,25,5,Fringe/Backup
Michael Obafemi,caa1a7f0,ie IRL,FW,Southampton,SOUTHAMPTON,17.0,2000,2017,1,0,9,0.1,0,0,0,0,0,0,0,0,0.0,0.0,0.0,0.0,0.0,0.0002,26,5,Fringe/Backup
Xherdan Shaqiri,6421ec64,ch SUI,MFFW,Stoke City,STOKECITY,25.0,1991,2017,36,36,3039,33.8,8,7,15,8,0,1,5,0,0.24,0.21,0.44,0.24,0.44,0.0987,1,1,Talisman
Joe Allen,9feb8f24,wls WAL,MF,Stoke City,STOKECITY,27.0,1990,2017,36,36,3139,34.9,2,6,8,2,0,0,8,0,0.06,0.17,0.23,0.06,0.23,0.0931,2,1,Talisman
Jack Butland,cc70a1d5,eng ENG,GK,Stoke City,STOKECITY,24.0,1993,2017,35,35,3150,35.0,0,0,0,0,0,0,0,0,0.0,0.0,0.0,0.0,0.0,0.0837,3,1,Talisman
Mame Biram Diouf,7f4f3e49,sn SEN,MFFW,Stoke City,STOKECITY,29.0,1987,2017,35,30,2596,28.8,6,2,8,6,0,0,6,0,0.21,0.07,0.28,0.21,0.28,0.0785,4,1,Talisman
Kurt Zouma,ce4246f5,fr FRA,DF,Stoke City,STOKECITY,22.0,1994,2017,34,32,2888,32.1,1,0,1,1,0,0,1,0,0.03,0.0,0.03,0.03,0.03,0.0779,5,1,Talisman
Eric Maxim Choupo-Moting,0e6bc38c,cm CMR,MFFW,Stoke City,STOKECITY,28.0,1989,2017,30,26,2314,25.7,5,5,10,5,0,0,3,0,0.19,0.19,0.39,0.19,0.39,0.0735,6,1,Talisman
Erik Pieters,1ef37668,nl NED,MFDF,Stoke City,STOKECITY,28.0,1988,2017,31,30,2718,30.2,0,1,1,0,0,0,5,0,0.0,0.03,0.03,0.0,0.03,0.0733,7,2,Key Player
Ryan Shawcross,285a3d44,eng ENG,DF,Stoke City,STOKECITY,29.0,1987,2017,27,27,2371,26.3,1,1,2,1,0,0,2,0,0.04,0.04,0.08,0.04,0.08,0.0654,8,2,Key Player
Darren Fletcher,184e4970,sct SCO,MF,Stoke City,STOKECITY,33.0,1984,2017,27,25,2219,24.7,1,1,2,1,0,0,0,0,0.04,0.04,0.08,0.04,0.08,0.0615,9,2,Key Player
Peter Crouch,73d9bdc7,eng ENG,FW,Stoke City,STOKECITY,36.0,1981,2017,31,14,1567,17.4,5,2,7,5,0,0,4,0,0.29,0.11,0.4,0.29,0.4,0.05,10,2,Key Player
Geoff Cameron,1a160ea3,us USA,MFDF,Stoke City,STOKECITY,32.0,1985,2017,20,17,1525,16.9,0,0,0,0,0,0,2,0,0.0,0.0,0.0,0.0,0.0,0.0404,11,2,Key Player
Ramadan Sobhi,98be0d02,eg EGY,MF,Stoke City,STOKECITY,20.0,1997,2017,24,12,1238,13.8,2,0,2,2,0,0,2,0,0.15,0.0,0.15,0.15,0.15,0.0355,12,2,Key Player
Kevin Wimmer,faf55ce4,at AUT,DF,Stoke City,STOKECITY,24.0,1992,2017,17,14,1323,14.7,0,0,0,0,0,0,5,0,0.0,0.0,0.0,0.0,0.0,0.0352,13,3,Regular Starter
Moritz Bauer,cfe6238d,at AUT,DFMF,Stoke City,STOKECITY,25.0,1992,2017,15,15,1306,14.5,0,0,0,0,0,0,4,0,0.0,0.0,0.0,0.0,0.0,0.0347,14,3,Regular Starter
Badou Ndiaye,960acc0a,sn SEN,MF,Stoke City,STOKECITY,26.0,1990,2017,13,13,1138,12.6,2,1,3,2,0,0,5,0,0.16,0.08,0.24,0.16,0.24,0.0338,15,3,Regular Starter
Bruno Martins Indi,7bc34048,nl NED,DF,Stoke City,STOKECITY,25.0,1992,2017,17,14,1243,13.8,0,0,0,0,0,0,3,0,0.0,0.0,0.0,0.0,0.0,0.033,16,3,Regular Starter
Jesé,4a537185,es ESP,FWMF,Stoke City,STOKECITY,24.0,1993,2017,13,8,614,6.8,1,1,2,1,0,0,0,0,0.15,0.15,0.29,0.15,0.29,0.0186,17,3,Regular Starter
Glen Johnson,8cceca90,eng ENG,DFMF,Stoke City,STOKECITY,32.0,1984,2017,9,7,547,6.1,0,0,0,0,0,0,3,0,0.0,0.0,0.0,0.0,0.0,0.0146,18,3,Regular Starter
Saido Berahino,25b166d0,bi BDI,FW,Stoke City,STOKECITY,23.0,1993,2017,15,3,494,5.5,0,1,1,0,0,1,0,0,0.0,0.18,0.18,0.0,0.18,0.0143,19,4,Squad Rotation
Tom Edwards,1b780599,eng ENG,DFMF,Stoke City,STOKECITY,18.0,1999,2017,6,6,481,5.3,0,0,0,0,0,0,0,0,0.0,0.0,0.0,0.0,0.0,0.0127,20,4,Squad Rotation
Charlie Adam,aff418dc,sct SCO,MF,Stoke City,STOKECITY,31.0,1985,2017,11,5,411,4.6,0,0,0,0,0,1,2,1,0.0,0.0,0.0,0.0,0.0,0.011,21,4,Squad Rotation
Kostas Stafylidis,861e0116,gr GRE,DF,Stoke City,STOKECITY,23.0,1993,2017,5,4,335,3.7,0,0,0,0,0,0,0,0,0.0,0.0,0.0,0.0,0.0,0.0089,22,4,Squad Rotation
Lee Grant,9dab6e3b,eng ENG,GK,Stoke City,STOKECITY,34.0,1983,2017,3,3,270,3.0,0,0,0,0,0,0,0,0,0.0,0.0,0.0,0.0,0.0,0.0072,23,4,Squad Rotation
Ibrahim Afellay,9a8c6673,nl NED,MF,Stoke City,STOKECITY,31.0,1986,2017,6,1,166,1.8,0,0,0,0,0,0,1,0,0.0,0.0,0.0,0.0,0.0,0.0043,24,4,Squad Rotation
Josh Tymon,efe6f6ac,eng ENG,DF,Stoke City,STOKECITY,18.0,1999,2017,3,2,163,1.8,0,0,0,0,0,0,0,0,0.0,0.0,0.0,0.0,0.0,0.0043,25,5,Fringe/Backup
Stephen Ireland,bcf30f17,ie IRL,MF,Stoke City,STOKECITY,30.0,1986,2017,4,1,131,1.5,0,0,0,0,0,0,1,0,0.0,0.0,0.0,0.0,0.0,0.0036,26,5,Fringe/Backup
Tyrese Campbell,38aefb74,eng ENG,FWMF,Stoke City,STOKECITY,17.0,1999,2017,4,0,79,0.9,0,0,0,0,0,0,0,0,0.0,0.0,0.0,0.0,0.0,0.0022,27,5,Fringe/Backup
Bojan Krkić,9fa0a0b8,es ESP,MF,Stoke City,STOKECITY,26.0,1990,2017,1,1,71,0.8,0,0,0,0,0,0,0,0,0.0,0.0,0.0,0.0,0.0,0.0019,28,5,Fringe/Backup
Lasse Sørensen,ce9c203e,dk DEN,MF,Stoke City,STOKECITY,17.0,1999,2017,1,1,75,0.8,0,0,0,0,0,0,0,0,0.0,0.0,0.0,0.0,0.0,0.0019,29,5,Fringe/Backup
Julien Ngoy,87449a74,be BEL,FWMF,Stoke City,STOKECITY,19.0,1997,2017,1,0,20,0.2,0,0,0,0,0,0,0,0,0.0,0.0,0.0,0.0,0.0,0.0005,30,5,Fringe/Backup
Alfie Mawson,d368feb8,eng ENG,DF,Swansea City,SWANSEACITY,23.0,1994,2017,38,38,3420,38.0,2,1,3,2,0,0,3,0,0.05,0.03,0.08,0.05,0.08,0.0947,1,1,Talisman
Łukasz Fabiański,9328b835,pl POL,GK,Swansea City,SWANSEACITY,32.0,1985,2017,38,38,3420,38.0,0,0,0,0,0,0,0,0,0.0,0.0,0.0,0.0,0.0,0.0911,2,1,Talisman
Jordan Ayew,da052c14,gh GHA,FWMF,Swansea City,SWANSEACITY,25.0,1991,2017,36,33,2852,31.7,7,2,9,6,1,1,2,1,0.22,0.06,0.28,0.19,0.25,0.0855,3,1,Talisman
Martin Olsson,2f72f79e,se SWE,DFMF,Swansea City,SWANSEACITY,29.0,1988,2017,36,36,3149,35.0,0,1,1,0,0,0,7,0,0.0,0.03,0.03,0.0,0.03,0.0851,4,1,Talisman
Kyle Naughton,e860c42f,eng ENG,DFMF,Swansea City,SWANSEACITY,28.0,1988,2017,34,34,3030,33.7,0,2,2,0,0,0,1,0,0.0,0.06,0.06,0.0,0.06,0.0832,5,1,Talisman
Federico Fernández,f25b010f,ar ARG,DF,Swansea City,SWANSEACITY,28.0,1989,2017,30,30,2676,29.7,1,1,2,1,0,0,5,0,0.03,0.03,0.07,0.03,0.07,0.0737,6,2,Key Player
Tom Carroll,5a1900a4,eng ENG,MF,Swansea City,SWANSEACITY,25.0,1992,2017,37,28,2570,28.6,0,4,4,0,0,0,3,0,0.0,0.14,0.14,0.0,0.14,0.0733,7,2,Key Player
Sam Clucas,987718f5,eng ENG,MF,Swansea City,SWANSEACITY,26.0,1990,2017,29,23,2044,22.7,3,1,4,3,0,0,2,0,0.13,0.04,0.18,0.13,0.18,0.0593,8,2,Key Player
Ki Sung-yueng,1d8c99b0,kr KOR,MF,Swansea City,SWANSEACITY,28.0,1989,2017,25,21,1868,20.8,2,2,4,2,0,0,2,0,0.1,0.1,0.19,0.1,0.19,0.0546,9,2,Key Player
Tammy Abraham,f586779e,eng ENG,FW,Swansea City,SWANSEACITY,19.0,1997,2017,31,15,1726,19.2,5,1,6,5,0,0,0,0,0.26,0.05,0.31,0.26,0.31,0.0531,10,2,Key Player
Mike van der Hoorn,25f50295,nl NED,DF,Swansea City,SWANSEACITY,24.0,1992,2017,24,24,1944,21.6,1,0,1,1,0,0,4,0,0.05,0.0,0.05,0.05,0.05,0.0531,11,3,Regular Starter
Leroy Fer,3cefa66a,nl NED,MF,Swansea City,SWANSEACITY,27.0,1990,2017,20,15,1397,15.5,1,1,2,1,0,0,5,0,0.06,0.06,0.13,0.06,0.13,0.0396,12,3,Regular Starter
Nathan Dyer,6dfd5af0,eng ENG,FWMF,Swansea City,SWANSEACITY,29.0,1987,2017,24,16,1307,14.5,0,0,0,0,0,0,2,0,0.0,0.0,0.0,0.0,0.0,0.0347,13,3,Regular Starter
André Ayew,5dbefa9d,gh GHA,FWMF,Swansea City,SWANSEACITY,27.0,1989,2017,12,10,950,10.6,0,2,2,0,0,0,3,0,0.0,0.19,0.19,0.0,0.19,0.0278,14,3,Regular Starter
Andy King,d790907f,wls WAL,MF,Swansea City,SWANSEACITY,28.0,1988,2017,11,9,715,7.9,2,1,3,2,0,0,1,0,0.25,0.13,0.38,0.25,0.38,0.0225,15,3,Regular Starter
Wilfried Bony,61abe9b6,ci CIV,FW,Swansea City,SWANSEACITY,28.0,1988,2017,15,8,707,7.9,2,0,2,2,0,0,2,0,0.25,0.0,0.25,0.25,0.25,0.0213,16,4,Squad Rotation
Roque Mesa,7c4243d4,es ESP,MF,Swansea City,SWANSEACITY,28.0,1989,2017,11,9,754,8.4,0,0,0,0,0,0,3,0,0.0,0.0,0.0,0.0,0.0,0.0201,17,4,Squad Rotation
Renato Sanches,032f894e,pt POR,MFFW,Swansea City,SWANSEACITY,19.0,1997,2017,12,9,702,7.8,0,0,0,0,0,0,1,0,0.0,0.0,0.0,0.0,0.0,0.0187,18,4,Squad Rotation
Luciano Narsingh,977ffc24,nl NED,FWMF,Swansea City,SWANSEACITY,26.0,1990,2017,18,5,625,6.9,1,0,1,1,0,0,0,0,0.14,0.0,0.14,0.14,0.14,0.0177,19,4,Squad Rotation
Wayne Routledge,1d387eee,eng ENG,MFFW,Swansea City,SWANSEACITY,32.0,1985,2017,15,4,429,4.8,0,0,0,0,0,0,1,0,0.0,0.0,0.0,0.0,0.0,0.0115,20,4,Squad Rotation
Oliver McBurnie,78b8ac63,sct SCO,FW,Swansea City,SWANSEACITY,21.0,1996,2017,11,2,276,3.1,0,1,1,0,0,0,0,0,0.0,0.33,0.33,0.0,0.33,0.0087,21,5,Fringe/Backup
Leon Britton,b92dd711,eng ENG,MF,Swansea City,SWANSEACITY,34.0,1982,2017,5,4,302,3.4,0,0,0,0,0,0,1,0,0.0,0.0,0.0,0.0,0.0,0.0081,22,5,Fringe/Backup
Connor Roberts,24fae784,wls WAL,MF,Swansea City,SWANSEACITY,21.0,1995,2017,4,3,268,3.0,0,0,0,0,0,0,0,0,0.0,0.0,0.0,0.0,0.0,0.0072,23,5,Fringe/Backup
Kyle Bartley,18e96f64,eng ENG,DF,Swansea City,SWANSEACITY,26.0,1991,2017,5,2,235,2.6,0,0,0,0,0,0,2,0,0.0,0.0,0.0,0.0,0.0,0.0062,24,5,Fringe/Backup
Àngel Rangel,93ee387c,es ESP,DF,Swansea City,SWANSEACITY,34.0,1982,2017,4,2,156,1.7,0,0,0,0,0,0,0,0,0.0,0.0,0.0,0.0,0.0,0.0041,25,5,Fringe/Backup
Jay Fulton,434ad289,sct SCO,MF,Swansea City,SWANSEACITY,23.0,1994,2017,2,0,19,0.2,0,0,0,0,0,0,1,0,0.0,0.0,0.0,0.0,0.0,0.0005,26,5,Fringe/Backup
Harry Kane,21a66f6a,eng ENG,FW,Tottenham,TOTTENHAMHOTSPUR,24.0,1993,2017,37,35,3076,34.2,30,2,32,28,2,3,5,0,0.88,0.06,0.94,0.82,0.88,0.1179,1,1,Talisman
Christian Eriksen,980522ec,dk DEN,MF,Tottenham,TOTTENHAMHOTSPUR,25.0,1992,2017,37,37,3218,35.8,10,10,20,10,0,0,0,0,0.28,0.28,0.56,0.28,0.56,0.1097,2,1,Talisman
Dele Alli,cea4ee8f,eng ENG,MF,Tottenham,TOTTENHAMHOTSPUR,21.0,1996,2017,36,34,2958,32.9,9,10,19,9,0,0,7,0,0.27,0.3,0.58,0.27,0.58,0.1016,3,1,Talisman
Hugo Lloris,8f62b6ee,fr FRA,GK,Tottenham,TOTTENHAMHOTSPUR,30.0,1986,2017,36,36,3240,36.0,0,0,0,0,0,0,1,0,0.0,0.0,0.0,0.0,0.0,0.0862,4,1,Talisman
Jan Vertonghen,ba23a904,be BEL,DF,Tottenham,TOTTENHAMHOTSPUR,30.0,1987,2017,36,36,3203,35.6,0,0,0,0,0,0,4,0,0.0,0.0,0.0,0.0,0.0,0.0852,5,1,Talisman
Son Heung-min,92e7e919,kr KOR,MFFW,Tottenham,TOTTENHAMHOTSPUR,25.0,1992,2017,37,27,2301,25.6,12,6,18,12,0,0,0,0,0.47,0.23,0.7,0.47,0.7,0.0828,6,2,Key Player
Eric Dier,ac861941,eng ENG,MFDF,Tottenham,TOTTENHAMHOTSPUR,23.0,1994,2017,34,32,2824,31.4,0,2,2,0,0,0,4,0,0.0,0.06,0.06,0.0,0.06,0.0774,7,2,Key Player
Ben Davies,44781702,wls WAL,DFMF,Tottenham,TOTTENHAMHOTSPUR,24.0,1993,2017,29,26,2324,25.8,2,6,8,2,0,0,3,0,0.08,0.23,0.31,0.08,0.31,0.0714,8,2,Key Player
Davinson Sánchez,da7b447d,co COL,DF,Tottenham,TOTTENHAMHOTSPUR,21.0,1996,2017,31,29,2534,28.2,0,0,0,0,0,0,1,1,0.0,0.0,0.0,0.0,0.0,0.0675,9,2,Key Player
Kieran Trippier,21512407,eng ENG,DFMF,Tottenham,TOTTENHAMHOTSPUR,26.0,1990,2017,24,21,1914,21.3,0,5,5,0,0,0,1,0,0.0,0.24,0.24,0.0,0.24,0.0571,10,2,Key Player
Mousa Dembélé,f7ee69fb,be BEL,MF,Tottenham,TOTTENHAMHOTSPUR,30.0,1987,2017,28,21,1879,20.9,0,0,0,0,0,0,6,0,0.0,0.0,0.0,0.0,0.0,0.05,11,3,Regular Starter
Serge Aurier,5c2b4f07,ci CIV,DFMF,Tottenham,TOTTENHAMHOTSPUR,24.0,1992,2017,17,16,1428,15.9,2,2,4,2,0,0,3,2,0.13,0.13,0.25,0.13,0.25,0.0428,12,3,Regular Starter
Moussa Sissoko,2acd49b9,fr FRA,MF,Tottenham,TOTTENHAMHOTSPUR,27.0,1989,2017,33,15,1402,15.6,1,1,2,1,0,0,3,0,0.06,0.06,0.13,0.06,0.13,0.0398,13,3,Regular Starter
Toby Alderweireld,f7d50789,be BEL,DF,Tottenham,TOTTENHAMHOTSPUR,28.0,1989,2017,14,13,1178,13.1,0,0,0,0,0,0,3,0,0.0,0.0,0.0,0.0,0.0,0.0314,14,3,Regular Starter
Érik Lamela,abe66106,ar ARG,MF,Tottenham,TOTTENHAMHOTSPUR,25.0,1992,2017,25,7,843,9.4,2,2,4,2,0,0,4,0,0.21,0.21,0.43,0.21,0.43,0.0273,15,3,Regular Starter
Victor Wanyama,e0900238,ke KEN,MF,Tottenham,TOTTENHAMHOTSPUR,26.0,1991,2017,18,8,846,9.4,1,0,1,1,0,0,2,0,0.11,0.0,0.11,0.11,0.11,0.0237,16,4,Squad Rotation
Danny Rose,89d10e53,eng ENG,DFMF,Tottenham,TOTTENHAMHOTSPUR,27.0,1990,2017,10,9,800,8.9,0,1,1,0,0,0,4,0,0.0,0.11,0.11,0.0,0.11,0.0225,17,4,Squad Rotation
Harry Winks,2f7acede,eng ENG,MF,Tottenham,TOTTENHAMHOTSPUR,21.0,1996,2017,16,9,774,8.6,0,1,1,0,0,0,0,0,0.0,0.12,0.12,0.0,0.12,0.0218,18,4,Squad Rotation
Fernando Llorente,82dbf623,es ESP,FW,Tottenham,TOTTENHAMHOTSPUR,32.0,1985,2017,16,1,238,2.6,1,0,1,1,0,0,1,0,0.38,0.0,0.38,0.38,0.38,0.0074,19,4,Squad Rotation
Kyle Walker-Peters,984a5a64,eng ENG,DF,Tottenham,TOTTENHAMHOTSPUR,20.0,1997,2017,3,2,189,2.1,0,2,2,0,0,0,0,0,0.0,0.95,0.95,0.0,0.95,0.0074,20,4,Squad Rotation
Lucas Moura,2b622f01,br BRA,MF,Tottenham,TOTTENHAMHOTSPUR,24.0,1992,2017,6,2,210,2.3,0,1,1,0,0,0,0,0,0.0,0.43,0.43,0.0,0.43,0.0067,21,5,Fringe/Backup
Paulo Gazzaniga,63d17038,ar ARG,GK,Tottenham,TOTTENHAMHOTSPUR,25.0,1992,2017,1,1,90,1.0,0,0,0,0,0,0,0,0,0.0,0.0,0.0,0.0,0.0,0.0024,22,5,Fringe/Backup
Michel Vorm,1bebde9d,nl NED,GK,Tottenham,TOTTENHAMHOTSPUR,33.0,1983,2017,1,1,90,1.0,0,0,0,0,0,0,0,0,0.0,0.0,0.0,0.0,0.0,0.0024,23,5,Fringe/Backup
Vincent Janssen,31dce0c8,nl NED,FW,Tottenham,TOTTENHAMHOTSPUR,23.0,1994,2017,1,0,1,0.0,0,0,0,0,0,0,0,0,0.0,0.0,0.0,0.0,0.0,0.0,24,5,Fringe/Backup
Georges-Kévin N'Koudou,76c131da,cm CMR,FWMF,Tottenham,TOTTENHAMHOTSPUR,22.0,1995,2017,1,0,1,0.0,0,0,0,0,0,0,0,0,0.0,0.0,0.0,0.0,0.0,0.0,25,5,Fringe/Backup
Abdoulaye Doucouré,02b29014,ml MLI,MF,Watford,WATFORD,24.0,1993,2017,37,37,3324,36.9,7,3,10,7,0,0,10,0,0.19,0.08,0.27,0.19,0.27,0.1006,1,1,Talisman
Richarlison,fa031b34,br BRA,MFFW,Watford,WATFORD,20.0,1997,2017,38,32,2823,31.4,5,4,9,5,0,0,4,0,0.16,0.13,0.29,0.16,0.29,0.0864,2,1,Talisman
José Holebas,12aa7661,gr GRE,DFMF,Watford,WATFORD,33.0,1984,2017,28,26,2382,26.5,0,4,4,0,0,0,7,0,0.0,0.15,0.15,0.0,0.15,0.0684,3,1,Talisman
Christian Kabasele,914ab9a1,be BEL,DF,Watford,WATFORD,26.0,1991,2017,28,27,2330,25.9,2,0,2,2,0,0,5,0,0.08,0.0,0.08,0.08,0.08,0.0647,4,1,Talisman
Adrian Mariappa,8aa5f52c,jm JAM,DF,Watford,WATFORD,30.0,1986,2017,28,24,2210,24.6,0,0,0,0,0,0,4,0,0.0,0.0,0.0,0.0,0.0,0.0591,5,1,Talisman
Heurelho Gomes,d596e193,br BRA,GK,Watford,WATFORD,36.0,1981,2017,24,24,2128,23.6,0,0,0,0,0,0,0,0,0.0,0.0,0.0,0.0,0.0,0.0567,6,2,Key Player
Tom Cleverley,6cdd8245,eng ENG,MF,Watford,WATFORD,27.0,1989,2017,23,22,1901,21.1,1,2,3,1,0,1,3,1,0.05,0.09,0.14,0.05,0.14,0.0542,7,2,Key Player
Troy Deeney,82e34b69,eng ENG,FW,Watford,WATFORD,29.0,1988,2017,29,20,1844,20.5,5,2,7,2,3,5,1,1,0.24,0.1,0.34,0.1,0.2,0.0542,8,2,Key Player
Daryl Janmaat,45da6694,nl NED,DFMF,Watford,WATFORD,28.0,1989,2017,23,21,1820,20.2,3,0,3,3,0,0,3,0,0.15,0.0,0.15,0.15,0.15,0.0522,9,2,Key Player
Roberto Pereyra,75f2c59f,ar ARG,MFFW,Watford,WATFORD,26.0,1991,2017,32,18,1624,18.0,5,2,7,5,0,0,3,0,0.28,0.11,0.39,0.28,0.39,0.0517,10,2,Key Player
Andre Gray,c24dba2a,jm JAM,FW,Watford,WATFORD,26.0,1991,2017,31,16,1498,16.6,5,2,7,5,0,0,1,0,0.3,0.12,0.42,0.3,0.42,0.0483,11,2,Key Player
Kiko Femenía,e5d01ecf,es ESP,MFDF,Watford,WATFORD,26.0,1991,2017,23,19,1713,19.0,1,1,2,1,0,0,2,0,0.05,0.05,0.11,0.05,0.11,0.0482,12,3,Regular Starter
André Carrillo,7527558b,pe PER,MFFW,Watford,WATFORD,26.0,1991,2017,28,16,1540,17.1,1,2,3,1,0,0,2,0,0.06,0.12,0.18,0.06,0.18,0.0448,13,3,Regular Starter
Étienne Capoue,5acc4a10,fr FRA,MF,Watford,WATFORD,29.0,1988,2017,23,18,1542,17.1,1,0,1,1,0,0,3,0,0.06,0.0,0.06,0.06,0.06,0.0423,14,3,Regular Starter
Sebastian Prödl,f5e6d08d,at AUT,DF,Watford,WATFORD,30.0,1987,2017,21,17,1570,17.4,0,0,0,0,0,0,5,0,0.0,0.0,0.0,0.0,0.0,0.0418,15,3,Regular Starter
Orestis Karnezis,85b011bb,gr GRE,GK,Watford,WATFORD,32.0,1985,2017,15,14,1292,14.4,0,0,0,0,0,0,0,0,0.0,0.0,0.0,0.0,0.0,0.0346,16,3,Regular Starter
Will Hughes,a0666d3e,eng ENG,MF,Watford,WATFORD,22.0,1995,2017,15,11,990,11.0,2,3,5,2,0,0,0,0,0.18,0.27,0.45,0.18,0.45,0.0324,17,3,Regular Starter
Marvin Zeegelaar,8abd0c03,nl NED,MFDF,Watford,WATFORD,26.0,1990,2017,12,12,994,11.0,0,1,1,0,0,0,4,1,0.0,0.09,0.09,0.0,0.09,0.0276,18,4,Squad Rotation
Miguel Britos,356a9a62,uy URU,DF,Watford,WATFORD,32.0,1985,2017,12,10,797,8.9,1,0,1,1,0,0,3,1,0.11,0.0,0.11,0.11,0.11,0.0226,19,4,Squad Rotation
Stefano Okaka,601ef102,it ITA,FW,Watford,WATFORD,27.0,1989,2017,15,3,453,5.0,1,1,2,1,0,0,2,0,0.2,0.2,0.4,0.2,0.4,0.0144,20,4,Squad Rotation
Craig Cathcart,89e4b358,nir NIR,DF,Watford,WATFORD,28.0,1989,2017,7,5,523,5.8,0,0,0,0,0,0,1,0,0.0,0.0,0.0,0.0,0.0,0.0139,21,4,Squad Rotation
Molla Wagué,a440d8ca,ml MLI,DF,Watford,WATFORD,26.0,1991,2017,6,5,438,4.9,1,0,1,1,0,0,0,0,0.21,0.0,0.21,0.21,0.21,0.013,22,4,Squad Rotation
Gerard Deulofeu,39583cfd,es ESP,MFFW,Watford,WATFORD,23.0,1994,2017,7,5,435,4.8,1,0,1,1,0,0,0,0,0.21,0.0,0.21,0.21,0.21,0.0127,23,4,Squad Rotation
Ben Watson,df540668,eng ENG,MF,Watford,WATFORD,32.0,1985,2017,8,6,456,5.1,0,0,0,0,0,0,1,0,0.0,0.0,0.0,0.0,0.0,0.0123,24,5,Fringe/Backup
Nathaniel Chalobah,422862ea,eng ENG,MF,Watford,WATFORD,22.0,1994,2017,6,5,447,5.0,0,0,0,0,0,0,1,0,0.0,0.0,0.0,0.0,0.0,0.012,25,5,Fringe/Backup
Nordin Amrabat,7c2a398c,ma MAR,FW,Watford,WATFORD,30.0,1987,2017,3,3,198,2.2,0,0,0,0,0,0,0,0,0.0,0.0,0.0,0.0,0.0,0.0053,26,5,Fringe/Backup
Younès Kaboul,3680d723,fr FRA,DF,Watford,WATFORD,31.0,1986,2017,2,2,150,1.7,0,0,0,0,0,0,0,0,0.0,0.0,0.0,0.0,0.0,0.0041,27,5,Fringe/Backup
Jerome Sinclair,1695c659,eng ENG,FW,Watford,WATFORD,20.0,1996,2017,4,0,31,0.3,0,0,0,0,0,0,0,0,0.0,0.0,0.0,0.0,0.0,0.0007,28,5,Fringe/Backup
Dodi Lukebakio,0c61c77c,be BEL,FWMF,Watford,WATFORD,19.0,1997,2017,1,0,16,0.2,0,0,0,0,0,0,0,0,0.0,0.0,0.0,0.0,0.0,0.0005,29,5,Fringe/Backup
Ahmed Hegazi,5540c9dc,eg EGY,DF,West Brom,WESTBROMWICHALBION,26.0,1991,2017,38,38,3386,37.6,2,0,2,2,0,0,4,0,0.05,0.0,0.05,0.05,0.05,0.0922,1,1,Talisman
Ben Foster,d0b3ceb9,eng ENG,GK,West Brom,WESTBROMWICHALBION,34.0,1983,2017,37,37,3330,37.0,0,0,0,0,0,0,2,0,0.0,0.0,0.0,0.0,0.0,0.0886,2,1,Talisman
Salomón Rondón,b318a643,ve VEN,FW,West Brom,WESTBROMWICHALBION,27.0,1989,2017,36,32,2767,30.7,7,3,10,7,0,0,4,0,0.23,0.1,0.33,0.23,0.33,0.0856,3,1,Talisman
Jay Rodriguez,4ab53cdb,eng ENG,FWMF,West Brom,WESTBROMWICHALBION,28.0,1989,2017,37,31,2812,31.2,7,1,8,6,1,1,2,0,0.22,0.03,0.26,0.19,0.22,0.0829,4,1,Talisman
Kieran Gibbs,46ee5234,eng ENG,DFMF,West Brom,WESTBROMWICHALBION,27.0,1989,2017,33,32,2827,31.4,0,1,1,0,0,0,3,0,0.0,0.03,0.03,0.0,0.03,0.0763,5,2,Key Player
Jake Livermore,b98570d1,eng ENG,MF,West Brom,WESTBROMWICHALBION,27.0,1989,2017,34,30,2674,29.7,2,2,4,2,0,0,5,0,0.07,0.07,0.13,0.07,0.13,0.0757,6,2,Key Player
Craig Dawson,3e9e06cb,eng ENG,DF,West Brom,WESTBROMWICHALBION,27.0,1990,2017,28,28,2510,27.9,2,0,2,2,0,0,6,0,0.07,0.0,0.07,0.07,0.07,0.0691,7,2,Key Player
Jonny Evans,f8fcd2a5,nir NIR,DF,West Brom,WESTBROMWICHALBION,29.0,1988,2017,28,26,2270,25.2,2,2,4,2,0,0,7,0,0.08,0.08,0.16,0.08,0.16,0.0651,8,2,Key Player
Allan Nyom,97572117,cm CMR,DFMF,West Brom,WESTBROMWICHALBION,29.0,1988,2017,29,25,2310,25.7,0,1,1,0,0,0,7,0,0.0,0.04,0.04,0.0,0.04,0.0627,9,2,Key Player
Matt Phillips,7bb5f40e,sct SCO,MF,West Brom,WESTBROMWICHALBION,26.0,1991,2017,30,23,2093,23.3,2,2,4,2,0,0,3,0,0.09,0.09,0.17,0.09,0.17,0.0605,10,3,Regular Starter
Chris Brunt,ec7e6ad1,nir NIR,MFDF,West Brom,WESTBROMWICHALBION,32.0,1984,2017,26,22,1920,21.3,0,7,7,0,0,0,5,0,0.0,0.33,0.33,0.0,0.33,0.0594,11,3,Regular Starter
Gareth Barry,7dbbe367,eng ENG,MF,West Brom,WESTBROMWICHALBION,36.0,1981,2017,25,22,1923,21.4,1,1,2,1,0,0,4,0,0.05,0.05,0.09,0.05,0.09,0.0535,12,3,Regular Starter
Grzegorz Krychowiak,580d52dd,pl POL,MF,West Brom,WESTBROMWICHALBION,27.0,1990,2017,27,20,1641,18.2,0,2,2,0,0,0,2,0,0.0,0.11,0.11,0.0,0.11,0.046,13,3,Regular Starter
James McClean,53538b39,ie IRL,MFFW,West Brom,WESTBROMWICHALBION,28.0,1989,2017,30,14,1406,15.6,1,0,1,1,0,0,7,0,0.06,0.0,0.06,0.06,0.06,0.0385,14,3,Regular Starter
Hal Robson-Kanu,fb2dec57,wls WAL,FW,West Brom,WESTBROMWICHALBION,28.0,1989,2017,21,8,827,9.2,2,0,2,2,0,0,2,1,0.22,0.0,0.22,0.22,0.22,0.0244,15,4,Squad Rotation
Claudio Yacob,bda6ffd4,ar ARG,MF,West Brom,WESTBROMWICHALBION,30.0,1987,2017,16,9,903,10.0,0,0,0,0,0,0,5,0,0.0,0.0,0.0,0.0,0.0,0.0239,16,4,Squad Rotation
Sam Field,bd8a7d05,eng ENG,MF,West Brom,WESTBROMWICHALBION,19.0,1998,2017,10,7,537,6.0,1,0,1,1,0,0,3,0,0.17,0.0,0.17,0.17,0.17,0.0156,17,4,Squad Rotation
Oliver Burke,f631c17f,sct SCO,FW,West Brom,WESTBROMWICHALBION,20.0,1997,2017,15,2,367,4.1,0,2,2,0,0,0,0,0,0.0,0.49,0.49,0.0,0.49,0.0122,18,4,Squad Rotation
Gareth McAuley,ac7d7378,nir NIR,DF,West Brom,WESTBROMWICHALBION,37.0,1979,2017,9,5,458,5.1,0,0,0,0,0,0,0,0,0.0,0.0,0.0,0.0,0.0,0.0122,19,4,Squad Rotation
Nacer Chadli,5b54bf3b,be BEL,MFFW,West Brom,WESTBROMWICHALBION,27.0,1989,2017,5,2,215,2.4,1,0,1,1,0,0,1,0,0.42,0.0,0.42,0.42,0.42,0.007,20,5,Fringe/Backup
James Morrison,21a66e33,sct SCO,MF,West Brom,WESTBROMWICHALBION,31.0,1986,2017,4,2,207,2.3,1,0,1,1,0,0,0,0,0.43,0.0,0.43,0.43,0.43,0.0067,21,5,Fringe/Backup
Daniel Sturridge,1b7ec703,eng ENG,FW,West Brom,WESTBROMWICHALBION,27.0,1989,2017,6,2,118,1.3,0,0,0,0,0,0,0,0,0.0,0.0,0.0,0.0,0.0,0.0031,22,5,Fringe/Backup
Boaz Myhill,7ca2d989,wls WAL,GK,West Brom,WESTBROMWICHALBION,34.0,1982,2017,1,1,90,1.0,0,0,0,0,0,0,1,0,0.0,0.0,0.0,0.0,0.0,0.0024,23,5,Fringe/Backup
Rekeem Harper,3c066877,eng ENG,MF,West Brom,WESTBROMWICHALBION,17.0,2000,2017,1,0,21,0.2,0,0,0,0,0,0,0,0,0.0,0.0,0.0,0.0,0.0,0.0005,24,5,Fringe/Backup
Pablo Zabaleta,6813ac34,ar ARG,MFDF,West Ham,WESTHAMUNITED,32.0,1985,2017,37,37,3289,36.5,0,1,1,0,0,0,9,0,0.0,0.03,0.03,0.0,0.03,0.0889,1,1,Talisman
Aaron Cresswell,4f974391,eng ENG,DFMF,West Ham,WESTHAMUNITED,27.0,1989,2017,36,35,3069,34.1,1,3,4,1,0,0,7,0,0.03,0.09,0.12,0.03,0.12,0.0867,2,1,Talisman
Marko Arnautović,00459419,at AUT,FWMF,West Ham,WESTHAMUNITED,28.0,1989,2017,31,28,2313,25.7,11,6,17,11,0,0,5,1,0.43,0.23,0.66,0.43,0.66,0.082,3,1,Talisman
Cheikhou Kouyaté,8d3c902d,sn SEN,MF,West Ham,WESTHAMUNITED,27.0,1989,2017,33,32,2799,31.1,2,3,5,2,0,0,5,0,0.06,0.1,0.16,0.06,0.16,0.0806,4,1,Talisman
Angelo Ogbonna,74b2cd7e,it ITA,DF,West Ham,WESTHAMUNITED,29.0,1988,2017,32,32,2880,32.0,1,0,1,1,0,0,3,0,0.03,0.0,0.03,0.03,0.03,0.0779,5,1,Talisman
Manuel Lanzini,26f6dca8,ar ARG,MFFW,West Ham,WESTHAMUNITED,24.0,1993,2017,27,23,2042,22.7,5,6,11,5,0,1,4,0,0.22,0.26,0.48,0.22,0.48,0.0675,6,2,Key Player
Mark Noble,ff527768,eng ENG,MF,West Ham,WESTHAMUNITED,30.0,1987,2017,29,28,2400,26.7,4,0,4,2,2,2,6,0,0.15,0.0,0.15,0.07,0.07,0.0663,7,2,Key Player
Arthur Masuaku,57df7a11,cd COD,MFDF,West Ham,WESTHAMUNITED,23.0,1993,2017,27,21,1870,20.8,0,3,3,0,0,0,5,0,0.0,0.14,0.14,0.0,0.14,0.0534,8,2,Key Player
Javier Hernández,189cee7b,mx MEX,FW,West Ham,WESTHAMUNITED,29.0,1988,2017,28,16,1548,17.2,8,0,8,8,0,0,3,0,0.47,0.0,0.47,0.47,0.47,0.051,9,2,Key Player
Joe Hart,cb4f24c6,eng ENG,GK,West Ham,WESTHAMUNITED,30.0,1987,2017,19,19,1710,19.0,0,1,1,0,0,0,0,0,0.0,0.05,0.05,0.0,0.05,0.0467,10,2,Key Player
Adrián,f76e6b4e,es ESP,GK,West Ham,WESTHAMUNITED,30.0,1987,2017,19,19,1710,19.0,0,0,0,0,0,0,2,0,0.0,0.0,0.0,0.0,0.0,0.0456,11,3,Regular Starter
Pedro Obiang,ba1e04b3,gq EQG,MF,West Ham,WESTHAMUNITED,25.0,1992,2017,21,18,1563,17.4,2,0,2,2,0,0,3,0,0.12,0.0,0.12,0.12,0.12,0.0443,12,3,Regular Starter
Michail Antonio,ac05f970,jm JAM,MFFW,West Ham,WESTHAMUNITED,27.0,1990,2017,21,16,1354,15.0,3,1,4,3,0,0,1,0,0.2,0.07,0.27,0.2,0.27,0.0409,13,3,Regular Starter
Winston Reid,562eed5c,nz NZL,DF,West Ham,WESTHAMUNITED,29.0,1988,2017,17,17,1452,16.1,0,0,0,0,0,0,5,0,0.0,0.0,0.0,0.0,0.0,0.0386,14,3,Regular Starter
Declan Rice,1c7012b8,eng ENG,DFMF,West Ham,WESTHAMUNITED,18.0,1999,2017,26,15,1430,15.9,0,0,0,0,0,0,1,0,0.0,0.0,0.0,0.0,0.0,0.0382,15,3,Regular Starter
João Mário,f0021247,pt POR,MF,West Ham,WESTHAMUNITED,24.0,1993,2017,13,12,1022,11.4,2,1,3,2,0,0,0,0,0.18,0.09,0.26,0.18,0.26,0.0309,16,3,Regular Starter
André Ayew,5dbefa9d,gh GHA,MFFW,West Ham,WESTHAMUNITED,27.0,1989,2017,18,9,895,9.9,3,2,5,3,0,1,2,0,0.3,0.2,0.5,0.3,0.5,0.0297,17,4,Squad Rotation
James Collins,c61f1719,wls WAL,DF,West Ham,WESTHAMUNITED,33.0,1983,2017,13,12,1050,11.7,1,0,1,1,0,0,3,0,0.09,0.0,0.09,0.09,0.09,0.0293,18,4,Squad Rotation
Edimilson Fernandes,3bb625ac,ch SUI,MF,West Ham,WESTHAMUNITED,21.0,1996,2017,14,9,845,9.4,0,1,1,0,0,0,1,0,0.0,0.11,0.11,0.0,0.11,0.0238,19,4,Squad Rotation
Andy Carroll,b581987a,eng ENG,FW,West Ham,WESTHAMUNITED,28.0,1989,2017,16,7,750,8.3,3,0,3,3,0,0,7,1,0.36,0.0,0.36,0.36,0.36,0.0235,20,4,Squad Rotation
José Fonte,90f87966,pt POR,DF,West Ham,WESTHAMUNITED,33.0,1983,2017,8,8,688,7.6,0,1,1,0,0,0,0,0,0.0,0.13,0.13,0.0,0.13,0.0194,21,4,Squad Rotation
Diafra Sakho,57c433c8,sn SEN,FW,West Ham,WESTHAMUNITED,27.0,1989,2017,14,0,306,3.4,2,0,2,2,0,0,2,0,0.59,0.0,0.59,0.59,0.59,0.0106,22,5,Fringe/Backup
Sam Byram,1bf811d4,eng ENG,MF,West Ham,WESTHAMUNITED,23.0,1993,2017,5,2,248,2.8,0,0,0,0,0,0,1,0,0.0,0.0,0.0,0.0,0.0,0.0067,23,5,Fringe/Backup
Patrice Evra,51a3caf1,fr FRA,DFMF,West Ham,WESTHAMUNITED,36.0,1981,2017,5,3,228,2.5,0,0,0,0,0,0,0,0,0.0,0.0,0.0,0.0,0.0,0.006,24,5,Fringe/Backup
Jordan Hugill,a36d4785,eng ENG,FW,West Ham,WESTHAMUNITED,25.0,1992,2017,3,0,25,0.3,0,0,0,0,0,0,0,0,0.0,0.0,0.0,0.0,0.0,0.0007,25,5,Fringe/Backup
Josh Cullen,f6d7d690,ie IRL,DFMF,West Ham,WESTHAMUNITED,21.0,1996,2017,2,0,8,0.1,0,0,0,0,0,0,0,0,0.0,0.0,0.0,0.0,0.0,0.0002,26,5,Fringe/Backup
Reece Oxford,8b6e0db2,eng ENG,DF,West Ham,WESTHAMUNITED,18.0,1998,2017,1,0,5,0.1,0,0,0,0,0,0,0,0,0.0,0.0,0.0,0.0,0.0,0.0002,27,5,Fringe/Backup
Ryan Fraser,d56543a0,sct SCO,MF,Bournemouth,AFCBOURNEMOUTH,24.0,1994,2018,38,35,3166,35.2,7,14,21,7,0,0,2,0,0.2,0.4,0.6,0.2,0.6,0.1095,1,1,Talisman
Nathan Aké,eaeca114,nl NED,DF,Bournemouth,AFCBOURNEMOUTH,23.0,1995,2018,38,38,3411,37.9,4,0,4,4,0,0,3,0,0.11,0.0,0.11,0.11,0.11,0.0957,2,1,Talisman
Callum Wilson,c596fcb0,eng ENG,FW,Bournemouth,AFCBOURNEMOUTH,26.0,1992,2018,30,29,2528,28.1,14,9,23,13,1,2,3,0,0.5,0.32,0.82,0.46,0.78,0.0935,3,1,Talisman
Joshua King,43458538,no NOR,FWMF,Bournemouth,AFCBOURNEMOUTH,26.0,1992,2018,35,34,2961,32.9,12,3,15,7,5,6,3,0,0.36,0.09,0.46,0.21,0.3,0.0906,4,1,Talisman
Steve Cook,3e5e4e63,eng ENG,DF,Bournemouth,AFCBOURNEMOUTH,27.0,1991,2018,31,31,2786,31.0,1,1,2,1,0,0,3,0,0.03,0.03,0.06,0.03,0.06,0.0764,5,1,Talisman
David Brooks,dc4cae05,wls WAL,MF,Bournemouth,AFCBOURNEMOUTH,21.0,1997,2018,30,29,2261,25.1,7,5,12,7,0,0,3,0,0.28,0.2,0.48,0.28,0.48,0.0745,6,2,Key Player
Jefferson Lerma,9b5ce51a,co COL,MF,Bournemouth,AFCBOURNEMOUTH,23.0,1994,2018,30,29,2506,27.8,2,0,2,2,0,0,12,0,0.07,0.0,0.07,0.07,0.07,0.0689,7,2,Key Player
Adam Smith,20b104bc,eng ENG,DFMF,Bournemouth,AFCBOURNEMOUTH,27.0,1991,2018,25,25,2066,23.0,1,1,2,1,0,0,5,1,0.04,0.04,0.09,0.04,0.09,0.0575,8,2,Key Player
Asmir Begović,7b4de647,ba BIH,GK,Bournemouth,AFCBOURNEMOUTH,31.0,1987,2018,24,24,2160,24.0,0,0,0,0,0,0,0,0,0.0,0.0,0.0,0.0,0.0,0.0574,9,2,Key Player
Dan Gosling,7fec31a0,eng ENG,MF,Bournemouth,AFCBOURNEMOUTH,28.0,1990,2018,25,19,1739,19.3,2,1,3,2,0,0,8,0,0.1,0.05,0.16,0.1,0.16,0.0499,10,2,Key Player
Charlie Daniels,9d107085,eng ENG,DFMF,Bournemouth,AFCBOURNEMOUTH,31.0,1986,2018,21,17,1585,17.6,1,0,1,1,0,0,4,0,0.06,0.0,0.06,0.06,0.06,0.0434,11,2,Key Player
Andrew Surman,7d41b619,eng ENG,MF,Bournemouth,AFCBOURNEMOUTH,31.0,1986,2018,18,16,1439,16.0,0,0,0,0,0,0,2,0,0.0,0.0,0.0,0.0,0.0,0.0383,12,3,Regular Starter
Simon Francis,1e0b6a73,eng ENG,DF,Bournemouth,AFCBOURNEMOUTH,33.0,1985,2018,17,13,1229,13.7,0,2,2,0,0,0,1,0,0.0,0.15,0.15,0.0,0.15,0.0353,13,3,Regular Starter
Junior Stanislas,6992791d,eng ENG,MFDF,Bournemouth,AFCBOURNEMOUTH,28.0,1989,2018,23,11,1031,11.5,2,3,5,1,1,1,1,0,0.17,0.26,0.44,0.09,0.35,0.0323,14,3,Regular Starter
Nathaniel Clyne,0442183b,eng ENG,DF,Bournemouth,AFCBOURNEMOUTH,27.0,1991,2018,14,13,1143,12.7,0,1,1,0,0,0,2,0,0.0,0.08,0.08,0.0,0.08,0.0316,15,3,Regular Starter
Artur Boruc,34ccf6fa,pl POL,GK,Bournemouth,AFCBOURNEMOUTH,38.0,1980,2018,12,12,1080,12.0,0,0,0,0,0,0,2,0,0.0,0.0,0.0,0.0,0.0,0.0287,16,3,Regular Starter
Jordon Ibe,9f736ed2,eng ENG,MF,Bournemouth,AFCBOURNEMOUTH,22.0,1995,2018,19,9,797,8.9,1,1,2,1,0,0,1,0,0.11,0.11,0.23,0.11,0.23,0.0238,17,4,Squad Rotation
Chris Mepham,fed96827,wls WAL,DF,Bournemouth,AFCBOURNEMOUTH,20.0,1997,2018,13,10,850,9.4,0,1,1,0,0,0,1,0,0.0,0.11,0.11,0.0,0.11,0.0237,18,4,Squad Rotation
Lewis Cook,2afc7272,eng ENG,MF,Bournemouth,AFCBOURNEMOUTH,21.0,1997,2018,13,8,723,8.0,0,0,0,0,0,0,2,0,0.0,0.0,0.0,0.0,0.0,0.0191,19,4,Squad Rotation
Diego Rico,d9ba39fc,es ESP,DFMF,Bournemouth,AFCBOURNEMOUTH,25.0,1993,2018,12,5,612,6.8,0,0,0,0,0,0,1,0,0.0,0.0,0.0,0.0,0.0,0.0163,20,4,Squad Rotation
Lys Mousset,d9cfca3d,fr FRA,FW,Bournemouth,AFCBOURNEMOUTH,22.0,1996,2018,24,1,368,4.1,1,0,1,1,0,0,1,0,0.24,0.0,0.24,0.24,0.24,0.011,21,4,Squad Rotation
Jack Simpson,76fa5f80,eng ENG,DF,Bournemouth,AFCBOURNEMOUTH,21.0,1996,2018,6,4,403,4.5,0,0,0,0,0,0,0,0,0.0,0.0,0.0,0.0,0.0,0.0108,22,4,Squad Rotation
Dominic Solanke,e77dc3b2,eng ENG,FW,Bournemouth,AFCBOURNEMOUTH,20.0,1997,2018,10,2,347,3.9,0,1,1,0,0,0,0,0,0.0,0.26,0.26,0.0,0.26,0.0105,23,5,Fringe/Backup
Mark Travers,fe558029,ie IRL,GK,Bournemouth,AFCBOURNEMOUTH,19.0,1999,2018,2,2,180,2.0,0,0,0,0,0,0,0,0,0.0,0.0,0.0,0.0,0.0,0.0048,24,5,Fringe/Backup
Tyrone Mings,8397a50c,eng ENG,DF,Bournemouth,AFCBOURNEMOUTH,25.0,1993,2018,5,2,143,1.6,0,0,0,0,0,0,0,0,0.0,0.0,0.0,0.0,0.0,0.0038,25,5,Fringe/Backup
Emerson Hyndman,3be1a627,us USA,MF,Bournemouth,AFCBOURNEMOUTH,22.0,1996,2018,1,0,38,0.4,0,0,0,0,0,0,0,0,0.0,0.0,0.0,0.0,0.0,0.001,26,5,Fringe/Backup
Jermain Defoe,f1e8372d,eng ENG,FW,Bournemouth,AFCBOURNEMOUTH,35.0,1982,2018,4,0,25,0.3,0,0,0,0,0,0,0,0,0.0,0.0,0.0,0.0,0.0,0.0007,27,5,Fringe/Backup
Sam Surridge,b017b770,eng ENG,FW,Bournemouth,AFCBOURNEMOUTH,20.0,1998,2018,2,0,13,0.1,0,0,0,0,0,0,0,0,0.0,0.0,0.0,0.0,0.0,0.0002,28,5,Fringe/Backup
Pierre-Emerick Aubameyang,d5dd5f1f,ga GAB,FWMF,Arsenal,ARSENAL,29.0,1989,2018,36,30,2726,30.3,22,5,27,18,4,5,0,0,0.73,0.17,0.89,0.59,0.76,0.1002,1,1,Talisman
Alexandre Lacazette,9dbb75ca,fr FRA,FW,Arsenal,ARSENAL,27.0,1991,2018,35,27,2502,27.8,13,8,21,13,0,0,2,0,0.47,0.29,0.76,0.47,0.76,0.0919,2,1,Talisman
Bernd Leno,2628fd2b,de GER,GK,Arsenal,ARSENAL,26.0,1992,2018,32,31,2836,31.5,0,0,0,0,0,0,0,0,0.0,0.0,0.0,0.0,0.0,0.0755,3,1,Talisman
Granit Xhaka,e61b8aee,ch SUI,MF,Arsenal,ARSENAL,25.0,1992,2018,29,29,2498,27.8,4,2,6,4,0,0,10,0,0.14,0.07,0.22,0.14,0.22,0.0739,4,1,Talisman
Shkodran Mustafi,3f2d59fe,de GER,DF,Arsenal,ARSENAL,26.0,1992,2018,31,31,2611,29.0,2,0,2,2,0,0,9,0,0.07,0.0,0.07,0.07,0.07,0.0719,5,1,Talisman
Lucas Torreira,52611641,uy URU,MF,Arsenal,ARSENAL,22.0,1996,2018,34,24,2382,26.5,2,2,4,2,0,0,7,1,0.08,0.08,0.15,0.08,0.15,0.0682,6,2,Key Player
Alex Iwobi,6ca5ec4b,ng NGA,MFFW,Arsenal,ARSENAL,22.0,1996,2018,35,22,1970,21.9,3,6,9,3,0,0,0,0,0.14,0.27,0.41,0.14,0.41,0.0632,7,2,Key Player
Sokratis Papastathopoulos,b682dcf6,gr GRE,DF,Arsenal,ARSENAL,30.0,1988,2018,25,25,2198,24.4,1,2,3,1,0,0,12,0,0.04,0.08,0.12,0.04,0.12,0.062,8,2,Key Player
Mattéo Guendouzi,5ea8ef20,fr FRA,MF,Arsenal,ARSENAL,19.0,1999,2018,33,23,2149,23.9,0,0,0,0,0,0,9,0,0.0,0.0,0.0,0.0,0.0,0.0573,9,2,Key Player
Sead Kolašinac,3935e52e,ba BIH,MFDF,Arsenal,ARSENAL,25.0,1993,2018,24,22,1887,21.0,0,5,5,0,0,0,5,0,0.0,0.24,0.24,0.0,0.24,0.0563,10,2,Key Player
Henrikh Mkhitaryan,dd0daf32,am ARM,MFFW,Arsenal,ARSENAL,29.0,1989,2018,25,19,1641,18.2,6,4,10,6,0,0,1,0,0.33,0.22,0.55,0.33,0.55,0.0556,11,2,Key Player
Mesut Özil,16380240,de GER,MF,Arsenal,ARSENAL,29.0,1988,2018,24,20,1735,19.3,5,2,7,5,0,0,2,0,0.26,0.1,0.36,0.26,0.36,0.0546,12,3,Regular Starter
Nacho Monreal,d4cb83cc,es ESP,DF,Arsenal,ARSENAL,32.0,1986,2018,22,21,1861,20.7,1,3,4,1,0,0,5,0,0.05,0.15,0.19,0.05,0.19,0.0543,13,3,Regular Starter
Aaron Ramsey,ef619b0b,wls WAL,MF,Arsenal,ARSENAL,27.0,1990,2018,28,14,1331,14.8,4,6,10,4,0,0,0,0,0.27,0.41,0.68,0.27,0.68,0.0475,14,3,Regular Starter
Héctor Bellerín,f874dd44,es ESP,DFMF,Arsenal,ARSENAL,23.0,1995,2018,19,18,1533,17.0,0,5,5,0,0,0,3,0,0.0,0.29,0.29,0.0,0.29,0.0466,15,3,Regular Starter
Laurent Koscielny,f5efb153,fr FRA,DF,Arsenal,ARSENAL,32.0,1985,2018,17,13,1331,14.8,3,0,3,3,0,0,1,0,0.2,0.0,0.2,0.2,0.2,0.039,16,3,Regular Starter
Ainsley Maitland-Niles,e3a5814e,eng ENG,MFDF,Arsenal,ARSENAL,20.0,1997,2018,16,11,987,11.0,1,1,2,1,0,0,3,2,0.09,0.09,0.18,0.09,0.18,0.0287,17,4,Squad Rotation
Stephan Lichtsteiner,99b1d0e6,ch SUI,DF,Arsenal,ARSENAL,34.0,1984,2018,14,10,938,10.4,0,0,0,0,0,0,3,0,0.0,0.0,0.0,0.0,0.0,0.0249,18,4,Squad Rotation
Rob Holding,d79a8c87,eng ENG,DF,Arsenal,ARSENAL,22.0,1995,2018,10,9,807,9.0,0,0,0,0,0,0,1,0,0.0,0.0,0.0,0.0,0.0,0.0216,19,4,Squad Rotation
Petr Čech,71672fa0,cz CZE,GK,Arsenal,ARSENAL,36.0,1982,2018,7,7,584,6.5,0,0,0,0,0,0,0,0,0.0,0.0,0.0,0.0,0.0,0.0156,20,4,Squad Rotation
Mohamed Elneny,47a34c4f,eg EGY,MF,Arsenal,ARSENAL,26.0,1992,2018,8,5,380,4.2,0,0,0,0,0,0,0,0,0.0,0.0,0.0,0.0,0.0,0.0101,21,4,Squad Rotation
Danny Welbeck,ce5143da,eng ENG,MF,Arsenal,ARSENAL,27.0,1990,2018,8,1,153,1.7,1,1,2,1,0,0,0,0,0.59,0.59,1.18,0.59,1.18,0.0065,22,4,Squad Rotation
Carl Jenkinson,874125a3,eng ENG,MF,Arsenal,ARSENAL,26.0,1992,2018,3,2,166,1.8,0,0,0,0,0,0,0,0,0.0,0.0,0.0,0.0,0.0,0.0043,23,5,Fringe/Backup
Konstantinos Mavropanos,00963611,gr GRE,DF,Arsenal,ARSENAL,20.0,1997,2018,4,3,148,1.6,0,0,0,0,0,0,1,0,0.0,0.0,0.0,0.0,0.0,0.0038,24,5,Fringe/Backup
Eddie Nketiah,a53649b7,eng ENG,FW,Arsenal,ARSENAL,19.0,1999,2018,5,0,67,0.7,1,0,1,1,0,0,0,0,1.34,0.0,1.34,1.34,1.34,0.0028,25,5,Fringe/Backup
Denis Suárez,12c50af5,es ESP,MF,Arsenal,ARSENAL,24.0,1994,2018,4,0,71,0.8,0,0,0,0,0,0,0,0,0.0,0.0,0.0,0.0,0.0,0.0019,26,5,Fringe/Backup
Joe Willock,a3b03921,eng ENG,MF,Arsenal,ARSENAL,18.0,1999,2018,2,1,64,0.7,0,0,0,0,0,0,0,0,0.0,0.0,0.0,0.0,0.0,0.0017,27,5,Fringe/Backup
Bukayo Saka,bc7dc64d,eng ENG,FWMF,Arsenal,ARSENAL,16.0,2001,2018,1,0,8,0.1,0,0,0,0,0,0,0,0,0.0,0.0,0.0,0.0,0.0,0.0002,28,5,Fringe/Backup
Shane Duffy,7314bba4,ie IRL,DF,Brighton,BRIGHTONHOVEALBION,26.0,1992,2018,35,35,3087,34.3,5,1,6,5,0,0,4,1,0.15,0.03,0.17,0.15,0.17,0.0894,1,1,Talisman
Lewis Dunk,282f75f3,eng ENG,DF,Brighton,BRIGHTONHOVEALBION,26.0,1991,2018,36,36,3151,35.0,2,1,3,2,0,0,7,2,0.06,0.03,0.09,0.06,0.09,0.0879,2,1,Talisman
Mathew Ryan,4535e4bb,au AUS,GK,Brighton,BRIGHTONHOVEALBION,26.0,1992,2018,34,34,3060,34.0,0,0,0,0,0,0,2,0,0.0,0.0,0.0,0.0,0.0,0.0817,3,1,Talisman
Glenn Murray,f2f29dda,eng ENG,FW,Brighton,BRIGHTONHOVEALBION,34.0,1983,2018,38,30,2508,27.9,13,1,14,9,4,4,5,0,0.47,0.04,0.5,0.32,0.36,0.0791,4,1,Talisman
Solly March,bb5fbd2b,eng ENG,MFFW,Brighton,BRIGHTONHOVEALBION,24.0,1994,2018,35,30,2463,27.4,1,5,6,1,0,0,1,0,0.04,0.18,0.22,0.04,0.22,0.0731,5,2,Key Player
Davy Pröpper,fdd85f94,nl NED,MF,Brighton,BRIGHTONHOVEALBION,26.0,1991,2018,30,30,2546,28.3,1,1,2,1,0,0,2,0,0.04,0.04,0.07,0.04,0.07,0.0704,6,2,Key Player
Dale Stephens,653ee42d,eng ENG,MF,Brighton,BRIGHTONHOVEALBION,29.0,1989,2018,30,29,2485,27.6,1,1,2,1,0,0,6,1,0.04,0.04,0.07,0.04,0.07,0.0686,7,2,Key Player
Martín Montoya,5cec2487,es ESP,DF,Brighton,BRIGHTONHOVEALBION,27.0,1991,2018,25,24,2167,24.1,0,1,1,0,0,0,4,0,0.0,0.04,0.04,0.0,0.04,0.0591,8,2,Key Player
Anthony Knockaert,6c679c6d,fr FRA,MFFW,Brighton,BRIGHTONHOVEALBION,26.0,1991,2018,30,18,1837,20.4,2,6,8,2,0,0,4,1,0.1,0.29,0.39,0.1,0.39,0.0586,9,3,Regular Starter
Pascal Groß,8aec0537,de GER,MF,Brighton,BRIGHTONHOVEALBION,27.0,1991,2018,25,24,1864,20.7,3,3,6,2,1,2,1,0,0.14,0.14,0.29,0.1,0.24,0.0557,10,3,Regular Starter
Gaëtan Bong,cfd5e123,cm CMR,DF,Brighton,BRIGHTONHOVEALBION,30.0,1988,2018,22,19,1808,20.1,0,0,0,0,0,0,0,0,0.0,0.0,0.0,0.0,0.0,0.0483,11,3,Regular Starter
Bernardo,17370b95,br BRA,DF,Brighton,BRIGHTONHOVEALBION,23.0,1995,2018,22,19,1752,19.5,0,1,1,0,0,0,4,0,0.0,0.05,0.05,0.0,0.05,0.048,12,3,Regular Starter
Yves Bissouma,6c203af0,ml MLI,MF,Brighton,BRIGHTONHOVEALBION,21.0,1996,2018,28,17,1774,19.7,0,0,0,0,0,0,5,0,0.0,0.0,0.0,0.0,0.0,0.0473,13,4,Squad Rotation
Jürgen Locadia,6cc47ae1,cw CUW,MFFW,Brighton,BRIGHTONHOVEALBION,24.0,1993,2018,26,12,1236,13.7,2,0,2,2,0,0,1,0,0.15,0.0,0.15,0.15,0.15,0.0354,14,4,Squad Rotation
Bruno,78803d03,es ESP,DF,Brighton,BRIGHTONHOVEALBION,37.0,1980,2018,14,14,1131,12.6,0,1,1,0,0,0,2,0,0.0,0.08,0.08,0.0,0.08,0.0315,15,4,Squad Rotation
Beram Kayal,26679cdf,il ISR,MF,Brighton,BRIGHTONHOVEALBION,30.0,1988,2018,18,9,940,10.4,1,1,2,1,0,0,4,0,0.1,0.1,0.19,0.1,0.19,0.0274,16,4,Squad Rotation
Florin Andone,dc008610,ro ROU,FW,Brighton,BRIGHTONHOVEALBION,25.0,1993,2018,23,8,881,9.8,3,0,3,3,0,0,5,0,0.31,0.0,0.31,0.31,0.31,0.0272,17,5,Fringe/Backup
Alireza Jahanbakhsh,08452314,ir IRN,MFFW,Brighton,BRIGHTONHOVEALBION,24.0,1993,2018,19,12,1020,11.3,0,0,0,0,0,0,2,0,0.0,0.0,0.0,0.0,0.0,0.0272,18,5,Fringe/Backup
José Izquierdo,ca2bc3df,co COL,MFFW,Brighton,BRIGHTONHOVEALBION,26.0,1992,2018,15,9,795,8.8,0,1,1,0,0,0,1,0,0.0,0.11,0.11,0.0,0.11,0.0223,19,5,Fringe/Backup
Leon Balogun,78e68b4d,ng NGA,DF,Brighton,BRIGHTONHOVEALBION,30.0,1988,2018,8,5,594,6.6,1,0,1,1,0,0,2,0,0.15,0.0,0.15,0.15,0.15,0.017,20,5,Fringe/Backup
David Button,e608ed4c,eng ENG,GK,Brighton,BRIGHTONHOVEALBION,29.0,1989,2018,4,4,360,4.0,0,0,0,0,0,0,0,0,0.0,0.0,0.0,0.0,0.0,0.0096,21,5,Fringe/Backup
Ben Mee,8df7a2fb,eng ENG,DF,Burnley,BURNLEY,28.0,1989,2018,38,38,3420,38.0,0,2,2,0,0,0,9,0,0.0,0.05,0.05,0.0,0.05,0.0932,1,1,Talisman
Jack Cork,74e12f1e,eng ENG,MF,Burnley,BURNLEY,29.0,1989,2018,37,37,3312,36.8,1,2,3,1,0,0,6,0,0.03,0.05,0.08,0.03,0.08,0.0916,2,1,Talisman
Charlie Taylor,cc2d7ad5,eng ENG,DF,Burnley,BURNLEY,24.0,1993,2018,38,35,3243,36.0,0,1,1,0,0,0,2,0,0.0,0.03,0.03,0.0,0.03,0.0874,3,1,Talisman
James Tarkowski,15ea812b,eng ENG,DF,Burnley,BURNLEY,25.0,1992,2018,35,35,3086,34.3,3,1,4,3,0,0,8,0,0.09,0.03,0.12,0.09,0.12,0.087,4,1,Talisman
Ashley Westwood,495945ef,eng ENG,MF,Burnley,BURNLEY,28.0,1990,2018,34,31,2824,31.4,2,7,9,2,0,0,5,0,0.06,0.22,0.29,0.06,0.29,0.086,5,2,Key Player
Chris Wood,4e9a0555,nz NZL,FW,Burnley,BURNLEY,26.0,1991,2018,38,29,2588,28.8,10,2,12,10,0,0,2,0,0.35,0.07,0.42,0.35,0.42,0.0834,6,2,Key Player
Ashley Barnes,2691c772,eng ENG,FW,Burnley,BURNLEY,28.0,1989,2018,37,26,2388,26.5,12,2,14,10,2,2,8,0,0.45,0.08,0.53,0.38,0.45,0.0777,7,2,Key Player
Jeff Hendrick,989d5705,ie IRL,MF,Burnley,BURNLEY,26.0,1992,2018,32,25,2063,22.9,3,0,3,3,0,0,4,0,0.13,0.0,0.13,0.13,0.13,0.0583,8,2,Key Player
Jóhann Berg Guðmundsson,f72293fc,is ISL,MF,Burnley,BURNLEY,27.0,1990,2018,29,19,1752,19.5,3,6,9,3,0,0,2,0,0.15,0.31,0.46,0.15,0.46,0.0574,9,2,Key Player
Dwight McNeil,fc15fb84,eng ENG,MF,Burnley,BURNLEY,18.0,1999,2018,21,19,1591,17.7,3,5,8,3,0,0,2,0,0.17,0.28,0.45,0.17,0.45,0.0519,10,3,Regular Starter
Matthew Lowton,9a9c05db,eng ENG,DF,Burnley,BURNLEY,29.0,1989,2018,21,19,1750,19.4,0,0,0,0,0,0,7,0,0.0,0.0,0.0,0.0,0.0,0.0464,11,3,Regular Starter
Joe Hart,cb4f24c6,eng ENG,GK,Burnley,BURNLEY,31.0,1987,2018,19,19,1710,19.0,0,0,0,0,0,0,0,0,0.0,0.0,0.0,0.0,0.0,0.0455,12,3,Regular Starter
Tom Heaton,a6de6361,eng ENG,GK,Burnley,BURNLEY,32.0,1986,2018,19,19,1710,19.0,0,0,0,0,0,0,3,0,0.0,0.0,0.0,0.0,0.0,0.0455,13,3,Regular Starter
Phil Bardsley,1ae30132,sct SCO,DF,Burnley,BURNLEY,33.0,1985,2018,19,19,1670,18.6,0,0,0,0,0,0,9,0,0.0,0.0,0.0,0.0,0.0,0.0445,14,4,Squad Rotation
Aaron Lennon,2ff964a0,eng ENG,MF,Burnley,BURNLEY,31.0,1987,2018,16,14,1215,13.5,1,1,2,1,0,0,1,0,0.07,0.07,0.15,0.07,0.15,0.0347,15,4,Squad Rotation
Sam Vokes,1d6ac165,wls WAL,FW,Burnley,BURNLEY,28.0,1989,2018,20,10,915,10.2,3,0,3,3,0,0,0,0,0.3,0.0,0.3,0.3,0.3,0.0281,16,4,Squad Rotation
Robbie Brady,96bb8cc2,ie IRL,MF,Burnley,BURNLEY,26.0,1992,2018,16,6,720,8.0,0,1,1,0,0,0,3,1,0.0,0.12,0.12,0.0,0.12,0.0203,17,4,Squad Rotation
Kevin Long,5a4280b1,ie IRL,DF,Burnley,BURNLEY,27.0,1990,2018,6,5,514,5.7,0,1,1,0,0,0,0,0,0.0,0.18,0.18,0.0,0.18,0.0149,18,4,Squad Rotation
Steven Defour,73489527,be BEL,MF,Burnley,BURNLEY,30.0,1988,2018,6,6,448,5.0,0,0,0,0,0,0,0,0,0.0,0.0,0.0,0.0,0.0,0.012,19,5,Fringe/Backup
Matěj Vydra,0d4ceb32,cz CZE,MF,Burnley,BURNLEY,26.0,1992,2018,13,3,318,3.5,1,1,2,1,0,0,1,0,0.28,0.28,0.57,0.28,0.57,0.0108,20,5,Fringe/Backup
Stephen Ward,3831b9fe,ie IRL,DF,Burnley,BURNLEY,32.0,1985,2018,3,3,228,2.5,0,0,0,0,0,0,1,0,0.0,0.0,0.0,0.0,0.0,0.006,21,5,Fringe/Backup
Ben Gibson,bcfb0142,eng ENG,DF,Burnley,BURNLEY,25.0,1993,2018,1,1,62,0.7,1,0,1,1,0,0,1,0,1.45,0.0,1.45,1.45,1.45,0.0029,22,5,Fringe/Backup
Peter Crouch,73d9bdc7,eng ENG,FW,Burnley,BURNLEY,37.0,1981,2018,6,0,92,1.0,0,0,0,0,0,0,1,0,0.0,0.0,0.0,0.0,0.0,0.0024,23,5,Fringe/Backup
Bruno Ecuele Manga,72a0fb65,ga GAB,DF,Cardiff City,CARDIFFCITY,30.0,1988,2018,38,37,3376,37.5,0,1,1,0,0,0,0,0,0.0,0.03,0.03,0.0,0.03,0.0911,1,1,Talisman
Neil Etheridge,2642bf6c,ph PHI,GK,Cardiff City,CARDIFFCITY,28.0,1990,2018,38,38,3420,38.0,0,0,0,0,0,0,2,0,0.0,0.0,0.0,0.0,0.0,0.091,2,1,Talisman
Sean Morrison,09fec029,eng ENG,DF,Cardiff City,CARDIFFCITY,27.0,1991,2018,34,34,3039,33.8,1,3,4,1,0,0,6,0,0.03,0.09,0.12,0.03,0.12,0.0858,3,1,Talisman
Víctor Camarasa,b2d03887,es ESP,MF,Cardiff City,CARDIFFCITY,24.0,1994,2018,32,31,2569,28.5,5,4,9,4,1,1,6,0,0.18,0.14,0.32,0.14,0.28,0.0778,4,1,Talisman
Sol Bamba,5534217d,ci CIV,DF,Cardiff City,CARDIFFCITY,33.0,1985,2018,28,28,2474,27.5,4,1,5,4,0,0,7,0,0.15,0.04,0.18,0.15,0.18,0.0718,5,1,Talisman
Joe Bennett,dc936144,eng ENG,DF,Cardiff City,CARDIFFCITY,28.0,1990,2018,30,30,2639,29.3,0,1,1,0,0,0,5,0,0.0,0.03,0.03,0.0,0.03,0.0712,6,2,Key Player
Aron Gunnarsson,e2533c20,is ISL,MF,Cardiff City,CARDIFFCITY,29.0,1989,2018,28,27,2266,25.2,1,1,2,1,0,0,5,0,0.04,0.04,0.08,0.04,0.08,0.0627,7,2,Key Player
Junior Hoilett,33af5b9e,ca CAN,MF,Cardiff City,CARDIFFCITY,28.0,1990,2018,32,23,2141,23.8,3,1,4,3,0,0,4,0,0.13,0.04,0.17,0.13,0.17,0.0618,8,2,Key Player
Callum Paterson,d2583bce,sct SCO,FWMF,Cardiff City,CARDIFFCITY,23.0,1994,2018,27,21,1998,22.2,4,1,5,4,0,0,4,0,0.18,0.05,0.23,0.18,0.23,0.0593,9,2,Key Player
Harry Arter,2f4c5a52,ie IRL,MF,Cardiff City,CARDIFFCITY,28.0,1989,2018,25,24,1997,22.2,0,1,1,0,0,0,10,0,0.0,0.05,0.05,0.0,0.05,0.0545,10,2,Key Player
Josh Murphy,b30c7426,eng ENG,MFFW,Cardiff City,CARDIFFCITY,23.0,1995,2018,29,22,1817,20.2,3,2,5,3,0,0,2,0,0.15,0.1,0.25,0.15,0.25,0.0544,11,3,Regular Starter
Joe Ralls,3730fcbc,eng ENG,MF,Cardiff City,CARDIFFCITY,24.0,1993,2018,28,22,1959,21.8,0,0,0,0,0,1,4,1,0.0,0.0,0.0,0.0,0.0,0.0522,12,3,Regular Starter
Bobby De Cordova-Reid,0f7533cd,jm JAM,MFFW,Cardiff City,CARDIFFCITY,25.0,1993,2018,27,16,1424,15.8,5,2,7,4,1,1,0,0,0.32,0.13,0.44,0.25,0.38,0.045,13,3,Regular Starter
Lee Peltier,af341b88,eng ENG,DF,Cardiff City,CARDIFFCITY,31.0,1986,2018,20,17,1544,17.2,0,0,0,0,0,0,4,0,0.0,0.0,0.0,0.0,0.0,0.0412,14,3,Regular Starter
Nathaniel Mendez-Laing,b4b2f632,gt GUA,MF,Cardiff City,CARDIFFCITY,26.0,1992,2018,20,11,985,10.9,4,1,5,3,1,1,0,0,0.37,0.09,0.46,0.27,0.37,0.0309,15,3,Regular Starter
Oumar Niasse,af721f98,sn SEN,FW,Cardiff City,CARDIFFCITY,28.0,1990,2018,13,12,931,10.3,0,0,0,0,0,0,0,0,0.0,0.0,0.0,0.0,0.0,0.0247,16,4,Squad Rotation
Kenneth Zohore,5e508d0d,dk DEN,FW,Cardiff City,CARDIFFCITY,24.0,1994,2018,19,7,753,8.4,1,1,2,1,0,0,1,0,0.12,0.12,0.24,0.12,0.24,0.0225,17,4,Squad Rotation
Greg Cunningham,dc10b26c,ie IRL,DF,Cardiff City,CARDIFFCITY,27.0,1991,2018,7,7,630,7.0,0,0,0,0,0,0,3,0,0.0,0.0,0.0,0.0,0.0,0.0168,18,4,Squad Rotation
Leandro Bacuna,9dc69d38,cw CUW,MF,Cardiff City,CARDIFFCITY,26.0,1991,2018,11,4,561,6.2,0,0,0,0,0,0,2,0,0.0,0.0,0.0,0.0,0.0,0.0148,19,4,Squad Rotation
Danny Ward,cfb29823,eng ENG,FW,Cardiff City,CARDIFFCITY,26.0,1991,2018,14,4,445,4.9,1,0,1,1,0,0,0,0,0.2,0.0,0.2,0.2,0.2,0.0129,20,4,Squad Rotation
Kadeem Harris,24396398,eng ENG,MF,Cardiff City,CARDIFFCITY,25.0,1993,2018,13,3,375,4.2,1,0,1,1,0,0,1,0,0.24,0.0,0.24,0.24,0.24,0.0113,21,5,Fringe/Backup
Jazz Richards,afef14da,wls WAL,DFMF,Cardiff City,CARDIFFCITY,27.0,1991,2018,4,0,132,1.5,0,0,0,0,0,0,0,0,0.0,0.0,0.0,0.0,0.0,0.0036,22,5,Fringe/Backup
Rhys Healey,07ace8c3,wls WAL,FW,Cardiff City,CARDIFFCITY,23.0,1994,2018,3,0,52,0.6,0,0,0,0,0,0,0,0,0.0,0.0,0.0,0.0,0.0,0.0014,23,5,Fringe/Backup
Gary Madine,e3e6502a,eng ENG,FW,Cardiff City,CARDIFFCITY,27.0,1990,2018,5,0,37,0.4,0,0,0,0,0,0,0,0,0.0,0.0,0.0,0.0,0.0,0.001,24,5,Fringe/Backup
Loïc Damour,074d8166,fr FRA,MF,Cardiff City,CARDIFFCITY,27.0,1991,2018,2,0,23,0.3,0,0,0,0,0,0,0,0,0.0,0.0,0.0,0.0,0.0,0.0007,25,5,Fringe/Backup
Eden Hazard,a39bb753,be BEL,FW,Chelsea,CHELSEA,27.0,1991,2018,37,32,2923,32.5,16,15,31,12,4,4,2,0,0.49,0.46,0.95,0.37,0.83,0.1099,1,1,Talisman
César Azpilicueta,53cad200,es ESP,DF,Chelsea,CHELSEA,28.0,1989,2018,38,38,3402,37.8,1,5,6,1,0,0,4,0,0.03,0.13,0.16,0.03,0.16,0.0976,2,1,Talisman
David Luiz,c0e27d1a,br BRA,DF,Chelsea,CHELSEA,31.0,1987,2018,36,36,3238,36.0,3,2,5,3,0,0,3,0,0.08,0.06,0.14,0.08,0.14,0.0921,3,1,Talisman
N'Golo Kanté,b9fbae28,fr FRA,MF,Chelsea,CHELSEA,27.0,1991,2018,36,36,3092,34.4,4,4,8,4,0,0,3,0,0.12,0.12,0.23,0.12,0.23,0.0917,4,1,Talisman
Kepa Arrizabalaga,28d596a0,es ESP,GK,Chelsea,CHELSEA,23.0,1994,2018,36,36,3240,36.0,0,0,0,0,0,0,2,0,0.0,0.0,0.0,0.0,0.0,0.086,5,2,Key Player
Jorginho,45db685d,it ITA,MF,Chelsea,CHELSEA,26.0,1991,2018,37,37,3156,35.1,2,0,2,1,1,1,8,0,0.06,0.0,0.06,0.03,0.03,0.0851,6,2,Key Player
Marcos Alonso,f4290206,es ESP,DF,Chelsea,CHELSEA,27.0,1990,2018,31,31,2759,30.7,2,4,6,2,0,0,6,0,0.07,0.13,0.2,0.07,0.2,0.0807,7,2,Key Player
Antonio Rüdiger,18b896d6,de GER,DF,Chelsea,CHELSEA,25.0,1993,2018,33,33,2871,31.9,1,0,1,1,0,0,7,0,0.03,0.0,0.03,0.03,0.03,0.0774,8,2,Key Player
Willian,8b9ebd03,br BRA,FW,Chelsea,CHELSEA,29.0,1988,2018,32,26,2097,23.3,3,6,9,3,0,0,2,0,0.13,0.26,0.39,0.13,0.39,0.0665,9,2,Key Player
Pedro,3ca7254a,es ESP,FW,Chelsea,CHELSEA,31.0,1987,2018,31,21,1778,19.8,8,2,10,8,0,0,2,0,0.4,0.1,0.51,0.4,0.51,0.0594,10,3,Regular Starter
Mateo Kovačić,79c0821a,hr CRO,MF,Chelsea,CHELSEA,24.0,1994,2018,32,21,1735,19.3,0,2,2,0,0,0,3,0,0.0,0.1,0.1,0.0,0.1,0.0484,11,3,Regular Starter
Ross Barkley,3a24769f,eng ENG,MF,Chelsea,CHELSEA,24.0,1993,2018,27,13,1245,13.8,3,5,8,3,0,0,1,0,0.22,0.36,0.58,0.22,0.58,0.0425,12,3,Regular Starter
Ruben Loftus-Cheek,e97fd090,eng ENG,MF,Chelsea,CHELSEA,22.0,1996,2018,24,6,998,11.1,6,2,8,6,0,0,0,0,0.54,0.18,0.72,0.54,0.72,0.0361,13,3,Regular Starter
Gonzalo Higuaín,8a08491a,ar ARG,FW,Chelsea,CHELSEA,30.0,1987,2018,14,13,1085,12.1,5,0,5,5,0,0,0,0,0.41,0.0,0.41,0.41,0.41,0.0348,14,3,Regular Starter
Álvaro Morata,129af0db,es ESP,FW,Chelsea,CHELSEA,25.0,1992,2018,16,11,941,10.5,5,0,5,5,0,0,3,0,0.48,0.0,0.48,0.48,0.48,0.0311,15,4,Squad Rotation
Olivier Giroud,16ceb862,fr FRA,FW,Chelsea,CHELSEA,31.0,1986,2018,27,7,847,9.4,2,4,6,2,0,0,1,0,0.21,0.43,0.64,0.21,0.64,0.0297,16,4,Squad Rotation
Emerson Palmieri,e0bc6fdc,it ITA,DF,Chelsea,CHELSEA,23.0,1994,2018,10,7,663,7.4,0,0,0,0,0,0,0,0,0.0,0.0,0.0,0.0,0.0,0.0177,17,4,Squad Rotation
Andreas Christensen,1cb49278,dk DEN,DF,Chelsea,CHELSEA,22.0,1996,2018,8,6,617,6.9,0,0,0,0,0,0,1,0,0.0,0.0,0.0,0.0,0.0,0.0165,18,4,Squad Rotation
Callum Hudson-Odoi,15f3ec41,eng ENG,FW,Chelsea,CHELSEA,17.0,2000,2018,10,4,393,4.4,0,1,1,0,0,0,0,0,0.0,0.23,0.23,0.0,0.23,0.0117,19,4,Squad Rotation
Willy Caballero,a179d516,ar ARG,GK,Chelsea,CHELSEA,36.0,1981,2018,2,2,180,2.0,0,0,0,0,0,0,0,0,0.0,0.0,0.0,0.0,0.0,0.0048,20,5,Fringe/Backup
Cesc Fàbregas,33508c78,es ESP,MF,Chelsea,CHELSEA,31.0,1987,2018,6,1,180,2.0,0,0,0,0,0,0,1,0,0.0,0.0,0.0,0.0,0.0,0.0048,21,5,Fringe/Backup
Davide Zappacosta,7fe90ccd,it ITA,DF,Chelsea,CHELSEA,26.0,1992,2018,4,1,128,1.4,0,0,0,0,0,0,0,0,0.0,0.0,0.0,0.0,0.0,0.0033,22,5,Fringe/Backup
Gary Cahill,7914b9fe,eng ENG,DF,Chelsea,CHELSEA,32.0,1985,2018,2,0,24,0.3,0,0,0,0,0,0,0,0,0.0,0.0,0.0,0.0,0.0,0.0007,23,5,Fringe/Backup
Victor Moses,e726e11e,ng NGA,FWMF,Chelsea,CHELSEA,27.0,1990,2018,2,0,28,0.3,0,0,0,0,0,0,0,0,0.0,0.0,0.0,0.0,0.0,0.0007,24,5,Fringe/Backup
Wilfried Zaha,b2bc3b1f,ci CIV,FWMF,Crystal Palace,CRYSTALPALACE,25.0,1992,2018,34,34,3036,33.7,10,5,15,10,0,0,10,2,0.3,0.15,0.44,0.3,0.44,0.0985,1,1,Talisman
Luka Milivojević,2ce2508a,rs SRB,MF,Crystal Palace,CRYSTALPALACE,27.0,1991,2018,38,38,3420,38.0,12,2,14,2,10,11,10,0,0.32,0.05,0.37,0.05,0.11,0.096,2,1,Talisman
James McArthur,cee31595,sct SCO,MF,Crystal Palace,CRYSTALPALACE,30.0,1987,2018,38,36,3058,34.0,3,6,9,3,0,0,7,0,0.09,0.18,0.26,0.09,0.26,0.092,3,1,Talisman
Andros Townsend,b28bbd58,eng ENG,FWMF,Crystal Palace,CRYSTALPALACE,27.0,1991,2018,38,34,3009,33.4,6,4,10,6,0,0,1,0,0.18,0.12,0.3,0.18,0.3,0.092,4,1,Talisman
Patrick van Aanholt,5f09991f,nl NED,DF,Crystal Palace,CRYSTALPALACE,27.0,1990,2018,36,36,3195,35.5,3,2,5,3,0,0,3,0,0.08,0.06,0.14,0.08,0.14,0.091,5,1,Talisman
Aaron Wan-Bissaka,9e525177,cd COD,DF,Crystal Palace,CRYSTALPALACE,20.0,1997,2018,35,35,3134,34.8,0,3,3,0,0,0,4,1,0.0,0.09,0.09,0.0,0.09,0.0871,6,2,Key Player
James Tomkins,e7ca0439,eng ENG,DF,Crystal Palace,CRYSTALPALACE,29.0,1989,2018,29,29,2560,28.4,1,1,2,1,0,0,5,0,0.04,0.04,0.07,0.04,0.07,0.0704,7,2,Key Player
Mamadou Sakho,87935cf3,fr FRA,DF,Crystal Palace,CRYSTALPALACE,28.0,1990,2018,27,27,2416,26.8,0,0,0,0,0,0,2,0,0.0,0.0,0.0,0.0,0.0,0.0642,8,2,Key Player
Cheikhou Kouyaté,8d3c902d,sn SEN,MF,Crystal Palace,CRYSTALPALACE,28.0,1989,2018,31,21,1899,21.1,0,2,2,0,0,0,3,0,0.0,0.09,0.09,0.0,0.09,0.0528,9,2,Key Player
Jeffrey Schlupp,3312f911,gh GHA,MF,Crystal Palace,CRYSTALPALACE,25.0,1992,2018,30,18,1670,18.6,4,1,5,4,0,0,1,0,0.22,0.05,0.27,0.22,0.27,0.0506,10,2,Key Player
Vicente Guaita,ab13a5aa,es ESP,GK,Crystal Palace,CRYSTALPALACE,31.0,1987,2018,20,20,1754,19.5,0,0,0,0,0,0,2,0,0.0,0.0,0.0,0.0,0.0,0.0467,11,3,Regular Starter
Wayne Hennessey,76eca7e2,wls WAL,GK,Crystal Palace,CRYSTALPALACE,31.0,1987,2018,18,17,1576,17.5,0,0,0,0,0,0,0,0,0.0,0.0,0.0,0.0,0.0,0.0419,12,3,Regular Starter
Max Meyer,eba42d2b,de GER,MF,Crystal Palace,CRYSTALPALACE,22.0,1995,2018,29,15,1416,15.7,1,2,3,1,0,0,3,0,0.06,0.13,0.19,0.06,0.19,0.0412,13,3,Regular Starter
Jordan Ayew,da052c14,gh GHA,FW,Crystal Palace,CRYSTALPALACE,26.0,1991,2018,20,14,1181,13.1,1,2,3,1,0,0,3,0,0.08,0.15,0.23,0.08,0.23,0.035,14,3,Regular Starter
Martin Kelly,d7492450,eng ENG,DF,Crystal Palace,CRYSTALPALACE,28.0,1990,2018,13,12,1111,12.3,0,0,0,0,0,0,2,0,0.0,0.0,0.0,0.0,0.0,0.0295,15,3,Regular Starter
Michy Batshuayi,2973d8ff,be BEL,FW,Crystal Palace,CRYSTALPALACE,24.0,1993,2018,11,9,750,8.3,5,0,5,5,0,0,0,0,0.6,0.0,0.6,0.6,0.6,0.0259,16,4,Squad Rotation
Christian Benteke,ab070c55,be BEL,FW,Crystal Palace,CRYSTALPALACE,27.0,1990,2018,16,9,814,9.0,1,1,2,1,0,0,1,0,0.11,0.11,0.22,0.11,0.22,0.0239,17,4,Squad Rotation
Scott Dann,52105203,eng ENG,DF,Crystal Palace,CRYSTALPALACE,31.0,1987,2018,10,7,663,7.4,0,1,1,0,0,0,1,0,0.0,0.14,0.14,0.0,0.14,0.019,18,4,Squad Rotation
Joel Ward,8a7ff278,eng ENG,DF,Crystal Palace,CRYSTALPALACE,28.0,1989,2018,7,6,552,6.1,1,0,1,1,0,0,1,0,0.16,0.0,0.16,0.16,0.16,0.0158,19,4,Squad Rotation
Alexander Sørloth,e92cd3f7,no NOR,FW,Crystal Palace,CRYSTALPALACE,22.0,1995,2018,12,0,185,2.1,0,0,0,0,0,0,0,0,0.0,0.0,0.0,0.0,0.0,0.005,20,4,Squad Rotation
Connor Wickham,41cc19c2,eng ENG,FWMF,Crystal Palace,CRYSTALPALACE,25.0,1993,2018,6,0,67,0.7,0,1,1,0,0,0,0,0,0.0,1.34,1.34,0.0,1.34,0.0028,21,5,Fringe/Backup
Julián Speroni,8e65a5e5,ar ARG,GK,Crystal Palace,CRYSTALPALACE,39.0,1979,2018,1,1,90,1.0,0,0,0,0,0,0,0,0,0.0,0.0,0.0,0.0,0.0,0.0024,22,5,Fringe/Backup
Bakary Sako,381d7d54,ml MLI,FWMF,Crystal Palace,CRYSTALPALACE,30.0,1988,2018,4,0,29,0.3,0,0,0,0,0,0,0,0,0.0,0.0,0.0,0.0,0.0,0.0007,23,5,Fringe/Backup
Jason Puncheon,fd3f57ce,eng ENG,MF,Crystal Palace,CRYSTALPALACE,32.0,1986,2018,5,0,13,0.1,0,0,0,0,0,0,0,0,0.0,0.0,0.0,0.0,0.0,0.0002,24,5,Fringe/Backup
Luke Dreher,d1c509d9,eng ENG,MF,Crystal Palace,CRYSTALPALACE,19.0,1998,2018,1,0,1,0.0,0,0,0,0,0,0,0,0,0.0,0.0,0.0,0.0,0.0,0.0,25,5,Fringe/Backup
Pape Souaré,46b5375e,sn SEN,DF,Crystal Palace,CRYSTALPALACE,28.0,1990,2018,1,0,1,0.0,0,0,0,0,0,0,0,0,0.0,0.0,0.0,0.0,0.0,0.0,26,5,Fringe/Backup
Gylfi Sigurðsson,76dd1480,is ISL,MF,Everton,EVERTON,28.0,1989,2018,38,36,3117,34.6,13,6,19,11,2,5,3,0,0.38,0.17,0.55,0.32,0.49,0.1034,1,1,Talisman
Jordan Pickford,4806ec67,eng ENG,GK,Everton,EVERTON,24.0,1994,2018,38,38,3420,38.0,0,0,0,0,0,0,1,0,0.0,0.0,0.0,0.0,0.0,0.0912,2,1,Talisman
Lucas Digne,1b84dbe1,fr FRA,DF,Everton,EVERTON,25.0,1993,2018,35,33,2965,32.9,4,4,8,4,0,0,5,1,0.12,0.12,0.24,0.12,0.24,0.0884,3,1,Talisman
Richarlison,fa031b34,br BRA,MFFW,Everton,EVERTON,21.0,1997,2018,35,32,2665,29.6,13,1,14,13,0,0,5,1,0.44,0.03,0.47,0.44,0.47,0.0877,4,1,Talisman
Michael Keane,c5b7c315,eng ENG,DF,Everton,EVERTON,25.0,1993,2018,33,33,2969,33.0,1,2,3,1,0,0,2,0,0.03,0.06,0.09,0.03,0.09,0.0828,5,2,Key Player
Idrissa Gueye,72c812f3,sn SEN,MF,Everton,EVERTON,28.0,1989,2018,33,32,2822,31.4,0,2,2,0,0,0,6,0,0.0,0.06,0.06,0.0,0.06,0.0776,6,2,Key Player
Kurt Zouma,ce4246f5,fr FRA,DF,Everton,EVERTON,23.0,1994,2018,32,29,2612,29.0,2,2,4,2,0,0,5,2,0.07,0.07,0.14,0.07,0.14,0.0745,7,2,Key Player
Séamus Coleman,0420d84f,ie IRL,DF,Everton,EVERTON,29.0,1988,2018,29,29,2558,28.4,2,2,4,2,0,0,1,0,0.07,0.07,0.14,0.07,0.14,0.0729,8,2,Key Player
Theo Walcott,1ecb65be,eng ENG,MF,Everton,EVERTON,29.0,1989,2018,37,24,2119,23.5,5,2,7,5,0,0,1,0,0.21,0.08,0.3,0.21,0.3,0.0649,9,2,Key Player
Bernard,ab4b3e35,br BRA,MF,Everton,EVERTON,25.0,1992,2018,34,25,2116,23.5,1,3,4,1,0,0,5,0,0.04,0.13,0.17,0.04,0.17,0.0612,10,3,Regular Starter
Dominic Calvert-Lewin,59e6e5bf,eng ENG,FWMF,Everton,EVERTON,21.0,1997,2018,35,19,1784,19.8,6,2,8,6,0,0,3,0,0.3,0.1,0.4,0.3,0.4,0.057,11,3,Regular Starter
André Gomes,1961b2aa,pt POR,MF,Everton,EVERTON,25.0,1993,2018,27,24,1980,22.0,1,1,2,1,0,0,7,0,0.05,0.05,0.09,0.05,0.09,0.0552,12,3,Regular Starter
Cenk Tosun,9a104dee,tr TUR,FW,Everton,EVERTON,27.0,1991,2018,25,10,1059,11.8,3,3,6,3,0,0,3,0,0.25,0.25,0.51,0.25,0.51,0.0355,13,3,Regular Starter
Tom Davies,9228b07c,eng ENG,MF,Everton,EVERTON,20.0,1998,2018,16,10,980,10.9,0,0,0,0,0,0,3,0,0.0,0.0,0.0,0.0,0.0,0.0262,14,4,Squad Rotation
Yerry Mina,6d5701f2,co COL,DF,Everton,EVERTON,23.0,1994,2018,13,10,892,9.9,1,0,1,1,0,0,3,0,0.1,0.0,0.1,0.1,0.1,0.025,15,4,Squad Rotation
Morgan Schneiderlin,51b41c5c,fr FRA,MF,Everton,EVERTON,28.0,1989,2018,14,10,834,9.3,0,1,1,0,0,0,2,0,0.0,0.11,0.11,0.0,0.11,0.0236,16,4,Squad Rotation
Jonjoe Kenny,099e666f,eng ENG,DF,Everton,EVERTON,21.0,1997,2018,10,8,791,8.8,0,1,1,0,0,0,1,0,0.0,0.11,0.11,0.0,0.11,0.0223,17,4,Squad Rotation
Ademola Lookman,7c104bb7,ng NGA,MF,Everton,EVERTON,20.0,1997,2018,21,3,618,6.9,0,2,2,0,0,0,0,0,0.0,0.29,0.29,0.0,0.29,0.019,18,4,Squad Rotation
Mason Holgate,d0042ab9,jm JAM,DF,Everton,EVERTON,21.0,1996,2018,5,4,408,4.5,0,0,0,0,0,0,1,0,0.0,0.0,0.0,0.0,0.0,0.0108,19,5,Fringe/Backup
Leighton Baines,b18095b6,eng ENG,DF,Everton,EVERTON,33.0,1984,2018,6,5,375,4.2,0,0,0,0,0,0,0,0,0.0,0.0,0.0,0.0,0.0,0.0101,20,5,Fringe/Backup
Phil Jagielka,3233eefd,eng ENG,DF,Everton,EVERTON,35.0,1982,2018,7,4,331,3.7,1,0,1,1,0,0,0,1,0.27,0.0,0.27,0.27,0.27,0.0101,21,5,Fringe/Backup
Oumar Niasse,af721f98,sn SEN,FWMF,Everton,EVERTON,28.0,1990,2018,5,0,63,0.7,0,0,0,0,0,0,0,0,0.0,0.0,0.0,0.0,0.0,0.0017,22,5,Fringe/Backup
James McCarthy,64b08de7,ie IRL,MF,Everton,EVERTON,27.0,1990,2018,1,0,15,0.2,0,0,0,0,0,0,0,0,0.0,0.0,0.0,0.0,0.0,0.0005,23,5,Fringe/Backup
Aleksandar Mitrović,3925dbd6,rs SRB,FW,Fulham,FULHAM,23.0,1994,2018,37,37,3280,36.4,11,3,14,10,1,1,7,0,0.3,0.08,0.38,0.27,0.36,0.1029,1,1,Talisman
Calum Chambers,dc6f5bdd,eng ENG,MFDF,Fulham,FULHAM,23.0,1995,2018,31,29,2588,28.8,2,0,2,2,0,0,9,0,0.07,0.0,0.07,0.07,0.07,0.0714,2,1,Talisman
Ryan Sessegnon,6aa3e78b,eng ENG,MFFW,Fulham,FULHAM,18.0,2000,2018,35,26,2300,25.6,2,6,8,2,0,0,0,0,0.08,0.23,0.31,0.08,0.31,0.0708,3,1,Talisman
Denis Odoi,f7750aa0,gh GHA,DF,Fulham,FULHAM,30.0,1988,2018,31,29,2594,28.8,0,1,1,0,0,0,4,0,0.0,0.03,0.03,0.0,0.03,0.07,4,1,Talisman
Sergio Rico,5f0241b2,es ESP,GK,Fulham,FULHAM,24.0,1993,2018,29,29,2610,29.0,0,0,0,0,0,0,1,0,0.0,0.0,0.0,0.0,0.0,0.0695,5,1,Talisman
Joe Bryan,af69e7f0,eng ENG,DFMF,Fulham,FULHAM,24.0,1993,2018,28,27,2345,26.1,0,1,1,0,0,0,5,0,0.0,0.04,0.04,0.0,0.04,0.0638,6,2,Key Player
Jean Seri,10efd0e1,ci CIV,MF,Fulham,FULHAM,27.0,1991,2018,32,27,2244,24.9,1,2,3,1,0,0,6,0,0.04,0.08,0.12,0.04,0.12,0.0632,7,2,Key Player
Maxime Le Marchand,321a71a7,fr FRA,DF,Fulham,FULHAM,28.0,1989,2018,26,25,2250,25.0,0,1,1,0,0,0,5,0,0.0,0.04,0.04,0.0,0.04,0.0611,8,2,Key Player
Tom Cairney,a8748947,sct SCO,MFFW,Fulham,FULHAM,27.0,1991,2018,31,24,2194,24.4,1,1,2,1,0,0,0,0,0.04,0.04,0.08,0.04,0.08,0.0608,9,2,Key Player
Tim Ream,28b40c9c,us USA,DF,Fulham,FULHAM,30.0,1987,2018,26,25,2047,22.7,0,0,0,0,0,0,1,0,0.0,0.0,0.0,0.0,0.0,0.0544,10,2,Key Player
Cyrus Christie,7eb67dad,ie IRL,MFDF,Fulham,FULHAM,25.0,1992,2018,28,19,1948,21.6,0,1,1,0,0,0,7,0,0.0,0.05,0.05,0.0,0.05,0.053,11,2,Key Player
André Schürrle,ecbb3fdf,de GER,FWMF,Fulham,FULHAM,27.0,1990,2018,24,21,1641,18.2,6,0,6,6,0,0,2,0,0.33,0.0,0.33,0.33,0.33,0.0508,12,3,Regular Starter
Ryan Babel,6438d426,nl NED,FWMF,Fulham,FULHAM,31.0,1986,2018,16,15,1251,13.9,5,3,8,5,0,0,3,0,0.36,0.22,0.58,0.36,0.58,0.0429,13,3,Regular Starter
Frank Anguissa,6bb2c084,cm CMR,MF,Fulham,FULHAM,22.0,1995,2018,22,16,1517,16.9,0,0,0,0,0,0,2,1,0.0,0.0,0.0,0.0,0.0,0.0405,14,3,Regular Starter
Luciano Vietto,2513a588,ar ARG,FWMF,Fulham,FULHAM,24.0,1993,2018,20,10,986,11.0,1,4,5,1,0,0,1,0,0.09,0.37,0.46,0.09,0.46,0.0324,15,3,Regular Starter
Alfie Mawson,d368feb8,eng ENG,DF,Fulham,FULHAM,24.0,1994,2018,15,13,1131,12.6,0,0,0,0,0,0,2,0,0.0,0.0,0.0,0.0,0.0,0.0302,16,3,Regular Starter
Kevin McDonald,71a08f97,sct SCO,MF,Fulham,FULHAM,29.0,1988,2018,15,10,841,9.3,0,0,0,0,0,0,5,1,0.0,0.0,0.0,0.0,0.0,0.0223,17,4,Squad Rotation
Timothy Fosu-Mensah,a9142dc3,nl NED,DF,Fulham,FULHAM,20.0,1998,2018,12,10,793,8.8,0,0,0,0,0,0,3,0,0.0,0.0,0.0,0.0,0.0,0.0211,18,4,Squad Rotation
Aboubakar Kamara,4047c976,mr MTN,MFFW,Fulham,FULHAM,23.0,1995,2018,13,5,693,7.7,3,0,3,2,1,2,2,0,0.39,0.0,0.39,0.26,0.26,0.0208,19,4,Squad Rotation
Marcus Bettinelli,0d85a4e8,eng ENG,GK,Fulham,FULHAM,26.0,1992,2018,7,7,630,7.0,0,0,0,0,0,0,1,0,0.0,0.0,0.0,0.0,0.0,0.0168,20,4,Squad Rotation
Floyd Ayité,fd5888a0,tg TOG,MFFW,Fulham,FULHAM,29.0,1988,2018,16,3,476,5.3,1,0,1,1,0,0,0,0,0.19,0.0,0.19,0.19,0.19,0.0139,21,4,Squad Rotation
Stefan Johansen,a48da055,no NOR,MF,Fulham,FULHAM,27.0,1991,2018,12,4,417,4.6,0,0,0,0,0,0,4,0,0.0,0.0,0.0,0.0,0.0,0.011,22,4,Squad Rotation
Håvard Nordtveit,6cafd68d,no NOR,DF,Fulham,FULHAM,28.0,1990,2018,5,4,362,4.0,0,1,1,0,0,0,0,0,0.0,0.25,0.25,0.0,0.25,0.0108,23,5,Fringe/Backup
Fabricio,af245161,es ESP,GK,Fulham,FULHAM,30.0,1987,2018,2,2,180,2.0,0,0,0,0,0,0,0,0,0.0,0.0,0.0,0.0,0.0,0.0048,24,5,Fringe/Backup
Neeskens Kebano,18b999f4,cd COD,FWMF,Fulham,FULHAM,26.0,1992,2018,7,0,108,1.2,0,0,0,0,0,0,0,0,0.0,0.0,0.0,0.0,0.0,0.0029,25,5,Fringe/Backup
Ibrahima Cissé,be4fede9,gn GUI,MF,Fulham,FULHAM,24.0,1994,2018,3,1,88,1.0,0,0,0,0,0,0,0,0,0.0,0.0,0.0,0.0,0.0,0.0024,26,5,Fringe/Backup
Lazar Marković,723ba189,rs SRB,FWMF,Fulham,FULHAM,24.0,1994,2018,1,0,45,0.5,0,0,0,0,0,0,0,0,0.0,0.0,0.0,0.0,0.0,0.0012,27,5,Fringe/Backup
Harvey Elliott,b9e1436c,eng ENG,FWMF,Fulham,FULHAM,15.0,2003,2018,2,0,20,0.2,0,0,0,0,0,0,0,0,0.0,0.0,0.0,0.0,0.0,0.0005,28,5,Fringe/Backup
Christopher Schindler,8ae9869d,de GER,DF,Huddersfield,HUDDERSFIELDTOWN,28.0,1990,2018,37,37,3260,36.2,1,0,1,1,0,0,6,2,0.03,0.0,0.03,0.03,0.03,0.0884,1,1,Talisman
Jonas Lössl,939bc634,dk DEN,GK,Huddersfield,HUDDERSFIELDTOWN,29.0,1989,2018,31,30,2778,30.9,0,1,1,0,0,0,1,0,0.0,0.03,0.03,0.0,0.03,0.0754,2,1,Talisman
Terence Kongolo,1f9a3a04,nl NED,DF,Huddersfield,HUDDERSFIELDTOWN,24.0,1994,2018,32,32,2716,30.2,1,1,2,1,0,0,4,0,0.03,0.03,0.07,0.03,0.07,0.0752,3,1,Talisman
Aaron Mooy,47b7e3af,au AUS,MF,Huddersfield,HUDDERSFIELDTOWN,27.0,1990,2018,29,25,2330,25.9,3,1,4,2,1,1,4,0,0.12,0.04,0.15,0.08,0.12,0.066,4,1,Talisman
Jonathan Hogg,9306d5ea,eng ENG,MF,Huddersfield,HUDDERSFIELDTOWN,29.0,1988,2018,29,29,2367,26.3,0,1,1,0,0,0,8,1,0.0,0.04,0.04,0.0,0.04,0.0645,5,1,Talisman
Mathias Jørgensen,0db5d2c8,dk DEN,DF,Huddersfield,HUDDERSFIELDTOWN,28.0,1990,2018,24,24,2147,23.9,3,1,4,3,0,0,6,0,0.13,0.04,0.17,0.13,0.17,0.0624,6,1,Talisman
Philip Billing,d328a254,dk DEN,MF,Huddersfield,HUDDERSFIELDTOWN,22.0,1996,2018,27,25,2188,24.3,2,0,2,2,0,0,7,0,0.08,0.0,0.08,0.08,0.08,0.0608,7,2,Key Player
Alex Pritchard,ff9fcd4d,eng ENG,FWMF,Huddersfield,HUDDERSFIELDTOWN,25.0,1993,2018,30,26,2081,23.1,2,0,2,2,0,0,2,0,0.09,0.0,0.09,0.09,0.09,0.0581,8,2,Key Player
Chris Löwe,c6896eab,de GER,MFDF,Huddersfield,HUDDERSFIELDTOWN,29.0,1989,2018,29,23,2057,22.9,0,2,2,0,0,0,2,0,0.0,0.09,0.09,0.0,0.09,0.0576,9,2,Key Player
Erik Durm,cf623c78,de GER,DFMF,Huddersfield,HUDDERSFIELDTOWN,26.0,1992,2018,28,21,2055,22.8,0,1,1,0,0,0,0,0,0.0,0.04,0.04,0.0,0.04,0.0559,10,2,Key Player
Steve Mounié,19ba6c6d,bj BEN,FW,Huddersfield,HUDDERSFIELDTOWN,23.0,1994,2018,31,19,1778,19.8,2,3,5,2,0,0,1,1,0.1,0.15,0.25,0.1,0.25,0.0536,11,2,Key Player
Florent Hadergjonaj,9aa186b2,xk KVX,MFDF,Huddersfield,HUDDERSFIELDTOWN,24.0,1994,2018,24,19,1842,20.5,0,0,0,0,0,0,1,0,0.0,0.0,0.0,0.0,0.0,0.0493,12,2,Key Player
Juninho Bacuna,aaf1bf05,cw CUW,MFDF,Huddersfield,HUDDERSFIELDTOWN,20.0,1997,2018,21,16,1412,15.7,1,0,1,1,0,0,4,0,0.06,0.0,0.06,0.06,0.06,0.0389,13,3,Regular Starter
Elias Kachunga,5bddccc9,cd COD,MFFW,Huddersfield,HUDDERSFIELDTOWN,26.0,1992,2018,20,13,1182,13.1,0,0,0,0,0,0,2,0,0.0,0.0,0.0,0.0,0.0,0.0315,14,3,Regular Starter
Tommy Smith,e9208654,eng ENG,DF,Huddersfield,HUDDERSFIELDTOWN,26.0,1992,2018,15,13,1141,12.7,0,0,0,0,0,0,2,1,0.0,0.0,0.0,0.0,0.0,0.0306,15,3,Regular Starter
Laurent Depoitre,aa5859cb,be BEL,FW,Huddersfield,HUDDERSFIELDTOWN,29.0,1988,2018,23,10,1068,11.9,0,1,1,0,0,0,1,0,0.0,0.08,0.08,0.0,0.08,0.0298,16,3,Regular Starter
Isaac Mbenza,aa1a8c7e,be BEL,MFFW,Huddersfield,HUDDERSFIELDTOWN,22.0,1996,2018,22,10,986,11.0,1,1,2,1,0,0,1,0,0.09,0.09,0.18,0.09,0.18,0.0288,17,3,Regular Starter
Karlan Grant,87f7500e,eng ENG,FWMF,Huddersfield,HUDDERSFIELDTOWN,20.0,1997,2018,13,9,877,9.7,3,0,3,3,0,0,0,0,0.31,0.0,0.31,0.31,0.31,0.027,18,3,Regular Starter
Jon Gorenc Stanković,9c74fa25,si SVN,MFDF,Huddersfield,HUDDERSFIELDTOWN,22.0,1996,2018,11,9,715,7.9,1,0,1,1,0,0,2,0,0.13,0.0,0.13,0.13,0.13,0.0202,19,4,Squad Rotation
Adama Diakhaby,65585e3a,fr FRA,FWMF,Huddersfield,HUDDERSFIELDTOWN,22.0,1996,2018,12,6,552,6.1,0,0,0,0,0,0,1,0,0.0,0.0,0.0,0.0,0.0,0.0147,20,4,Squad Rotation
Ben Hamer,d822a850,eng ENG,GK,Huddersfield,HUDDERSFIELDTOWN,30.0,1987,2018,7,7,552,6.1,0,0,0,0,0,0,0,0,0.0,0.0,0.0,0.0,0.0,0.0147,21,4,Squad Rotation
Rajiv van La Parra,1931bde9,nl NED,MFFW,Huddersfield,HUDDERSFIELDTOWN,27.0,1991,2018,5,5,405,4.5,0,0,0,0,0,0,0,0,0.0,0.0,0.0,0.0,0.0,0.0108,22,4,Squad Rotation
Jason Puncheon,fd3f57ce,eng ENG,MFFW,Huddersfield,HUDDERSFIELDTOWN,32.0,1986,2018,6,5,382,4.2,0,0,0,0,0,0,1,0,0.0,0.0,0.0,0.0,0.0,0.0101,23,4,Squad Rotation
Danny Williams,ec9a28ce,us USA,MF,Huddersfield,HUDDERSFIELDTOWN,29.0,1989,2018,5,1,96,1.1,0,0,0,0,0,0,1,0,0.0,0.0,0.0,0.0,0.0,0.0026,24,4,Squad Rotation
Joel Coleman,b73e459a,eng ENG,GK,Huddersfield,HUDDERSFIELDTOWN,22.0,1995,2018,1,1,90,1.0,0,0,0,0,0,0,0,0,0.0,0.0,0.0,0.0,0.0,0.0024,25,5,Fringe/Backup
Ramadan Sobhi,98be0d02,eg EGY,MF,Huddersfield,HUDDERSFIELDTOWN,21.0,1997,2018,4,0,79,0.9,0,0,0,0,0,0,0,0,0.0,0.0,0.0,0.0,0.0,0.0022,26,5,Fringe/Backup
Matty Daly,03e48abb,eng ENG,MF,Huddersfield,HUDDERSFIELDTOWN,17.0,2001,2018,2,0,75,0.8,0,0,0,0,0,0,0,0,0.0,0.0,0.0,0.0,0.0,0.0019,27,5,Fringe/Backup
Aaron Rowe,4b6bcb0d,eng ENG,MF,Huddersfield,HUDDERSFIELDTOWN,17.0,2000,2018,2,1,69,0.8,0,0,0,0,0,0,0,0,0.0,0.0,0.0,0.0,0.0,0.0019,28,5,Fringe/Backup
Demeaco Duhaney,5ef608f7,eng ENG,DF,Huddersfield,HUDDERSFIELDTOWN,19.0,1998,2018,1,1,45,0.5,0,0,0,0,0,0,0,0,0.0,0.0,0.0,0.0,0.0,0.0012,29,5,Fringe/Backup
Abdelhamid Sabiri,4830e0af,ma MAR,FW,Huddersfield,HUDDERSFIELDTOWN,21.0,1996,2018,2,1,48,0.5,0,0,0,0,0,0,0,0,0.0,0.0,0.0,0.0,0.0,0.0012,30,5,Fringe/Backup
Collin Quaner,19b8b0b9,de GER,FW,Huddersfield,HUDDERSFIELDTOWN,27.0,1991,2018,2,0,39,0.4,0,0,0,0,0,0,0,0,0.0,0.0,0.0,0.0,0.0,0.001,31,5,Fringe/Backup
Jamie Vardy,45963054,eng ENG,FW,Leicester City,LEICESTERCITY,31.0,1987,2018,34,30,2726,30.3,18,4,22,14,4,5,3,1,0.59,0.13,0.73,0.46,0.59,0.0944,1,1,Talisman
Ricardo Pereira,75a72a99,pt POR,DFMF,Leicester City,LEICESTERCITY,24.0,1993,2018,35,35,3123,34.7,2,6,8,2,0,0,7,0,0.06,0.17,0.23,0.06,0.23,0.0931,2,1,Talisman
Ben Chilwell,d2424d1b,eng ENG,DF,Leicester City,LEICESTERCITY,21.0,1996,2018,36,36,3240,36.0,0,4,4,0,0,0,4,0,0.0,0.11,0.11,0.0,0.11,0.0914,3,1,Talisman
Kasper Schmeichel,53af52f3,dk DEN,GK,Leicester City,LEICESTERCITY,31.0,1986,2018,38,38,3420,38.0,0,0,0,0,0,0,3,0,0.0,0.0,0.0,0.0,0.0,0.0914,4,1,Talisman
James Maddison,ee38d9c5,eng ENG,MFFW,Leicester City,LEICESTERCITY,21.0,1996,2018,36,35,2831,31.5,7,7,14,6,1,2,5,2,0.22,0.22,0.45,0.19,0.41,0.0913,5,1,Talisman
Wilfred Ndidi,6b47c5db,ng NGA,MF,Leicester City,LEICESTERCITY,21.0,1996,2018,38,37,3296,36.6,2,0,2,2,0,0,8,0,0.05,0.0,0.05,0.05,0.05,0.0903,6,2,Key Player
Harry Maguire,d8931174,eng ENG,DF,Leicester City,LEICESTERCITY,25.0,1993,2018,31,31,2596,28.8,3,0,3,3,0,0,6,1,0.1,0.0,0.1,0.1,0.1,0.0728,7,2,Key Player
Demarai Gray,4468ec10,jm JAM,MFFW,Leicester City,LEICESTERCITY,22.0,1996,2018,34,23,1985,22.1,4,1,5,4,0,0,2,0,0.18,0.05,0.23,0.18,0.23,0.0593,8,2,Key Player
Nampalys Mendy,1598599e,sn SEN,MF,Leicester City,LEICESTERCITY,26.0,1992,2018,31,23,2092,23.2,0,0,0,0,0,0,5,0,0.0,0.0,0.0,0.0,0.0,0.0558,9,2,Key Player
Wes Morgan,80c31c97,jm JAM,DF,Leicester City,LEICESTERCITY,34.0,1984,2018,22,21,1925,21.4,3,0,3,3,0,0,3,2,0.14,0.0,0.14,0.14,0.14,0.0551,10,2,Key Player
Jonny Evans,f8fcd2a5,nir NIR,DF,Leicester City,LEICESTERCITY,30.0,1988,2018,24,21,1996,22.2,1,0,1,1,0,0,2,0,0.05,0.0,0.05,0.05,0.05,0.0548,11,3,Regular Starter
Marc Albrighton,b827d5b3,eng ENG,MFFW,Leicester City,LEICESTERCITY,28.0,1989,2018,27,18,1625,18.1,2,2,4,2,0,0,3,0,0.11,0.11,0.22,0.11,0.22,0.0483,12,3,Regular Starter
Youri Tielemans,56f7a928,be BEL,MF,Leicester City,LEICESTERCITY,21.0,1997,2018,13,13,1086,12.1,3,4,7,3,0,0,2,0,0.25,0.33,0.58,0.25,0.58,0.0376,13,3,Regular Starter
Harvey Barnes,3ea50f67,eng ENG,MFFW,Leicester City,LEICESTERCITY,20.0,1997,2018,16,11,1004,11.2,1,2,3,1,0,0,0,0,0.09,0.18,0.27,0.09,0.27,0.0306,14,3,Regular Starter
Kelechi Iheanacho,c92e1a31,ng NGA,FWMF,Leicester City,LEICESTERCITY,21.0,1996,2018,30,9,941,10.5,1,3,4,1,0,0,2,0,0.1,0.29,0.38,0.1,0.38,0.0301,15,3,Regular Starter
Rachid Ghezzal,dc3a9a0d,dz ALG,MFFW,Leicester City,LEICESTERCITY,26.0,1992,2018,19,8,743,8.3,1,0,1,1,0,0,3,0,0.12,0.0,0.12,0.12,0.12,0.0212,16,4,Squad Rotation
Daniel Amartey,1a4ef233,gh GHA,DF,Leicester City,LEICESTERCITY,23.0,1994,2018,9,7,641,7.1,0,0,0,0,0,0,2,0,0.0,0.0,0.0,0.0,0.0,0.0171,17,4,Squad Rotation
Hamza Choudhury,7d2d3329,bd BAN,MF,Leicester City,LEICESTERCITY,20.0,1997,2018,9,7,595,6.6,0,0,0,0,0,0,0,0,0.0,0.0,0.0,0.0,0.0,0.0159,18,4,Squad Rotation
Çağlar Söyüncü,21166ff4,tr TUR,DF,Leicester City,LEICESTERCITY,22.0,1996,2018,6,4,372,4.1,0,0,0,0,0,0,1,0,0.0,0.0,0.0,0.0,0.0,0.0099,19,4,Squad Rotation
Shinji Okazaki,68796d61,jp JPN,FW,Leicester City,LEICESTERCITY,32.0,1986,2018,21,1,288,3.2,0,1,1,0,0,0,0,0,0.0,0.31,0.31,0.0,0.31,0.0089,20,4,Squad Rotation
Danny Simpson,3201b03d,eng ENG,DF,Leicester City,LEICESTERCITY,31.0,1987,2018,6,3,292,3.2,0,0,0,0,0,0,0,0,0.0,0.0,0.0,0.0,0.0,0.0077,21,5,Fringe/Backup
Vicente Iborra,ad1ffcfd,es ESP,MF,Leicester City,LEICESTERCITY,30.0,1988,2018,8,3,229,2.5,0,0,0,0,0,0,0,0,0.0,0.0,0.0,0.0,0.0,0.006,22,5,Fringe/Backup
Christian Fuchs,a67a09fb,at AUT,DF,Leicester City,LEICESTERCITY,32.0,1986,2018,3,2,207,2.3,0,0,0,0,0,0,0,0,0.0,0.0,0.0,0.0,0.0,0.0055,23,5,Fringe/Backup
Adrien Silva,d6f88a1d,pt POR,MF,Leicester City,LEICESTERCITY,29.0,1989,2018,2,1,88,1.0,0,0,0,0,0,0,0,0,0.0,0.0,0.0,0.0,0.0,0.0024,24,5,Fringe/Backup
Fousseni Diabaté,d07e3b41,ml MLI,MF,Leicester City,LEICESTERCITY,22.0,1995,2018,1,1,54,0.6,0,0,0,0,0,0,0,0,0.0,0.0,0.0,0.0,0.0,0.0014,25,5,Fringe/Backup
Mohamed Salah,e342ad68,eg EGY,FW,Liverpool,LIVERPOOL,26.0,1992,2018,38,37,3250,36.1,22,8,30,19,3,3,1,0,0.61,0.22,0.83,0.53,0.75,0.1188,1,1,Talisman
Sadio Mané,c691bfe2,sn SEN,FWMF,Liverpool,LIVERPOOL,26.0,1992,2018,36,35,3077,34.2,22,1,23,22,0,0,2,0,0.64,0.03,0.67,0.64,0.67,0.1093,2,1,Talisman
Andy Robertson,2e4f5f03,sct SCO,DF,Liverpool,LIVERPOOL,24.0,1994,2018,36,36,3216,35.7,0,11,11,0,0,0,4,0,0.0,0.31,0.31,0.0,0.31,0.0987,3,1,Talisman
Virgil van Dijk,e06683ca,nl NED,DF,Liverpool,LIVERPOOL,27.0,1991,2018,38,38,3384,37.6,4,2,6,4,0,0,1,0,0.11,0.05,0.16,0.11,0.16,0.0972,4,1,Talisman
Alisson,7a2e46a8,br BRA,GK,Liverpool,LIVERPOOL,25.0,1992,2018,38,38,3420,38.0,0,0,0,0,0,0,1,0,0.0,0.0,0.0,0.0,0.0,0.0909,5,2,Key Player
Roberto Firmino,4c370d81,br BRA,FWMF,Liverpool,LIVERPOOL,26.0,1991,2018,34,31,2607,29.0,12,6,18,11,1,1,0,0,0.41,0.21,0.62,0.38,0.59,0.0899,6,2,Key Player
Trent Alexander-Arnold,cd1acf9d,eng ENG,DF,Liverpool,LIVERPOOL,19.0,1998,2018,29,27,2462,27.4,1,12,13,1,0,0,3,0,0.04,0.44,0.48,0.04,0.48,0.0813,7,2,Key Player
Georginio Wijnaldum,eb58eef0,nl NED,MF,Liverpool,LIVERPOOL,27.0,1990,2018,35,32,2725,30.3,3,0,3,3,0,0,3,0,0.1,0.0,0.1,0.1,0.1,0.0761,8,2,Key Player
Jordan Henderson,935e6b8f,eng ENG,MF,Liverpool,LIVERPOOL,28.0,1990,2018,32,21,1987,22.1,1,3,4,1,0,0,3,2,0.05,0.14,0.18,0.05,0.18,0.0576,9,2,Key Player
Fabinho,7f3b388c,br BRA,MF,Liverpool,LIVERPOOL,24.0,1993,2018,28,21,2017,22.4,1,2,3,1,0,0,6,0,0.04,0.09,0.13,0.04,0.13,0.0571,10,3,Regular Starter
James Milner,2f90f6b8,eng ENG,MFDF,Liverpool,LIVERPOOL,32.0,1986,2018,31,19,1789,19.9,5,4,9,2,3,3,7,2,0.25,0.2,0.45,0.1,0.3,0.0548,11,3,Regular Starter
Joël Matip,b217ef29,cm CMR,DF,Liverpool,LIVERPOOL,26.0,1991,2018,22,17,1537,17.1,1,0,1,1,0,0,3,0,0.06,0.0,0.06,0.06,0.06,0.0421,12,3,Regular Starter
Naby Keïta,f25c8e3a,gn GUI,MF,Liverpool,LIVERPOOL,23.0,1995,2018,25,16,1390,15.4,2,1,3,2,0,0,0,0,0.13,0.06,0.19,0.13,0.19,0.0404,13,3,Regular Starter
Xherdan Shaqiri,6421ec64,ch SUI,MF,Liverpool,LIVERPOOL,26.0,1991,2018,24,11,1064,11.8,6,3,9,6,0,0,2,0,0.51,0.25,0.76,0.51,0.76,0.039,14,4,Squad Rotation
Joe Gomez,7a11550b,eng ENG,DF,Liverpool,LIVERPOOL,21.0,1997,2018,16,12,1063,11.8,0,0,0,0,0,0,2,0,0.0,0.0,0.0,0.0,0.0,0.0282,15,4,Squad Rotation
Dejan Lovren,1a2935f6,hr CRO,DF,Liverpool,LIVERPOOL,29.0,1989,2018,13,11,986,11.0,1,0,1,1,0,0,1,0,0.09,0.0,0.09,0.09,0.09,0.0275,16,4,Squad Rotation
Daniel Sturridge,1b7ec703,eng ENG,FW,Liverpool,LIVERPOOL,28.0,1989,2018,18,4,509,5.7,2,1,3,2,0,0,1,0,0.35,0.18,0.53,0.35,0.53,0.0173,17,4,Squad Rotation
Divock Origi,43a166b4,be BEL,FW,Liverpool,LIVERPOOL,23.0,1995,2018,12,4,371,4.1,3,1,4,3,0,0,0,0,0.73,0.24,0.97,0.73,0.97,0.0146,18,4,Squad Rotation
Adam Lallana,99813635,eng ENG,MFFW,Liverpool,LIVERPOOL,30.0,1988,2018,13,5,468,5.2,0,0,0,0,0,0,1,0,0.0,0.0,0.0,0.0,0.0,0.0124,19,5,Fringe/Backup
Alberto Moreno,11b9265b,es ESP,DF,Liverpool,LIVERPOOL,26.0,1992,2018,2,2,154,1.7,0,0,0,0,0,0,0,0,0.0,0.0,0.0,0.0,0.0,0.0041,20,5,Fringe/Backup
Nathaniel Clyne,0442183b,eng ENG,DF,Liverpool,LIVERPOOL,27.0,1991,2018,4,1,111,1.2,0,0,0,0,0,0,0,0,0.0,0.0,0.0,0.0,0.0,0.0029,21,5,Fringe/Backup
Alex Oxlade-Chamberlain,38c7feef,eng ENG,FWMF,Liverpool,LIVERPOOL,24.0,1993,2018,2,0,21,0.2,0,0,0,0,0,0,0,0,0.0,0.0,0.0,0.0,0.0,0.0005,22,5,Fringe/Backup
Rafael Camacho,91b43c98,pt POR,FWMF,Liverpool,LIVERPOOL,18.0,2000,2018,1,0,1,0.0,0,0,0,0,0,0,0,0,0.0,0.0,0.0,0.0,0.0,0.0,23,5,Fringe/Backup
Raheem Sterling,b400bde0,eng ENG,FWMF,Manchester City,MANCHESTERCITY,23.0,1994,2018,34,31,2771,30.8,17,9,26,17,0,0,3,0,0.55,0.29,0.84,0.55,0.84,0.1047,1,1,Talisman
Sergio Agüero,4d034881,ar ARG,FW,Manchester City,MANCHESTERCITY,30.0,1988,2018,33,31,2459,27.3,21,8,29,19,2,2,4,0,0.77,0.29,1.06,0.7,0.99,0.0977,2,1,Talisman
Bernardo Silva,3eb22ec9,pt POR,MFFW,Manchester City,MANCHESTERCITY,23.0,1994,2018,36,31,2854,31.7,7,7,14,7,0,0,3,0,0.22,0.22,0.44,0.22,0.44,0.0925,3,1,Talisman
Ederson Moraes,3bb7b8b4,br BRA,GK,Manchester City,MANCHESTERCITY,24.0,1993,2018,38,38,3420,38.0,0,1,1,0,0,0,2,0,0.0,0.03,0.03,0.0,0.03,0.0923,4,1,Talisman
Aymeric Laporte,119b9a8e,es ESP,DF,Manchester City,MANCHESTERCITY,24.0,1994,2018,35,34,3057,34.0,3,3,6,3,0,0,3,0,0.09,0.09,0.18,0.09,0.18,0.0887,5,2,Key Player
David Silva,e2716bd0,es ESP,MF,Manchester City,MANCHESTERCITY,32.0,1986,2018,33,28,2401,26.7,6,8,14,6,0,0,2,0,0.22,0.3,0.52,0.22,0.52,0.0805,6,2,Key Player
Kyle Walker,86dd77d1,eng ENG,DF,Manchester City,MANCHESTERCITY,28.0,1990,2018,33,30,2779,30.9,1,1,2,1,0,0,3,0,0.03,0.03,0.06,0.03,0.06,0.0762,7,2,Key Player
Leroy Sané,2b114be3,de GER,FW,Manchester City,MANCHESTERCITY,22.0,1996,2018,31,21,1867,20.7,10,10,20,10,0,0,1,0,0.48,0.48,0.96,0.48,0.96,0.0733,8,2,Key Player
Fernandinho,101da2b5,br BRA,MF,Manchester City,MANCHESTERCITY,33.0,1985,2018,29,27,2377,26.4,1,3,4,1,0,0,5,0,0.04,0.11,0.15,0.04,0.15,0.0679,9,3,Regular Starter
İlkay Gündoğan,819b3158,de GER,MF,Manchester City,MANCHESTERCITY,27.0,1990,2018,31,23,2137,23.7,6,3,9,6,0,0,3,0,0.25,0.13,0.38,0.25,0.38,0.0675,10,3,Regular Starter
Riyad Mahrez,892d5bb1,dz ALG,FWMF,Manchester City,MANCHESTERCITY,27.0,1991,2018,27,14,1343,14.9,7,4,11,7,0,1,0,0,0.47,0.27,0.74,0.47,0.74,0.0488,11,3,Regular Starter
John Stones,5eecec3d,eng ENG,DF,Manchester City,MANCHESTERCITY,24.0,1994,2018,24,20,1764,19.6,0,0,0,0,0,0,1,0,0.0,0.0,0.0,0.0,0.0,0.0469,12,3,Regular Starter
Gabriel Jesus,b66315ae,br BRA,FW,Manchester City,MANCHESTERCITY,21.0,1997,2018,29,8,1036,11.5,7,3,10,6,1,1,1,0,0.61,0.26,0.87,0.52,0.78,0.0383,13,4,Squad Rotation
Oleksandr Zinchenko,51cf8561,ua UKR,DF,Manchester City,MANCHESTERCITY,21.0,1996,2018,14,14,1151,12.8,0,3,3,0,0,0,1,0,0.0,0.23,0.23,0.0,0.23,0.0342,14,4,Squad Rotation
Vincent Kompany,d2bff301,be BEL,DF,Manchester City,MANCHESTERCITY,32.0,1986,2018,17,13,1224,13.6,1,0,1,1,0,0,6,0,0.07,0.0,0.07,0.07,0.07,0.0337,15,4,Squad Rotation
Nicolás Otamendi,0d267745,ar ARG,DF,Manchester City,MANCHESTERCITY,30.0,1988,2018,18,14,1236,13.7,0,0,0,0,0,0,1,0,0.0,0.0,0.0,0.0,0.0,0.0328,16,4,Squad Rotation
Kevin De Bruyne,e46012d4,be BEL,MF,Manchester City,MANCHESTERCITY,27.0,1991,2018,19,11,975,10.8,2,2,4,2,0,0,2,0,0.18,0.18,0.37,0.18,0.37,0.0306,17,5,Fringe/Backup
Benjamin Mendy,5271c8f1,fr FRA,DFMF,Manchester City,MANCHESTERCITY,24.0,1994,2018,10,10,900,10.0,0,5,5,0,0,0,1,0,0.0,0.5,0.5,0.0,0.5,0.0299,18,5,Fringe/Backup
Danilo,94b2001f,br BRA,DF,Manchester City,MANCHESTERCITY,27.0,1991,2018,11,9,807,9.0,1,0,1,1,0,0,1,0,0.11,0.0,0.11,0.11,0.11,0.0227,19,5,Fringe/Backup
Fabian Delph,111c3236,eng ENG,DF,Manchester City,MANCHESTERCITY,28.0,1989,2018,11,8,725,8.1,0,1,1,0,0,0,1,1,0.0,0.12,0.12,0.0,0.12,0.0205,20,5,Fringe/Backup
Phil Foden,ed1e53f3,eng ENG,MF,Manchester City,MANCHESTERCITY,18.0,2000,2018,13,3,335,3.7,1,0,1,1,0,0,0,0,0.27,0.0,0.27,0.27,0.27,0.01,21,5,Fringe/Backup
Paul Pogba,867239d3,fr FRA,MF,Manchester Utd,MANCHESTERUNITED,25.0,1993,2018,35,34,3006,33.4,13,9,22,6,7,10,6,0,0.39,0.27,0.66,0.18,0.45,0.098,1,1,Talisman
David de Gea,7ba6d84e,es ESP,GK,Manchester Utd,MANCHESTERUNITED,27.0,1990,2018,38,38,3420,38.0,0,0,0,0,0,0,1,0,0.0,0.0,0.0,0.0,0.0,0.0911,2,1,Talisman
Marcus Rashford,a1d5bd30,eng ENG,FWMF,Manchester Utd,MANCHESTERUNITED,20.0,1997,2018,33,26,2334,25.9,10,6,16,10,0,0,3,1,0.39,0.23,0.62,0.39,0.62,0.0813,3,1,Talisman
Luke Shaw,9c94165b,eng ENG,DF,Manchester Utd,MANCHESTERUNITED,23.0,1995,2018,29,29,2591,28.8,1,4,5,1,0,0,11,0,0.03,0.14,0.17,0.03,0.17,0.0749,4,1,Talisman
Ashley Young,be927d03,eng ENG,DF,Manchester Utd,MANCHESTERUNITED,33.0,1985,2018,30,28,2569,28.5,2,2,4,2,0,0,10,2,0.07,0.07,0.14,0.07,0.14,0.0731,5,1,Talisman
Victor Lindelöf,f5deef4c,se SWE,DF,Manchester Utd,MANCHESTERUNITED,24.0,1994,2018,30,29,2601,28.9,1,1,2,1,0,0,1,0,0.03,0.03,0.07,0.03,0.07,0.0717,6,2,Key Player
Romelu Lukaku,5eae500a,be BEL,FW,Manchester Utd,MANCHESTERUNITED,25.0,1993,2018,32,22,2136,23.7,12,0,12,12,0,0,4,0,0.51,0.0,0.51,0.51,0.51,0.0713,7,2,Key Player
Nemanja Matić,eb7822d7,rs SRB,MF,Manchester Utd,MANCHESTERUNITED,29.0,1988,2018,28,28,2436,27.1,1,0,1,1,0,0,8,2,0.04,0.0,0.04,0.04,0.04,0.0662,8,2,Key Player
Chris Smalling,b6964eb6,eng ENG,DF,Manchester Utd,MANCHESTERUNITED,28.0,1989,2018,24,24,2127,23.6,1,0,1,1,0,0,1,0,0.04,0.0,0.04,0.04,0.04,0.0577,9,2,Key Player
Anthony Martial,8b788c01,fr FRA,FWMF,Manchester Utd,MANCHESTERUNITED,22.0,1995,2018,27,18,1621,18.0,10,2,12,9,1,1,2,0,0.56,0.11,0.67,0.5,0.61,0.0563,10,2,Key Player
Jesse Lingard,810e3c74,eng ENG,FWMF,Manchester Utd,MANCHESTERUNITED,25.0,1992,2018,27,19,1663,18.5,4,2,6,3,1,1,3,0,0.22,0.11,0.32,0.16,0.27,0.0503,11,2,Key Player
Ander Herrera,436a9dd0,es ESP,MF,Manchester Utd,MANCHESTERUNITED,28.0,1989,2018,22,16,1403,15.6,2,3,5,2,0,0,4,0,0.13,0.19,0.32,0.13,0.32,0.0434,12,3,Regular Starter
Juan Mata,29733c72,es ESP,MFFW,Manchester Utd,MANCHESTERUNITED,30.0,1988,2018,22,16,1289,14.3,3,2,5,3,0,0,3,0,0.21,0.14,0.35,0.21,0.35,0.0403,13,3,Regular Starter
Phil Jones,def899bd,eng ENG,DF,Manchester Utd,MANCHESTERUNITED,26.0,1992,2018,18,15,1263,14.0,0,1,1,0,0,0,1,0,0.0,0.07,0.07,0.0,0.07,0.0347,14,3,Regular Starter
Fred,b853e0ad,br BRA,MF,Manchester Utd,MANCHESTERUNITED,25.0,1993,2018,17,13,1041,11.6,1,1,2,1,0,0,2,0,0.09,0.09,0.17,0.09,0.17,0.0302,15,3,Regular Starter
Diogo Dalot,d9565625,pt POR,DFMF,Manchester Utd,MANCHESTERUNITED,19.0,1999,2018,16,12,1013,11.3,0,2,2,0,0,0,3,0,0.0,0.18,0.18,0.0,0.18,0.0295,16,3,Regular Starter
Alexis Sánchez,2c0f8e9e,cl CHI,FWMF,Manchester Utd,MANCHESTERUNITED,29.0,1988,2018,20,9,880,9.8,1,3,4,1,0,0,3,0,0.1,0.31,0.41,0.1,0.41,0.0283,17,4,Squad Rotation
Scott McTominay,d93c2511,sct SCO,MFDF,Manchester Utd,MANCHESTERUNITED,21.0,1996,2018,16,9,867,9.6,2,0,2,2,0,0,1,0,0.21,0.0,0.21,0.21,0.21,0.0254,18,4,Squad Rotation
Marouane Fellaini,87575fd9,be BEL,MF,Manchester Utd,MANCHESTERUNITED,30.0,1987,2018,14,6,752,8.4,0,1,1,0,0,0,1,0,0.0,0.12,0.12,0.0,0.12,0.0213,19,4,Squad Rotation
Andreas Pereira,6639e500,br BRA,MF,Manchester Utd,MANCHESTERUNITED,22.0,1996,2018,15,6,599,6.7,1,1,2,1,0,0,5,0,0.15,0.15,0.3,0.15,0.3,0.0185,20,4,Squad Rotation
Eric Bailly,a1232f4e,ci CIV,DF,Manchester Utd,MANCHESTERUNITED,24.0,1994,2018,12,8,638,7.1,0,0,0,0,0,0,0,1,0.0,0.0,0.0,0.0,0.0,0.017,21,4,Squad Rotation
Antonio Valencia,08aa17d0,ec ECU,DFMF,Manchester Utd,MANCHESTERUNITED,32.0,1985,2018,6,5,466,5.2,0,0,0,0,0,0,2,0,0.0,0.0,0.0,0.0,0.0,0.0125,22,4,Squad Rotation
Matteo Darmian,96e0490d,it ITA,DFMF,Manchester Utd,MANCHESTERUNITED,28.0,1989,2018,6,5,443,4.9,0,0,0,0,0,0,0,0,0.0,0.0,0.0,0.0,0.0,0.0117,23,5,Fringe/Backup
Marcos Rojo,e0991c04,ar ARG,DF,Manchester Utd,MANCHESTERUNITED,28.0,1990,2018,5,2,212,2.4,0,0,0,0,0,0,2,0,0.0,0.0,0.0,0.0,0.0,0.0058,24,5,Fringe/Backup
Mason Greenwood,58eee997,eng ENG,FW,Manchester Utd,MANCHESTERUNITED,16.0,2001,2018,3,1,117,1.3,0,0,0,0,0,0,0,0,0.0,0.0,0.0,0.0,0.0,0.0031,25,5,Fringe/Backup
Tahith Chong,2696b6a9,cw CUW,FWMF,Manchester Utd,MANCHESTERUNITED,18.0,1999,2018,2,0,38,0.4,0,0,0,0,0,0,0,0,0.0,0.0,0.0,0.0,0.0,0.001,26,5,Fringe/Backup
Angel Gomes,645a3363,eng ENG,FWMF,Manchester Utd,MANCHESTERUNITED,17.0,2000,2018,2,0,27,0.3,0,0,0,0,0,0,0,0,0.0,0.0,0.0,0.0,0.0,0.0007,27,5,Fringe/Backup
James Garner,4e015693,eng ENG,MF,Manchester Utd,MANCHESTERUNITED,17.0,2001,2018,1,0,1,0.0,0,0,0,0,0,0,0,0,0.0,0.0,0.0,0.0,0.0,0.0,28,5,Fringe/Backup
Ayoze Pérez,819aa8e7,es ESP,MFFW,Newcastle,NEWCASTLEUNITED,25.0,1993,2018,37,34,2917,32.4,12,2,14,12,0,0,2,0,0.37,0.06,0.43,0.37,0.43,0.0943,1,1,Talisman
Martin Dúbravka,3a949a25,sk SVK,GK,Newcastle,NEWCASTLEUNITED,29.0,1989,2018,38,38,3420,38.0,0,0,0,0,0,0,1,0,0.0,0.0,0.0,0.0,0.0,0.0911,2,1,Talisman
Salomón Rondón,b318a643,ve VEN,FW,Newcastle,NEWCASTLEUNITED,28.0,1989,2018,32,30,2603,28.9,11,7,18,11,0,0,1,0,0.38,0.24,0.62,0.38,0.62,0.0907,3,1,Talisman
Matt Ritchie,71ef519e,sct SCO,DFMF,Newcastle,NEWCASTLEUNITED,28.0,1989,2018,36,35,2928,32.5,2,8,10,1,1,2,9,0,0.06,0.25,0.31,0.03,0.28,0.0888,4,1,Talisman
Jamaal Lascelles,450ab6fc,eng ENG,DF,Newcastle,NEWCASTLEUNITED,24.0,1993,2018,32,32,2745,30.5,0,1,1,0,0,0,4,0,0.0,0.03,0.03,0.0,0.03,0.0742,5,2,Key Player
DeAndre Yedlin,ae0a7ddf,us USA,DFMF,Newcastle,NEWCASTLEUNITED,25.0,1993,2018,29,28,2473,27.5,1,2,3,1,0,0,6,1,0.04,0.07,0.11,0.04,0.11,0.0695,6,2,Key Player
Fabian Schär,c8aa95da,ch SUI,DF,Newcastle,NEWCASTLEUNITED,26.0,1991,2018,24,22,1999,22.2,4,1,5,4,0,0,12,0,0.18,0.05,0.23,0.18,0.23,0.0593,7,2,Key Player
Mohamed Diamé,b7d082af,sn SEN,MF,Newcastle,NEWCASTLEUNITED,31.0,1987,2018,29,24,2166,24.1,0,0,0,0,0,0,3,0,0.0,0.0,0.0,0.0,0.0,0.0578,8,2,Key Player
Isaac Hayden,c951a6df,jm JAM,MF,Newcastle,NEWCASTLEUNITED,23.0,1995,2018,25,21,1859,20.7,1,4,5,1,0,0,3,1,0.05,0.19,0.24,0.05,0.24,0.0556,9,2,Key Player
Paul Dummett,3fe6bd8c,wls WAL,DF,Newcastle,NEWCASTLEUNITED,26.0,1991,2018,26,21,1990,22.1,0,0,0,0,0,0,1,0,0.0,0.0,0.0,0.0,0.0,0.053,10,3,Regular Starter
Christian Atsu,8816329f,gh GHA,MF,Newcastle,NEWCASTLEUNITED,26.0,1992,2018,28,15,1493,16.6,1,0,1,1,0,0,2,0,0.06,0.0,0.06,0.06,0.06,0.041,11,3,Regular Starter
Federico Fernández,f25b010f,ar ARG,DF,Newcastle,NEWCASTLEUNITED,29.0,1989,2018,19,17,1484,16.5,0,1,1,0,0,0,2,0,0.0,0.06,0.06,0.0,0.06,0.0407,12,3,Regular Starter
Kenedy,5eebbfdf,br BRA,MF,Newcastle,NEWCASTLEUNITED,22.0,1996,2018,25,14,1348,15.0,1,1,2,1,0,1,1,0,0.07,0.07,0.13,0.07,0.13,0.0383,13,3,Regular Starter
Ki Sung-yueng,1d8c99b0,kr KOR,MF,Newcastle,NEWCASTLEUNITED,29.0,1989,2018,18,14,1302,14.5,0,1,1,0,0,0,2,0,0.0,0.07,0.07,0.0,0.07,0.036,14,3,Regular Starter
Javier Manquillo,758dd7f0,es ESP,DF,Newcastle,NEWCASTLEUNITED,24.0,1994,2018,18,12,1101,12.2,0,3,3,0,0,0,2,0,0.0,0.25,0.25,0.0,0.25,0.0329,15,4,Squad Rotation
Florian Lejeune,6eaed4eb,fr FRA,DF,Newcastle,NEWCASTLEUNITED,27.0,1991,2018,12,12,1054,11.7,0,0,0,0,0,0,0,0,0.0,0.0,0.0,0.0,0.0,0.028,16,4,Squad Rotation
Jonjo Shelvey,3727dd3c,eng ENG,MF,Newcastle,NEWCASTLEUNITED,26.0,1992,2018,16,10,948,10.5,1,1,2,1,0,0,1,0,0.09,0.09,0.19,0.09,0.19,0.0276,17,4,Squad Rotation
Ciaran Clark,2b91cf8e,ie IRL,DF,Newcastle,NEWCASTLEUNITED,28.0,1989,2018,11,9,858,9.5,3,0,3,3,0,0,1,0,0.31,0.0,0.31,0.31,0.31,0.0263,18,4,Squad Rotation
Miguel Almirón,862a1c15,py PAR,MFFW,Newcastle,NEWCASTLEUNITED,24.0,1994,2018,10,9,759,8.4,0,0,0,0,0,0,0,0,0.0,0.0,0.0,0.0,0.0,0.0201,19,4,Squad Rotation
Sean Longstaff,a2b105e0,eng ENG,MF,Newcastle,NEWCASTLEUNITED,20.0,1997,2018,9,8,687,7.6,1,0,1,1,0,0,2,0,0.13,0.0,0.13,0.13,0.13,0.0194,20,5,Fringe/Backup
Joselu,6265208f,es ESP,FW,Newcastle,NEWCASTLEUNITED,28.0,1990,2018,16,5,596,6.6,2,0,2,2,0,0,1,0,0.3,0.0,0.3,0.3,0.3,0.0182,21,5,Fringe/Backup
Yoshinori Mutō,5343eb4e,jp JPN,FWMF,Newcastle,NEWCASTLEUNITED,26.0,1992,2018,17,5,524,5.8,1,0,1,1,0,0,1,0,0.17,0.0,0.17,0.17,0.17,0.0151,22,5,Fringe/Backup
Jacob Murphy,de112b84,eng ENG,MF,Newcastle,NEWCASTLEUNITED,23.0,1995,2018,9,3,302,3.4,0,1,1,0,0,0,0,0,0.0,0.3,0.3,0.0,0.3,0.0094,23,5,Fringe/Backup
Antonio Barreca,6a189491,it ITA,DFMF,Newcastle,NEWCASTLEUNITED,23.0,1995,2018,1,0,5,0.1,0,0,0,0,0,0,0,0,0.0,0.0,0.0,0.0,0.0,0.0002,24,5,Fringe/Backup
Nathan Redmond,ab651565,eng ENG,MFFW,Southampton,SOUTHAMPTON,24.0,1994,2018,38,36,3270,36.3,6,4,10,6,0,0,3,0,0.17,0.11,0.28,0.17,0.28,0.0992,1,1,Talisman
Pierre Højbjerg,8b04d6c1,dk DEN,MF,Southampton,SOUTHAMPTON,22.0,1995,2018,31,31,2760,30.7,4,3,7,4,0,0,9,3,0.13,0.1,0.23,0.13,0.23,0.0821,2,1,Talisman
Alex McCarthy,36c2ca73,eng ENG,GK,Southampton,SOUTHAMPTON,28.0,1989,2018,25,25,2250,25.0,0,0,0,0,0,0,1,0,0.0,0.0,0.0,0.0,0.0,0.0599,3,1,Talisman
James Ward-Prowse,3515d404,eng ENG,MF,Southampton,SOUTHAMPTON,23.0,1994,2018,26,21,1945,21.6,7,0,7,6,1,1,4,0,0.32,0.0,0.32,0.28,0.28,0.059,4,1,Talisman
Ryan Bertrand,01226327,eng ENG,DFMF,Southampton,SOUTHAMPTON,28.0,1989,2018,24,24,2160,24.0,1,0,1,1,0,0,8,0,0.04,0.0,0.04,0.04,0.04,0.0587,5,1,Talisman
Jan Bednarek,4115ce4e,pl POL,DF,Southampton,SOUTHAMPTON,22.0,1996,2018,25,24,2151,23.9,0,1,1,0,0,0,7,0,0.0,0.04,0.04,0.0,0.04,0.0584,6,1,Talisman
Oriol Romeu,4b511457,es ESP,MF,Southampton,SOUTHAMPTON,26.0,1991,2018,31,25,2136,23.7,1,0,1,1,0,0,11,0,0.04,0.0,0.04,0.04,0.04,0.058,7,2,Key Player
Jannik Vestergaard,1900032e,dk DEN,DF,Southampton,SOUTHAMPTON,25.0,1992,2018,23,23,2027,22.5,0,0,0,0,0,0,2,0,0.0,0.0,0.0,0.0,0.0,0.0539,8,2,Key Player
Danny Ings,07802f7f,eng ENG,FW,Southampton,SOUTHAMPTON,26.0,1992,2018,24,23,1651,18.3,7,3,10,4,3,3,1,0,0.38,0.16,0.55,0.22,0.38,0.0522,9,2,Key Player
Yan Valery,531a4aa8,tn TUN,MFDF,Southampton,SOUTHAMPTON,19.0,1999,2018,23,20,1712,19.0,2,1,3,2,0,0,4,1,0.11,0.05,0.16,0.11,0.16,0.0492,10,2,Key Player
Jack Stephens,6adbc307,eng ENG,DF,Southampton,SOUTHAMPTON,24.0,1994,2018,24,19,1700,18.9,1,0,1,1,0,0,4,0,0.05,0.0,0.05,0.05,0.05,0.0464,11,2,Key Player
Mario Lemina,2b471f99,ga GAB,MF,Southampton,SOUTHAMPTON,24.0,1993,2018,21,18,1613,17.9,1,1,2,1,0,0,5,0,0.06,0.06,0.11,0.06,0.11,0.0453,12,2,Key Player
Stuart Armstrong,97333cf5,sct SCO,MFFW,Southampton,SOUTHAMPTON,26.0,1992,2018,29,16,1432,15.9,3,2,5,3,0,0,2,0,0.19,0.13,0.31,0.19,0.31,0.044,13,3,Regular Starter
Cédric Soares,839c14e1,pt POR,DFMF,Southampton,SOUTHAMPTON,26.0,1991,2018,18,16,1495,16.6,1,2,3,1,0,0,4,0,0.06,0.12,0.18,0.06,0.18,0.0434,14,3,Regular Starter
Maya Yoshida,caffaf5a,jp JPN,DF,Southampton,SOUTHAMPTON,29.0,1988,2018,17,17,1518,16.9,0,1,1,0,0,0,0,0,0.0,0.06,0.06,0.0,0.06,0.0417,15,3,Regular Starter
Shane Long,9f472354,ie IRL,FW,Southampton,SOUTHAMPTON,31.0,1987,2018,26,12,1272,14.1,5,1,6,5,0,0,3,0,0.35,0.07,0.42,0.35,0.42,0.0409,16,3,Regular Starter
Matt Targett,e514ab62,eng ENG,MFDF,Southampton,SOUTHAMPTON,22.0,1995,2018,16,13,1186,13.2,1,3,4,1,0,0,2,0,0.08,0.23,0.3,0.08,0.3,0.0364,17,3,Regular Starter
Wesley Hoedt,875898c7,nl NED,DF,Southampton,SOUTHAMPTON,24.0,1994,2018,13,13,1170,13.0,0,0,0,0,0,0,2,0,0.0,0.0,0.0,0.0,0.0,0.0312,18,3,Regular Starter
Charlie Austin,8d228291,eng ENG,FW,Southampton,SOUTHAMPTON,29.0,1989,2018,25,11,983,10.9,2,2,4,2,0,1,1,0,0.18,0.18,0.37,0.18,0.37,0.031,19,4,Squad Rotation
Angus Gunn,e082af5b,sct SCO,GK,Southampton,SOUTHAMPTON,22.0,1996,2018,12,12,1080,12.0,0,0,0,0,0,0,0,0,0.0,0.0,0.0,0.0,0.0,0.0288,20,4,Squad Rotation
Mohamed Elyounoussi,68dc0dac,no NOR,MF,Southampton,SOUTHAMPTON,23.0,1994,2018,16,8,793,8.8,0,0,0,0,0,0,0,0,0.0,0.0,0.0,0.0,0.0,0.0211,21,4,Squad Rotation
Manolo Gabbiadini,8f866fe8,it ITA,MFFW,Southampton,SOUTHAMPTON,26.0,1991,2018,12,4,476,5.3,1,0,1,1,0,0,0,0,0.19,0.0,0.19,0.19,0.19,0.0139,22,4,Squad Rotation
Josh Sims,6d6f09dc,eng ENG,MF,Southampton,SOUTHAMPTON,21.0,1997,2018,7,2,212,2.4,0,1,1,0,0,0,0,0,0.0,0.42,0.42,0.0,0.42,0.007,23,4,Squad Rotation
Michael Obafemi,caa1a7f0,ie IRL,FW,Southampton,SOUTHAMPTON,18.0,2000,2018,6,1,137,1.5,1,1,2,1,0,0,1,0,0.66,0.66,1.31,0.66,1.31,0.006,24,4,Squad Rotation
Steven Davis,cf15bbb1,nir NIR,MF,Southampton,SOUTHAMPTON,33.0,1985,2018,3,1,98,1.1,0,1,1,0,0,0,0,0,0.0,0.92,0.92,0.0,0.92,0.0039,25,5,Fringe/Backup
Callum Slattery,059948df,eng ENG,MF,Southampton,SOUTHAMPTON,19.0,1999,2018,3,1,112,1.2,0,0,0,0,0,0,0,0,0.0,0.0,0.0,0.0,0.0,0.0029,26,5,Fringe/Backup
Fraser Forster,c3e39f12,eng ENG,GK,Southampton,SOUTHAMPTON,30.0,1988,2018,1,1,90,1.0,0,0,0,0,0,0,0,0,0.0,0.0,0.0,0.0,0.0,0.0024,27,5,Fringe/Backup
Kayne Ramsey,dc31b84c,eng ENG,DF,Southampton,SOUTHAMPTON,17.0,2000,2018,1,1,90,1.0,0,0,0,0,0,0,0,0,0.0,0.0,0.0,0.0,0.0,0.0024,28,5,Fringe/Backup
Sam Gallagher,44361ade,eng ENG,FWMF,Southampton,SOUTHAMPTON,22.0,1995,2018,4,0,34,0.4,0,0,0,0,0,0,0,0,0.0,0.0,0.0,0.0,0.0,0.001,29,5,Fringe/Backup
Tyreke Johnson,4701e130,eng ENG,FWMF,Southampton,SOUTHAMPTON,19.0,1998,2018,1,0,1,0.0,0,0,0,0,0,0,0,0,0.0,0.0,0.0,0.0,0.0,0.0,30,5,Fringe/Backup
Christian Eriksen,980522ec,dk DEN,MFFW,Tottenham,TOTTENHAMHOTSPUR,26.0,1992,2018,35,30,2774,30.8,8,12,20,8,0,0,3,0,0.26,0.39,0.65,0.26,0.65,0.0979,1,1,Talisman
Harry Kane,21a66f6a,eng ENG,FW,Tottenham,TOTTENHAMHOTSPUR,25.0,1993,2018,28,27,2424,26.9,17,4,21,13,4,4,5,0,0.63,0.15,0.78,0.48,0.63,0.0848,2,1,Talisman
Hugo Lloris,8f62b6ee,fr FRA,GK,Tottenham,TOTTENHAMHOTSPUR,31.0,1986,2018,33,33,2970,33.0,0,0,0,0,0,0,0,0,0.0,0.0,0.0,0.0,0.0,0.0792,3,1,Talisman
Toby Alderweireld,f7d50789,be BEL,DF,Tottenham,TOTTENHAMHOTSPUR,29.0,1989,2018,34,33,2922,32.5,0,0,0,0,0,0,3,0,0.0,0.0,0.0,0.0,0.0,0.078,4,1,Talisman
Son Heung-min,92e7e919,kr KOR,FWMF,Tottenham,TOTTENHAMHOTSPUR,26.0,1992,2018,31,23,2039,22.7,12,6,18,12,0,0,2,1,0.53,0.26,0.79,0.53,0.79,0.076,5,1,Talisman
Lucas Moura,2b622f01,br BRA,FWMF,Tottenham,TOTTENHAMHOTSPUR,25.0,1992,2018,32,25,2121,23.6,10,0,10,10,0,0,3,0,0.42,0.0,0.42,0.42,0.42,0.0685,6,2,Key Player
Moussa Sissoko,2acd49b9,fr FRA,MF,Tottenham,TOTTENHAMHOTSPUR,28.0,1989,2018,29,27,2330,25.9,0,3,3,0,0,0,2,0,0.0,0.12,0.12,0.0,0.12,0.0659,7,2,Key Player
Kieran Trippier,21512407,eng ENG,DFMF,Tottenham,TOTTENHAMHOTSPUR,27.0,1990,2018,27,26,2276,25.3,1,3,4,1,0,0,2,0,0.04,0.12,0.16,0.04,0.16,0.0655,8,2,Key Player
Dele Alli,cea4ee8f,eng ENG,MFFW,Tottenham,TOTTENHAMHOTSPUR,22.0,1996,2018,25,22,1825,20.3,5,3,8,5,0,0,4,0,0.25,0.15,0.39,0.25,0.39,0.0582,9,2,Key Player
Davinson Sánchez,da7b447d,co COL,DF,Tottenham,TOTTENHAMHOTSPUR,22.0,1996,2018,23,22,1942,21.6,1,1,2,1,0,0,2,0,0.05,0.05,0.09,0.05,0.09,0.0541,10,2,Key Player
Jan Vertonghen,ba23a904,be BEL,DF,Tottenham,TOTTENHAMHOTSPUR,31.0,1987,2018,22,22,1911,21.2,1,0,1,1,0,0,5,2,0.05,0.0,0.05,0.05,0.05,0.0521,11,2,Key Player
Danny Rose,89d10e53,eng ENG,DFMF,Tottenham,TOTTENHAMHOTSPUR,28.0,1990,2018,26,20,1798,20.0,0,3,3,0,0,0,5,0,0.0,0.15,0.15,0.0,0.15,0.0516,12,3,Regular Starter
Ben Davies,44781702,wls WAL,DFMF,Tottenham,TOTTENHAMHOTSPUR,25.0,1993,2018,27,20,1844,20.5,0,0,0,0,0,0,2,0,0.0,0.0,0.0,0.0,0.0,0.0492,13,3,Regular Starter
Eric Dier,ac861941,eng ENG,MF,Tottenham,TOTTENHAMHOTSPUR,24.0,1994,2018,20,18,1506,16.7,3,0,3,3,0,0,4,0,0.18,0.0,0.18,0.18,0.18,0.0437,14,3,Regular Starter
Harry Winks,2f7acede,eng ENG,MF,Tottenham,TOTTENHAMHOTSPUR,22.0,1996,2018,26,17,1597,17.7,1,0,1,1,0,0,4,0,0.06,0.0,0.06,0.06,0.06,0.0437,15,3,Regular Starter
Érik Lamela,abe66106,ar ARG,MFFW,Tottenham,TOTTENHAMHOTSPUR,26.0,1992,2018,19,9,974,10.8,4,2,6,4,0,0,2,0,0.37,0.18,0.55,0.37,0.55,0.033,16,3,Regular Starter
Juan Foyth,6c7762c3,ar ARG,DF,Tottenham,TOTTENHAMHOTSPUR,20.0,1998,2018,12,10,888,9.9,1,0,1,1,0,0,3,1,0.1,0.0,0.1,0.1,0.1,0.0249,17,4,Squad Rotation
Fernando Llorente,82dbf623,es ESP,FW,Tottenham,TOTTENHAMHOTSPUR,33.0,1985,2018,20,6,694,7.7,1,4,5,1,0,0,2,0,0.13,0.52,0.65,0.13,0.65,0.0245,18,4,Squad Rotation
Serge Aurier,5c2b4f07,ci CIV,DFMF,Tottenham,TOTTENHAMHOTSPUR,25.0,1992,2018,8,6,564,6.3,0,2,2,0,0,0,1,0,0.0,0.32,0.32,0.0,0.32,0.0175,19,4,Squad Rotation
Victor Wanyama,e0900238,ke KEN,MF,Tottenham,TOTTENHAMHOTSPUR,27.0,1991,2018,13,4,516,5.7,1,0,1,1,0,0,2,0,0.17,0.0,0.17,0.17,0.17,0.0148,20,4,Squad Rotation
Mousa Dembélé,f7ee69fb,be BEL,MF,Tottenham,TOTTENHAMHOTSPUR,31.0,1987,2018,10,7,515,5.7,0,0,0,0,0,0,1,0,0.0,0.0,0.0,0.0,0.0,0.0137,21,4,Squad Rotation
Kyle Walker-Peters,984a5a64,eng ENG,DFMF,Tottenham,TOTTENHAMHOTSPUR,21.0,1997,2018,6,4,376,4.2,0,3,3,0,0,0,1,0,0.0,0.72,0.72,0.0,0.72,0.0137,22,4,Squad Rotation
Paulo Gazzaniga,63d17038,ar ARG,GK,Tottenham,TOTTENHAMHOTSPUR,26.0,1992,2018,3,3,270,3.0,0,0,0,0,0,0,0,0,0.0,0.0,0.0,0.0,0.0,0.0072,23,5,Fringe/Backup
Oliver Skipp,6250083a,eng ENG,MF,Tottenham,TOTTENHAMHOTSPUR,17.0,2000,2018,8,2,220,2.4,0,0,0,0,0,0,0,0,0.0,0.0,0.0,0.0,0.0,0.0058,24,5,Fringe/Backup
Michel Vorm,1bebde9d,nl NED,GK,Tottenham,TOTTENHAMHOTSPUR,34.0,1983,2018,2,2,180,2.0,0,0,0,0,0,0,0,0,0.0,0.0,0.0,0.0,0.0,0.0048,25,5,Fringe/Backup
Georges-Kévin N'Koudou,76c131da,cm CMR,FWMF,Tottenham,TOTTENHAMHOTSPUR,23.0,1995,2018,1,0,5,0.1,0,1,1,0,0,0,0,0,0.0,18.0,18.0,0.0,18.0,0.0024,26,5,Fringe/Backup
Vincent Janssen,31dce0c8,nl NED,FW,Tottenham,TOTTENHAMHOTSPUR,24.0,1994,2018,3,0,39,0.4,0,0,0,0,0,0,0,0,0.0,0.0,0.0,0.0,0.0,0.001,27,5,Fringe/Backup
Luke Amos,77128f7e,eng ENG,MF,Tottenham,TOTTENHAMHOTSPUR,21.0,1997,2018,1,0,3,0.0,0,0,0,0,0,0,0,0,0.0,0.0,0.0,0.0,0.0,0.0,28,5,Fringe/Backup
Abdoulaye Doucouré,02b29014,ml MLI,MF,Watford,WATFORD,25.0,1993,2018,35,34,3062,34.0,5,6,11,5,0,0,7,0,0.15,0.18,0.32,0.15,0.32,0.0948,1,1,Talisman
Ben Foster,d0b3ceb9,eng ENG,GK,Watford,WATFORD,35.0,1983,2018,38,38,3420,38.0,0,0,0,0,0,0,1,0,0.0,0.0,0.0,0.0,0.0,0.0913,2,1,Talisman
Craig Cathcart,89e4b358,nir NIR,DF,Watford,WATFORD,29.0,1989,2018,36,35,3096,34.4,3,0,3,3,0,0,2,0,0.09,0.0,0.09,0.09,0.09,0.0864,3,1,Talisman
Troy Deeney,82e34b69,eng ENG,FW,Watford,WATFORD,30.0,1988,2018,32,28,2545,28.3,9,5,14,8,1,1,4,1,0.32,0.18,0.5,0.28,0.46,0.0836,4,1,Talisman
Roberto Pereyra,75f2c59f,ar ARG,MF,Watford,WATFORD,27.0,1991,2018,33,33,2815,31.3,6,1,7,6,0,0,3,0,0.19,0.03,0.22,0.19,0.22,0.0835,5,1,Talisman
Étienne Capoue,5acc4a10,fr FRA,MF,Watford,WATFORD,30.0,1988,2018,33,33,2944,32.7,1,3,4,1,0,0,14,1,0.03,0.09,0.12,0.03,0.12,0.0833,6,2,Key Player
José Holebas,12aa7661,gr GRE,DF,Watford,WATFORD,34.0,1984,2018,28,27,2393,26.6,3,6,9,3,0,0,12,1,0.11,0.23,0.34,0.11,0.34,0.0748,7,2,Key Player
Gerard Deulofeu,39583cfd,es ESP,FW,Watford,WATFORD,24.0,1994,2018,30,26,2066,23.0,10,5,15,10,0,0,3,0,0.44,0.22,0.65,0.44,0.65,0.0732,8,2,Key Player
Will Hughes,a0666d3e,eng ENG,MF,Watford,WATFORD,23.0,1995,2018,32,31,2418,26.9,2,4,6,2,0,0,5,0,0.07,0.15,0.22,0.07,0.22,0.0717,9,2,Key Player
Kiko Femenía,e5d01ecf,es ESP,DF,Watford,WATFORD,27.0,1991,2018,29,22,2049,22.8,1,1,2,1,0,0,1,0,0.04,0.04,0.09,0.04,0.09,0.0572,10,2,Key Player
Adrian Mariappa,8aa5f52c,jm JAM,DF,Watford,WATFORD,31.0,1986,2018,26,20,1927,21.4,0,0,0,0,0,0,3,0,0.0,0.0,0.0,0.0,0.0,0.0514,11,3,Regular Starter
Andre Gray,c24dba2a,jm JAM,FW,Watford,WATFORD,27.0,1991,2018,29,13,1366,15.2,7,2,9,7,0,0,2,0,0.46,0.13,0.59,0.46,0.59,0.0473,12,3,Regular Starter
Daryl Janmaat,45da6694,nl NED,DF,Watford,WATFORD,29.0,1989,2018,18,17,1520,16.9,0,2,2,0,0,0,3,0,0.0,0.12,0.12,0.0,0.12,0.043,13,3,Regular Starter
Christian Kabasele,914ab9a1,be BEL,DF,Watford,WATFORD,27.0,1991,2018,21,19,1586,17.6,0,0,0,0,0,0,5,2,0.0,0.0,0.0,0.0,0.0,0.0423,14,3,Regular Starter
Isaac Success,f573a8bf,ng NGA,FWMF,Watford,WATFORD,22.0,1996,2018,30,9,1052,11.7,1,1,2,1,0,0,4,0,0.09,0.09,0.17,0.09,0.17,0.0305,15,3,Regular Starter
Adam Masina,de0f152c,ma MAR,DF,Watford,WATFORD,24.0,1994,2018,14,11,1004,11.2,0,1,1,0,0,0,5,0,0.0,0.09,0.09,0.0,0.09,0.0281,16,4,Squad Rotation
Ken Sema,1770bd68,se SWE,MF,Watford,WATFORD,24.0,1993,2018,17,9,754,8.4,1,2,3,1,0,0,1,0,0.12,0.24,0.36,0.12,0.36,0.0238,17,4,Squad Rotation
Tom Cleverley,6cdd8245,eng ENG,MF,Watford,WATFORD,28.0,1989,2018,13,4,478,5.3,1,0,1,1,0,0,2,0,0.19,0.0,0.19,0.19,0.19,0.0139,18,4,Squad Rotation
Domingos Quina,41fb0f4e,pt POR,MF,Watford,WATFORD,18.0,1999,2018,8,3,338,3.8,1,0,1,1,0,0,0,0,0.27,0.0,0.27,0.27,0.27,0.0104,19,4,Squad Rotation
Nathaniel Chalobah,422862ea,eng ENG,MF,Watford,WATFORD,23.0,1994,2018,9,3,270,3.0,0,0,0,0,0,0,2,0,0.0,0.0,0.0,0.0,0.0,0.0072,20,4,Squad Rotation
Miguel Britos,356a9a62,uy URU,DF,Watford,WATFORD,33.0,1985,2018,3,2,185,2.1,0,0,0,0,0,0,0,0,0.0,0.0,0.0,0.0,0.0,0.005,21,5,Fringe/Backup
Marc Navarro,c2846353,es ESP,DF,Watford,WATFORD,23.0,1995,2018,2,1,84,0.9,0,0,0,0,0,0,0,0,0.0,0.0,0.0,0.0,0.0,0.0022,22,5,Fringe/Backup
Stefano Okaka,601ef102,it ITA,FW,Watford,WATFORD,28.0,1989,2018,2,0,24,0.3,0,0,0,0,0,0,1,0,0.0,0.0,0.0,0.0,0.0,0.0007,23,5,Fringe/Backup
Ben Wilmot,2876eaa3,eng ENG,DF,Watford,WATFORD,18.0,1999,2018,2,0,28,0.3,0,0,0,0,0,0,0,0,0.0,0.0,0.0,0.0,0.0,0.0007,24,5,Fringe/Backup
Sebastian Prödl,f5e6d08d,at AUT,DFMF,Watford,WATFORD,31.0,1987,2018,1,0,13,0.1,0,0,0,0,0,0,0,0,0.0,0.0,0.0,0.0,0.0,0.0002,25,5,Fringe/Backup
Felipe Anderson,9f1893b9,br BRA,MF,West Ham,WESTHAMUNITED,25.0,1993,2018,36,36,3043,33.8,9,4,13,9,0,0,3,0,0.27,0.12,0.38,0.27,0.38,0.0963,1,1,Talisman
Łukasz Fabiański,9328b835,pl POL,GK,West Ham,WESTHAMUNITED,33.0,1985,2018,38,38,3420,38.0,0,0,0,0,0,0,0,0,0.0,0.0,0.0,0.0,0.0,0.091,2,1,Talisman
Declan Rice,1c7012b8,eng ENG,MF,West Ham,WESTHAMUNITED,19.0,1999,2018,34,34,3003,33.4,2,0,2,2,0,0,4,0,0.06,0.0,0.06,0.06,0.06,0.0824,3,1,Talisman
Issa Diop,a712ca2b,ma MAR,DF,West Ham,WESTHAMUNITED,21.0,1997,2018,33,33,2970,33.0,1,0,1,1,0,0,4,0,0.03,0.0,0.03,0.03,0.03,0.0802,4,1,Talisman
Marko Arnautović,00459419,at AUT,FW,West Ham,WESTHAMUNITED,29.0,1989,2018,28,24,1990,22.1,10,4,14,9,1,1,3,0,0.45,0.18,0.63,0.41,0.59,0.0685,5,1,Talisman
Mark Noble,ff527768,eng ENG,MF,West Ham,WESTHAMUNITED,31.0,1987,2018,31,29,2291,25.5,5,5,10,1,4,4,6,1,0.2,0.2,0.39,0.04,0.24,0.0684,6,2,Key Player
Michail Antonio,ac05f970,jm JAM,MFFW,West Ham,WESTHAMUNITED,28.0,1990,2018,33,22,2103,23.4,6,4,10,6,0,0,3,0,0.26,0.17,0.43,0.26,0.43,0.0681,7,2,Key Player
Robert Snodgrass,9f4647e9,sct SCO,MF,West Ham,WESTHAMUNITED,30.0,1987,2018,33,25,2220,24.7,2,5,7,2,0,0,10,0,0.08,0.2,0.28,0.08,0.28,0.0674,8,2,Key Player
Pablo Zabaleta,6813ac34,ar ARG,DF,West Ham,WESTHAMUNITED,33.0,1985,2018,26,23,2092,23.2,0,1,1,0,0,0,4,0,0.0,0.04,0.04,0.0,0.04,0.0567,9,2,Key Player
Fabián Balbuena,3626f7d9,py PAR,DF,West Ham,WESTHAMUNITED,26.0,1991,2018,23,23,2013,22.4,1,0,1,1,0,0,2,0,0.04,0.0,0.04,0.04,0.04,0.0547,10,2,Key Player
Angelo Ogbonna,74b2cd7e,it ITA,DF,West Ham,WESTHAMUNITED,30.0,1988,2018,24,20,1874,20.8,1,1,2,1,0,0,2,0,0.05,0.05,0.1,0.05,0.1,0.0523,11,3,Regular Starter
Arthur Masuaku,57df7a11,cd COD,DF,West Ham,WESTHAMUNITED,24.0,1993,2018,23,19,1759,19.5,0,1,1,0,0,0,2,0,0.0,0.05,0.05,0.0,0.05,0.0479,12,3,Regular Starter
Javier Hernández,189cee7b,mx MEX,FW,West Ham,WESTHAMUNITED,30.0,1988,2018,25,14,1334,14.8,7,1,8,7,0,0,2,0,0.47,0.07,0.54,0.47,0.54,0.045,13,3,Regular Starter
Aaron Cresswell,4f974391,eng ENG,DF,West Ham,WESTHAMUNITED,28.0,1989,2018,20,18,1589,17.7,0,1,1,0,0,0,1,0,0.0,0.06,0.06,0.0,0.06,0.0437,14,3,Regular Starter
Pedro Obiang,ba1e04b3,gq EQG,MF,West Ham,WESTHAMUNITED,26.0,1992,2018,24,12,1128,12.5,0,1,1,0,0,0,0,0,0.0,0.08,0.08,0.0,0.08,0.0311,15,3,Regular Starter
Ryan Fredericks,c067631c,eng ENG,DF,West Ham,WESTHAMUNITED,25.0,1992,2018,15,12,1086,12.1,1,0,1,1,0,0,5,0,0.08,0.0,0.08,0.08,0.08,0.0301,16,4,Squad Rotation
Manuel Lanzini,26f6dca8,ar ARG,MF,West Ham,WESTHAMUNITED,25.0,1993,2018,10,8,686,7.6,1,1,2,1,0,0,2,0,0.13,0.13,0.26,0.13,0.26,0.0206,17,4,Squad Rotation
Grady Diangana,f522d7ec,cd COD,MF,West Ham,WESTHAMUNITED,20.0,1998,2018,17,6,609,6.8,0,1,1,0,0,0,0,0,0.0,0.15,0.15,0.0,0.15,0.0175,18,4,Squad Rotation
Lucas Pérez,a300ac7e,es ESP,FW,West Ham,WESTHAMUNITED,29.0,1988,2018,15,4,475,5.3,3,0,3,3,0,0,0,0,0.57,0.0,0.57,0.57,0.57,0.0163,19,4,Squad Rotation
Andriy Yarmolenko,849c826a,ua UKR,MFFW,West Ham,WESTHAMUNITED,28.0,1989,2018,9,5,459,5.1,2,0,2,2,0,0,2,0,0.39,0.0,0.39,0.39,0.39,0.0146,20,4,Squad Rotation
Andy Carroll,b581987a,eng ENG,FW,West Ham,WESTHAMUNITED,29.0,1989,2018,12,3,461,5.1,0,0,0,0,0,0,2,0,0.0,0.0,0.0,0.0,0.0,0.0122,21,5,Fringe/Backup
Jack Wilshere,9c318325,eng ENG,MF,West Ham,WESTHAMUNITED,26.0,1992,2018,8,4,392,4.4,0,1,1,0,0,0,2,0,0.0,0.23,0.23,0.0,0.23,0.0118,22,5,Fringe/Backup
Samir Nasri,165bed61,fr FRA,MF,West Ham,WESTHAMUNITED,31.0,1987,2018,5,3,245,2.7,0,2,2,0,0,0,0,0,0.0,0.73,0.73,0.0,0.73,0.0088,23,5,Fringe/Backup
Carlos Sánchez,50b51fac,co COL,MF,West Ham,WESTHAMUNITED,32.0,1986,2018,7,2,245,2.7,0,0,0,0,0,0,0,0,0.0,0.0,0.0,0.0,0.0,0.0065,24,5,Fringe/Backup
Ben Johnson,9319781b,eng ENG,DF,West Ham,WESTHAMUNITED,18.0,2000,2018,1,1,62,0.7,0,0,0,0,0,0,0,0,0.0,0.0,0.0,0.0,0.0,0.0017,25,5,Fringe/Backup
Xande Silva,15d561fa,pt POR,FWMF,West Ham,WESTHAMUNITED,21.0,1997,2018,1,0,18,0.2,0,0,0,0,0,0,0,0,0.0,0.0,0.0,0.0,0.0,0.0005,26,5,Fringe/Backup
Raúl Jiménez,b561db50,mx MEX,FW,Wolves,WOLVERHAMPTONWANDERERS,27.0,1991,2018,38,36,3111,34.6,13,7,20,11,2,2,4,0,0.38,0.2,0.58,0.32,0.52,0.1045,1,1,Talisman
Matt Doherty,d557d734,ie IRL,MF,Wolves,WOLVERHAMPTONWANDERERS,26.0,1992,2018,38,35,3144,34.9,4,5,9,4,0,0,5,0,0.11,0.14,0.26,0.11,0.26,0.0945,2,1,Talisman
João Moutinho,f5a00fa4,pt POR,MF,Wolves,WOLVERHAMPTONWANDERERS,31.0,1986,2018,38,35,3032,33.7,1,8,9,1,0,0,4,0,0.03,0.24,0.27,0.03,0.27,0.0917,3,1,Talisman
Conor Coady,2928dca2,eng ENG,DF,Wolves,WOLVERHAMPTONWANDERERS,25.0,1993,2018,38,38,3420,38.0,0,0,0,0,0,0,5,0,0.0,0.0,0.0,0.0,0.0,0.0911,4,1,Talisman
Willy Boly,a4ac4b8f,ci CIV,DF,Wolves,WOLVERHAMPTONWANDERERS,27.0,1991,2018,36,36,3167,35.2,4,0,4,4,0,0,2,1,0.11,0.0,0.11,0.11,0.11,0.089,5,2,Key Player
Rui Patrício,79b0d6a0,pt POR,GK,Wolves,WOLVERHAMPTONWANDERERS,30.0,1988,2018,37,37,3329,37.0,0,0,0,0,0,0,1,0,0.0,0.0,0.0,0.0,0.0,0.0887,6,2,Key Player
Rúben Neves,44bfb6c5,pt POR,MF,Wolves,WOLVERHAMPTONWANDERERS,21.0,1997,2018,35,34,3007,33.4,4,3,7,2,2,2,8,0,0.12,0.09,0.21,0.06,0.15,0.086,7,2,Key Player
Ryan Bennett,0bad4516,eng ENG,DF,Wolves,WOLVERHAMPTONWANDERERS,28.0,1990,2018,34,34,3060,34.0,1,0,1,1,0,0,12,0,0.03,0.0,0.03,0.03,0.03,0.0827,8,2,Key Player
Diogo Jota,178ae8f8,pt POR,FWMF,Wolves,WOLVERHAMPTONWANDERERS,21.0,1996,2018,33,29,2355,26.2,9,5,14,9,0,0,11,0,0.34,0.19,0.54,0.34,0.54,0.0797,9,3,Regular Starter
Jonny Castro,e28868f3,es ESP,MF,Wolves,WOLVERHAMPTONWANDERERS,24.0,1994,2018,33,32,2771,30.8,1,1,2,1,0,0,6,0,0.03,0.03,0.06,0.03,0.06,0.076,10,3,Regular Starter
Leander Dendoncker,5a7301ae,be BEL,MF,Wolves,WOLVERHAMPTONWANDERERS,23.0,1995,2018,19,17,1467,16.3,2,0,2,2,0,0,1,0,0.12,0.0,0.12,0.12,0.12,0.0414,11,3,Regular Starter
Hélder Costa,f13d02a6,ao ANG,MFFW,Wolves,WOLVERHAMPTONWANDERERS,24.0,1994,2018,25,16,1341,14.9,1,2,3,1,0,0,3,0,0.07,0.13,0.2,0.07,0.2,0.0393,12,3,Regular Starter
Romain Saïss,9fbbcf39,ma MAR,MFDF,Wolves,WOLVERHAMPTONWANDERERS,28.0,1990,2018,19,12,1149,12.8,2,0,2,2,0,0,7,0,0.16,0.0,0.16,0.16,0.16,0.0331,13,4,Squad Rotation
Adama Traoré,9a28eba4,es ESP,MFFW,Wolves,WOLVERHAMPTONWANDERERS,22.0,1996,2018,29,8,902,10.0,1,1,2,1,0,0,1,0,0.1,0.1,0.2,0.1,0.2,0.0264,14,4,Squad Rotation
Ivan Cavaleiro,979b811d,pt POR,FWMF,Wolves,WOLVERHAMPTONWANDERERS,24.0,1993,2018,23,6,693,7.7,3,1,4,3,0,0,1,0,0.39,0.13,0.52,0.39,0.52,0.0232,15,4,Squad Rotation
Morgan Gibbs-White,32f60ed8,eng ENG,MFFW,Wolves,WOLVERHAMPTONWANDERERS,18.0,2000,2018,26,5,663,7.4,0,1,1,0,0,0,1,0,0.0,0.14,0.14,0.0,0.14,0.019,16,4,Squad Rotation
Rúben Vinagre,b937e490,pt POR,MF,Wolves,WOLVERHAMPTONWANDERERS,19.0,1999,2018,17,7,710,7.9,0,0,0,0,0,0,1,0,0.0,0.0,0.0,0.0,0.0,0.0189,17,5,Fringe/Backup
Léo Bonatini,da23d58d,br BRA,FW,Wolves,WOLVERHAMPTONWANDERERS,24.0,1994,2018,7,0,135,1.5,0,1,1,0,0,0,0,0,0.0,0.67,0.67,0.0,0.67,0.0048,18,5,Fringe/Backup
John Ruddy,da8b19e2,eng ENG,GK,Wolves,WOLVERHAMPTONWANDERERS,31.0,1986,2018,1,1,90,1.0,0,0,0,0,0,0,0,0,0.0,0.0,0.0,0.0,0.0,0.0024,19,5,Fringe/Backup
Max Kilman,d0f72bf1,eng ENG,DF,Wolves,WOLVERHAMPTONWANDERERS,21.0,1997,2018,1,0,1,0.0,0,0,0,0,0,0,0,0,0.0,0.0,0.0,0.0,0.0,0.0,20,5,Fringe/Backup
Will Norris,c73ada83,eng ENG,GK,Wolves,WOLVERHAMPTONWANDERERS,24.0,1993,2018,1,0,1,0.0,0,0,0,0,0,0,0,0,0.0,0.0,0.0,0.0,0.0,0.0,21,5,Fringe/Backup
Aaron Ramsdale,466fb2c5,eng ENG,GK,Bournemouth,AFCBOURNEMOUTH,21.0,1998,2019,37,37,3330,37.0,0,1,1,0,0,0,0,0,0.0,0.03,0.03,0.0,0.03,0.0903,1,1,Talisman
Callum Wilson,c596fcb0,eng ENG,FW,Bournemouth,AFCBOURNEMOUTH,27.0,1992,2019,35,32,2908,32.3,8,1,9,8,0,0,10,0,0.25,0.03,0.28,0.25,0.28,0.0885,2,1,Talisman
Jefferson Lerma,9b5ce51a,co COL,MF,Bournemouth,AFCBOURNEMOUTH,24.0,1994,2019,33,31,2703,30.0,1,2,3,1,0,0,13,1,0.03,0.07,0.1,0.03,0.1,0.0757,3,1,Talisman
Nathan Aké,eaeca114,nl NED,DF,Bournemouth,AFCBOURNEMOUTH,24.0,1995,2019,29,29,2503,27.8,2,2,4,2,0,0,2,0,0.07,0.07,0.14,0.07,0.14,0.0715,4,1,Talisman
Philip Billing,d328a254,dk DEN,MF,Bournemouth,AFCBOURNEMOUTH,23.0,1996,2019,34,29,2530,28.1,1,1,2,1,0,0,8,0,0.04,0.04,0.07,0.04,0.07,0.0699,5,1,Talisman
Diego Rico,d9ba39fc,es ESP,DF,Bournemouth,AFCBOURNEMOUTH,26.0,1993,2019,27,27,2332,25.9,0,4,4,0,0,0,6,0,0.0,0.15,0.15,0.0,0.15,0.0669,6,2,Key Player
Steve Cook,3e5e4e63,eng ENG,DF,Bournemouth,AFCBOURNEMOUTH,28.0,1991,2019,29,28,2428,27.0,1,0,1,1,0,0,6,1,0.04,0.0,0.04,0.04,0.04,0.0662,7,2,Key Player
Joshua King,43458538,no NOR,FWMF,Bournemouth,AFCBOURNEMOUTH,27.0,1992,2019,26,24,2011,22.3,6,4,10,3,3,3,0,0,0.27,0.18,0.45,0.13,0.31,0.0619,8,2,Key Player
Ryan Fraser,d56543a0,sct SCO,MFFW,Bournemouth,AFCBOURNEMOUTH,25.0,1994,2019,28,21,2067,23.0,1,4,5,1,0,0,2,0,0.04,0.17,0.22,0.04,0.22,0.0614,9,2,Key Player
Adam Smith,20b104bc,eng ENG,DF,Bournemouth,AFCBOURNEMOUTH,28.0,1991,2019,24,24,2055,22.8,0,1,1,0,0,0,7,0,0.0,0.04,0.04,0.0,0.04,0.0559,10,2,Key Player
Harry Wilson,c6dc9ecd,wls WAL,MFFW,Bournemouth,AFCBOURNEMOUTH,22.0,1997,2019,31,20,1646,18.3,7,0,7,7,0,0,2,0,0.38,0.0,0.38,0.38,0.38,0.0523,11,3,Regular Starter
Dominic Solanke,e77dc3b2,eng ENG,FW,Bournemouth,AFCBOURNEMOUTH,21.0,1997,2019,32,17,1651,18.3,3,1,4,3,0,0,1,0,0.16,0.05,0.22,0.16,0.22,0.0488,12,3,Regular Starter
Jack Stacey,558807c0,eng ENG,DF,Bournemouth,AFCBOURNEMOUTH,23.0,1996,2019,19,17,1549,17.2,0,2,2,0,0,0,2,0,0.0,0.12,0.12,0.0,0.12,0.0438,13,3,Regular Starter
Dan Gosling,7fec31a0,eng ENG,MF,Bournemouth,AFCBOURNEMOUTH,29.0,1990,2019,24,14,1264,14.0,3,1,4,3,0,0,3,0,0.21,0.07,0.28,0.21,0.28,0.0384,14,3,Regular Starter
Lewis Cook,2afc7272,eng ENG,MF,Bournemouth,AFCBOURNEMOUTH,22.0,1997,2019,27,14,1352,15.0,0,0,0,0,0,0,5,0,0.0,0.0,0.0,0.0,0.0,0.036,15,3,Regular Starter
Simon Francis,1e0b6a73,eng ENG,DF,Bournemouth,AFCBOURNEMOUTH,34.0,1985,2019,15,10,969,10.8,0,0,0,0,0,0,5,1,0.0,0.0,0.0,0.0,0.0,0.026,16,3,Regular Starter
Chris Mepham,fed96827,wls WAL,DF,Bournemouth,AFCBOURNEMOUTH,21.0,1997,2019,12,10,912,10.1,1,0,1,1,0,0,1,0,0.1,0.0,0.1,0.1,0.1,0.0255,17,4,Squad Rotation
Junior Stanislas,6992791d,eng ENG,MFDF,Bournemouth,AFCBOURNEMOUTH,29.0,1989,2019,15,7,712,7.9,3,0,3,2,1,1,1,0,0.38,0.0,0.38,0.25,0.25,0.0214,18,4,Squad Rotation
Lloyd Kelly,f31def1e,eng ENG,DF,Bournemouth,AFCBOURNEMOUTH,20.0,1998,2019,8,7,639,7.1,0,0,0,0,0,0,2,0,0.0,0.0,0.0,0.0,0.0,0.0171,19,4,Squad Rotation
Arnaut Danjuma,f08490a6,nl NED,MF,Bournemouth,AFCBOURNEMOUTH,22.0,1997,2019,14,6,630,7.0,0,0,0,0,0,0,0,0,0.0,0.0,0.0,0.0,0.0,0.0168,20,4,Squad Rotation
David Brooks,dc4cae05,wls WAL,MF,Bournemouth,AFCBOURNEMOUTH,22.0,1997,2019,9,8,506,5.6,1,0,1,1,0,0,1,0,0.18,0.0,0.18,0.18,0.18,0.0147,21,4,Squad Rotation
Jack Simpson,76fa5f80,eng ENG,DF,Bournemouth,AFCBOURNEMOUTH,22.0,1996,2019,4,1,241,2.7,0,0,0,0,0,0,0,0,0.0,0.0,0.0,0.0,0.0,0.0065,22,5,Fringe/Backup
Andrew Surman,7d41b619,eng ENG,MF,Bournemouth,AFCBOURNEMOUTH,32.0,1986,2019,5,2,235,2.6,0,0,0,0,0,0,1,0,0.0,0.0,0.0,0.0,0.0,0.0062,23,5,Fringe/Backup
Charlie Daniels,9d107085,eng ENG,DF,Bournemouth,AFCBOURNEMOUTH,32.0,1986,2019,2,2,126,1.4,0,0,0,0,0,0,0,0,0.0,0.0,0.0,0.0,0.0,0.0034,24,5,Fringe/Backup
Mark Travers,fe558029,ie IRL,GK,Bournemouth,AFCBOURNEMOUTH,20.0,1999,2019,1,1,90,1.0,0,0,0,0,0,0,0,0,0.0,0.0,0.0,0.0,0.0,0.0024,25,5,Fringe/Backup
Jordon Ibe,9f736ed2,eng ENG,FWMF,Bournemouth,AFCBOURNEMOUTH,23.0,1995,2019,2,0,50,0.6,0,0,0,0,0,0,0,0,0.0,0.0,0.0,0.0,0.0,0.0014,26,5,Fringe/Backup
Sam Surridge,b017b770,eng ENG,FW,Bournemouth,AFCBOURNEMOUTH,21.0,1998,2019,4,0,27,0.3,0,0,0,0,0,0,0,0,0.0,0.0,0.0,0.0,0.0,0.0007,27,5,Fringe/Backup
Pierre-Emerick Aubameyang,d5dd5f1f,ga GAB,FWMF,Arsenal,ARSENAL,30.0,1989,2019,36,35,3136,34.8,22,3,25,20,2,2,3,1,0.63,0.09,0.72,0.57,0.66,0.1113,1,1,Talisman
David Luiz,c0e27d1a,br BRA,DF,Arsenal,ARSENAL,32.0,1987,2019,33,32,2809,31.2,2,1,3,2,0,0,5,2,0.06,0.03,0.1,0.06,0.1,0.0788,2,1,Talisman
Granit Xhaka,e61b8aee,ch SUI,MF,Arsenal,ARSENAL,26.0,1992,2019,31,30,2586,28.7,1,2,3,1,0,0,10,0,0.03,0.07,0.1,0.03,0.1,0.0725,3,1,Talisman
Bernd Leno,2628fd2b,de GER,GK,Arsenal,ARSENAL,27.0,1992,2019,30,30,2649,29.4,0,0,0,0,0,0,2,0,0.0,0.0,0.0,0.0,0.0,0.0707,4,1,Talisman
Alexandre Lacazette,9dbb75ca,fr FRA,FW,Arsenal,ARSENAL,28.0,1991,2019,30,22,1874,20.8,10,4,14,10,0,0,8,0,0.48,0.19,0.67,0.48,0.67,0.0668,5,1,Talisman
Nicolas Pépé,57e3f0c7,ci CIV,MFFW,Arsenal,ARSENAL,24.0,1995,2019,31,22,2010,22.3,5,6,11,4,1,1,4,0,0.22,0.27,0.49,0.18,0.45,0.0657,6,2,Key Player
Bukayo Saka,bc7dc64d,eng ENG,MFDF,Arsenal,ARSENAL,17.0,2001,2019,26,19,1753,19.5,1,5,6,1,0,0,6,0,0.05,0.26,0.31,0.05,0.31,0.0542,7,2,Key Player
Sead Kolašinac,3935e52e,ba BIH,DF,Arsenal,ARSENAL,26.0,1993,2019,26,19,1701,18.9,0,2,2,0,0,0,4,0,0.0,0.11,0.11,0.0,0.11,0.048,8,2,Key Player
Mattéo Guendouzi,5ea8ef20,fr FRA,MF,Arsenal,ARSENAL,20.0,1999,2019,24,19,1748,19.4,0,1,1,0,0,0,6,0,0.0,0.05,0.05,0.0,0.05,0.0478,9,2,Key Player
Dani Ceballos,c0617e2b,es ESP,MF,Arsenal,ARSENAL,22.0,1996,2019,24,18,1692,18.8,0,2,2,0,0,0,1,0,0.0,0.11,0.11,0.0,0.11,0.0477,10,2,Key Player
Sokratis Papastathopoulos,b682dcf6,gr GRE,DF,Arsenal,ARSENAL,31.0,1988,2019,19,19,1696,18.8,2,0,2,2,0,0,6,0,0.11,0.0,0.11,0.11,0.11,0.0477,11,2,Key Player
Lucas Torreira,52611641,uy URU,MF,Arsenal,ARSENAL,23.0,1996,2019,29,17,1512,16.8,1,1,2,1,0,0,7,0,0.06,0.06,0.12,0.06,0.12,0.0428,12,3,Regular Starter
Mesut Özil,16380240,de GER,MF,Arsenal,ARSENAL,30.0,1988,2019,18,18,1438,16.0,1,2,3,1,0,0,1,0,0.06,0.13,0.19,0.06,0.19,0.0421,13,3,Regular Starter
Ainsley Maitland-Niles,e3a5814e,eng ENG,DF,Arsenal,ARSENAL,21.0,1997,2019,20,15,1386,15.4,0,2,2,0,0,0,6,1,0.0,0.13,0.13,0.0,0.13,0.0395,14,3,Regular Starter
Shkodran Mustafi,3f2d59fe,de GER,DF,Arsenal,ARSENAL,27.0,1992,2019,15,13,1207,13.4,0,1,1,0,0,0,2,0,0.0,0.07,0.07,0.0,0.07,0.0334,15,3,Regular Starter
Héctor Bellerín,f874dd44,es ESP,DFMF,Arsenal,ARSENAL,24.0,1995,2019,15,13,1158,12.9,1,0,1,1,0,0,2,0,0.08,0.0,0.08,0.08,0.08,0.0323,16,3,Regular Starter
Calum Chambers,dc6f5bdd,eng ENG,DF,Arsenal,ARSENAL,24.0,1995,2019,14,13,1102,12.2,1,1,2,1,0,0,5,0,0.08,0.08,0.16,0.08,0.16,0.0317,17,3,Regular Starter
Kieran Tierney,fce2302c,sct SCO,DFMF,Arsenal,ARSENAL,22.0,1997,2019,15,12,989,11.0,1,1,2,1,0,0,2,0,0.09,0.09,0.18,0.09,0.18,0.0288,18,4,Squad Rotation
Joe Willock,a3b03921,eng ENG,MF,Arsenal,ARSENAL,19.0,1999,2019,29,8,857,9.5,1,1,2,1,0,0,2,0,0.11,0.11,0.21,0.11,0.21,0.0253,19,4,Squad Rotation
Gabriel Martinelli,48a5a5d6,br BRA,MF,Arsenal,ARSENAL,18.0,2001,2019,14,6,663,7.4,3,0,3,3,0,0,1,0,0.41,0.0,0.41,0.41,0.41,0.0215,20,4,Squad Rotation
Emiliano Martínez,7956236f,ar ARG,GK,Arsenal,ARSENAL,26.0,1992,2019,9,8,771,8.6,0,0,0,0,0,0,2,0,0.0,0.0,0.0,0.0,0.0,0.0207,21,4,Squad Rotation
Eddie Nketiah,a53649b7,eng ENG,FW,Arsenal,ARSENAL,20.0,1999,2019,13,7,633,7.0,2,0,2,2,0,0,0,1,0.28,0.0,0.28,0.28,0.28,0.0192,22,4,Squad Rotation
Reiss Nelson,c5bdb6e3,eng ENG,MFFW,Arsenal,ARSENAL,19.0,1999,2019,17,7,631,7.0,1,0,1,1,0,0,1,0,0.14,0.0,0.14,0.14,0.14,0.018,23,4,Squad Rotation
Rob Holding,d79a8c87,eng ENG,DF,Arsenal,ARSENAL,23.0,1995,2019,8,6,581,6.5,0,0,0,0,0,0,1,0,0.0,0.0,0.0,0.0,0.0,0.0156,24,5,Fringe/Backup
Cédric Soares,839c14e1,pt POR,MF,Arsenal,ARSENAL,27.0,1991,2019,5,3,249,2.8,1,0,1,1,0,0,0,0,0.36,0.0,0.36,0.36,0.36,0.0079,25,5,Fringe/Backup
Nacho Monreal,d4cb83cc,es ESP,DF,Arsenal,ARSENAL,33.0,1986,2019,3,3,270,3.0,0,0,0,0,0,0,0,0,0.0,0.0,0.0,0.0,0.0,0.0072,26,5,Fringe/Backup
Pablo Marí,aa54ec6f,es ESP,DF,Arsenal,ARSENAL,25.0,1993,2019,2,2,113,1.3,0,0,0,0,0,0,0,0,0.0,0.0,0.0,0.0,0.0,0.0031,27,5,Fringe/Backup
Henrikh Mkhitaryan,dd0daf32,am ARM,MF,Arsenal,ARSENAL,30.0,1989,2019,3,1,112,1.2,0,0,0,0,0,0,1,0,0.0,0.0,0.0,0.0,0.0,0.0029,28,5,Fringe/Backup
Emile Smith Rowe,17695062,eng ENG,MF,Arsenal,ARSENAL,19.0,2000,2019,2,1,97,1.1,0,0,0,0,0,0,0,0,0.0,0.0,0.0,0.0,0.0,0.0026,29,5,Fringe/Backup
Jack Grealish,b0b4fd3e,eng ENG,FWMF,Aston Villa,ASTONVILLA,23.0,1995,2019,36,36,3233,35.9,8,6,14,8,0,1,8,0,0.22,0.17,0.39,0.22,0.39,0.1027,1,1,Talisman
Tyrone Mings,8397a50c,eng ENG,DF,Aston Villa,ASTONVILLA,26.0,1993,2019,33,33,2902,32.2,2,2,4,2,0,0,7,0,0.06,0.06,0.12,0.06,0.12,0.0817,2,1,Talisman
Douglas Luiz,6f7d826d,br BRA,MF,Aston Villa,ASTONVILLA,21.0,1998,2019,36,28,2612,29.0,3,2,5,3,0,0,8,0,0.1,0.07,0.17,0.1,0.17,0.0753,3,1,Talisman
John McGinn,90f91999,sct SCO,MF,Aston Villa,ASTONVILLA,24.0,1994,2019,28,27,2312,25.7,3,3,6,3,0,0,3,0,0.12,0.12,0.23,0.12,0.23,0.0686,4,1,Talisman
Matt Targett,e514ab62,eng ENG,DFMF,Aston Villa,ASTONVILLA,23.0,1995,2019,28,27,2291,25.5,1,2,3,1,0,0,4,0,0.04,0.08,0.12,0.04,0.12,0.0647,5,1,Talisman
Anwar El Ghazi,ffa90327,nl NED,FWMF,Aston Villa,ASTONVILLA,24.0,1995,2019,34,26,2051,22.8,4,4,8,3,1,1,3,0,0.18,0.18,0.35,0.13,0.31,0.063,6,2,Key Player
Trézéguet,3ae14ed1,eg EGY,FWMF,Aston Villa,ASTONVILLA,24.0,1994,2019,34,20,1950,21.7,6,1,7,6,0,0,4,1,0.28,0.05,0.32,0.28,0.32,0.0602,7,2,Key Player
Ezri Konsa,0313a347,eng ENG,DF,Aston Villa,ASTONVILLA,21.0,1997,2019,25,24,2039,22.7,1,2,3,1,0,0,3,0,0.04,0.09,0.13,0.04,0.13,0.0579,8,2,Key Player
Frederic Guilbert,5d8d7454,fr FRA,DFMF,Aston Villa,ASTONVILLA,24.0,1994,2019,25,22,2041,22.7,0,2,2,0,0,0,7,0,0.0,0.09,0.09,0.0,0.09,0.0568,9,2,Key Player
Wesley Moraes,bfae110f,br BRA,FW,Aston Villa,ASTONVILLA,22.0,1996,2019,21,21,1782,19.8,5,1,6,5,0,1,3,0,0.25,0.05,0.3,0.25,0.3,0.0545,10,2,Key Player
Conor Hourihane,fcab00a0,ie IRL,MF,Aston Villa,ASTONVILLA,28.0,1991,2019,27,18,1534,17.0,3,5,8,3,0,0,4,0,0.18,0.29,0.47,0.18,0.47,0.0503,11,2,Key Player
Marvelous Nakamba,de5b5570,zw ZIM,MF,Aston Villa,ASTONVILLA,25.0,1994,2019,29,19,1836,20.4,0,0,0,0,0,0,5,0,0.0,0.0,0.0,0.0,0.0,0.0488,12,3,Regular Starter
Tom Heaton,a6de6361,eng ENG,GK,Aston Villa,ASTONVILLA,33.0,1986,2019,20,20,1794,19.9,0,0,0,0,0,0,0,0,0.0,0.0,0.0,0.0,0.0,0.0476,13,3,Regular Starter
Kortney Hause,bf8fad51,eng ENG,DF,Aston Villa,ASTONVILLA,24.0,1995,2019,18,17,1545,17.2,1,0,1,1,0,0,3,0,0.06,0.0,0.06,0.06,0.06,0.0424,14,3,Regular Starter
Björn Engels,4fdf1fd9,be BEL,DF,Aston Villa,ASTONVILLA,24.0,1994,2019,17,15,1447,16.1,1,0,1,1,0,0,1,0,0.06,0.0,0.06,0.06,0.06,0.0397,15,3,Regular Starter
Ahmed Elmohamady,615ef733,eg EGY,DF,Aston Villa,ASTONVILLA,31.0,1987,2019,18,11,1031,11.5,1,1,2,1,0,0,1,0,0.09,0.09,0.17,0.09,0.17,0.0299,16,3,Regular Starter
Neil Taylor,c2f9d19f,wls WAL,DF,Aston Villa,ASTONVILLA,30.0,1989,2019,14,11,1091,12.1,0,0,0,0,0,0,2,0,0.0,0.0,0.0,0.0,0.0,0.029,17,4,Squad Rotation
Pepe Reina,e358587b,es ESP,GK,Aston Villa,ASTONVILLA,36.0,1982,2019,12,12,1080,12.0,0,0,0,0,0,0,1,0,0.0,0.0,0.0,0.0,0.0,0.0287,18,4,Squad Rotation
Mbwana Samatta,dae8623e,tz TAN,FW,Aston Villa,ASTONVILLA,26.0,1992,2019,14,11,943,10.5,1,0,1,1,0,0,1,0,0.1,0.0,0.1,0.1,0.1,0.0264,19,4,Squad Rotation
Keinan Davis,9deaf2c8,eng ENG,FW,Aston Villa,ASTONVILLA,21.0,1998,2019,18,4,548,6.1,0,0,0,0,0,0,0,0,0.0,0.0,0.0,0.0,0.0,0.0146,20,4,Squad Rotation
Ørjan Nyland,bdedffac,no NOR,GK,Aston Villa,ASTONVILLA,28.0,1990,2019,7,5,539,6.0,0,0,0,0,0,0,0,0,0.0,0.0,0.0,0.0,0.0,0.0144,21,4,Squad Rotation
Jota,9f351459,es ESP,MFFW,Aston Villa,ASTONVILLA,28.0,1991,2019,10,4,335,3.7,0,1,1,0,0,0,0,0,0.0,0.27,0.27,0.0,0.27,0.0101,22,4,Squad Rotation
Danny Drinkwater,2649ff32,eng ENG,MF,Aston Villa,ASTONVILLA,29.0,1990,2019,4,4,259,2.9,0,0,0,0,0,0,1,0,0.0,0.0,0.0,0.0,0.0,0.0069,23,5,Fringe/Backup
Henri Lansbury,fe8e6fa1,eng ENG,MF,Aston Villa,ASTONVILLA,28.0,1990,2019,10,2,195,2.2,0,0,0,0,0,0,0,0,0.0,0.0,0.0,0.0,0.0,0.0053,24,5,Fringe/Backup
Jonathan Kodjia,ecf44e09,ci CIV,FW,Aston Villa,ASTONVILLA,29.0,1989,2019,6,0,117,1.3,0,0,0,0,0,0,1,0,0.0,0.0,0.0,0.0,0.0,0.0031,25,5,Fringe/Backup
Indiana Vassilev,04e195ee,us USA,FWMF,Aston Villa,ASTONVILLA,18.0,2001,2019,4,0,51,0.6,0,0,0,0,0,0,0,0,0.0,0.0,0.0,0.0,0.0,0.0014,26,5,Fringe/Backup
Borja Bastón,8c44e37b,es ESP,FW,Aston Villa,ASTONVILLA,26.0,1992,2019,2,0,18,0.2,0,0,0,0,0,0,0,0,0.0,0.0,0.0,0.0,0.0,0.0005,27,5,Fringe/Backup
Jed Steer,a8a3d139,eng ENG,GK,Aston Villa,ASTONVILLA,26.0,1992,2019,1,1,7,0.1,0,0,0,0,0,0,0,0,0.0,0.0,0.0,0.0,0.0,0.0002,28,5,Fringe/Backup
Lewis Dunk,282f75f3,eng ENG,DF,Brighton,BRIGHTONHOVEALBION,27.0,1991,2019,36,36,3230,35.9,3,3,6,3,0,0,9,0,0.08,0.08,0.17,0.08,0.17,0.0935,1,1,Talisman
Mathew Ryan,4535e4bb,au AUS,GK,Brighton,BRIGHTONHOVEALBION,27.0,1992,2019,38,38,3420,38.0,0,0,0,0,0,0,0,0,0.0,0.0,0.0,0.0,0.0,0.0912,2,1,Talisman
Neal Maupay,4bcf39f6,fr FRA,FW,Brighton,BRIGHTONHOVEALBION,22.0,1996,2019,37,30,2766,30.7,10,3,13,9,1,2,3,0,0.33,0.1,0.42,0.29,0.39,0.088,3,1,Talisman
Davy Pröpper,fdd85f94,nl NED,MF,Brighton,BRIGHTONHOVEALBION,27.0,1991,2019,35,32,2829,31.4,1,2,3,1,0,0,4,0,0.03,0.06,0.1,0.03,0.1,0.0791,4,1,Talisman
Dan Burn,b2d31e83,eng ENG,DF,Brighton,BRIGHTONHOVEALBION,27.0,1992,2019,34,33,2880,32.0,0,0,0,0,0,0,5,0,0.0,0.0,0.0,0.0,0.0,0.0768,5,1,Talisman
Adam Webster,c40b6180,eng ENG,DF,Brighton,BRIGHTONHOVEALBION,24.0,1995,2019,31,31,2668,29.6,3,1,4,3,0,0,4,0,0.1,0.03,0.13,0.1,0.13,0.0756,6,2,Key Player
Dale Stephens,653ee42d,eng ENG,MF,Brighton,BRIGHTONHOVEALBION,30.0,1989,2019,33,28,2530,28.1,0,1,1,0,0,0,8,0,0.0,0.04,0.04,0.0,0.04,0.0688,7,2,Key Player
Leandro Trossard,38ceb24a,be BEL,MFFW,Brighton,BRIGHTONHOVEALBION,24.0,1994,2019,31,22,2011,22.3,5,3,8,5,0,0,0,0,0.22,0.13,0.36,0.22,0.36,0.0631,8,2,Key Player
Aaron Mooy,47b7e3af,au AUS,MFFW,Brighton,BRIGHTONHOVEALBION,28.0,1990,2019,31,25,2085,23.2,2,2,4,2,0,0,3,1,0.09,0.09,0.17,0.09,0.17,0.0604,9,2,Key Player
Pascal Groß,8aec0537,de GER,MFFW,Brighton,BRIGHTONHOVEALBION,28.0,1991,2019,29,22,1796,20.0,2,4,6,2,0,0,4,0,0.1,0.2,0.3,0.1,0.3,0.0552,10,2,Key Player
Martín Montoya,5cec2487,es ESP,DFMF,Brighton,BRIGHTONHOVEALBION,28.0,1991,2019,27,23,1896,21.1,0,1,1,0,0,0,5,0,0.0,0.05,0.05,0.0,0.05,0.0519,11,3,Regular Starter
Aaron Connolly,27c01749,ie IRL,FW,Brighton,BRIGHTONHOVEALBION,19.0,2000,2019,24,14,1258,14.0,3,1,4,3,0,0,0,0,0.21,0.07,0.29,0.21,0.29,0.0385,12,3,Regular Starter
Yves Bissouma,6c203af0,ml MLI,MF,Brighton,BRIGHTONHOVEALBION,22.0,1996,2019,22,15,1259,14.0,1,0,1,1,0,0,4,0,0.07,0.0,0.07,0.07,0.07,0.0348,13,3,Regular Starter
Shane Duffy,7314bba4,ie IRL,DF,Brighton,BRIGHTONHOVEALBION,27.0,1992,2019,19,12,1238,13.8,1,0,1,1,0,0,2,0,0.07,0.0,0.07,0.07,0.07,0.0343,14,3,Regular Starter
Steven Alzate,ad1f61f3,co COL,MFDF,Brighton,BRIGHTONHOVEALBION,20.0,1998,2019,19,12,1188,13.2,0,0,0,0,0,0,1,0,0.0,0.0,0.0,0.0,0.0,0.0317,15,3,Regular Starter
Solly March,bb5fbd2b,eng ENG,MFFW,Brighton,BRIGHTONHOVEALBION,25.0,1994,2019,19,11,1143,12.7,0,1,1,0,0,0,2,0,0.0,0.08,0.08,0.0,0.08,0.0317,16,4,Squad Rotation
Glenn Murray,f2f29dda,eng ENG,FW,Brighton,BRIGHTONHOVEALBION,35.0,1983,2019,23,7,797,8.9,1,1,2,1,0,0,0,0,0.11,0.11,0.23,0.11,0.23,0.0238,17,4,Squad Rotation
Bernardo,17370b95,br BRA,DFMF,Brighton,BRIGHTONHOVEALBION,24.0,1995,2019,14,7,679,7.5,0,0,0,0,0,0,1,0,0.0,0.0,0.0,0.0,0.0,0.018,18,4,Squad Rotation
Tariq Lamptey,f4e433d4,gh GHA,DFMF,Brighton,BRIGHTONHOVEALBION,18.0,2000,2019,8,7,588,6.5,0,1,1,0,0,0,2,0,0.0,0.15,0.15,0.0,0.15,0.0168,19,4,Squad Rotation
Alireza Jahanbakhsh,08452314,ir IRN,MFFW,Brighton,BRIGHTONHOVEALBION,25.0,1993,2019,10,3,311,3.5,2,0,2,2,0,0,0,0,0.58,0.0,0.58,0.58,0.58,0.0108,20,4,Squad Rotation
Ezequiel Schelotto,a6e316c1,it ITA,DFMF,Brighton,BRIGHTONHOVEALBION,30.0,1989,2019,8,4,361,4.0,0,0,0,0,0,0,2,0,0.0,0.0,0.0,0.0,0.0,0.0096,21,5,Fringe/Backup
Alexis Mac Allister,83d074ff,ar ARG,MFFW,Brighton,BRIGHTONHOVEALBION,20.0,1998,2019,9,4,352,3.9,0,0,0,0,0,0,0,0,0.0,0.0,0.0,0.0,0.0,0.0094,22,5,Fringe/Backup
Florin Andone,dc008610,ro ROU,FW,Brighton,BRIGHTONHOVEALBION,26.0,1993,2019,3,1,73,0.8,1,0,1,1,0,0,0,1,1.23,0.0,1.23,1.23,1.23,0.0031,23,5,Fringe/Backup
Jürgen Locadia,6cc47ae1,cw CUW,MF,Brighton,BRIGHTONHOVEALBION,25.0,1993,2019,2,1,86,1.0,0,0,0,0,0,0,0,0,0.0,0.0,0.0,0.0,0.0,0.0024,24,5,Fringe/Backup
Gaëtan Bong,cfd5e123,cm CMR,DF,Brighton,BRIGHTONHOVEALBION,31.0,1988,2019,4,0,59,0.7,0,0,0,0,0,0,0,0,0.0,0.0,0.0,0.0,0.0,0.0017,25,5,Fringe/Backup
Dwight McNeil,fc15fb84,eng ENG,MF,Burnley,BURNLEY,19.0,1999,2019,38,38,3338,37.1,2,6,8,2,0,0,5,0,0.05,0.16,0.22,0.05,0.22,0.0985,1,1,Talisman
James Tarkowski,15ea812b,eng ENG,DF,Burnley,BURNLEY,26.0,1992,2019,38,38,3420,38.0,2,2,4,2,0,0,10,0,0.05,0.05,0.11,0.05,0.11,0.0959,2,1,Talisman
Ashley Westwood,495945ef,eng ENG,MF,Burnley,BURNLEY,29.0,1990,2019,35,35,3150,35.0,2,6,8,2,0,0,9,0,0.06,0.17,0.23,0.06,0.23,0.0934,3,1,Talisman
Nick Pope,4b40d9ca,eng ENG,GK,Burnley,BURNLEY,27.0,1992,2019,38,38,3420,38.0,0,0,0,0,0,0,1,0,0.0,0.0,0.0,0.0,0.0,0.0909,4,1,Talisman
Chris Wood,4e9a0555,nz NZL,FW,Burnley,BURNLEY,27.0,1991,2019,32,29,2437,27.1,14,1,15,13,1,1,1,0,0.52,0.04,0.55,0.48,0.52,0.0817,5,2,Key Player
Ben Mee,8df7a2fb,eng ENG,DF,Burnley,BURNLEY,29.0,1989,2019,32,32,2880,32.0,1,1,2,1,0,0,7,0,0.03,0.03,0.06,0.03,0.06,0.0789,6,2,Key Player
Jack Cork,74e12f1e,eng ENG,MF,Burnley,BURNLEY,30.0,1989,2019,30,30,2613,29.0,0,0,0,0,0,0,1,0,0.0,0.0,0.0,0.0,0.0,0.0694,7,2,Key Player
Jay Rodriguez,4ab53cdb,eng ENG,FW,Burnley,BURNLEY,30.0,1989,2019,36,20,2016,22.4,8,1,9,7,1,1,1,0,0.36,0.04,0.4,0.31,0.36,0.0632,8,2,Key Player
Jeff Hendrick,989d5705,ie IRL,MF,Burnley,BURNLEY,27.0,1992,2019,24,22,1931,21.5,2,2,4,2,0,0,8,0,0.09,0.09,0.19,0.09,0.19,0.0563,9,3,Regular Starter
Erik Pieters,1ef37668,nl NED,DFMF,Burnley,BURNLEY,30.0,1988,2019,24,21,1878,20.9,0,4,4,0,0,0,2,0,0.0,0.19,0.19,0.0,0.19,0.0548,10,3,Regular Starter
Charlie Taylor,cc2d7ad5,eng ENG,DF,Burnley,BURNLEY,25.0,1993,2019,24,22,1945,21.6,0,1,1,0,0,0,3,0,0.0,0.05,0.05,0.0,0.05,0.053,11,3,Regular Starter
Phil Bardsley,1ae30132,sct SCO,DF,Burnley,BURNLEY,34.0,1985,2019,21,21,1890,21.0,0,1,1,0,0,0,6,0,0.0,0.05,0.05,0.0,0.05,0.0515,12,3,Regular Starter
Matthew Lowton,9a9c05db,eng ENG,DF,Burnley,BURNLEY,30.0,1989,2019,17,17,1530,17.0,0,1,1,0,0,0,2,0,0.0,0.06,0.06,0.0,0.06,0.0419,13,3,Regular Starter
Ashley Barnes,2691c772,eng ENG,FW,Burnley,BURNLEY,29.0,1989,2019,19,17,1352,15.0,6,0,6,5,1,1,4,0,0.4,0.0,0.4,0.33,0.33,0.0418,14,4,Squad Rotation
Matěj Vydra,0d4ceb32,cz CZE,FW,Burnley,BURNLEY,27.0,1992,2019,19,7,819,9.1,2,1,3,2,0,0,0,0,0.22,0.11,0.33,0.22,0.33,0.0254,15,4,Squad Rotation
Josh Brownhill,47369df8,eng ENG,MF,Burnley,BURNLEY,23.0,1995,2019,10,9,805,8.9,0,0,0,0,0,0,2,0,0.0,0.0,0.0,0.0,0.0,0.0213,16,4,Squad Rotation
Jóhann Berg Guðmundsson,f72293fc,is ISL,MF,Burnley,BURNLEY,28.0,1990,2019,12,6,621,6.9,1,1,2,1,0,0,0,0,0.14,0.14,0.29,0.14,0.29,0.0189,17,4,Squad Rotation
Robbie Brady,96bb8cc2,ie IRL,MF,Burnley,BURNLEY,27.0,1992,2019,17,5,454,5.0,1,2,3,1,0,0,1,0,0.2,0.4,0.59,0.2,0.59,0.0155,18,5,Fringe/Backup
Kevin Long,5a4280b1,ie IRL,DF,Burnley,BURNLEY,28.0,1990,2019,8,6,564,6.3,0,0,0,0,0,0,0,0,0.0,0.0,0.0,0.0,0.0,0.0151,19,5,Fringe/Backup
Aaron Lennon,2ff964a0,eng ENG,MF,Burnley,BURNLEY,32.0,1987,2019,16,4,496,5.5,0,0,0,0,0,0,4,0,0.0,0.0,0.0,0.0,0.0,0.0132,20,5,Fringe/Backup
Danny Drinkwater,2649ff32,eng ENG,MF,Burnley,BURNLEY,29.0,1990,2019,1,1,58,0.6,0,0,0,0,0,0,0,0,0.0,0.0,0.0,0.0,0.0,0.0014,21,5,Fringe/Backup
Max Thompson,fa38722f,eng ENG,FW,Burnley,BURNLEY,17.0,2002,2019,1,0,3,0.0,0,0,0,0,0,0,0,0,0.0,0.0,0.0,0.0,0.0,0.0,22,5,Fringe/Backup
César Azpilicueta,53cad200,es ESP,DFMF,Chelsea,CHELSEA,29.0,1989,2019,36,36,3229,35.9,2,6,8,2,0,0,1,0,0.06,0.17,0.22,0.06,0.22,0.0953,1,1,Talisman
Mason Mount,9674002f,eng ENG,MFFW,Chelsea,CHELSEA,20.0,1999,2019,37,32,2867,31.9,7,5,12,7,0,0,3,0,0.22,0.16,0.38,0.22,0.38,0.0908,2,1,Talisman
Willian,8b9ebd03,br BRA,FWMF,Chelsea,CHELSEA,30.0,1988,2019,36,29,2600,28.9,9,7,16,5,4,4,4,0,0.31,0.24,0.55,0.17,0.42,0.0837,3,1,Talisman
Tammy Abraham,f586779e,eng ENG,FW,Chelsea,CHELSEA,21.0,1997,2019,34,25,2215,24.6,15,3,18,15,0,0,2,0,0.61,0.12,0.73,0.61,0.73,0.0803,4,1,Talisman
Kepa Arrizabalaga,28d596a0,es ESP,GK,Chelsea,CHELSEA,24.0,1994,2019,33,33,2970,33.0,0,0,0,0,0,0,0,0,0.0,0.0,0.0,0.0,0.0,0.0789,5,1,Talisman
Jorginho,45db685d,it ITA,MF,Chelsea,CHELSEA,27.0,1991,2019,31,27,2379,26.4,4,2,6,1,3,3,10,0,0.15,0.08,0.23,0.04,0.11,0.0666,6,2,Key Player
Kurt Zouma,ce4246f5,fr FRA,DF,Chelsea,CHELSEA,24.0,1994,2019,28,25,2344,26.0,0,0,0,0,0,0,6,0,0.0,0.0,0.0,0.0,0.0,0.0622,7,2,Key Player
Christian Pulisic,1bf33a9a,us USA,FWMF,Chelsea,CHELSEA,20.0,1998,2019,25,19,1722,19.1,9,4,13,9,0,0,0,0,0.47,0.21,0.68,0.47,0.68,0.0612,8,2,Key Player
Mateo Kovačić,79c0821a,hr CRO,MF,Chelsea,CHELSEA,25.0,1994,2019,31,23,2073,23.0,1,3,4,1,0,0,8,0,0.04,0.13,0.17,0.04,0.17,0.0597,9,2,Key Player
N'Golo Kanté,b9fbae28,fr FRA,MF,Chelsea,CHELSEA,28.0,1991,2019,22,20,1732,19.2,3,0,3,3,0,0,4,0,0.16,0.0,0.16,0.16,0.16,0.0496,10,2,Key Player
Antonio Rüdiger,18b896d6,de GER,DF,Chelsea,CHELSEA,26.0,1993,2019,20,19,1710,19.0,2,0,2,2,0,0,3,0,0.11,0.0,0.11,0.11,0.11,0.048,11,3,Regular Starter
Andreas Christensen,1cb49278,dk DEN,DF,Chelsea,CHELSEA,23.0,1996,2019,21,21,1751,19.5,0,0,0,0,0,0,5,0,0.0,0.0,0.0,0.0,0.0,0.0467,12,3,Regular Starter
Marcos Alonso,f4290206,es ESP,DFMF,Chelsea,CHELSEA,28.0,1990,2019,18,15,1430,15.9,4,2,6,4,0,0,4,0,0.25,0.13,0.38,0.25,0.38,0.0453,13,3,Regular Starter
Reece James,1265a93a,eng ENG,DFMF,Chelsea,CHELSEA,19.0,1999,2019,24,16,1515,16.8,0,2,2,0,0,0,1,0,0.0,0.12,0.12,0.0,0.12,0.0426,14,3,Regular Starter
Olivier Giroud,16ceb862,fr FRA,FW,Chelsea,CHELSEA,32.0,1986,2019,18,12,993,11.0,8,0,8,8,0,0,1,0,0.73,0.0,0.73,0.73,0.73,0.0359,15,3,Regular Starter
Ross Barkley,3a24769f,eng ENG,MF,Chelsea,CHELSEA,25.0,1993,2019,21,13,1103,12.3,1,4,5,1,0,0,0,0,0.08,0.33,0.41,0.08,0.41,0.0355,16,3,Regular Starter
Fikayo Tomori,7edfbb8a,eng ENG,DF,Chelsea,CHELSEA,21.0,1997,2019,15,15,1291,14.3,1,0,1,1,0,0,3,0,0.07,0.0,0.07,0.07,0.07,0.0354,17,4,Squad Rotation
Callum Hudson-Odoi,15f3ec41,eng ENG,MFFW,Chelsea,CHELSEA,18.0,2000,2019,22,7,863,9.6,1,5,6,1,0,0,1,0,0.1,0.52,0.63,0.1,0.63,0.0302,18,4,Squad Rotation
Emerson Palmieri,e0bc6fdc,it ITA,DFMF,Chelsea,CHELSEA,24.0,1994,2019,15,13,1024,11.4,0,0,0,0,0,0,3,0,0.0,0.0,0.0,0.0,0.0,0.0273,19,4,Squad Rotation
Pedro,3ca7254a,es ESP,MFFW,Chelsea,CHELSEA,32.0,1987,2019,11,8,661,7.3,1,1,2,1,0,0,1,0,0.14,0.14,0.27,0.14,0.27,0.0198,20,4,Squad Rotation
Willy Caballero,a179d516,ar ARG,GK,Chelsea,CHELSEA,37.0,1981,2019,5,5,450,5.0,0,0,0,0,0,0,0,0,0.0,0.0,0.0,0.0,0.0,0.012,21,4,Squad Rotation
Michy Batshuayi,2973d8ff,be BEL,FW,Chelsea,CHELSEA,25.0,1993,2019,16,1,239,2.7,1,1,2,1,0,0,0,0,0.38,0.38,0.75,0.38,0.75,0.0089,22,5,Fringe/Backup
Ruben Loftus-Cheek,e97fd090,eng ENG,MFFW,Chelsea,CHELSEA,23.0,1996,2019,7,2,208,2.3,0,1,1,0,0,0,0,0,0.0,0.43,0.43,0.0,0.43,0.0067,23,5,Fringe/Backup
Billy Gilmour,df10e27c,sct SCO,MF,Chelsea,CHELSEA,18.0,2001,2019,6,2,194,2.2,0,0,0,0,0,0,0,0,0.0,0.0,0.0,0.0,0.0,0.0053,24,5,Fringe/Backup
Tariq Lamptey,f4e433d4,gh GHA,DFMF,Chelsea,CHELSEA,18.0,2000,2019,1,0,32,0.4,0,0,0,0,0,0,0,0,0.0,0.0,0.0,0.0,0.0,0.001,25,5,Fringe/Backup
Faustino Anjorin,b105919e,eng ENG,MF,Chelsea,CHELSEA,17.0,2001,2019,1,0,20,0.2,0,0,0,0,0,0,0,0,0.0,0.0,0.0,0.0,0.0,0.0005,26,5,Fringe/Backup
Armando Broja,97220da2,al ALB,FW,Chelsea,CHELSEA,17.0,2001,2019,1,0,5,0.1,0,0,0,0,0,0,0,0,0.0,0.0,0.0,0.0,0.0,0.0002,27,5,Fringe/Backup
Jordan Ayew,da052c14,gh GHA,FWMF,Crystal Palace,CRYSTALPALACE,27.0,1991,2019,37,37,3148,35.0,9,2,11,9,0,0,6,0,0.26,0.06,0.31,0.26,0.31,0.0968,1,1,Talisman
Wilfried Zaha,b2bc3b1f,ci CIV,MFFW,Crystal Palace,CRYSTALPALACE,26.0,1992,2019,38,37,3280,36.4,4,3,7,4,0,0,5,0,0.11,0.08,0.19,0.11,0.19,0.0955,2,1,Talisman
James McArthur,cee31595,sct SCO,MF,Crystal Palace,CRYSTALPALACE,31.0,1987,2019,37,37,3090,34.3,0,3,3,0,0,0,6,0,0.0,0.09,0.09,0.0,0.09,0.0859,3,1,Talisman
Vicente Guaita,ab13a5aa,es ESP,GK,Crystal Palace,CRYSTALPALACE,32.0,1987,2019,35,35,3150,35.0,0,0,0,0,0,0,1,0,0.0,0.0,0.0,0.0,0.0,0.0839,4,1,Talisman
Patrick van Aanholt,5f09991f,nl NED,DF,Crystal Palace,CRYSTALPALACE,28.0,1990,2019,29,29,2507,27.9,3,2,5,2,1,1,0,0,0.11,0.07,0.18,0.07,0.14,0.0715,5,1,Talisman
Cheikhou Kouyaté,8d3c902d,sn SEN,MF,Crystal Palace,CRYSTALPALACE,29.0,1989,2019,35,29,2528,28.1,1,1,2,1,0,0,4,0,0.04,0.04,0.07,0.04,0.07,0.0697,6,2,Key Player
Luka Milivojević,2ce2508a,rs SRB,MF,Crystal Palace,CRYSTALPALACE,28.0,1991,2019,31,28,2513,27.9,3,1,4,1,2,2,12,0,0.11,0.04,0.14,0.04,0.07,0.0692,7,2,Key Player
Joel Ward,8a7ff278,eng ENG,DF,Crystal Palace,CRYSTALPALACE,29.0,1989,2019,29,27,2382,26.5,0,0,0,0,0,0,4,0,0.0,0.0,0.0,0.0,0.0,0.0635,8,2,Key Player
Gary Cahill,7914b9fe,eng ENG,DF,Crystal Palace,CRYSTALPALACE,33.0,1985,2019,25,25,2167,24.1,0,1,1,0,0,0,1,0,0.0,0.04,0.04,0.0,0.04,0.0589,9,2,Key Player
James McCarthy,64b08de7,ie IRL,MF,Crystal Palace,CRYSTALPALACE,28.0,1990,2019,33,16,1680,18.7,0,0,0,0,0,0,9,0,0.0,0.0,0.0,0.0,0.0,0.0448,10,2,Key Player
James Tomkins,e7ca0439,eng ENG,DF,Crystal Palace,CRYSTALPALACE,30.0,1989,2019,18,18,1582,17.6,1,1,2,1,0,0,5,0,0.06,0.06,0.11,0.06,0.11,0.0445,11,3,Regular Starter
Martin Kelly,d7492450,eng ENG,DF,Crystal Palace,CRYSTALPALACE,29.0,1990,2019,19,17,1549,17.2,0,1,1,0,0,0,0,0,0.0,0.06,0.06,0.0,0.06,0.0424,12,3,Regular Starter
Christian Benteke,ab070c55,be BEL,FW,Crystal Palace,CRYSTALPALACE,28.0,1990,2019,24,13,1261,14.0,2,1,3,2,0,0,4,1,0.14,0.07,0.21,0.14,0.21,0.0371,13,3,Regular Starter
Andros Townsend,b28bbd58,eng ENG,MF,Crystal Palace,CRYSTALPALACE,28.0,1991,2019,24,14,1294,14.4,1,1,2,1,0,0,0,0,0.07,0.07,0.14,0.07,0.14,0.0369,14,3,Regular Starter
Scott Dann,52105203,eng ENG,DF,Crystal Palace,CRYSTALPALACE,32.0,1987,2019,16,14,1266,14.1,0,1,1,0,0,0,0,0,0.0,0.07,0.07,0.0,0.07,0.035,15,3,Regular Starter
Jeffrey Schlupp,3312f911,gh GHA,MF,Crystal Palace,CRYSTALPALACE,26.0,1992,2019,17,11,1036,11.5,3,1,4,3,0,0,2,0,0.26,0.09,0.35,0.26,0.35,0.0324,16,4,Squad Rotation
Mamadou Sakho,87935cf3,fr FRA,DF,Crystal Palace,CRYSTALPALACE,29.0,1990,2019,14,11,931,10.3,0,0,0,0,0,0,1,1,0.0,0.0,0.0,0.0,0.0,0.0247,17,4,Squad Rotation
Jaïro Riedewald,7a1f2c08,nl NED,DFMF,Crystal Palace,CRYSTALPALACE,22.0,1996,2019,17,7,769,8.5,0,0,0,0,0,0,0,0,0.0,0.0,0.0,0.0,0.0,0.0204,18,4,Squad Rotation
Max Meyer,eba42d2b,de GER,MFFW,Crystal Palace,CRYSTALPALACE,23.0,1995,2019,17,6,655,7.3,0,0,0,0,0,0,1,0,0.0,0.0,0.0,0.0,0.0,0.0175,19,4,Squad Rotation
Wayne Hennessey,76eca7e2,wls WAL,GK,Crystal Palace,CRYSTALPALACE,32.0,1987,2019,3,3,270,3.0,0,0,0,0,0,0,0,0,0.0,0.0,0.0,0.0,0.0,0.0072,20,4,Squad Rotation
Cenk Tosun,9a104dee,tr TUR,FW,Crystal Palace,CRYSTALPALACE,28.0,1991,2019,5,2,177,2.0,1,0,1,1,0,0,0,0,0.51,0.0,0.51,0.51,0.51,0.006,21,5,Fringe/Backup
Tyrick Mitchell,5cbd1eb0,eng ENG,DF,Crystal Palace,CRYSTALPALACE,19.0,1999,2019,4,2,195,2.2,0,0,0,0,0,0,1,0,0.0,0.0,0.0,0.0,0.0,0.0053,22,5,Fringe/Backup
Connor Wickham,41cc19c2,eng ENG,FWMF,Crystal Palace,CRYSTALPALACE,26.0,1993,2019,6,0,96,1.1,1,1,2,1,0,0,0,0,0.94,0.94,1.87,0.94,1.87,0.0051,23,5,Fringe/Backup
Brandon Pierrick,9a526299,eng ENG,MF,Crystal Palace,CRYSTALPALACE,17.0,2001,2019,2,0,15,0.2,0,0,0,0,0,0,0,0,0.0,0.0,0.0,0.0,0.0,0.0005,24,5,Fringe/Backup
Víctor Camarasa,b2d03887,es ESP,MF,Crystal Palace,CRYSTALPALACE,25.0,1994,2019,1,0,6,0.1,0,0,0,0,0,0,0,0,0.0,0.0,0.0,0.0,0.0,0.0002,25,5,Fringe/Backup
Richarlison,fa031b34,br BRA,FWMF,Everton,EVERTON,22.0,1997,2019,36,36,3070,34.1,13,3,16,13,0,0,8,0,0.38,0.09,0.47,0.38,0.47,0.101,1,1,Talisman
Jordan Pickford,4806ec67,eng ENG,GK,Everton,EVERTON,25.0,1994,2019,38,38,3420,38.0,0,0,0,0,0,0,2,0,0.0,0.0,0.0,0.0,0.0,0.0911,2,1,Talisman
Lucas Digne,1b84dbe1,fr FRA,DF,Everton,EVERTON,26.0,1993,2019,35,35,3030,33.7,0,7,7,0,0,0,6,0,0.0,0.21,0.21,0.0,0.21,0.0893,3,1,Talisman
Dominic Calvert-Lewin,59e6e5bf,eng ENG,FW,Everton,EVERTON,22.0,1997,2019,36,30,2626,29.2,13,1,14,13,0,0,9,0,0.45,0.03,0.48,0.45,0.48,0.0868,4,1,Talisman
Gylfi Sigurðsson,76dd1480,is ISL,MF,Everton,EVERTON,29.0,1989,2019,35,28,2560,28.4,2,3,5,1,1,1,3,0,0.07,0.11,0.18,0.04,0.14,0.0729,5,2,Key Player
Michael Keane,c5b7c315,eng ENG,DF,Everton,EVERTON,26.0,1993,2019,31,28,2559,28.4,2,0,2,2,0,0,3,0,0.07,0.0,0.07,0.07,0.07,0.0705,6,2,Key Player
Yerry Mina,6d5701f2,co COL,DF,Everton,EVERTON,24.0,1994,2019,29,25,2284,25.4,2,1,3,2,0,0,3,0,0.08,0.04,0.12,0.08,0.12,0.0646,7,2,Key Player
Mason Holgate,d0042ab9,jm JAM,DF,Everton,EVERTON,22.0,1996,2019,27,24,2054,22.8,0,3,3,0,0,0,5,0,0.0,0.13,0.13,0.0,0.13,0.0582,8,2,Key Player
Tom Davies,9228b07c,eng ENG,MF,Everton,EVERTON,21.0,1998,2019,30,23,2027,22.5,1,0,1,1,0,0,8,0,0.04,0.0,0.04,0.04,0.04,0.055,9,2,Key Player
Djibril Sidibé,4c5b714f,fr FRA,DFMF,Everton,EVERTON,27.0,1992,2019,25,18,1824,20.3,0,4,4,0,0,0,3,0,0.0,0.2,0.2,0.0,0.2,0.0535,10,3,Regular Starter
Séamus Coleman,0420d84f,ie IRL,DF,Everton,EVERTON,30.0,1988,2019,27,21,1839,20.4,0,1,1,0,0,0,5,1,0.0,0.05,0.05,0.0,0.05,0.0501,11,3,Regular Starter
Alex Iwobi,6ca5ec4b,ng NGA,MF,Everton,EVERTON,23.0,1996,2019,25,19,1596,17.7,1,0,1,1,0,0,0,0,0.06,0.0,0.06,0.06,0.06,0.0437,12,3,Regular Starter
Theo Walcott,1ecb65be,eng ENG,MF,Everton,EVERTON,30.0,1989,2019,25,17,1287,14.3,2,3,5,2,0,0,1,0,0.14,0.21,0.35,0.14,0.35,0.0403,13,3,Regular Starter
Bernard,ab4b3e35,br BRA,MF,Everton,EVERTON,26.0,1992,2019,27,15,1280,14.2,3,2,5,3,0,0,2,0,0.21,0.14,0.35,0.21,0.35,0.04,14,3,Regular Starter
André Gomes,1961b2aa,pt POR,MF,Everton,EVERTON,26.0,1993,2019,19,17,1458,16.2,0,1,1,0,0,0,6,0,0.0,0.06,0.06,0.0,0.06,0.04,15,4,Squad Rotation
Fabian Delph,111c3236,eng ENG,MF,Everton,EVERTON,29.0,1989,2019,16,13,1190,13.2,0,0,0,0,0,0,5,1,0.0,0.0,0.0,0.0,0.0,0.0317,16,4,Squad Rotation
Moise Kean,3d50bcdb,it ITA,FW,Everton,EVERTON,19.0,2000,2019,29,6,852,9.5,2,2,4,2,0,0,1,0,0.21,0.21,0.42,0.21,0.42,0.0276,17,4,Squad Rotation
Morgan Schneiderlin,51b41c5c,fr FRA,MF,Everton,EVERTON,29.0,1989,2019,15,12,1001,11.1,0,0,0,0,0,0,6,1,0.0,0.0,0.0,0.0,0.0,0.0266,18,4,Squad Rotation
Anthony Gordon,2bd83368,eng ENG,MF,Everton,EVERTON,18.0,2001,2019,11,4,440,4.9,0,1,1,0,0,0,0,0,0.0,0.2,0.2,0.0,0.2,0.0129,19,4,Squad Rotation
Leighton Baines,b18095b6,eng ENG,DFMF,Everton,EVERTON,34.0,1984,2019,8,4,404,4.5,0,0,0,0,0,0,0,0,0.0,0.0,0.0,0.0,0.0,0.0108,20,5,Fringe/Backup
Cenk Tosun,9a104dee,tr TUR,FW,Everton,EVERTON,28.0,1991,2019,5,2,291,3.2,1,0,1,1,0,0,0,0,0.31,0.0,0.31,0.31,0.31,0.0089,21,5,Fringe/Backup
Jarrad Branthwaite,c1949191,eng ENG,DF,Everton,EVERTON,17.0,2002,2019,4,2,300,3.3,0,0,0,0,0,0,0,0,0.0,0.0,0.0,0.0,0.0,0.0079,22,5,Fringe/Backup
Jean-Philippe Gbamin,6bd603db,ci CIV,MF,Everton,EVERTON,23.0,1995,2019,2,1,136,1.5,0,0,0,0,0,0,0,0,0.0,0.0,0.0,0.0,0.0,0.0036,23,5,Fringe/Backup
Oumar Niasse,af721f98,sn SEN,FWMF,Everton,EVERTON,29.0,1990,2019,3,0,22,0.2,0,0,0,0,0,0,0,0,0.0,0.0,0.0,0.0,0.0,0.0005,24,5,Fringe/Backup
Jamie Vardy,45963054,eng ENG,FW,Leicester City,LEICESTERCITY,32.0,1987,2019,35,34,3033,33.7,23,5,28,19,4,5,2,0,0.68,0.15,0.83,0.56,0.71,0.1094,1,1,Talisman
Jonny Evans,f8fcd2a5,nir NIR,DF,Leicester City,LEICESTERCITY,31.0,1988,2019,38,38,3383,37.6,1,1,2,1,0,0,8,1,0.03,0.03,0.05,0.03,0.05,0.0923,2,1,Talisman
Kasper Schmeichel,53af52f3,dk DEN,GK,Leicester City,LEICESTERCITY,32.0,1986,2019,38,38,3420,38.0,0,0,0,0,0,0,2,0,0.0,0.0,0.0,0.0,0.0,0.091,3,1,Talisman
Youri Tielemans,56f7a928,be BEL,MF,Leicester City,LEICESTERCITY,22.0,1997,2019,37,32,2828,31.4,3,6,9,3,0,0,2,0,0.1,0.19,0.29,0.1,0.29,0.0861,4,1,Talisman
Çağlar Söyüncü,21166ff4,tr TUR,DF,Leicester City,LEICESTERCITY,23.0,1996,2019,34,34,3036,33.7,1,1,2,1,0,0,4,1,0.03,0.03,0.06,0.03,0.06,0.0831,5,2,Key Player
James Maddison,ee38d9c5,eng ENG,MFFW,Leicester City,LEICESTERCITY,22.0,1996,2019,31,29,2624,29.2,6,3,9,6,0,0,4,0,0.21,0.1,0.31,0.21,0.31,0.0808,6,2,Key Player
Wilfred Ndidi,6b47c5db,ng NGA,MF,Leicester City,LEICESTERCITY,22.0,1996,2019,32,29,2674,29.7,2,1,3,2,0,0,6,0,0.07,0.03,0.1,0.07,0.1,0.0747,7,2,Key Player
Ricardo Pereira,75a72a99,pt POR,DF,Leicester City,LEICESTERCITY,25.0,1993,2019,28,28,2520,28.0,3,2,5,3,0,0,1,0,0.11,0.07,0.18,0.11,0.18,0.0731,8,2,Key Player
Harvey Barnes,3ea50f67,eng ENG,MF,Leicester City,LEICESTERCITY,21.0,1997,2019,36,24,2083,23.1,6,8,14,6,0,0,0,0,0.26,0.35,0.6,0.26,0.6,0.0719,9,2,Key Player
Ben Chilwell,d2424d1b,eng ENG,DF,Leicester City,LEICESTERCITY,22.0,1996,2019,27,27,2373,26.4,3,3,6,3,0,0,3,0,0.11,0.11,0.23,0.11,0.23,0.0705,10,3,Regular Starter
Ayoze Pérez,819aa8e7,es ESP,MFFW,Leicester City,LEICESTERCITY,26.0,1993,2019,33,26,2004,22.3,8,4,12,7,1,1,0,0,0.36,0.18,0.54,0.31,0.49,0.0665,11,3,Regular Starter
Kelechi Iheanacho,c92e1a31,ng NGA,FW,Leicester City,LEICESTERCITY,22.0,1996,2019,20,12,960,10.7,5,3,8,5,0,0,1,0,0.47,0.28,0.75,0.47,0.75,0.0352,12,3,Regular Starter
Dennis Praet,86695068,be BEL,MF,Leicester City,LEICESTERCITY,25.0,1994,2019,27,12,1134,12.6,1,2,3,1,0,0,2,0,0.08,0.16,0.24,0.08,0.24,0.0338,13,3,Regular Starter
James Justin,fb614c44,eng ENG,DFMF,Leicester City,LEICESTERCITY,21.0,1998,2019,13,11,1012,11.2,0,1,1,0,0,0,1,0,0.0,0.09,0.09,0.0,0.09,0.028,14,3,Regular Starter
Marc Albrighton,b827d5b3,eng ENG,MF,Leicester City,LEICESTERCITY,29.0,1989,2019,20,9,867,9.6,0,3,3,0,0,0,2,0,0.0,0.31,0.31,0.0,0.31,0.0266,15,4,Squad Rotation
Hamza Choudhury,7d2d3329,bd BAN,MF,Leicester City,LEICESTERCITY,21.0,1997,2019,20,10,893,9.9,1,1,2,1,0,0,4,1,0.1,0.1,0.2,0.1,0.2,0.0261,16,4,Squad Rotation
Demarai Gray,4468ec10,jm JAM,MF,Leicester City,LEICESTERCITY,23.0,1996,2019,21,3,622,6.9,2,3,5,2,0,1,1,0,0.29,0.43,0.72,0.29,0.72,0.0225,17,4,Squad Rotation
Christian Fuchs,a67a09fb,at AUT,DFMF,Leicester City,LEICESTERCITY,33.0,1986,2019,11,8,772,8.6,0,0,0,0,0,0,0,0,0.0,0.0,0.0,0.0,0.0,0.0206,18,4,Squad Rotation
Wes Morgan,80c31c97,jm JAM,DF,Leicester City,LEICESTERCITY,35.0,1984,2019,11,4,436,4.8,0,0,0,0,0,0,0,0,0.0,0.0,0.0,0.0,0.0,0.0115,19,4,Squad Rotation
Ryan Bennett,0bad4516,eng ENG,DF,Leicester City,LEICESTERCITY,29.0,1990,2019,5,3,331,3.7,0,0,0,0,0,0,0,0,0.0,0.0,0.0,0.0,0.0,0.0089,20,5,Fringe/Backup
Luke Thomas,fc027d02,eng ENG,MF,Leicester City,LEICESTERCITY,18.0,2001,2019,3,3,267,3.0,0,1,1,0,0,0,0,0,0.0,0.34,0.34,0.0,0.34,0.0084,21,5,Fringe/Backup
Nampalys Mendy,1598599e,sn SEN,MF,Leicester City,LEICESTERCITY,27.0,1992,2019,7,4,291,3.2,0,0,0,0,0,0,0,0,0.0,0.0,0.0,0.0,0.0,0.0077,22,5,Fringe/Backup
George Hirst,78e87179,sct SCO,FW,Leicester City,LEICESTERCITY,20.0,1999,2019,2,0,11,0.1,0,0,0,0,0,0,0,0,0.0,0.0,0.0,0.0,0.0,0.0002,23,5,Fringe/Backup
Matty James,ebd0a048,eng ENG,MF,Leicester City,LEICESTERCITY,28.0,1991,2019,1,0,6,0.1,0,0,0,0,0,0,0,0,0.0,0.0,0.0,0.0,0.0,0.0002,24,5,Fringe/Backup
Mohamed Salah,e342ad68,eg EGY,FW,Liverpool,LIVERPOOL,27.0,1992,2019,34,33,2876,32.0,19,10,29,16,3,3,1,0,0.59,0.31,0.91,0.5,0.81,0.1075,1,1,Talisman
Trent Alexander-Arnold,cd1acf9d,eng ENG,DF,Liverpool,LIVERPOOL,20.0,1998,2019,38,35,3175,35.3,4,13,17,4,0,0,5,0,0.11,0.37,0.48,0.11,0.48,0.1047,2,1,Talisman
Sadio Mané,c691bfe2,sn SEN,FW,Liverpool,LIVERPOOL,27.0,1992,2019,35,31,2747,30.5,18,7,25,18,0,0,3,0,0.59,0.23,0.82,0.59,0.82,0.1029,3,1,Talisman
Roberto Firmino,4c370d81,br BRA,FW,Liverpool,LIVERPOOL,27.0,1991,2019,38,34,2988,33.2,9,8,17,9,0,0,0,0,0.27,0.24,0.51,0.27,0.51,0.0997,4,1,Talisman
Andy Robertson,2e4f5f03,sct SCO,DF,Liverpool,LIVERPOOL,25.0,1994,2019,36,34,3111,34.6,2,12,14,2,0,0,2,0,0.06,0.35,0.41,0.06,0.41,0.0997,5,2,Key Player
Virgil van Dijk,e06683ca,nl NED,DF,Liverpool,LIVERPOOL,28.0,1991,2019,38,38,3420,38.0,5,1,6,5,0,0,1,0,0.13,0.03,0.16,0.13,0.16,0.0982,6,2,Key Player
Georginio Wijnaldum,eb58eef0,nl NED,MF,Liverpool,LIVERPOOL,28.0,1990,2019,37,35,2935,32.6,4,0,4,4,0,0,0,0,0.12,0.0,0.12,0.12,0.12,0.0827,7,2,Key Player
Jordan Henderson,935e6b8f,eng ENG,MF,Liverpool,LIVERPOOL,29.0,1990,2019,30,26,2238,24.9,4,5,9,4,0,0,2,0,0.16,0.2,0.36,0.16,0.36,0.0703,8,2,Key Player
Alisson,7a2e46a8,br BRA,GK,Liverpool,LIVERPOOL,26.0,1992,2019,29,29,2543,28.3,0,1,1,0,0,0,0,1,0.0,0.04,0.04,0.0,0.04,0.069,9,2,Key Player
Fabinho,7f3b388c,br BRA,MF,Liverpool,LIVERPOOL,25.0,1993,2019,28,22,2079,23.1,2,3,5,2,0,0,6,0,0.09,0.13,0.22,0.09,0.22,0.0613,10,3,Regular Starter
Joe Gomez,7a11550b,eng ENG,DF,Liverpool,LIVERPOOL,22.0,1997,2019,28,22,2004,22.3,0,0,0,0,0,0,7,0,0.0,0.0,0.0,0.0,0.0,0.0533,11,3,Regular Starter
Alex Oxlade-Chamberlain,38c7feef,eng ENG,MFFW,Liverpool,LIVERPOOL,25.0,1993,2019,30,17,1485,16.5,4,1,5,4,0,0,1,0,0.24,0.06,0.3,0.24,0.3,0.0454,12,3,Regular Starter
Naby Keïta,f25c8e3a,gn GUI,MF,Liverpool,LIVERPOOL,24.0,1995,2019,18,9,815,9.1,2,3,5,2,0,0,1,0,0.22,0.33,0.55,0.22,0.55,0.0278,13,3,Regular Starter
James Milner,2f90f6b8,eng ENG,MFDF,Liverpool,LIVERPOOL,33.0,1986,2019,22,9,937,10.4,2,2,4,0,2,2,4,0,0.19,0.19,0.38,0.0,0.19,0.0272,14,3,Regular Starter
Divock Origi,43a166b4,be BEL,FW,Liverpool,LIVERPOOL,24.0,1995,2019,28,7,717,8.0,4,1,5,4,0,0,1,0,0.5,0.13,0.63,0.5,0.63,0.0252,15,4,Squad Rotation
Adrián,f76e6b4e,es ESP,GK,Liverpool,LIVERPOOL,32.0,1987,2019,11,9,875,9.7,0,0,0,0,0,0,1,0,0.0,0.0,0.0,0.0,0.0,0.0232,16,4,Squad Rotation
Dejan Lovren,1a2935f6,hr CRO,DF,Liverpool,LIVERPOOL,30.0,1989,2019,10,9,777,8.6,0,1,1,0,0,0,1,0,0.0,0.12,0.12,0.0,0.12,0.0218,17,4,Squad Rotation
Joël Matip,b217ef29,cm CMR,DF,Liverpool,LIVERPOOL,27.0,1991,2019,9,8,703,7.8,1,0,1,1,0,0,0,0,0.13,0.0,0.13,0.13,0.13,0.0199,18,4,Squad Rotation
Adam Lallana,99813635,eng ENG,MF,Liverpool,LIVERPOOL,31.0,1988,2019,15,3,382,4.2,1,1,2,1,0,0,1,0,0.24,0.24,0.47,0.24,0.47,0.0124,19,4,Squad Rotation
Takumi Minamino,f833a830,jp JPN,FW,Liverpool,LIVERPOOL,24.0,1995,2019,10,2,249,2.8,0,0,0,0,0,0,0,0,0.0,0.0,0.0,0.0,0.0,0.0067,20,5,Fringe/Backup
Xherdan Shaqiri,6421ec64,ch SUI,MF,Liverpool,LIVERPOOL,27.0,1991,2019,7,2,185,2.1,1,0,1,1,0,0,0,0,0.49,0.0,0.49,0.49,0.49,0.0063,21,5,Fringe/Backup
Neco Williams,dd323728,wls WAL,DF,Liverpool,LIVERPOOL,18.0,2001,2019,6,3,230,2.6,0,0,0,0,0,0,1,0,0.0,0.0,0.0,0.0,0.0,0.0062,22,5,Fringe/Backup
Curtis Jones,4fb9c88f,eng ENG,MF,Liverpool,LIVERPOOL,18.0,2001,2019,6,1,126,1.4,1,0,1,1,0,0,0,0,0.71,0.0,0.71,0.71,0.71,0.0045,23,5,Fringe/Backup
Harvey Elliott,b9e1436c,eng ENG,FWMF,Liverpool,LIVERPOOL,16.0,2003,2019,2,0,8,0.1,0,0,0,0,0,0,0,0,0.0,0.0,0.0,0.0,0.0,0.0002,24,5,Fringe/Backup
Kevin De Bruyne,e46012d4,be BEL,MF,Manchester City,MANCHESTERCITY,28.0,1991,2019,35,32,2791,31.0,13,20,33,11,2,2,3,0,0.42,0.64,1.06,0.35,1.0,0.1116,1,1,Talisman
Raheem Sterling,b400bde0,eng ENG,FWMF,Manchester City,MANCHESTERCITY,24.0,1994,2019,33,30,2651,29.5,20,1,21,20,0,2,5,0,0.68,0.03,0.71,0.68,0.71,0.0959,2,1,Talisman
Ederson Moraes,3bb7b8b4,br BRA,GK,Manchester City,MANCHESTERCITY,25.0,1993,2019,35,35,3071,34.1,0,0,0,0,0,0,3,1,0.0,0.0,0.0,0.0,0.0,0.0818,3,1,Talisman
Gabriel Jesus,b66315ae,br BRA,FW,Manchester City,MANCHESTERCITY,22.0,1997,2019,34,21,2030,22.6,14,7,21,14,0,1,3,0,0.62,0.31,0.93,0.62,0.93,0.0795,4,1,Talisman
Riyad Mahrez,892d5bb1,dz ALG,FWMF,Manchester City,MANCHESTERCITY,28.0,1991,2019,33,21,1944,21.6,11,9,20,10,1,1,0,0,0.51,0.42,0.93,0.46,0.88,0.0746,5,2,Key Player
Rodri,6434f10d,es ESP,MF,Manchester City,MANCHESTERCITY,23.0,1996,2019,35,29,2486,27.6,3,2,5,3,0,0,8,0,0.11,0.07,0.18,0.11,0.18,0.0722,6,2,Key Player
Bernardo Silva,3eb22ec9,pt POR,FWMF,Manchester City,MANCHESTERCITY,24.0,1994,2019,34,23,2030,22.6,6,7,13,6,0,0,5,0,0.27,0.31,0.58,0.27,0.58,0.07,7,2,Key Player
Kyle Walker,86dd77d1,eng ENG,DF,Manchester City,MANCHESTERCITY,29.0,1990,2019,29,28,2392,26.6,1,4,5,1,0,0,5,0,0.04,0.15,0.19,0.04,0.19,0.0699,8,2,Key Player
David Silva,e2716bd0,es ESP,MF,Manchester City,MANCHESTERCITY,33.0,1986,2019,27,22,1826,20.3,6,10,16,6,0,0,0,0,0.3,0.49,0.79,0.3,0.79,0.068,9,2,Key Player
Fernandinho,101da2b5,br BRA,DF,Manchester City,MANCHESTERCITY,34.0,1985,2019,30,26,2397,26.6,0,1,1,0,0,0,9,2,0.0,0.04,0.04,0.0,0.04,0.0651,10,3,Regular Starter
Sergio Agüero,4d034881,ar ARG,FW,Manchester City,MANCHESTERCITY,31.0,1988,2019,24,18,1452,16.1,16,3,19,14,2,3,1,0,0.99,0.19,1.18,0.87,1.05,0.0589,11,3,Regular Starter
İlkay Gündoğan,819b3158,de GER,MF,Manchester City,MANCHESTERCITY,28.0,1990,2019,31,21,2020,22.4,2,1,3,1,1,2,7,0,0.09,0.04,0.13,0.04,0.09,0.0562,12,3,Regular Starter
Nicolás Otamendi,0d267745,ar ARG,DF,Manchester City,MANCHESTERCITY,31.0,1988,2019,24,18,1715,19.1,2,0,2,2,0,0,3,0,0.1,0.0,0.1,0.1,0.1,0.0481,13,3,Regular Starter
Benjamin Mendy,5271c8f1,fr FRA,DF,Manchester City,MANCHESTERCITY,25.0,1994,2019,19,18,1492,16.6,0,2,2,0,0,0,3,0,0.0,0.12,0.12,0.0,0.12,0.0422,14,3,Regular Starter
Oleksandr Zinchenko,51cf8561,ua UKR,DF,Manchester City,MANCHESTERCITY,22.0,1996,2019,19,13,1276,14.2,0,0,0,0,0,0,2,1,0.0,0.0,0.0,0.0,0.0,0.0341,15,4,Squad Rotation
Phil Foden,ed1e53f3,eng ENG,FWMF,Manchester City,MANCHESTERCITY,19.0,2000,2019,23,9,901,10.0,5,2,7,5,0,0,0,0,0.5,0.2,0.7,0.5,0.7,0.0324,16,4,Squad Rotation
João Cancelo,bd6351cd,pt POR,DF,Manchester City,MANCHESTERCITY,25.0,1994,2019,17,13,1208,13.4,0,0,0,0,0,0,4,0,0.0,0.0,0.0,0.0,0.0,0.0322,17,4,Squad Rotation
Aymeric Laporte,119b9a8e,es ESP,DF,Manchester City,MANCHESTERCITY,25.0,1994,2019,15,14,1097,12.2,1,0,1,1,0,0,1,0,0.08,0.0,0.08,0.08,0.08,0.0304,18,4,Squad Rotation
John Stones,5eecec3d,eng ENG,DF,Manchester City,MANCHESTERCITY,25.0,1994,2019,16,12,1122,12.5,0,0,0,0,0,0,0,0,0.0,0.0,0.0,0.0,0.0,0.03,19,4,Squad Rotation
Eric García,2bed3eab,es ESP,DF,Manchester City,MANCHESTERCITY,18.0,2001,2019,13,8,793,8.8,0,0,0,0,0,0,1,0,0.0,0.0,0.0,0.0,0.0,0.0211,20,5,Fringe/Backup
Angeliño,30941e96,es ESP,DF,Manchester City,MANCHESTERCITY,22.0,1997,2019,6,4,423,4.7,0,0,0,0,0,0,1,0,0.0,0.0,0.0,0.0,0.0,0.0113,21,5,Fringe/Backup
Claudio Bravo,10072610,cl CHI,GK,Manchester City,MANCHESTERCITY,36.0,1983,2019,4,3,347,3.9,0,0,0,0,0,0,0,0,0.0,0.0,0.0,0.0,0.0,0.0094,22,5,Fringe/Backup
Tommy Doyle,5526deb1,eng ENG,MF,Manchester City,MANCHESTERCITY,17.0,2001,2019,1,0,16,0.2,0,0,0,0,0,0,0,0,0.0,0.0,0.0,0.0,0.0,0.0005,23,5,Fringe/Backup
Leroy Sané,2b114be3,de GER,FWMF,Manchester City,MANCHESTERCITY,23.0,1996,2019,1,0,12,0.1,0,0,0,0,0,0,0,0,0.0,0.0,0.0,0.0,0.0,0.0002,24,5,Fringe/Backup
Anthony Martial,8b788c01,fr FRA,FW,Manchester Utd,MANCHESTERUNITED,23.0,1995,2019,32,31,2624,29.2,17,6,23,17,0,1,1,0,0.58,0.21,0.79,0.58,0.79,0.0974,1,1,Talisman
Harry Maguire,d8931174,eng ENG,DF,Manchester Utd,MANCHESTERUNITED,26.0,1993,2019,38,38,3420,38.0,1,1,2,1,0,0,6,0,0.03,0.03,0.05,0.03,0.05,0.0931,2,1,Talisman
Marcus Rashford,a1d5bd30,eng ENG,MFFW,Manchester Utd,MANCHESTERUNITED,21.0,1997,2019,31,31,2643,29.4,17,7,24,11,6,8,3,0,0.58,0.24,0.82,0.37,0.61,0.0917,3,1,Talisman
David de Gea,7ba6d84e,es ESP,GK,Manchester Utd,MANCHESTERUNITED,28.0,1990,2019,38,38,3420,38.0,0,0,0,0,0,0,2,0,0.0,0.0,0.0,0.0,0.0,0.0909,4,1,Talisman
Aaron Wan-Bissaka,9e525177,cd COD,DFMF,Manchester Utd,MANCHESTERUNITED,21.0,1997,2019,35,34,3070,34.1,0,4,4,0,0,0,8,0,0.0,0.12,0.12,0.0,0.12,0.0864,5,1,Talisman
Victor Lindelöf,f5deef4c,se SWE,DF,Manchester Utd,MANCHESTERUNITED,25.0,1994,2019,35,35,3092,34.4,1,0,1,1,0,0,6,0,0.03,0.0,0.03,0.03,0.03,0.0835,6,2,Key Player
Daniel James,c931d9f9,wls WAL,MFFW,Manchester Utd,MANCHESTERUNITED,21.0,1997,2019,33,26,2287,25.4,3,6,9,3,0,0,4,0,0.12,0.24,0.35,0.12,0.35,0.0714,7,2,Key Player
Fred,b853e0ad,br BRA,MF,Manchester Utd,MANCHESTERUNITED,26.0,1993,2019,29,23,2163,24.0,0,0,0,0,0,0,8,0,0.0,0.0,0.0,0.0,0.0,0.0574,8,2,Key Player
Scott McTominay,d93c2511,sct SCO,MF,Manchester Utd,MANCHESTERUNITED,22.0,1996,2019,27,20,1772,19.7,4,1,5,4,0,0,2,0,0.2,0.05,0.25,0.2,0.25,0.053,9,2,Key Player
Mason Greenwood,58eee997,eng ENG,MFFW,Manchester Utd,MANCHESTERUNITED,17.0,2001,2019,31,12,1320,14.7,10,1,11,10,0,0,0,0,0.68,0.07,0.75,0.68,0.75,0.0483,10,2,Key Player
Luke Shaw,9c94165b,eng ENG,DF,Manchester Utd,MANCHESTERUNITED,24.0,1995,2019,24,20,1733,19.3,0,0,0,0,0,0,7,0,0.0,0.0,0.0,0.0,0.0,0.0462,11,2,Key Player
Bruno Fernandes,507c7bdf,pt POR,MF,Manchester Utd,MANCHESTERUNITED,24.0,1994,2019,14,14,1186,13.2,8,7,15,4,4,4,2,0,0.61,0.53,1.14,0.3,0.83,0.0447,12,3,Regular Starter
Nemanja Matić,eb7822d7,rs SRB,MF,Manchester Utd,MANCHESTERUNITED,30.0,1988,2019,21,18,1581,17.6,0,2,2,0,0,0,3,0,0.0,0.11,0.11,0.0,0.11,0.0444,13,3,Regular Starter
Andreas Pereira,6639e500,br BRA,MF,Manchester Utd,MANCHESTERUNITED,23.0,1996,2019,25,18,1484,16.5,1,3,4,1,0,0,3,0,0.06,0.18,0.24,0.06,0.24,0.0442,14,3,Regular Starter
Paul Pogba,867239d3,fr FRA,MF,Manchester Utd,MANCHESTERUNITED,26.0,1993,2019,16,13,1204,13.4,1,3,4,1,0,1,1,0,0.07,0.22,0.3,0.07,0.3,0.0368,15,3,Regular Starter
Brandon Williams,5e74d6c8,eng ENG,DFMF,Manchester Utd,MANCHESTERUNITED,18.0,2000,2019,17,11,1006,11.2,1,0,1,1,0,0,6,0,0.09,0.0,0.09,0.09,0.09,0.028,16,3,Regular Starter
Jesse Lingard,810e3c74,eng ENG,MF,Manchester Utd,MANCHESTERUNITED,26.0,1992,2019,22,9,935,10.4,1,0,1,1,0,0,3,0,0.1,0.0,0.1,0.1,0.1,0.0261,17,3,Regular Starter
Ashley Young,be927d03,eng ENG,DFMF,Manchester Utd,MANCHESTERUNITED,34.0,1985,2019,12,10,955,10.6,0,0,0,0,0,0,5,0,0.0,0.0,0.0,0.0,0.0,0.0253,18,4,Squad Rotation
Juan Mata,29733c72,es ESP,MF,Manchester Utd,MANCHESTERUNITED,31.0,1988,2019,19,8,758,8.4,0,2,2,0,0,0,1,0,0.0,0.24,0.24,0.0,0.24,0.0225,19,4,Squad Rotation
Axel Tuanzebe,2baec6ce,cd COD,DF,Manchester Utd,MANCHESTERUNITED,21.0,1997,2019,5,2,189,2.1,0,0,0,0,0,0,0,0,0.0,0.0,0.0,0.0,0.0,0.005,20,4,Squad Rotation
Eric Bailly,a1232f4e,ci CIV,DF,Manchester Utd,MANCHESTERUNITED,25.0,1994,2019,4,1,150,1.7,0,0,0,0,0,0,0,0,0.0,0.0,0.0,0.0,0.0,0.0041,21,4,Squad Rotation
Timothy Fosu-Mensah,a9142dc3,nl NED,DF,Manchester Utd,MANCHESTERUNITED,21.0,1998,2019,3,2,136,1.5,0,0,0,0,0,0,1,0,0.0,0.0,0.0,0.0,0.0,0.0036,22,4,Squad Rotation
Phil Jones,def899bd,eng ENG,DF,Manchester Utd,MANCHESTERUNITED,27.0,1992,2019,2,2,135,1.5,0,0,0,0,0,0,0,0,0.0,0.0,0.0,0.0,0.0,0.0036,23,4,Squad Rotation
Marcos Rojo,e0991c04,ar ARG,DF,Manchester Utd,MANCHESTERUNITED,29.0,1990,2019,3,1,122,1.4,0,0,0,0,0,0,1,0,0.0,0.0,0.0,0.0,0.0,0.0033,24,5,Fringe/Backup
Odion Ighalo,03622183,ng NGA,FW,Manchester Utd,MANCHESTERUNITED,30.0,1989,2019,11,0,101,1.1,0,0,0,0,0,0,0,0,0.0,0.0,0.0,0.0,0.0,0.0026,25,5,Fringe/Backup
Diogo Dalot,d9565625,pt POR,DF,Manchester Utd,MANCHESTERUNITED,20.0,1999,2019,4,1,67,0.7,0,0,0,0,0,0,0,0,0.0,0.0,0.0,0.0,0.0,0.0017,26,5,Fringe/Backup
Tahith Chong,2696b6a9,cw CUW,FWMF,Manchester Utd,MANCHESTERUNITED,19.0,1999,2019,3,0,37,0.4,0,0,0,0,0,0,0,0,0.0,0.0,0.0,0.0,0.0,0.001,27,5,Fringe/Backup
Angel Gomes,645a3363,eng ENG,FWMF,Manchester Utd,MANCHESTERUNITED,18.0,2000,2019,2,0,21,0.2,0,0,0,0,0,0,0,0,0.0,0.0,0.0,0.0,0.0,0.0005,28,5,Fringe/Backup
James Garner,4e015693,eng ENG,MF,Manchester Utd,MANCHESTERUNITED,18.0,2001,2019,1,0,9,0.1,0,0,0,0,0,0,0,0,0.0,0.0,0.0,0.0,0.0,0.0002,29,5,Fringe/Backup
Martin Dúbravka,3a949a25,sk SVK,GK,Newcastle,NEWCASTLEUNITED,30.0,1989,2019,38,38,3420,38.0,0,0,0,0,0,0,0,0,0.0,0.0,0.0,0.0,0.0,0.0911,1,1,Talisman
Miguel Almirón,862a1c15,py PAR,MFFW,Newcastle,NEWCASTLEUNITED,25.0,1994,2019,36,35,3021,33.6,4,2,6,4,0,0,5,0,0.12,0.06,0.18,0.12,0.18,0.0878,2,1,Talisman
Joelinton,c17bfb65,br BRA,FWMF,Newcastle,NEWCASTLEUNITED,22.0,1996,2019,38,32,2683,29.8,2,2,4,2,0,0,7,0,0.07,0.07,0.13,0.07,0.13,0.0761,3,1,Talisman
Federico Fernández,f25b010f,ar ARG,DF,Newcastle,NEWCASTLEUNITED,30.0,1989,2019,32,29,2620,29.1,2,2,4,2,0,0,8,0,0.07,0.07,0.14,0.07,0.14,0.0746,4,1,Talisman
Jonjo Shelvey,3727dd3c,eng ENG,MF,Newcastle,NEWCASTLEUNITED,27.0,1992,2019,26,25,2119,23.5,6,2,8,6,0,0,3,0,0.25,0.08,0.34,0.25,0.34,0.0659,5,1,Talisman
Isaac Hayden,c951a6df,jm JAM,MF,Newcastle,NEWCASTLEUNITED,24.0,1995,2019,29,26,2223,24.7,1,2,3,1,0,0,4,1,0.04,0.08,0.12,0.04,0.12,0.0628,6,2,Key Player
Allan Saint-Maximin,2b16cb1a,fr FRA,MF,Newcastle,NEWCASTLEUNITED,22.0,1997,2019,26,23,1863,20.7,3,4,7,3,0,0,0,0,0.14,0.19,0.34,0.14,0.34,0.0581,7,2,Key Player
Jamaal Lascelles,450ab6fc,eng ENG,DF,Newcastle,NEWCASTLEUNITED,25.0,1993,2019,24,24,2076,23.1,1,0,1,1,0,0,5,0,0.04,0.0,0.04,0.04,0.04,0.0565,8,2,Key Player
Fabian Schär,c8aa95da,ch SUI,DF,Newcastle,NEWCASTLEUNITED,27.0,1991,2019,22,18,1672,18.6,2,0,2,2,0,0,5,0,0.11,0.0,0.11,0.11,0.11,0.047,9,2,Key Player
Jetro Willems,9050ddc4,nl NED,DFMF,Newcastle,NEWCASTLEUNITED,25.0,1994,2019,19,18,1493,16.6,2,2,4,2,0,0,0,0,0.12,0.12,0.24,0.12,0.24,0.0446,10,2,Key Player
Javier Manquillo,758dd7f0,es ESP,DFMF,Newcastle,NEWCASTLEUNITED,25.0,1994,2019,21,18,1599,17.8,0,1,1,0,0,0,5,0,0.0,0.06,0.06,0.0,0.06,0.0439,11,2,Key Player
Sean Longstaff,a2b105e0,eng ENG,MF,Newcastle,NEWCASTLEUNITED,21.0,1997,2019,23,14,1378,15.3,1,1,2,1,0,0,2,1,0.07,0.07,0.13,0.07,0.13,0.0391,12,3,Regular Starter
Matt Ritchie,71ef519e,sct SCO,MFDF,Newcastle,NEWCASTLEUNITED,29.0,1989,2019,18,14,1315,14.6,2,1,3,2,0,1,4,0,0.14,0.07,0.21,0.14,0.21,0.0387,13,3,Regular Starter
Ciaran Clark,2b91cf8e,ie IRL,DF,Newcastle,NEWCASTLEUNITED,29.0,1989,2019,14,14,1186,13.2,2,0,2,2,0,0,3,0,0.15,0.0,0.15,0.15,0.15,0.034,14,3,Regular Starter
Paul Dummett,3fe6bd8c,wls WAL,DF,Newcastle,NEWCASTLEUNITED,27.0,1991,2019,16,14,1228,13.6,0,0,0,0,0,0,2,0,0.0,0.0,0.0,0.0,0.0,0.0326,15,3,Regular Starter
Dwight Gayle,e58a03c6,eng ENG,FW,Newcastle,NEWCASTLEUNITED,28.0,1990,2019,20,10,850,9.4,4,2,6,4,0,0,2,0,0.42,0.21,0.64,0.42,0.64,0.0297,16,3,Regular Starter
Emil Krafth,77cf6852,se SWE,DF,Newcastle,NEWCASTLEUNITED,24.0,1994,2019,17,11,1020,11.3,0,1,1,0,0,0,0,0,0.0,0.09,0.09,0.0,0.09,0.0283,17,4,Squad Rotation
DeAndre Yedlin,ae0a7ddf,us USA,DFMF,Newcastle,NEWCASTLEUNITED,26.0,1993,2019,16,10,938,10.4,1,0,1,1,0,0,3,0,0.1,0.0,0.1,0.1,0.1,0.0262,18,4,Squad Rotation
Christian Atsu,8816329f,gh GHA,MF,Newcastle,NEWCASTLEUNITED,27.0,1992,2019,19,6,749,8.3,0,3,3,0,0,0,2,0,0.0,0.36,0.36,0.0,0.36,0.0235,19,4,Squad Rotation
Danny Rose,89d10e53,eng ENG,DF,Newcastle,NEWCASTLEUNITED,29.0,1990,2019,11,10,863,9.6,0,0,0,0,0,0,2,0,0.0,0.0,0.0,0.0,0.0,0.023,20,4,Squad Rotation
Andy Carroll,b581987a,eng ENG,FW,Newcastle,NEWCASTLEUNITED,30.0,1989,2019,19,4,632,7.0,0,4,4,0,0,0,1,0,0.0,0.57,0.57,0.0,0.57,0.0216,21,4,Squad Rotation
Nabil Bentaleb,3189f61a,dz ALG,MF,Newcastle,NEWCASTLEUNITED,24.0,1994,2019,12,8,751,8.3,0,0,0,0,0,0,2,0,0.0,0.0,0.0,0.0,0.0,0.0199,22,4,Squad Rotation
Matthew Longstaff,c0027d2d,eng ENG,MF,Newcastle,NEWCASTLEUNITED,19.0,2000,2019,9,6,575,6.4,2,0,2,2,0,0,1,0,0.31,0.0,0.31,0.31,0.31,0.0177,23,5,Fringe/Backup
Florian Lejeune,6eaed4eb,fr FRA,DF,Newcastle,NEWCASTLEUNITED,28.0,1991,2019,6,4,442,4.9,2,0,2,2,0,0,0,0,0.41,0.0,0.41,0.41,0.41,0.0142,24,5,Fringe/Backup
Valentino Lazaro,016ff750,at AUT,MFDF,Newcastle,NEWCASTLEUNITED,23.0,1996,2019,13,4,480,5.3,1,0,1,1,0,0,0,1,0.19,0.0,0.19,0.19,0.19,0.0139,25,5,Fringe/Backup
Yoshinori Mutō,5343eb4e,jp JPN,MF,Newcastle,NEWCASTLEUNITED,27.0,1992,2019,8,2,212,2.4,0,0,0,0,0,0,0,0,0.0,0.0,0.0,0.0,0.0,0.0058,26,5,Fringe/Backup
Ki Sung-yueng,1d8c99b0,kr KOR,MF,Newcastle,NEWCASTLEUNITED,30.0,1989,2019,3,1,137,1.5,0,0,0,0,0,0,0,0,0.0,0.0,0.0,0.0,0.0,0.0036,27,5,Fringe/Backup
Kelland Watts,603e4f0b,eng ENG,DF,Newcastle,NEWCASTLEUNITED,19.0,1999,2019,1,0,17,0.2,0,0,0,0,0,0,0,0,0.0,0.0,0.0,0.0,0.0,0.0005,28,5,Fringe/Backup
Teemu Pukki,0745b37d,fi FIN,FW,Norwich City,NORWICHCITY,29.0,1990,2019,36,33,2886,32.1,11,3,14,9,2,2,3,0,0.34,0.09,0.44,0.28,0.37,0.0913,1,1,Talisman
Max Aarons,774cf58b,eng ENG,DF,Norwich City,NORWICHCITY,19.0,2000,2019,36,36,3240,36.0,0,1,1,0,0,0,7,0,0.0,0.03,0.03,0.0,0.03,0.0877,2,1,Talisman
Tim Krul,f23f9d20,nl NED,GK,Norwich City,NORWICHCITY,31.0,1988,2019,36,36,3240,36.0,0,0,0,0,0,0,4,0,0.0,0.0,0.0,0.0,0.0,0.0864,3,1,Talisman
Kenny McLean,471f16b3,sct SCO,MF,Norwich City,NORWICHCITY,27.0,1992,2019,37,32,2968,33.0,1,1,2,1,0,0,5,0,0.03,0.03,0.06,0.03,0.06,0.0815,4,1,Talisman
Todd Cantwell,f63d8a4b,eng ENG,MF,Norwich City,NORWICHCITY,21.0,1998,2019,37,30,2489,27.7,6,2,8,6,0,0,6,0,0.22,0.07,0.29,0.22,0.29,0.0761,5,1,Talisman
Emi Buendía,66b76d44,ar ARG,MF,Norwich City,NORWICHCITY,22.0,1996,2019,36,28,2464,27.4,1,7,8,1,0,0,6,1,0.04,0.26,0.29,0.04,0.29,0.0753,6,1,Talisman
Ben Godfrey,9f7c837d,eng ENG,DF,Norwich City,NORWICHCITY,21.0,1998,2019,30,30,2644,29.4,0,0,0,0,0,0,3,1,0.0,0.0,0.0,0.0,0.0,0.0705,7,2,Key Player
Alexander Tettey,75566759,no NOR,MFDF,Norwich City,NORWICHCITY,33.0,1986,2019,30,28,2338,26.0,1,1,2,1,0,0,5,0,0.04,0.04,0.08,0.04,0.08,0.0649,8,2,Key Player
Jamal Lewis,efb9215a,nir NIR,DF,Norwich City,NORWICHCITY,21.0,1998,2019,28,25,2304,25.6,1,0,1,1,0,0,4,0,0.04,0.0,0.04,0.04,0.04,0.0626,9,2,Key Player
Onel Hernández,007b39a5,cu CUB,MF,Norwich City,NORWICHCITY,26.0,1993,2019,26,14,1384,15.4,1,2,3,1,0,0,0,0,0.07,0.13,0.2,0.07,0.2,0.0406,10,2,Key Player
Christoph Zimmermann,2d5f03bf,de GER,DF,Norwich City,NORWICHCITY,26.0,1993,2019,17,16,1430,15.9,0,1,1,0,0,0,3,0,0.0,0.06,0.06,0.0,0.06,0.0393,11,2,Key Player
Sam Byram,1bf811d4,eng ENG,DF,Norwich City,NORWICHCITY,25.0,1993,2019,17,15,1293,14.4,0,0,0,0,0,0,4,0,0.0,0.0,0.0,0.0,0.0,0.0345,12,2,Key Player
Grant Hanley,e9254eec,sct SCO,DF,Norwich City,NORWICHCITY,27.0,1991,2019,15,14,1262,14.0,0,0,0,0,0,0,4,0,0.0,0.0,0.0,0.0,0.0,0.0336,13,3,Regular Starter
Marco Stiepermann,b606638c,de GER,MF,Norwich City,NORWICHCITY,28.0,1991,2019,24,14,1180,13.1,0,0,0,0,0,0,6,0,0.0,0.0,0.0,0.0,0.0,0.0314,14,3,Regular Starter
Tom Trybull,552aa16c,de GER,MF,Norwich City,NORWICHCITY,26.0,1993,2019,16,14,1130,12.6,0,0,0,0,0,0,2,0,0.0,0.0,0.0,0.0,0.0,0.0302,15,3,Regular Starter
Ibrahim Amadou,9260926b,fr FRA,DFMF,Norwich City,NORWICHCITY,26.0,1993,2019,11,8,759,8.4,0,0,0,0,0,0,1,0,0.0,0.0,0.0,0.0,0.0,0.0202,16,3,Regular Starter
Ondrej Duda,79ca3e23,sk SVK,MF,Norwich City,NORWICHCITY,24.0,1994,2019,10,9,724,8.0,0,0,0,0,0,0,0,0,0.0,0.0,0.0,0.0,0.0,0.0192,17,3,Regular Starter
Josip Drmić,15ea94de,ch SUI,FW,Norwich City,NORWICHCITY,26.0,1992,2019,21,5,647,7.2,1,0,1,1,0,0,0,1,0.14,0.0,0.14,0.14,0.14,0.0185,18,3,Regular Starter
Lukas Rupp,3faa1780,de GER,MF,Norwich City,NORWICHCITY,28.0,1991,2019,12,8,695,7.7,0,0,0,0,0,0,1,0,0.0,0.0,0.0,0.0,0.0,0.0185,19,4,Squad Rotation
Moritz Leitner,9460aaed,de GER,MF,Norwich City,NORWICHCITY,26.0,1992,2019,9,7,685,7.6,0,0,0,0,0,0,1,0,0.0,0.0,0.0,0.0,0.0,0.0182,20,4,Squad Rotation
Mario Vrančić,16fa6881,ba BIH,MF,Norwich City,NORWICHCITY,30.0,1989,2019,20,6,636,7.1,1,0,1,1,0,0,3,0,0.14,0.0,0.14,0.14,0.14,0.0182,21,4,Squad Rotation
Timm Klose,5f1d07f6,ch SUI,DF,Norwich City,NORWICHCITY,31.0,1988,2019,7,7,585,6.5,0,0,0,0,0,0,0,0,0.0,0.0,0.0,0.0,0.0,0.0156,22,4,Squad Rotation
Adam Idah,291e3ec3,ie IRL,FW,Norwich City,NORWICHCITY,18.0,2001,2019,12,1,228,2.5,0,0,0,0,0,0,0,0,0.0,0.0,0.0,0.0,0.0,0.006,23,4,Squad Rotation
Michael McGovern,51a19d04,nir NIR,GK,Norwich City,NORWICHCITY,35.0,1984,2019,2,1,159,1.8,0,0,0,0,0,0,0,0,0.0,0.0,0.0,0.0,0.0,0.0043,24,4,Squad Rotation
Dennis Srbeny,1fdec858,de GER,FWMF,Norwich City,NORWICHCITY,25.0,1994,2019,8,0,47,0.5,1,0,1,1,0,0,0,0,1.91,0.0,1.91,1.91,1.91,0.0023,25,5,Fringe/Backup
Josh Martin,3f072a68,eng ENG,MF,Norwich City,NORWICHCITY,17.0,2001,2019,5,0,37,0.4,0,0,0,0,0,0,0,0,0.0,0.0,0.0,0.0,0.0,0.001,26,5,Fringe/Backup
Patrick Roberts,59d93937,eng ENG,FWMF,Norwich City,NORWICHCITY,22.0,1997,2019,3,0,26,0.3,0,0,0,0,0,0,0,0,0.0,0.0,0.0,0.0,0.0,0.0007,27,5,Fringe/Backup
Ralf Fährmann,1e43fad8,de GER,GK,Norwich City,NORWICHCITY,30.0,1988,2019,1,1,21,0.2,0,0,0,0,0,0,0,0,0.0,0.0,0.0,0.0,0.0,0.0005,28,5,Fringe/Backup
Akin Famewo,9d9a71c1,eng ENG,DF,Norwich City,NORWICHCITY,20.0,1998,2019,1,0,1,0.0,0,0,0,0,0,0,0,0,0.0,0.0,0.0,0.0,0.0,0.0,29,5,Fringe/Backup
Jordan Thomas,b547f08c,eng ENG,DF,Norwich City,NORWICHCITY,18.0,2001,2019,1,0,1,0.0,0,0,0,0,0,0,0,0,0.0,0.0,0.0,0.0,0.0,0.0,30,5,Fringe/Backup
George Baldock,394854c4,gr GRE,MF,Sheffield United,SHEFFIELDUNITED,26.0,1993,2019,38,38,3420,38.0,2,3,5,2,0,0,7,0,0.05,0.08,0.13,0.05,0.13,0.0969,1,1,Talisman
Enda Stevens,17d4507a,ie IRL,MF,Sheffield United,SHEFFIELDUNITED,29.0,1990,2019,38,38,3345,37.2,2,4,6,2,0,0,7,0,0.05,0.11,0.16,0.05,0.16,0.0962,2,1,Talisman
Chris Basham,1aa84968,eng ENG,DF,Sheffield United,SHEFFIELDUNITED,31.0,1988,2019,38,38,3242,36.0,0,1,1,0,0,0,4,0,0.0,0.03,0.03,0.0,0.03,0.0875,3,1,Talisman
John Egan,debe38a0,ie IRL,DF,Sheffield United,SHEFFIELDUNITED,26.0,1992,2019,36,36,3187,35.4,2,0,2,2,0,0,5,1,0.06,0.0,0.06,0.06,0.06,0.0873,4,1,Talisman
Dean Henderson,e5a76dfe,eng ENG,GK,Sheffield United,SHEFFIELDUNITED,22.0,1997,2019,36,36,3240,36.0,0,0,0,0,0,0,2,0,0.0,0.0,0.0,0.0,0.0,0.0862,5,1,Talisman
Oliver Norwood,43439614,nir NIR,MF,Sheffield United,SHEFFIELDUNITED,28.0,1991,2019,38,37,3090,34.3,1,1,2,0,1,1,8,0,0.03,0.03,0.06,0.0,0.03,0.0834,6,2,Key Player
Jack O'Connell,312626c1,eng ENG,DF,Sheffield United,SHEFFIELDUNITED,25.0,1994,2019,33,32,2916,32.4,0,1,1,0,0,0,4,0,0.0,0.03,0.03,0.0,0.03,0.0788,7,2,Key Player
John Fleck,b63e789d,sct SCO,MF,Sheffield United,SHEFFIELDUNITED,27.0,1991,2019,30,28,2516,28.0,5,2,7,5,0,0,8,0,0.18,0.07,0.25,0.18,0.25,0.0754,8,2,Key Player
John Lundstram,0df2b165,eng ENG,MF,Sheffield United,SHEFFIELDUNITED,25.0,1994,2019,34,26,2458,27.3,5,3,8,5,0,0,5,0,0.18,0.11,0.29,0.18,0.29,0.0749,9,2,Key Player
Oliver McBurnie,78b8ac63,sct SCO,FW,Sheffield United,SHEFFIELDUNITED,23.0,1996,2019,36,24,2113,23.5,6,0,6,6,0,0,4,0,0.26,0.0,0.26,0.26,0.26,0.0636,10,2,Key Player
David McGoldrick,dbe56a33,ie IRL,FW,Sheffield United,SHEFFIELDUNITED,31.0,1987,2019,28,22,1815,20.2,2,2,4,2,0,0,2,0,0.1,0.1,0.2,0.1,0.2,0.0532,11,3,Regular Starter
Lys Mousset,d9cfca3d,fr FRA,FW,Sheffield United,SHEFFIELDUNITED,23.0,1996,2019,30,11,1240,13.8,6,4,10,6,0,0,1,0,0.44,0.29,0.73,0.44,0.73,0.0451,12,3,Regular Starter
Billy Sharp,e8c9f4e9,eng ENG,FW,Sheffield United,SHEFFIELDUNITED,33.0,1986,2019,25,10,1051,11.7,3,2,5,3,0,0,1,1,0.26,0.17,0.43,0.26,0.43,0.034,13,3,Regular Starter
Sander Berge,d0b6129f,no NOR,MF,Sheffield United,SHEFFIELDUNITED,21.0,1998,2019,14,12,943,10.5,1,1,2,1,0,0,0,0,0.1,0.1,0.19,0.1,0.19,0.0275,14,3,Regular Starter
Callum Robinson,e75750a3,ie IRL,FW,Sheffield United,SHEFFIELDUNITED,24.0,1995,2019,16,9,676,7.5,1,1,2,1,0,0,1,0,0.13,0.13,0.27,0.13,0.27,0.0204,15,3,Regular Starter
Ben Osborn,79bc4c45,eng ENG,MF,Sheffield United,SHEFFIELDUNITED,24.0,1994,2019,13,6,594,6.6,0,0,0,0,0,0,0,0,0.0,0.0,0.0,0.0,0.0,0.0158,16,4,Squad Rotation
Jack Robinson,7399c7a8,eng ENG,DF,Sheffield United,SHEFFIELDUNITED,25.0,1993,2019,6,6,504,5.6,0,0,0,0,0,0,0,0,0.0,0.0,0.0,0.0,0.0,0.0134,17,4,Squad Rotation
Luke Freeman,636b64cd,eng ENG,MF,Sheffield United,SHEFFIELDUNITED,27.0,1992,2019,11,3,366,4.1,0,0,0,0,0,0,2,0,0.0,0.0,0.0,0.0,0.0,0.0098,18,4,Squad Rotation
Muhamed Bešić,7ca9f0f0,ba BIH,MF,Sheffield United,SHEFFIELDUNITED,26.0,1992,2019,9,2,250,2.8,0,0,0,0,0,0,2,0,0.0,0.0,0.0,0.0,0.0,0.0067,19,4,Squad Rotation
Phil Jagielka,3233eefd,eng ENG,DF,Sheffield United,SHEFFIELDUNITED,36.0,1982,2019,6,2,244,2.7,0,0,0,0,0,0,0,0,0.0,0.0,0.0,0.0,0.0,0.0065,20,4,Squad Rotation
Simon Moore,e7434f04,eng ENG,GK,Sheffield United,SHEFFIELDUNITED,29.0,1990,2019,2,2,180,2.0,0,0,0,0,0,0,0,0,0.0,0.0,0.0,0.0,0.0,0.0048,21,5,Fringe/Backup
Richairo Živković,d2d74d9c,cw CUW,FW,Sheffield United,SHEFFIELDUNITED,22.0,1996,2019,5,0,112,1.2,0,0,0,0,0,0,0,0,0.0,0.0,0.0,0.0,0.0,0.0029,22,5,Fringe/Backup
Leon Clarke,91c975a0,eng ENG,FW,Sheffield United,SHEFFIELDUNITED,34.0,1985,2019,2,0,35,0.4,0,0,0,0,0,0,0,0,0.0,0.0,0.0,0.0,0.0,0.001,23,5,Fringe/Backup
Jack Rodwell,a07579ee,eng ENG,DFMF,Sheffield United,SHEFFIELDUNITED,28.0,1991,2019,1,0,16,0.2,0,0,0,0,0,0,0,0,0.0,0.0,0.0,0.0,0.0,0.0005,24,5,Fringe/Backup
Kieron Freeman,c13c24c8,wls WAL,DFMF,Sheffield United,SHEFFIELDUNITED,27.0,1992,2019,2,0,7,0.1,0,0,0,0,0,0,0,0,0.0,0.0,0.0,0.0,0.0,0.0002,25,5,Fringe/Backup
Ravel Morrison,bf59c794,jm JAM,MF,Sheffield United,SHEFFIELDUNITED,26.0,1993,2019,1,0,13,0.1,0,0,0,0,0,0,0,0,0.0,0.0,0.0,0.0,0.0,0.0002,26,5,Fringe/Backup
Danny Ings,07802f7f,eng ENG,FW,Southampton,SOUTHAMPTON,27.0,1992,2019,38,32,2804,31.2,22,2,24,21,1,2,3,0,0.71,0.06,0.77,0.67,0.74,0.1027,1,1,Talisman
James Ward-Prowse,3515d404,eng ENG,MF,Southampton,SOUTHAMPTON,24.0,1994,2019,38,38,3420,38.0,5,3,8,4,1,3,9,0,0.13,0.08,0.21,0.11,0.18,0.0995,2,1,Talisman
Jan Bednarek,4115ce4e,pl POL,DF,Southampton,SOUTHAMPTON,23.0,1996,2019,34,34,3057,34.0,1,1,2,1,0,0,4,0,0.03,0.03,0.06,0.03,0.06,0.0841,3,1,Talisman
Nathan Redmond,ab651565,eng ENG,MFFW,Southampton,SOUTHAMPTON,25.0,1994,2019,32,32,2762,30.7,4,4,8,4,0,0,2,0,0.13,0.13,0.26,0.13,0.26,0.0833,4,1,Talisman
Ryan Bertrand,01226327,eng ENG,DFMF,Southampton,SOUTHAMPTON,29.0,1989,2019,32,31,2742,30.5,1,1,2,1,0,0,3,1,0.03,0.03,0.07,0.03,0.07,0.0758,5,1,Talisman
Pierre Højbjerg,8b04d6c1,dk DEN,MF,Southampton,SOUTHAMPTON,23.0,1995,2019,33,30,2752,30.6,0,1,1,0,0,0,5,0,0.0,0.03,0.03,0.0,0.03,0.0746,6,2,Key Player
Jack Stephens,6adbc307,eng ENG,DF,Southampton,SOUTHAMPTON,25.0,1994,2019,28,27,2451,27.2,1,3,4,1,0,0,4,1,0.04,0.11,0.15,0.04,0.15,0.0702,7,2,Key Player
Alex McCarthy,36c2ca73,eng ENG,GK,Southampton,SOUTHAMPTON,29.0,1989,2019,28,28,2520,28.0,0,0,0,0,0,0,0,0,0.0,0.0,0.0,0.0,0.0,0.0673,8,2,Key Player
Stuart Armstrong,97333cf5,sct SCO,MF,Southampton,SOUTHAMPTON,27.0,1992,2019,30,19,1715,19.1,5,3,8,5,0,0,4,0,0.26,0.16,0.42,0.26,0.42,0.0555,9,2,Key Player
Oriol Romeu,4b511457,es ESP,MF,Southampton,SOUTHAMPTON,27.0,1991,2019,30,20,1860,20.7,0,0,0,0,0,0,5,0,0.0,0.0,0.0,0.0,0.0,0.0497,10,2,Key Player
Shane Long,9f472354,ie IRL,FW,Southampton,SOUTHAMPTON,32.0,1987,2019,26,15,1395,15.5,2,2,4,2,0,0,0,0,0.13,0.13,0.26,0.13,0.26,0.0421,11,3,Regular Starter
Jannik Vestergaard,1900032e,dk DEN,DF,Southampton,SOUTHAMPTON,26.0,1992,2019,19,17,1497,16.6,1,0,1,1,0,0,3,0,0.06,0.0,0.06,0.06,0.06,0.0411,12,3,Regular Starter
Ché Adams,f2bf1b0f,sct SCO,FW,Southampton,SOUTHAMPTON,23.0,1996,2019,30,12,1111,12.3,4,2,6,4,0,0,0,0,0.32,0.16,0.49,0.32,0.49,0.0368,13,3,Regular Starter
Cédric Soares,839c14e1,pt POR,DFMF,Southampton,SOUTHAMPTON,27.0,1991,2019,16,16,1306,14.5,0,1,1,0,0,0,1,0,0.0,0.07,0.07,0.0,0.07,0.036,14,3,Regular Starter
Moussa Djenepo,254147d4,ml MLI,MFFW,Southampton,SOUTHAMPTON,21.0,1998,2019,18,10,928,10.3,2,2,4,2,0,0,4,1,0.19,0.19,0.39,0.19,0.39,0.0296,15,3,Regular Starter
Angus Gunn,e082af5b,sct SCO,GK,Southampton,SOUTHAMPTON,23.0,1996,2019,10,10,900,10.0,0,0,0,0,0,0,0,0,0.0,0.0,0.0,0.0,0.0,0.024,16,4,Squad Rotation
Michael Obafemi,caa1a7f0,ie IRL,FW,Southampton,SOUTHAMPTON,19.0,2000,2019,21,8,665,7.4,3,2,5,3,0,0,1,0,0.41,0.27,0.68,0.41,0.68,0.0238,17,4,Squad Rotation
Sofiane Boufal,b0c71810,ma MAR,MF,Southampton,SOUTHAMPTON,25.0,1993,2019,20,8,764,8.5,0,2,2,0,0,0,2,0,0.0,0.24,0.24,0.0,0.24,0.0229,18,4,Squad Rotation
Yan Valery,531a4aa8,tn TUN,DFMF,Southampton,SOUTHAMPTON,20.0,1999,2019,11,10,779,8.7,0,0,0,0,0,0,1,0,0.0,0.0,0.0,0.0,0.0,0.0209,19,4,Squad Rotation
Kyle Walker-Peters,984a5a64,eng ENG,DF,Southampton,SOUTHAMPTON,22.0,1997,2019,10,7,703,7.8,0,0,0,0,0,0,1,0,0.0,0.0,0.0,0.0,0.0,0.0187,20,4,Squad Rotation
Maya Yoshida,caffaf5a,jp JPN,DF,Southampton,SOUTHAMPTON,30.0,1988,2019,8,6,560,6.2,0,0,0,0,0,0,1,0,0.0,0.0,0.0,0.0,0.0,0.0149,21,5,Fringe/Backup
William Smallbone,5e105217,ie IRL,MF,Southampton,SOUTHAMPTON,19.0,2000,2019,9,4,393,4.4,0,2,2,0,0,0,0,0,0.0,0.46,0.46,0.0,0.46,0.013,22,5,Fringe/Backup
Kevin Danso,6e33125f,at AUT,DF,Southampton,SOUTHAMPTON,20.0,1998,2019,6,3,277,3.1,0,1,1,0,0,0,2,1,0.0,0.32,0.32,0.0,0.32,0.0086,23,5,Fringe/Backup
Jake Vokins,d484c261,eng ENG,DF,Southampton,SOUTHAMPTON,19.0,2000,2019,1,1,90,1.0,0,0,0,0,0,0,0,0,0.0,0.0,0.0,0.0,0.0,0.0024,24,5,Fringe/Backup
Nathan Tella,f1e94cd6,ng NGA,FWMF,Southampton,SOUTHAMPTON,20.0,1999,2019,1,0,3,0.0,0,0,0,0,0,0,0,0,0.0,0.0,0.0,0.0,0.0,0.0,25,5,Fringe/Backup
Son Heung-min,92e7e919,kr KOR,MFFW,Tottenham,TOTTENHAMHOTSPUR,27.0,1992,2019,30,28,2476,27.5,11,10,21,11,0,1,0,2,0.4,0.36,0.76,0.4,0.76,0.091,1,1,Talisman
Harry Kane,21a66f6a,eng ENG,FW,Tottenham,TOTTENHAMHOTSPUR,26.0,1993,2019,29,29,2587,28.7,18,2,20,16,2,2,4,0,0.63,0.07,0.7,0.56,0.63,0.0905,2,1,Talisman
Toby Alderweireld,f7d50789,be BEL,DF,Tottenham,TOTTENHAMHOTSPUR,30.0,1989,2019,33,33,2957,32.9,2,2,4,2,0,0,7,0,0.06,0.06,0.12,0.06,0.12,0.0837,3,1,Talisman
Serge Aurier,5c2b4f07,ci CIV,DFMF,Tottenham,TOTTENHAMHOTSPUR,26.0,1992,2019,33,31,2700,30.0,1,5,6,1,0,0,4,1,0.03,0.17,0.2,0.03,0.2,0.0792,4,1,Talisman
Lucas Moura,2b622f01,br BRA,MFFW,Tottenham,TOTTENHAMHOTSPUR,26.0,1992,2019,35,25,2242,24.9,4,4,8,4,0,0,3,0,0.16,0.16,0.32,0.16,0.32,0.0693,5,1,Talisman
Moussa Sissoko,2acd49b9,fr FRA,MF,Tottenham,TOTTENHAMHOTSPUR,29.0,1989,2019,29,28,2452,27.2,2,1,3,2,0,0,8,0,0.07,0.04,0.11,0.07,0.11,0.0688,6,2,Key Player
Davinson Sánchez,da7b447d,co COL,DF,Tottenham,TOTTENHAMHOTSPUR,23.0,1996,2019,29,27,2431,27.0,0,0,0,0,0,0,6,0,0.0,0.0,0.0,0.0,0.0,0.0648,7,2,Key Player
Dele Alli,cea4ee8f,eng ENG,MFFW,Tottenham,TOTTENHAMHOTSPUR,23.0,1996,2019,25,21,1847,20.5,8,4,12,7,1,1,2,0,0.39,0.19,0.58,0.34,0.54,0.0624,8,2,Key Player
Harry Winks,2f7acede,eng ENG,MF,Tottenham,TOTTENHAMHOTSPUR,23.0,1996,2019,31,26,2221,24.7,0,0,0,0,0,0,9,0,0.0,0.0,0.0,0.0,0.0,0.0592,9,2,Key Player
Hugo Lloris,8f62b6ee,fr FRA,GK,Tottenham,TOTTENHAMHOTSPUR,32.0,1986,2019,21,21,1807,20.1,0,0,0,0,0,0,0,0,0.0,0.0,0.0,0.0,0.0,0.0482,10,2,Key Player
Jan Vertonghen,ba23a904,be BEL,DF,Tottenham,TOTTENHAMHOTSPUR,32.0,1987,2019,23,19,1645,18.3,1,1,2,1,0,0,2,0,0.05,0.05,0.11,0.05,0.11,0.0463,11,2,Key Player
Paulo Gazzaniga,63d17038,ar ARG,GK,Tottenham,TOTTENHAMHOTSPUR,27.0,1992,2019,18,17,1613,17.9,0,0,0,0,0,0,1,0,0.0,0.0,0.0,0.0,0.0,0.0429,12,3,Regular Starter
Giovani Lo Celso,d7553721,ar ARG,MF,Tottenham,TOTTENHAMHOTSPUR,23.0,1996,2019,28,15,1492,16.6,0,2,2,0,0,0,6,0,0.0,0.12,0.12,0.0,0.12,0.0422,13,3,Regular Starter
Ben Davies,44781702,wls WAL,DF,Tottenham,TOTTENHAMHOTSPUR,26.0,1993,2019,18,16,1431,15.9,0,0,0,0,0,0,6,0,0.0,0.0,0.0,0.0,0.0,0.0381,14,3,Regular Starter
Eric Dier,ac861941,eng ENG,DFMF,Tottenham,TOTTENHAMHOTSPUR,25.0,1994,2019,19,15,1344,14.9,0,2,2,0,0,0,5,0,0.0,0.13,0.13,0.0,0.13,0.0381,15,3,Regular Starter
Érik Lamela,abe66106,ar ARG,MFFW,Tottenham,TOTTENHAMHOTSPUR,27.0,1992,2019,25,12,1215,13.5,2,1,3,2,0,0,3,0,0.15,0.07,0.22,0.15,0.22,0.0359,16,3,Regular Starter
Christian Eriksen,980522ec,dk DEN,MFFW,Tottenham,TOTTENHAMHOTSPUR,27.0,1992,2019,20,10,1097,12.2,2,2,4,2,0,0,5,0,0.16,0.16,0.33,0.16,0.33,0.0341,17,3,Regular Starter
Tanguy Ndombele,5cdddffa,fr FRA,MF,Tottenham,TOTTENHAMHOTSPUR,22.0,1996,2019,21,12,1009,11.2,2,2,4,2,0,0,3,0,0.18,0.18,0.36,0.18,0.36,0.0317,18,4,Squad Rotation
Danny Rose,89d10e53,eng ENG,DFMF,Tottenham,TOTTENHAMHOTSPUR,29.0,1990,2019,12,10,893,9.9,0,0,0,0,0,0,5,0,0.0,0.0,0.0,0.0,0.0,0.0237,19,4,Squad Rotation
Steven Bergwijn,a29b1131,nl NED,MFFW,Tottenham,TOTTENHAMHOTSPUR,21.0,1997,2019,14,8,704,7.8,3,1,4,3,0,0,2,0,0.38,0.13,0.51,0.38,0.51,0.0235,20,4,Squad Rotation
Japhet Tanganga,e9971f2d,eng ENG,DFMF,Tottenham,TOTTENHAMHOTSPUR,20.0,1999,2019,6,6,525,5.8,0,0,0,0,0,0,1,0,0.0,0.0,0.0,0.0,0.0,0.0139,21,4,Squad Rotation
Ryan Sessegnon,6aa3e78b,eng ENG,MFDF,Tottenham,TOTTENHAMHOTSPUR,19.0,2000,2019,6,4,342,3.8,0,0,0,0,0,0,0,0,0.0,0.0,0.0,0.0,0.0,0.0091,22,4,Squad Rotation
Kyle Walker-Peters,984a5a64,eng ENG,DF,Tottenham,TOTTENHAMHOTSPUR,22.0,1997,2019,3,3,241,2.7,0,0,0,0,0,0,0,0,0.0,0.0,0.0,0.0,0.0,0.0065,23,4,Squad Rotation
Oliver Skipp,6250083a,eng ENG,MF,Tottenham,TOTTENHAMHOTSPUR,18.0,2000,2019,7,1,77,0.9,0,0,0,0,0,0,0,0,0.0,0.0,0.0,0.0,0.0,0.0022,24,5,Fringe/Backup
Gedson Fernandes,e2dde94c,pt POR,MF,Tottenham,TOTTENHAMHOTSPUR,20.0,1999,2019,7,0,68,0.8,0,0,0,0,0,0,0,0,0.0,0.0,0.0,0.0,0.0,0.0019,25,5,Fringe/Backup
Juan Foyth,6c7762c3,ar ARG,DF,Tottenham,TOTTENHAMHOTSPUR,21.0,1998,2019,4,1,68,0.8,0,0,0,0,0,0,1,0,0.0,0.0,0.0,0.0,0.0,0.0019,26,5,Fringe/Backup
Victor Wanyama,e0900238,ke KEN,MF,Tottenham,TOTTENHAMHOTSPUR,28.0,1991,2019,2,0,25,0.3,0,0,0,0,0,0,1,0,0.0,0.0,0.0,0.0,0.0,0.0007,27,5,Fringe/Backup
Troy Parrott,4357f557,ie IRL,FW,Tottenham,TOTTENHAMHOTSPUR,17.0,2002,2019,2,0,7,0.1,0,0,0,0,0,0,0,0,0.0,0.0,0.0,0.0,0.0,0.0002,28,5,Fringe/Backup
Georges-Kévin N'Koudou,76c131da,cm CMR,FWMF,Tottenham,TOTTENHAMHOTSPUR,24.0,1995,2019,1,0,3,0.0,0,0,0,0,0,0,0,0,0.0,0.0,0.0,0.0,0.0,0.0,29,5,Fringe/Backup
Abdoulaye Doucouré,02b29014,ml MLI,MF,Watford,WATFORD,26.0,1993,2019,37,36,3156,35.1,4,2,6,4,0,0,9,0,0.11,0.06,0.17,0.11,0.17,0.0913,1,1,Talisman
Ben Foster,d0b3ceb9,eng ENG,GK,Watford,WATFORD,36.0,1983,2019,38,38,3420,38.0,0,0,0,0,0,0,1,0,0.0,0.0,0.0,0.0,0.0,0.0911,2,1,Talisman
Étienne Capoue,5acc4a10,fr FRA,MF,Watford,WATFORD,31.0,1988,2019,30,30,2627,29.2,0,3,3,0,0,0,8,0,0.0,0.1,0.1,0.0,0.1,0.0735,3,1,Talisman
Troy Deeney,82e34b69,eng ENG,FW,Watford,WATFORD,31.0,1988,2019,27,26,2225,24.7,10,2,12,5,5,6,3,0,0.4,0.08,0.49,0.2,0.28,0.0675,4,1,Talisman
Craig Cathcart,89e4b358,nir NIR,DF,Watford,WATFORD,30.0,1989,2019,29,28,2488,27.6,0,0,0,0,0,0,7,0,0.0,0.0,0.0,0.0,0.0,0.0662,5,1,Talisman
Craig Dawson,3e9e06cb,eng ENG,DF,Watford,WATFORD,29.0,1990,2019,29,26,2361,26.2,2,0,2,2,0,0,6,0,0.08,0.0,0.08,0.08,0.08,0.0654,6,2,Key Player
Gerard Deulofeu,39583cfd,es ESP,MFFW,Watford,WATFORD,25.0,1994,2019,28,25,2098,23.3,4,5,9,3,1,1,3,0,0.17,0.21,0.39,0.13,0.34,0.0654,7,2,Key Player
Ismaila Sarr,bfdb33aa,sn SEN,MF,Watford,WATFORD,21.0,1998,2019,28,22,2028,22.5,5,4,9,5,0,0,1,0,0.22,0.18,0.4,0.22,0.4,0.0648,8,2,Key Player
Will Hughes,a0666d3e,eng ENG,MF,Watford,WATFORD,24.0,1995,2019,30,27,2252,25.0,1,1,2,1,0,0,9,0,0.04,0.04,0.08,0.04,0.08,0.0624,9,2,Key Player
Christian Kabasele,914ab9a1,be BEL,DF,Watford,WATFORD,28.0,1991,2019,27,26,2250,25.0,0,2,2,0,0,0,3,2,0.0,0.08,0.08,0.0,0.08,0.0624,10,2,Key Player
Kiko Femenía,e5d01ecf,es ESP,DF,Watford,WATFORD,28.0,1991,2019,28,26,2237,24.9,0,0,0,0,0,0,5,0,0.0,0.0,0.0,0.0,0.0,0.0597,11,3,Regular Starter
Adam Masina,de0f152c,ma MAR,DF,Watford,WATFORD,25.0,1994,2019,26,20,1821,20.2,1,0,1,1,0,0,3,0,0.05,0.0,0.05,0.05,0.05,0.0497,12,3,Regular Starter
Roberto Pereyra,75f2c59f,ar ARG,MFFW,Watford,WATFORD,28.0,1991,2019,28,17,1648,18.3,3,0,3,2,1,1,4,0,0.16,0.0,0.16,0.11,0.11,0.0463,13,3,Regular Starter
Adrian Mariappa,8aa5f52c,jm JAM,DF,Watford,WATFORD,32.0,1986,2019,20,15,1513,16.8,0,0,0,0,0,0,6,1,0.0,0.0,0.0,0.0,0.0,0.0403,14,3,Regular Starter
José Holebas,12aa7661,gr GRE,DF,Watford,WATFORD,35.0,1984,2019,14,11,1025,11.4,0,0,0,0,0,0,5,0,0.0,0.0,0.0,0.0,0.0,0.0273,15,3,Regular Starter
Tom Cleverley,6cdd8245,eng ENG,MF,Watford,WATFORD,29.0,1989,2019,18,11,971,10.8,1,0,1,1,0,0,2,0,0.09,0.0,0.09,0.09,0.09,0.0271,16,4,Squad Rotation
Nathaniel Chalobah,422862ea,eng ENG,MF,Watford,WATFORD,24.0,1994,2019,22,10,930,10.3,0,1,1,0,0,0,1,0,0.0,0.1,0.1,0.0,0.1,0.0259,17,4,Squad Rotation
Danny Welbeck,ce5143da,eng ENG,FWMF,Watford,WATFORD,28.0,1990,2019,18,8,822,9.1,2,0,2,2,0,0,0,0,0.22,0.0,0.22,0.22,0.22,0.0242,18,4,Squad Rotation
Andre Gray,c24dba2a,jm JAM,FW,Watford,WATFORD,28.0,1991,2019,23,7,755,8.4,2,0,2,2,0,0,1,0,0.24,0.0,0.24,0.24,0.24,0.0226,19,4,Squad Rotation
Daryl Janmaat,45da6694,nl NED,DFMF,Watford,WATFORD,30.0,1989,2019,8,7,607,6.7,0,1,1,0,0,0,1,0,0.0,0.15,0.15,0.0,0.15,0.0173,20,4,Squad Rotation
Ignacio Pussetto,62437b4f,ar ARG,FWMF,Watford,WATFORD,23.0,1995,2019,7,0,74,0.8,0,0,0,0,0,0,1,0,0.0,0.0,0.0,0.0,0.0,0.0019,21,5,Fringe/Backup
Isaac Success,f573a8bf,ng NGA,FWMF,Watford,WATFORD,23.0,1996,2019,5,0,70,0.8,0,0,0,0,0,0,1,0,0.0,0.0,0.0,0.0,0.0,0.0019,22,5,Fringe/Backup
Dimitri Foulquier,45e17712,fr FRA,MF,Watford,WATFORD,26.0,1993,2019,3,1,59,0.7,0,0,0,0,0,0,0,0,0.0,0.0,0.0,0.0,0.0,0.0017,23,5,Fringe/Backup
Sebastian Prödl,f5e6d08d,at AUT,DF,Watford,WATFORD,32.0,1987,2019,1,1,56,0.6,0,0,0,0,0,0,0,0,0.0,0.0,0.0,0.0,0.0,0.0014,24,5,Fringe/Backup
João Pedro,e8832875,br BRA,FWMF,Watford,WATFORD,17.0,2001,2019,3,0,25,0.3,0,0,0,0,0,0,0,0,0.0,0.0,0.0,0.0,0.0,0.0007,25,5,Fringe/Backup
Domingos Quina,41fb0f4e,pt POR,MF,Watford,WATFORD,19.0,1999,2019,4,0,22,0.2,0,0,0,0,0,0,0,0,0.0,0.0,0.0,0.0,0.0,0.0005,26,5,Fringe/Backup
Declan Rice,1c7012b8,eng ENG,MF,West Ham,WESTHAMUNITED,20.0,1999,2019,38,38,3420,38.0,1,3,4,1,0,0,6,0,0.03,0.08,0.11,0.03,0.11,0.096,1,1,Talisman
Issa Diop,a712ca2b,ma MAR,DF,West Ham,WESTHAMUNITED,22.0,1997,2019,32,31,2766,30.7,3,1,4,3,0,0,8,0,0.1,0.03,0.13,0.1,0.13,0.0783,2,1,Talisman
Angelo Ogbonna,74b2cd7e,it ITA,DF,West Ham,WESTHAMUNITED,31.0,1988,2019,31,31,2786,31.0,2,0,2,2,0,0,4,0,0.06,0.0,0.06,0.06,0.06,0.0764,3,1,Talisman
Aaron Cresswell,4f974391,eng ENG,DF,West Ham,WESTHAMUNITED,29.0,1989,2019,31,31,2727,30.3,3,0,3,3,0,0,7,0,0.1,0.0,0.1,0.1,0.1,0.0762,4,1,Talisman
Mark Noble,ff527768,eng ENG,MF,West Ham,WESTHAMUNITED,32.0,1987,2019,33,32,2674,29.7,4,3,7,1,3,3,5,0,0.13,0.1,0.24,0.03,0.13,0.0757,5,1,Talisman
Sébastien Haller,ba115a40,ci CIV,FW,West Ham,WESTHAMUNITED,25.0,1994,2019,32,24,2266,25.2,7,1,8,7,0,0,1,0,0.28,0.04,0.32,0.28,0.32,0.07,6,2,Key Player
Pablo Fornals,82927de4,es ESP,MF,West Ham,WESTHAMUNITED,23.0,1996,2019,36,24,2172,24.1,2,5,7,2,0,0,3,0,0.08,0.21,0.29,0.08,0.29,0.0661,7,2,Key Player
Ryan Fredericks,c067631c,eng ENG,DF,West Ham,WESTHAMUNITED,26.0,1992,2019,27,25,2237,24.9,0,3,3,0,0,0,7,0,0.0,0.12,0.12,0.0,0.12,0.0632,8,2,Key Player
Michail Antonio,ac05f970,jm JAM,FWMF,West Ham,WESTHAMUNITED,29.0,1990,2019,24,19,1768,19.6,10,3,13,9,1,1,3,0,0.51,0.15,0.66,0.46,0.61,0.0612,9,2,Key Player
Łukasz Fabiański,9328b835,pl POL,GK,West Ham,WESTHAMUNITED,34.0,1985,2019,25,25,2117,23.5,0,0,0,0,0,0,1,0,0.0,0.0,0.0,0.0,0.0,0.0563,10,2,Key Player
Robert Snodgrass,9f4647e9,sct SCO,MF,West Ham,WESTHAMUNITED,31.0,1987,2019,24,17,1509,16.8,5,5,10,5,0,0,4,0,0.3,0.3,0.6,0.3,0.6,0.0523,11,2,Key Player
Felipe Anderson,9f1893b9,br BRA,MF,West Ham,WESTHAMUNITED,26.0,1993,2019,25,20,1497,16.6,1,4,5,1,0,0,1,0,0.06,0.24,0.3,0.06,0.3,0.0457,12,3,Regular Starter
Manuel Lanzini,26f6dca8,ar ARG,MF,West Ham,WESTHAMUNITED,26.0,1993,2019,24,14,1379,15.3,0,2,2,0,0,0,1,0,0.0,0.13,0.13,0.0,0.13,0.039,13,3,Regular Starter
Andriy Yarmolenko,849c826a,ua UKR,MF,West Ham,WESTHAMUNITED,29.0,1989,2019,23,10,991,11.0,5,1,6,5,0,0,2,0,0.45,0.09,0.54,0.45,0.54,0.0334,14,3,Regular Starter
Fabián Balbuena,3626f7d9,py PAR,DF,West Ham,WESTHAMUNITED,27.0,1991,2019,17,13,1177,13.1,1,0,1,1,0,0,2,0,0.08,0.0,0.08,0.08,0.08,0.0326,15,3,Regular Starter
Tomáš Souček,6613c819,cz CZE,MF,West Ham,WESTHAMUNITED,24.0,1995,2019,13,12,1040,11.6,3,0,3,3,0,0,0,0,0.26,0.0,0.26,0.26,0.26,0.0314,16,3,Regular Starter
Jarrod Bowen,79c84d1c,eng ENG,MF,West Ham,WESTHAMUNITED,22.0,1996,2019,13,11,917,10.2,1,4,5,1,0,0,0,0,0.1,0.39,0.49,0.1,0.49,0.0304,17,3,Regular Starter
Arthur Masuaku,57df7a11,cd COD,DFMF,West Ham,WESTHAMUNITED,25.0,1993,2019,17,10,937,10.4,0,1,1,0,0,0,6,1,0.0,0.1,0.1,0.0,0.1,0.0261,18,4,Squad Rotation
Roberto,ba3ca78f,es ESP,GK,West Ham,WESTHAMUNITED,33.0,1986,2019,8,7,687,7.6,0,0,0,0,0,0,0,0,0.0,0.0,0.0,0.0,0.0,0.0182,19,4,Squad Rotation
Pablo Zabaleta,6813ac34,ar ARG,DFMF,West Ham,WESTHAMUNITED,34.0,1985,2019,10,6,592,6.6,0,0,0,0,0,0,2,0,0.0,0.0,0.0,0.0,0.0,0.0158,20,4,Squad Rotation
Jeremy Ngakia,3631ad41,,DF,West Ham,WESTHAMUNITED,18.0,2000,2019,5,5,440,4.9,0,0,0,0,0,0,0,0,0.0,0.0,0.0,0.0,0.0,0.0117,21,4,Squad Rotation
David Martin,07666c20,eng ENG,GK,West Ham,WESTHAMUNITED,33.0,1986,2019,5,4,436,4.8,0,0,0,0,0,0,1,0,0.0,0.0,0.0,0.0,0.0,0.0115,22,4,Squad Rotation
Ben Johnson,9319781b,eng ENG,DF,West Ham,WESTHAMUNITED,19.0,2000,2019,3,3,270,3.0,0,0,0,0,0,0,0,0,0.0,0.0,0.0,0.0,0.0,0.0072,23,4,Squad Rotation
Jack Wilshere,9c318325,eng ENG,MF,West Ham,WESTHAMUNITED,27.0,1992,2019,8,2,215,2.4,0,0,0,0,0,0,0,0,0.0,0.0,0.0,0.0,0.0,0.0057,24,5,Fringe/Backup
Darren Randolph,6385ebfb,ie IRL,GK,West Ham,WESTHAMUNITED,32.0,1987,2019,2,2,180,2.0,0,0,0,0,0,0,0,0,0.0,0.0,0.0,0.0,0.0,0.0048,25,5,Fringe/Backup
Javier Hernández,189cee7b,mx MEX,FW,West Ham,WESTHAMUNITED,31.0,1988,2019,2,1,107,1.2,1,0,1,1,0,0,0,0,0.84,0.0,0.84,0.84,0.84,0.0041,26,5,Fringe/Backup
Albian Ajeti,2b1c4abd,ch SUI,FW,West Ham,WESTHAMUNITED,22.0,1997,2019,9,0,139,1.5,0,0,0,0,0,0,0,0,0.0,0.0,0.0,0.0,0.0,0.0036,27,5,Fringe/Backup
Carlos Sánchez,50b51fac,co COL,MF,West Ham,WESTHAMUNITED,33.0,1986,2019,6,1,117,1.3,0,0,0,0,0,0,0,0,0.0,0.0,0.0,0.0,0.0,0.0031,28,5,Fringe/Backup
Nathan Holland,45ab2170,eng ENG,FWMF,West Ham,WESTHAMUNITED,21.0,1998,2019,2,0,33,0.4,0,0,0,0,0,0,0,0,0.0,0.0,0.0,0.0,0.0,0.001,29,5,Fringe/Backup
Raúl Jiménez,b561db50,mx MEX,FW,Wolves,WOLVERHAMPTONWANDERERS,28.0,1991,2019,38,37,3236,36.0,17,6,23,13,4,4,3,0,0.47,0.17,0.64,0.36,0.53,0.109,1,1,Talisman
Conor Coady,2928dca2,eng ENG,DF,Wolves,WOLVERHAMPTONWANDERERS,26.0,1993,2019,38,38,3420,38.0,0,0,0,0,0,0,5,0,0.0,0.0,0.0,0.0,0.0,0.091,2,1,Talisman
Rui Patrício,79b0d6a0,pt POR,GK,Wolves,WOLVERHAMPTONWANDERERS,31.0,1988,2019,38,38,3420,38.0,0,0,0,0,0,0,0,0,0.0,0.0,0.0,0.0,0.0,0.091,3,1,Talisman
João Moutinho,f5a00fa4,pt POR,MF,Wolves,WOLVERHAMPTONWANDERERS,32.0,1986,2019,38,34,3108,34.5,1,6,7,1,0,0,7,0,0.03,0.17,0.2,0.03,0.2,0.0908,4,1,Talisman
Rúben Neves,44bfb6c5,pt POR,MF,Wolves,WOLVERHAMPTONWANDERERS,22.0,1997,2019,38,35,3056,34.0,2,2,4,2,0,0,9,0,0.06,0.06,0.12,0.06,0.12,0.0863,5,2,Key Player
Adama Traoré,9a28eba4,es ESP,FWMF,Wolves,WOLVERHAMPTONWANDERERS,23.0,1996,2019,37,27,2605,28.9,4,9,13,4,0,0,1,0,0.14,0.31,0.45,0.14,0.45,0.0847,6,2,Key Player
Matt Doherty,d557d734,ie IRL,MF,Wolves,WOLVERHAMPTONWANDERERS,27.0,1992,2019,36,32,2839,31.5,4,3,7,4,0,0,1,0,0.13,0.1,0.22,0.13,0.22,0.0837,7,2,Key Player
Jonny Castro,e28868f3,es ESP,MF,Wolves,WOLVERHAMPTONWANDERERS,25.0,1994,2019,35,33,2887,32.1,2,2,4,2,0,0,4,0,0.06,0.06,0.12,0.06,0.12,0.0814,8,2,Key Player
Leander Dendoncker,5a7301ae,be BEL,MFDF,Wolves,WOLVERHAMPTONWANDERERS,24.0,1995,2019,38,32,2795,31.1,4,0,4,4,0,0,5,0,0.13,0.0,0.13,0.13,0.13,0.0793,9,3,Regular Starter
Romain Saïss,9fbbcf39,ma MAR,DF,Wolves,WOLVERHAMPTONWANDERERS,29.0,1990,2019,33,31,2705,30.1,2,1,3,2,0,0,12,1,0.07,0.03,0.1,0.07,0.1,0.0756,10,3,Regular Starter
Diogo Jota,178ae8f8,pt POR,FW,Wolves,WOLVERHAMPTONWANDERERS,22.0,1996,2019,34,27,2284,25.4,7,1,8,7,0,0,4,0,0.28,0.04,0.32,0.28,0.32,0.0705,11,3,Regular Starter
Willy Boly,a4ac4b8f,ci CIV,DF,Wolves,WOLVERHAMPTONWANDERERS,28.0,1991,2019,22,22,1979,22.0,0,1,1,0,0,0,3,1,0.0,0.05,0.05,0.0,0.05,0.054,12,3,Regular Starter
Pedro Neto,7ba2eaa9,pt POR,FWMF,Wolves,WOLVERHAMPTONWANDERERS,19.0,2000,2019,29,9,939,10.4,3,3,6,3,0,0,3,0,0.29,0.29,0.58,0.29,0.58,0.0321,13,4,Squad Rotation
Rúben Vinagre,b937e490,pt POR,MF,Wolves,WOLVERHAMPTONWANDERERS,20.0,1999,2019,16,6,652,7.2,0,0,0,0,0,0,1,0,0.0,0.0,0.0,0.0,0.0,0.0172,14,4,Squad Rotation
Ryan Bennett,0bad4516,eng ENG,DF,Wolves,WOLVERHAMPTONWANDERERS,29.0,1990,2019,11,7,606,6.7,0,0,0,0,0,0,2,0,0.0,0.0,0.0,0.0,0.0,0.016,15,4,Squad Rotation
Patrick Cutrone,a4fe8cda,it ITA,FW,Wolves,WOLVERHAMPTONWANDERERS,21.0,1998,2019,12,3,297,3.3,2,0,2,2,0,0,0,0,0.61,0.0,0.61,0.61,0.61,0.0103,16,4,Squad Rotation
Daniel Podence,7fcc71d8,pt POR,FW,Wolves,WOLVERHAMPTONWANDERERS,23.0,1995,2019,9,3,289,3.2,1,0,1,1,0,0,0,0,0.31,0.0,0.31,0.31,0.31,0.0088,17,5,Fringe/Backup
Max Kilman,d0f72bf1,eng ENG,DF,Wolves,WOLVERHAMPTONWANDERERS,22.0,1997,2019,3,2,185,2.1,0,0,0,0,0,0,0,0,0.0,0.0,0.0,0.0,0.0,0.005,18,5,Fringe/Backup
Jesús Vallejo,c2111b45,es ESP,DF,Wolves,WOLVERHAMPTONWANDERERS,22.0,1997,2019,2,1,163,1.8,0,0,0,0,0,0,1,0,0.0,0.0,0.0,0.0,0.0,0.0043,19,5,Fringe/Backup
Morgan Gibbs-White,32f60ed8,eng ENG,MF,Wolves,WOLVERHAMPTONWANDERERS,19.0,2000,2019,7,1,129,1.4,0,0,0,0,0,0,0,0,0.0,0.0,0.0,0.0,0.0,0.0034,20,5,Fringe/Backup
Bruno Jordão,41ff002d,pt POR,MF,Wolves,WOLVERHAMPTONWANDERERS,20.0,1998,2019,1,0,7,0.1,0,0,0,0,0,0,0,0,0.0,0.0,0.0,0.0,0.0,0.0002,21,5,Fringe/Backup
Bernd Leno,2628fd2b,de GER,GK,Arsenal,ARSENAL,28.0,1992,2020,35,35,3131,34.8,0,0,0,0,0,0,0,1,0.0,0.0,0.0,0.0,0.0,0.0837,1,1,Talisman
Bukayo Saka,bc7dc64d,eng ENG,MF,Arsenal,ARSENAL,18.0,2001,2020,32,30,2553,28.4,5,3,8,5,0,0,1,0,0.18,0.11,0.28,0.18,0.28,0.0778,2,1,Talisman
Pierre-Emerick Aubameyang,d5dd5f1f,ga GAB,FWMF,Arsenal,ARSENAL,31.0,1989,2020,29,26,2332,25.9,10,3,13,8,2,2,2,0,0.39,0.12,0.5,0.31,0.42,0.0753,3,1,Talisman
Granit Xhaka,e61b8aee,ch SUI,MFDF,Arsenal,ARSENAL,27.0,1992,2020,31,29,2522,28.0,1,2,3,1,0,0,7,1,0.04,0.07,0.11,0.04,0.11,0.071,4,1,Talisman
Rob Holding,d79a8c87,eng ENG,DF,Arsenal,ARSENAL,24.0,1995,2020,30,28,2558,28.4,0,1,1,0,0,0,2,0,0.0,0.04,0.04,0.0,0.04,0.0696,5,1,Talisman
Kieran Tierney,fce2302c,sct SCO,DF,Arsenal,ARSENAL,23.0,1997,2020,27,26,2299,25.5,1,3,4,1,0,0,4,0,0.04,0.12,0.16,0.04,0.16,0.0662,6,2,Key Player
Alexandre Lacazette,9dbb75ca,fr FRA,FW,Arsenal,ARSENAL,29.0,1991,2020,31,22,1923,21.4,13,2,15,10,3,3,3,0,0.61,0.09,0.7,0.47,0.56,0.0658,7,2,Key Player
Héctor Bellerín,f874dd44,es ESP,DFMF,Arsenal,ARSENAL,25.0,1995,2020,25,24,2089,23.2,1,2,3,1,0,0,8,0,0.04,0.09,0.13,0.04,0.13,0.0594,8,2,Key Player
Gabriel Magalhães,67ac5bb8,br BRA,DF,Arsenal,ARSENAL,22.0,1997,2020,23,22,1996,22.2,2,0,2,2,0,0,4,1,0.09,0.0,0.09,0.09,0.09,0.0558,9,2,Key Player
Nicolas Pépé,57e3f0c7,ci CIV,MFFW,Arsenal,ARSENAL,25.0,1995,2020,29,16,1616,18.0,10,1,11,9,1,1,1,1,0.56,0.06,0.61,0.5,0.56,0.0554,10,2,Key Player
Dani Ceballos,c0617e2b,es ESP,MF,Arsenal,ARSENAL,23.0,1996,2020,25,17,1615,17.9,0,3,3,0,0,0,4,0,0.0,0.17,0.17,0.0,0.17,0.0467,11,2,Key Player
Emile Smith Rowe,17695062,eng ENG,MF,Arsenal,ARSENAL,20.0,2000,2020,20,18,1440,16.0,2,4,6,2,0,0,0,0,0.12,0.25,0.37,0.12,0.37,0.0456,12,3,Regular Starter
Willian,8b9ebd03,br BRA,MFFW,Arsenal,ARSENAL,31.0,1988,2020,25,16,1406,15.6,1,5,6,1,0,0,0,0,0.06,0.32,0.38,0.06,0.38,0.0446,13,3,Regular Starter
Thomas Partey,529f49ab,gh GHA,MF,Arsenal,ARSENAL,27.0,1993,2020,24,18,1534,17.0,0,2,2,0,0,0,5,0,0.0,0.12,0.12,0.0,0.12,0.0433,14,3,Regular Starter
Mohamed Elneny,47a34c4f,eg EGY,MF,Arsenal,ARSENAL,28.0,1992,2020,23,17,1544,17.2,1,0,1,1,0,0,3,0,0.06,0.0,0.06,0.06,0.06,0.0426,15,3,Regular Starter
David Luiz,c0e27d1a,br BRA,DF,Arsenal,ARSENAL,33.0,1987,2020,20,17,1396,15.5,1,0,1,1,0,0,1,1,0.06,0.0,0.06,0.06,0.06,0.0384,16,3,Regular Starter
Martin Ødegaard,79300479,no NOR,MF,Arsenal,ARSENAL,21.0,1998,2020,14,9,866,9.6,1,2,3,1,0,0,0,0,0.1,0.21,0.31,0.1,0.31,0.0267,17,3,Regular Starter
Pablo Marí,aa54ec6f,es ESP,DF,Arsenal,ARSENAL,26.0,1993,2020,10,10,900,10.0,0,0,0,0,0,0,2,0,0.0,0.0,0.0,0.0,0.0,0.024,18,4,Squad Rotation
Calum Chambers,dc6f5bdd,eng ENG,DF,Arsenal,ARSENAL,25.0,1995,2020,10,8,753,8.4,0,2,2,0,0,0,0,0,0.0,0.24,0.24,0.0,0.24,0.0226,19,4,Squad Rotation
Cédric Soares,839c14e1,pt POR,DF,Arsenal,ARSENAL,28.0,1991,2020,10,8,746,8.3,0,1,1,0,0,0,1,0,0.0,0.12,0.12,0.0,0.12,0.0211,20,4,Squad Rotation
Gabriel Martinelli,48a5a5d6,br BRA,MFFW,Arsenal,ARSENAL,19.0,2001,2020,14,7,589,6.5,2,1,3,2,0,0,0,0,0.31,0.15,0.46,0.31,0.46,0.0192,21,4,Squad Rotation
Eddie Nketiah,a53649b7,eng ENG,FW,Arsenal,ARSENAL,21.0,1999,2020,17,4,423,4.7,2,1,3,2,0,0,0,0,0.43,0.21,0.64,0.43,0.64,0.0149,22,4,Squad Rotation
Ainsley Maitland-Niles,e3a5814e,eng ENG,MFDF,Arsenal,ARSENAL,22.0,1997,2020,11,5,490,5.4,0,0,0,0,0,0,0,0,0.0,0.0,0.0,0.0,0.0,0.013,23,4,Squad Rotation
Mathew Ryan,4535e4bb,au AUS,GK,Arsenal,ARSENAL,28.0,1992,2020,3,3,270,3.0,0,0,0,0,0,0,0,0,0.0,0.0,0.0,0.0,0.0,0.0072,24,5,Fringe/Backup
Joe Willock,a3b03921,eng ENG,MF,Arsenal,ARSENAL,20.0,1999,2020,7,2,238,2.6,0,0,0,0,0,0,1,0,0.0,0.0,0.0,0.0,0.0,0.0062,25,5,Fringe/Backup
Sead Kolašinac,3935e52e,ba BIH,DF,Arsenal,ARSENAL,27.0,1993,2020,1,1,90,1.0,0,0,0,0,0,0,0,0,0.0,0.0,0.0,0.0,0.0,0.0024,26,5,Fringe/Backup
Reiss Nelson,c5bdb6e3,eng ENG,FWMF,Arsenal,ARSENAL,20.0,1999,2020,2,0,71,0.8,0,0,0,0,0,0,0,0,0.0,0.0,0.0,0.0,0.0,0.0019,27,5,Fringe/Backup
Shkodran Mustafi,3f2d59fe,de GER,DF,Arsenal,ARSENAL,28.0,1992,2020,3,0,47,0.5,0,0,0,0,0,0,0,0,0.0,0.0,0.0,0.0,0.0,0.0012,28,5,Fringe/Backup
Rúnar Alex Rúnarsson,8fa8f8d2,is ISL,GK,Arsenal,ARSENAL,25.0,1995,2020,1,0,16,0.2,0,0,0,0,0,0,0,0,0.0,0.0,0.0,0.0,0.0,0.0005,29,5,Fringe/Backup
Ollie Watkins,aed3a70f,eng ENG,FW,Aston Villa,ASTONVILLA,24.0,1995,2020,37,37,3328,37.0,14,5,19,13,1,2,4,1,0.38,0.14,0.51,0.35,0.49,0.1104,1,1,Talisman
John McGinn,90f91999,sct SCO,MF,Aston Villa,ASTONVILLA,25.0,1994,2020,37,37,3330,37.0,3,5,8,3,0,0,12,0,0.08,0.14,0.22,0.08,0.22,0.0985,2,1,Talisman
Matt Targett,e514ab62,eng ENG,DF,Aston Villa,ASTONVILLA,24.0,1995,2020,38,38,3404,37.8,0,2,2,0,0,0,7,0,0.0,0.05,0.05,0.0,0.05,0.0929,3,1,Talisman
Emiliano Martínez,7956236f,ar ARG,GK,Aston Villa,ASTONVILLA,27.0,1992,2020,38,38,3420,38.0,0,0,0,0,0,0,1,0,0.0,0.0,0.0,0.0,0.0,0.0911,4,1,Talisman
Tyrone Mings,8397a50c,eng ENG,DF,Aston Villa,ASTONVILLA,27.0,1993,2020,36,36,3194,35.5,2,2,4,2,0,0,6,1,0.06,0.06,0.11,0.06,0.11,0.0898,5,2,Key Player
Ezri Konsa,0313a347,eng ENG,DF,Aston Villa,ASTONVILLA,22.0,1997,2020,36,35,3196,35.5,2,0,2,2,0,0,3,0,0.06,0.0,0.06,0.06,0.06,0.0877,6,2,Key Player
Jack Grealish,b0b4fd3e,eng ENG,MFFW,Aston Villa,ASTONVILLA,24.0,1995,2020,26,24,2185,24.3,6,10,16,6,0,0,6,0,0.25,0.41,0.66,0.25,0.66,0.0775,7,2,Key Player
Bertrand Traoré,c47541e0,bf BFA,MFFW,Aston Villa,ASTONVILLA,24.0,1995,2020,36,29,2317,25.7,7,6,13,7,0,0,1,0,0.27,0.23,0.5,0.27,0.5,0.077,8,2,Key Player
Douglas Luiz,6f7d826d,br BRA,MF,Aston Villa,ASTONVILLA,22.0,1998,2020,33,32,2781,30.9,0,2,2,0,0,0,10,1,0.0,0.06,0.06,0.0,0.06,0.0763,9,2,Key Player
Matty Cash,2389cdc2,pl POL,DF,Aston Villa,ASTONVILLA,22.0,1997,2020,28,28,2372,26.4,0,2,2,0,0,0,8,1,0.0,0.08,0.08,0.0,0.08,0.0658,10,3,Regular Starter
Anwar El Ghazi,ffa90327,nl NED,MFFW,Aston Villa,ASTONVILLA,25.0,1995,2020,28,17,1613,17.9,10,0,10,6,4,4,2,0,0.56,0.0,0.56,0.33,0.33,0.05,11,3,Regular Starter
Ross Barkley,3a24769f,eng ENG,MF,Aston Villa,ASTONVILLA,26.0,1993,2020,24,18,1531,17.0,3,1,4,3,0,0,0,0,0.18,0.06,0.24,0.18,0.24,0.0456,12,3,Regular Starter
Trézéguet,3ae14ed1,eg EGY,MFFW,Aston Villa,ASTONVILLA,25.0,1994,2020,21,12,1166,13.0,2,1,3,2,0,0,0,0,0.15,0.08,0.23,0.15,0.23,0.0348,13,3,Regular Starter
Ahmed Elmohamady,615ef733,eg EGY,DF,Aston Villa,ASTONVILLA,32.0,1987,2020,14,8,839,9.3,0,0,0,0,0,0,2,0,0.0,0.0,0.0,0.0,0.0,0.0223,14,3,Regular Starter
Marvelous Nakamba,de5b5570,zw ZIM,MF,Aston Villa,ASTONVILLA,26.0,1994,2020,13,9,749,8.3,0,0,0,0,0,0,3,0,0.0,0.0,0.0,0.0,0.0,0.0199,15,4,Squad Rotation
Kortney Hause,bf8fad51,eng ENG,DF,Aston Villa,ASTONVILLA,25.0,1995,2020,7,7,630,7.0,1,0,1,1,0,0,2,0,0.14,0.0,0.14,0.14,0.14,0.018,16,4,Squad Rotation
Jacob Ramsey,1544f145,eng ENG,MF,Aston Villa,ASTONVILLA,19.0,2001,2020,22,6,626,7.0,0,0,0,0,0,0,0,0,0.0,0.0,0.0,0.0,0.0,0.0168,17,4,Squad Rotation
Keinan Davis,9deaf2c8,eng ENG,FW,Aston Villa,ASTONVILLA,22.0,1998,2020,15,1,277,3.1,1,1,2,1,0,0,0,0,0.32,0.32,0.65,0.32,0.65,0.0098,18,4,Squad Rotation
Conor Hourihane,fcab00a0,ie IRL,MF,Aston Villa,ASTONVILLA,29.0,1991,2020,4,3,225,2.5,1,1,2,1,0,0,0,0,0.4,0.4,0.8,0.4,0.8,0.0084,19,4,Squad Rotation
Morgan Sanson,6e7f1353,fr FRA,MF,Aston Villa,ASTONVILLA,25.0,1994,2020,9,3,294,3.3,0,0,0,0,0,0,3,0,0.0,0.0,0.0,0.0,0.0,0.0079,20,5,Fringe/Backup
Carney Chukwuemeka,b2f9c73e,at AUT,MF,Aston Villa,ASTONVILLA,16.0,2003,2020,2,0,20,0.2,0,0,0,0,0,0,0,0,0.0,0.0,0.0,0.0,0.0,0.0005,21,5,Fringe/Backup
Wesley Moraes,bfae110f,br BRA,FW,Aston Villa,ASTONVILLA,23.0,1996,2020,3,0,18,0.2,0,0,0,0,0,0,0,0,0.0,0.0,0.0,0.0,0.0,0.0005,22,5,Fringe/Backup
Neil Taylor,c2f9d19f,wls WAL,DFMF,Aston Villa,ASTONVILLA,31.0,1989,2020,1,0,16,0.2,0,0,0,0,0,0,1,0,0.0,0.0,0.0,0.0,0.0,0.0005,23,5,Fringe/Backup
Jaden Philogene Bidace,19f4d211,eng ENG,FWMF,Aston Villa,ASTONVILLA,18.0,2002,2020,1,0,1,0.0,0,0,0,0,0,0,0,0,0.0,0.0,0.0,0.0,0.0,0.0,24,5,Fringe/Backup
Ben White,35e413f1,eng ENG,DFMF,Brighton,BRIGHTONHOVEALBION,22.0,1997,2020,36,36,3191,35.5,0,0,0,0,0,0,5,1,0.0,0.0,0.0,0.0,0.0,0.085,1,1,Talisman
Yves Bissouma,6c203af0,ml MLI,MF,Brighton,BRIGHTONHOVEALBION,23.0,1996,2020,36,35,3111,34.6,1,0,1,1,0,0,8,1,0.03,0.0,0.03,0.03,0.03,0.0841,2,1,Talisman
Lewis Dunk,282f75f3,eng ENG,DF,Brighton,BRIGHTONHOVEALBION,28.0,1991,2020,33,33,2931,32.6,5,0,5,5,0,0,5,2,0.15,0.0,0.15,0.15,0.15,0.0839,3,1,Talisman
Leandro Trossard,38ceb24a,be BEL,MFFW,Brighton,BRIGHTONHOVEALBION,25.0,1994,2020,35,30,2607,29.0,5,5,10,5,0,0,2,0,0.17,0.17,0.35,0.17,0.35,0.0816,4,1,Talisman
Pascal Groß,8aec0537,de GER,MF,Brighton,BRIGHTONHOVEALBION,29.0,1991,2020,34,27,2484,27.6,3,8,11,0,3,4,3,0,0.11,0.29,0.4,0.0,0.29,0.0757,5,1,Talisman
Neal Maupay,4bcf39f6,fr FRA,FWMF,Brighton,BRIGHTONHOVEALBION,23.0,1996,2020,33,29,2512,27.9,8,2,10,5,3,4,1,1,0.29,0.07,0.36,0.18,0.25,0.0751,6,2,Key Player
Adam Webster,c40b6180,eng ENG,DF,Brighton,BRIGHTONHOVEALBION,25.0,1995,2020,29,29,2594,28.8,1,0,1,1,0,0,4,0,0.03,0.0,0.03,0.03,0.03,0.07,7,2,Key Player
Robert Sánchez,6a713852,es ESP,GK,Brighton,BRIGHTONHOVEALBION,22.0,1997,2020,27,27,2430,27.0,0,0,0,0,0,0,2,0,0.0,0.0,0.0,0.0,0.0,0.0646,8,2,Key Player
Joël Veltman,dad4b285,nl NED,DFMF,Brighton,BRIGHTONHOVEALBION,28.0,1992,2020,28,25,2281,25.3,1,1,2,1,0,0,3,0,0.04,0.04,0.08,0.04,0.08,0.063,9,2,Key Player
Dan Burn,b2d31e83,eng ENG,DFMF,Brighton,BRIGHTONHOVEALBION,28.0,1992,2020,27,23,2061,22.9,1,0,1,1,0,0,5,0,0.04,0.0,0.04,0.04,0.04,0.0559,10,2,Key Player
Danny Welbeck,ce5143da,eng ENG,FW,Brighton,BRIGHTONHOVEALBION,29.0,1990,2020,24,17,1545,17.2,6,1,7,6,0,1,0,0,0.35,0.06,0.41,0.35,0.41,0.0496,11,3,Regular Starter
Solly March,bb5fbd2b,eng ENG,MF,Brighton,BRIGHTONHOVEALBION,26.0,1994,2020,21,19,1672,18.6,2,1,3,2,0,0,0,0,0.11,0.05,0.16,0.11,0.16,0.0481,12,3,Regular Starter
Adam Lallana,99813635,eng ENG,MFFW,Brighton,BRIGHTONHOVEALBION,32.0,1988,2020,30,16,1596,17.7,1,1,2,1,0,0,0,0,0.06,0.06,0.11,0.06,0.11,0.0447,13,3,Regular Starter
Alexis Mac Allister,83d074ff,ar ARG,MFFW,Brighton,BRIGHTONHOVEALBION,21.0,1998,2020,21,13,1115,12.4,1,1,2,1,0,0,1,0,0.08,0.08,0.16,0.08,0.16,0.0321,14,3,Regular Starter
Mathew Ryan,4535e4bb,au AUS,GK,Brighton,BRIGHTONHOVEALBION,28.0,1992,2020,11,11,990,11.0,0,0,0,0,0,0,1,0,0.0,0.0,0.0,0.0,0.0,0.0263,15,3,Regular Starter
Tariq Lamptey,f4e433d4,gh GHA,MF,Brighton,BRIGHTONHOVEALBION,19.0,2000,2020,11,11,886,9.8,1,1,2,1,0,0,4,1,0.1,0.1,0.2,0.1,0.2,0.0258,16,3,Regular Starter
Steven Alzate,ad1f61f3,co COL,MF,Brighton,BRIGHTONHOVEALBION,21.0,1998,2020,15,10,896,10.0,1,0,1,1,0,0,2,0,0.1,0.0,0.1,0.1,0.1,0.0251,17,4,Squad Rotation
Aaron Connolly,27c01749,ie IRL,FWMF,Brighton,BRIGHTONHOVEALBION,20.0,2000,2020,17,9,791,8.8,2,1,3,2,0,0,0,0,0.23,0.11,0.34,0.23,0.34,0.0246,18,4,Squad Rotation
Jakub Moder,f230bc30,pl POL,MF,Brighton,BRIGHTONHOVEALBION,21.0,1999,2020,12,7,647,7.2,0,0,0,0,0,0,0,0,0.0,0.0,0.0,0.0,0.0,0.0172,19,4,Squad Rotation
Alireza Jahanbakhsh,08452314,ir IRN,MFFW,Brighton,BRIGHTONHOVEALBION,26.0,1993,2020,21,6,528,5.9,0,1,1,0,0,0,3,0,0.0,0.17,0.17,0.0,0.17,0.0153,20,4,Squad Rotation
Davy Pröpper,fdd85f94,nl NED,MF,Brighton,BRIGHTONHOVEALBION,28.0,1991,2020,7,2,213,2.4,0,0,0,0,0,0,0,0,0.0,0.0,0.0,0.0,0.0,0.0057,21,4,Squad Rotation
Bernardo,17370b95,br BRA,MF,Brighton,BRIGHTONHOVEALBION,25.0,1995,2020,3,2,206,2.3,0,0,0,0,0,0,0,0,0.0,0.0,0.0,0.0,0.0,0.0055,22,5,Fringe/Backup
Andi Zeqiri,d01231f0,ch SUI,FW,Brighton,BRIGHTONHOVEALBION,21.0,1999,2020,9,0,171,1.9,0,0,0,0,0,0,0,0,0.0,0.0,0.0,0.0,0.0,0.0045,23,5,Fringe/Backup
Percy Tau,4d0eb7d2,za RSA,MF,Brighton,BRIGHTONHOVEALBION,26.0,1994,2020,3,1,103,1.1,0,1,1,0,0,0,0,0,0.0,0.87,0.87,0.0,0.87,0.0038,24,5,Fringe/Backup
José Izquierdo,ca2bc3df,co COL,FWMF,Brighton,BRIGHTONHOVEALBION,28.0,1992,2020,1,0,9,0.1,0,0,0,0,0,0,0,0,0.0,0.0,0.0,0.0,0.0,0.0002,25,5,Fringe/Backup
Reda Khadra,88acf83f,de GER,FWMF,Brighton,BRIGHTONHOVEALBION,19.0,2001,2020,1,0,5,0.1,0,0,0,0,0,0,0,0,0.0,0.0,0.0,0.0,0.0,0.0002,26,5,Fringe/Backup
Jayson Molumby,c908a1bc,ie IRL,MF,Brighton,BRIGHTONHOVEALBION,20.0,1999,2020,1,0,1,0.0,0,0,0,0,0,0,0,0,0.0,0.0,0.0,0.0,0.0,0.0,27,5,Fringe/Backup
Ashley Westwood,495945ef,eng ENG,MF,Burnley,BURNLEY,30.0,1990,2020,38,38,3410,37.9,3,3,6,3,0,0,7,0,0.08,0.08,0.16,0.08,0.16,0.0979,1,1,Talisman
Dwight McNeil,fc15fb84,eng ENG,MF,Burnley,BURNLEY,20.0,1999,2020,36,34,3069,34.1,2,5,7,2,0,0,1,0,0.06,0.15,0.21,0.06,0.21,0.0901,2,1,Talisman
Chris Wood,4e9a0555,nz NZL,FW,Burnley,BURNLEY,28.0,1991,2020,33,32,2741,30.5,12,3,15,10,2,2,0,0,0.39,0.1,0.49,0.33,0.43,0.0887,3,1,Talisman
James Tarkowski,15ea812b,eng ENG,DF,Burnley,BURNLEY,27.0,1992,2020,36,36,3240,36.0,1,0,1,1,0,0,6,0,0.03,0.0,0.03,0.03,0.03,0.0874,4,1,Talisman
Matthew Lowton,9a9c05db,eng ENG,DF,Burnley,BURNLEY,31.0,1989,2020,34,34,3060,34.0,1,1,2,1,0,0,5,0,0.03,0.03,0.06,0.03,0.06,0.0838,5,1,Talisman
Nick Pope,4b40d9ca,eng ENG,GK,Burnley,BURNLEY,28.0,1992,2020,32,32,2880,32.0,0,0,0,0,0,0,1,0,0.0,0.0,0.0,0.0,0.0,0.0766,6,2,Key Player
Josh Brownhill,47369df8,eng ENG,MF,Burnley,BURNLEY,24.0,1995,2020,33,32,2813,31.3,0,1,1,0,0,0,2,0,0.0,0.03,0.03,0.0,0.03,0.076,7,2,Key Player
Ben Mee,8df7a2fb,eng ENG,DF,Burnley,BURNLEY,30.0,1989,2020,30,30,2693,29.9,2,0,2,2,0,0,3,0,0.07,0.0,0.07,0.07,0.07,0.074,8,2,Key Player
Charlie Taylor,cc2d7ad5,eng ENG,DF,Burnley,BURNLEY,26.0,1993,2020,29,28,2426,27.0,0,1,1,0,0,0,1,0,0.0,0.04,0.04,0.0,0.04,0.0659,9,2,Key Player
Matěj Vydra,0d4ceb32,cz CZE,FW,Burnley,BURNLEY,28.0,1992,2020,28,15,1371,15.2,3,2,5,3,0,0,0,0,0.2,0.13,0.33,0.2,0.33,0.0424,10,2,Key Player
Jóhann Berg Guðmundsson,f72293fc,is ISL,MF,Burnley,BURNLEY,29.0,1990,2020,22,16,1363,15.1,2,0,2,2,0,0,2,0,0.13,0.0,0.13,0.13,0.13,0.0385,11,3,Regular Starter
Ashley Barnes,2691c772,eng ENG,FW,Burnley,BURNLEY,30.0,1989,2020,22,15,1331,14.8,3,0,3,2,1,1,4,0,0.2,0.0,0.2,0.14,0.14,0.0379,12,3,Regular Starter
Jay Rodriguez,4ab53cdb,eng ENG,FWMF,Burnley,BURNLEY,31.0,1989,2020,31,12,1265,14.1,1,2,3,1,0,0,3,0,0.07,0.14,0.21,0.07,0.21,0.0373,13,3,Regular Starter
Jack Cork,74e12f1e,eng ENG,MF,Burnley,BURNLEY,31.0,1989,2020,16,15,1350,15.0,0,0,0,0,0,0,2,0,0.0,0.0,0.0,0.0,0.0,0.0359,14,3,Regular Starter
Erik Pieters,1ef37668,nl NED,DFMF,Burnley,BURNLEY,31.0,1988,2020,20,13,1266,14.1,0,1,1,0,0,0,1,0,0.0,0.07,0.07,0.0,0.07,0.0349,15,3,Regular Starter
Robbie Brady,96bb8cc2,ie IRL,MF,Burnley,BURNLEY,28.0,1992,2020,19,12,1052,11.7,1,1,2,1,0,0,3,0,0.09,0.09,0.17,0.09,0.17,0.0304,16,4,Squad Rotation
Kevin Long,5a4280b1,ie IRL,DF,Burnley,BURNLEY,29.0,1990,2020,8,7,637,7.1,0,0,0,0,0,0,2,0,0.0,0.0,0.0,0.0,0.0,0.017,17,4,Squad Rotation
Bailey Peacock-Farrell,4879f8cb,nir NIR,GK,Burnley,BURNLEY,23.0,1996,2020,4,4,360,4.0,0,0,0,0,0,0,0,0,0.0,0.0,0.0,0.0,0.0,0.0096,18,4,Squad Rotation
Jimmy Dunne,1fdfd6da,ie IRL,DF,Burnley,BURNLEY,22.0,1997,2020,3,3,270,3.0,1,0,1,1,0,0,1,0,0.33,0.0,0.33,0.33,0.33,0.0084,19,4,Squad Rotation
Phil Bardsley,1ae30132,sct SCO,DF,Burnley,BURNLEY,35.0,1985,2020,4,3,274,3.0,0,0,0,0,0,0,2,0,0.0,0.0,0.0,0.0,0.0,0.0072,20,4,Squad Rotation
Josh Benson,bf3aeb61,eng ENG,MF,Burnley,BURNLEY,20.0,1999,2020,6,2,264,2.9,0,0,0,0,0,0,0,0,0.0,0.0,0.0,0.0,0.0,0.0069,21,5,Fringe/Backup
Dale Stephens,653ee42d,eng ENG,MF,Burnley,BURNLEY,31.0,1989,2020,7,3,261,2.9,0,0,0,0,0,0,1,0,0.0,0.0,0.0,0.0,0.0,0.0069,22,5,Fringe/Backup
Will Norris,c73ada83,eng ENG,GK,Burnley,BURNLEY,26.0,1993,2020,2,2,180,2.0,0,0,0,0,0,0,0,0,0.0,0.0,0.0,0.0,0.0,0.0048,23,5,Fringe/Backup
Joel Mumbongo,f8e588df,se SWE,FW,Burnley,BURNLEY,21.0,1999,2020,4,0,40,0.4,0,0,0,0,0,0,1,0,0.0,0.0,0.0,0.0,0.0,0.001,24,5,Fringe/Backup
Lewis Richardson,4fa62ae4,eng ENG,FWMF,Burnley,BURNLEY,17.0,2003,2020,2,0,4,0.0,0,0,0,0,0,0,0,0,0.0,0.0,0.0,0.0,0.0,0.0,25,5,Fringe/Backup
Mason Mount,9674002f,eng ENG,MF,Chelsea,CHELSEA,21.0,1999,2020,36,32,2890,32.1,6,5,11,5,1,1,2,0,0.19,0.16,0.34,0.16,0.31,0.089,1,1,Talisman
Timo Werner,49fe9070,de GER,FWMF,Chelsea,CHELSEA,24.0,1996,2020,35,29,2602,28.9,6,8,14,6,0,0,2,0,0.21,0.28,0.48,0.21,0.48,0.086,2,1,Talisman
Édouard Mendy,33887998,sn SEN,GK,Chelsea,CHELSEA,28.0,1992,2020,31,31,2745,30.5,0,0,0,0,0,0,2,0,0.0,0.0,0.0,0.0,0.0,0.0732,3,1,Talisman
Ben Chilwell,d2424d1b,eng ENG,DFMF,Chelsea,CHELSEA,23.0,1996,2020,27,27,2286,25.4,3,5,8,3,0,0,3,0,0.12,0.2,0.31,0.12,0.31,0.0704,4,1,Talisman
Reece James,1265a93a,eng ENG,DFMF,Chelsea,CHELSEA,20.0,1999,2020,32,25,2373,26.4,1,2,3,1,0,0,3,0,0.04,0.08,0.11,0.04,0.11,0.0668,5,1,Talisman
César Azpilicueta,53cad200,es ESP,DFMF,Chelsea,CHELSEA,30.0,1989,2020,26,24,2188,24.3,1,2,3,1,0,0,5,1,0.04,0.08,0.12,0.04,0.12,0.0618,6,2,Key Player
Kurt Zouma,ce4246f5,fr FRA,DF,Chelsea,CHELSEA,25.0,1994,2020,24,22,2029,22.5,5,0,5,5,0,0,3,0,0.22,0.0,0.22,0.22,0.22,0.0599,7,2,Key Player
N'Golo Kanté,b9fbae28,fr FRA,MF,Chelsea,CHELSEA,29.0,1991,2020,30,24,2146,23.8,0,2,2,0,0,0,7,0,0.0,0.08,0.08,0.0,0.08,0.0594,8,2,Key Player
Jorginho,45db685d,it ITA,MF,Chelsea,CHELSEA,28.0,1991,2020,28,23,2010,22.3,7,1,8,0,7,9,2,0,0.31,0.04,0.36,0.0,0.04,0.0546,9,2,Key Player
Thiago Silva,86e7deaf,br BRA,DF,Chelsea,CHELSEA,35.0,1984,2020,23,23,1935,21.5,2,0,2,2,0,0,5,1,0.09,0.0,0.09,0.09,0.09,0.0539,10,2,Key Player
Christian Pulisic,1bf33a9a,us USA,MFFW,Chelsea,CHELSEA,21.0,1998,2020,27,18,1738,19.3,4,2,6,4,0,0,2,0,0.21,0.1,0.31,0.21,0.31,0.0535,11,3,Regular Starter
Mateo Kovačić,79c0821a,hr CRO,MF,Chelsea,CHELSEA,26.0,1994,2020,27,21,1815,20.2,0,1,1,0,0,0,4,0,0.0,0.05,0.05,0.0,0.05,0.0497,12,3,Regular Starter
Kai Havertz,fed7cb61,de GER,MFFW,Chelsea,CHELSEA,21.0,1999,2020,27,18,1520,16.9,4,3,7,4,0,0,2,0,0.24,0.18,0.41,0.24,0.41,0.0489,13,3,Regular Starter
Antonio Rüdiger,18b896d6,de GER,DF,Chelsea,CHELSEA,27.0,1993,2020,19,19,1710,19.0,1,0,1,1,0,0,0,0,0.05,0.0,0.05,0.05,0.05,0.0467,14,3,Regular Starter
Hakim Ziyech,6622454d,ma MAR,FWMF,Chelsea,CHELSEA,27.0,1993,2020,23,15,1172,13.0,2,3,5,2,0,0,3,0,0.15,0.23,0.38,0.15,0.38,0.0371,15,3,Regular Starter
Andreas Christensen,1cb49278,dk DEN,DF,Chelsea,CHELSEA,24.0,1996,2020,17,15,1371,15.2,0,0,0,0,0,0,2,1,0.0,0.0,0.0,0.0,0.0,0.0365,16,3,Regular Starter
Tammy Abraham,f586779e,eng ENG,FW,Chelsea,CHELSEA,22.0,1997,2020,22,12,1040,11.6,6,1,7,6,0,0,0,0,0.52,0.09,0.61,0.52,0.61,0.0363,17,4,Squad Rotation
Callum Hudson-Odoi,15f3ec41,eng ENG,MFFW,Chelsea,CHELSEA,19.0,2000,2020,23,10,1059,11.8,2,3,5,2,0,0,0,0,0.17,0.25,0.42,0.17,0.42,0.0343,18,4,Squad Rotation
Marcos Alonso,f4290206,es ESP,MFDF,Chelsea,CHELSEA,29.0,1990,2020,13,11,960,10.7,2,0,2,2,0,0,2,0,0.19,0.0,0.19,0.19,0.19,0.0281,19,4,Squad Rotation
Olivier Giroud,16ceb862,fr FRA,FW,Chelsea,CHELSEA,33.0,1986,2020,17,8,748,8.3,4,0,4,4,0,0,1,0,0.48,0.0,0.48,0.48,0.48,0.0247,20,4,Squad Rotation
Kepa Arrizabalaga,28d596a0,es ESP,GK,Chelsea,CHELSEA,25.0,1994,2020,7,6,585,6.5,0,0,0,0,0,0,1,0,0.0,0.0,0.0,0.0,0.0,0.0156,21,4,Squad Rotation
Billy Gilmour,df10e27c,sct SCO,MF,Chelsea,CHELSEA,19.0,2001,2020,5,3,261,2.9,0,0,0,0,0,0,0,0,0.0,0.0,0.0,0.0,0.0,0.007,22,5,Fringe/Backup
Willy Caballero,a179d516,ar ARG,GK,Chelsea,CHELSEA,38.0,1981,2020,1,1,90,1.0,0,0,0,0,0,0,0,0,0.0,0.0,0.0,0.0,0.0,0.0024,23,5,Fringe/Backup
Emerson Palmieri,e0bc6fdc,it ITA,DFMF,Chelsea,CHELSEA,25.0,1994,2020,2,0,90,1.0,0,0,0,0,0,0,0,0,0.0,0.0,0.0,0.0,0.0,0.0024,24,5,Fringe/Backup
Ruben Loftus-Cheek,e97fd090,eng ENG,FW,Chelsea,CHELSEA,24.0,1996,2020,1,1,60,0.7,0,0,0,0,0,0,0,0,0.0,0.0,0.0,0.0,0.0,0.0017,25,5,Fringe/Backup
Ross Barkley,3a24769f,eng ENG,MF,Chelsea,CHELSEA,26.0,1993,2020,2,0,42,0.5,0,0,0,0,0,0,0,0,0.0,0.0,0.0,0.0,0.0,0.0012,26,5,Fringe/Backup
Fikayo Tomori,7edfbb8a,eng ENG,DF,Chelsea,CHELSEA,22.0,1997,2020,1,0,45,0.5,0,0,0,0,0,0,0,0,0.0,0.0,0.0,0.0,0.0,0.0012,27,5,Fringe/Backup
Vicente Guaita,ab13a5aa,es ESP,GK,Crystal Palace,CRYSTALPALACE,33.0,1987,2020,37,37,3330,37.0,0,0,0,0,0,0,2,0,0.0,0.0,0.0,0.0,0.0,0.0886,1,1,Talisman
Cheikhou Kouyaté,8d3c902d,sn SEN,DF,Crystal Palace,CRYSTALPALACE,30.0,1989,2020,36,35,3121,34.7,1,0,1,1,0,0,4,0,0.03,0.0,0.03,0.03,0.03,0.0843,2,1,Talisman
Wilfried Zaha,b2bc3b1f,ci CIV,FW,Crystal Palace,CRYSTALPALACE,27.0,1992,2020,30,29,2612,29.0,11,2,13,9,2,2,6,0,0.38,0.07,0.45,0.31,0.38,0.0826,3,1,Talisman
Eberechi Eze,ae4fc6a4,eng ENG,MF,Crystal Palace,CRYSTALPALACE,22.0,1998,2020,34,29,2559,28.4,4,6,10,4,0,0,3,0,0.14,0.21,0.35,0.14,0.35,0.0799,4,1,Talisman
Andros Townsend,b28bbd58,eng ENG,MFFW,Crystal Palace,CRYSTALPALACE,29.0,1991,2020,34,25,2258,25.1,1,5,6,1,0,0,0,0,0.04,0.2,0.24,0.04,0.24,0.0673,5,2,Key Player
Luka Milivojević,2ce2508a,rs SRB,MF,Crystal Palace,CRYSTALPALACE,29.0,1991,2020,31,27,2359,26.2,1,1,2,0,1,2,8,1,0.04,0.04,0.08,0.0,0.04,0.064,6,2,Key Player
Christian Benteke,ab070c55,be BEL,FW,Crystal Palace,CRYSTALPALACE,29.0,1990,2020,30,21,1816,20.2,10,1,11,10,0,0,3,1,0.5,0.05,0.55,0.5,0.55,0.0617,7,2,Key Player
Joel Ward,8a7ff278,eng ENG,DF,Crystal Palace,CRYSTALPALACE,30.0,1989,2020,26,25,2256,25.1,0,1,1,0,0,0,5,0,0.0,0.04,0.04,0.0,0.04,0.0613,8,2,Key Player
Jordan Ayew,da052c14,gh GHA,FWMF,Crystal Palace,CRYSTALPALACE,28.0,1991,2020,33,23,2096,23.3,1,3,4,1,0,0,4,0,0.04,0.13,0.17,0.04,0.17,0.0605,9,2,Key Player
Jaïro Riedewald,7a1f2c08,nl NED,MF,Crystal Palace,CRYSTALPALACE,23.0,1996,2020,33,19,1820,20.2,2,0,2,2,0,0,4,0,0.1,0.0,0.1,0.1,0.1,0.0508,10,3,Regular Starter
Gary Cahill,7914b9fe,eng ENG,DF,Crystal Palace,CRYSTALPALACE,34.0,1985,2020,20,20,1800,20.0,1,1,2,1,0,0,3,0,0.05,0.05,0.1,0.05,0.1,0.0503,11,3,Regular Starter
Patrick van Aanholt,5f09991f,nl NED,DF,Crystal Palace,CRYSTALPALACE,29.0,1990,2020,22,20,1777,19.7,0,1,1,0,0,0,2,0,0.0,0.05,0.05,0.0,0.05,0.0483,12,3,Regular Starter
Tyrick Mitchell,5cbd1eb0,eng ENG,DF,Crystal Palace,CRYSTALPALACE,20.0,1999,2020,19,19,1710,19.0,1,1,2,1,0,0,1,0,0.05,0.05,0.11,0.05,0.11,0.048,13,3,Regular Starter
Jeffrey Schlupp,3312f911,gh GHA,MF,Crystal Palace,CRYSTALPALACE,27.0,1992,2020,27,15,1428,15.9,2,3,5,2,0,0,3,0,0.13,0.19,0.32,0.13,0.32,0.0442,14,3,Regular Starter
James McArthur,cee31595,sct SCO,MF,Crystal Palace,CRYSTALPALACE,32.0,1987,2020,18,17,1466,16.3,0,2,2,0,0,0,3,0,0.0,0.12,0.12,0.0,0.12,0.0414,15,4,Squad Rotation
Scott Dann,52105203,eng ENG,DF,Crystal Palace,CRYSTALPALACE,33.0,1987,2020,15,15,1350,15.0,1,0,1,1,0,0,1,0,0.07,0.0,0.07,0.07,0.07,0.0372,16,4,Squad Rotation
Nathaniel Clyne,0442183b,eng ENG,DF,Crystal Palace,CRYSTALPALACE,29.0,1991,2020,13,13,1145,12.7,0,1,1,0,0,0,2,0,0.0,0.08,0.08,0.0,0.08,0.0316,17,4,Squad Rotation
Michy Batshuayi,2973d8ff,be BEL,FW,Crystal Palace,CRYSTALPALACE,26.0,1993,2020,18,7,728,8.1,2,1,3,2,0,0,0,0,0.25,0.12,0.37,0.25,0.37,0.023,18,4,Squad Rotation
James McCarthy,64b08de7,ie IRL,MF,Crystal Palace,CRYSTALPALACE,29.0,1990,2020,16,10,821,9.1,0,0,0,0,0,0,1,0,0.0,0.0,0.0,0.0,0.0,0.0218,19,4,Squad Rotation
James Tomkins,e7ca0439,eng ENG,DF,Crystal Palace,CRYSTALPALACE,31.0,1989,2020,8,6,553,6.1,0,0,0,0,0,0,1,0,0.0,0.0,0.0,0.0,0.0,0.0146,20,5,Fringe/Backup
Mamadou Sakho,87935cf3,fr FRA,DF,Crystal Palace,CRYSTALPALACE,30.0,1990,2020,4,3,276,3.1,0,0,0,0,0,0,0,0,0.0,0.0,0.0,0.0,0.0,0.0074,21,5,Fringe/Backup
Jean-Philippe Mateta,50e6dc35,fr FRA,FW,Crystal Palace,CRYSTALPALACE,23.0,1997,2020,7,2,221,2.5,1,0,1,1,0,0,0,0,0.41,0.0,0.41,0.41,0.41,0.0072,22,5,Fringe/Backup
Jack Butland,cc70a1d5,eng ENG,GK,Crystal Palace,CRYSTALPALACE,27.0,1993,2020,1,1,90,1.0,0,0,0,0,0,0,0,0,0.0,0.0,0.0,0.0,0.0,0.0024,23,5,Fringe/Backup
Martin Kelly,d7492450,eng ENG,DFMF,Crystal Palace,CRYSTALPALACE,30.0,1990,2020,1,0,2,0.0,0,0,0,0,0,0,0,0,0.0,0.0,0.0,0.0,0.0,0.0,24,5,Fringe/Backup
Dominic Calvert-Lewin,59e6e5bf,eng ENG,FW,Everton,EVERTON,23.0,1997,2020,33,32,2871,31.9,16,0,16,16,0,0,3,0,0.5,0.0,0.5,0.5,0.5,0.0955,1,1,Talisman
Richarlison,fa031b34,br BRA,FWMF,Everton,EVERTON,23.0,1997,2020,34,33,2861,31.8,7,3,10,6,1,1,4,1,0.22,0.09,0.31,0.19,0.28,0.0868,2,1,Talisman
Michael Keane,c5b7c315,eng ENG,DF,Everton,EVERTON,27.0,1993,2020,35,33,2991,33.2,3,1,4,3,0,0,4,0,0.09,0.03,0.12,0.09,0.12,0.0843,3,1,Talisman
Lucas Digne,1b84dbe1,fr FRA,DFMF,Everton,EVERTON,27.0,1993,2020,30,30,2681,29.8,0,7,7,0,0,0,2,1,0.0,0.23,0.23,0.0,0.23,0.0796,4,1,Talisman
Ben Godfrey,9f7c837d,eng ENG,DF,Everton,EVERTON,22.0,1998,2020,31,29,2685,29.8,0,2,2,0,0,0,4,0,0.0,0.07,0.07,0.0,0.07,0.0739,5,1,Talisman
Jordan Pickford,4806ec67,eng ENG,GK,Everton,EVERTON,26.0,1994,2020,31,31,2742,30.5,0,0,0,0,0,0,1,0,0.0,0.0,0.0,0.0,0.0,0.0731,6,2,Key Player
Abdoulaye Doucouré,02b29014,ml MLI,MF,Everton,EVERTON,27.0,1993,2020,29,29,2443,27.1,2,3,5,2,0,0,6,0,0.07,0.11,0.18,0.07,0.18,0.0708,7,2,Key Player
Gylfi Sigurðsson,76dd1480,is ISL,MFFW,Everton,EVERTON,30.0,1989,2020,36,24,2253,25.0,6,5,11,3,3,4,2,0,0.24,0.2,0.44,0.12,0.32,0.0695,8,2,Key Player
Mason Holgate,d0042ab9,jm JAM,DF,Everton,EVERTON,23.0,1996,2020,28,26,2287,25.4,1,0,1,1,0,0,9,0,0.04,0.0,0.04,0.04,0.04,0.0621,9,2,Key Player
James Rodríguez,715bf047,co COL,FWMF,Everton,EVERTON,29.0,1991,2020,23,21,1764,19.6,6,4,10,6,0,0,4,0,0.31,0.2,0.51,0.31,0.51,0.0589,10,2,Key Player
Allan,cc700722,br BRA,MF,Everton,EVERTON,29.0,1991,2020,24,23,2051,22.8,0,0,0,0,0,0,6,0,0.0,0.0,0.0,0.0,0.0,0.0546,11,2,Key Player
Yerry Mina,6d5701f2,co COL,DF,Everton,EVERTON,25.0,1994,2020,24,23,1937,21.5,2,0,2,2,0,0,2,0,0.09,0.0,0.09,0.09,0.09,0.0538,12,3,Regular Starter
Séamus Coleman,0420d84f,ie IRL,DFMF,Everton,EVERTON,31.0,1988,2020,25,18,1613,17.9,0,3,3,0,0,0,0,0,0.0,0.17,0.17,0.0,0.17,0.0465,13,3,Regular Starter
Alex Iwobi,6ca5ec4b,ng NGA,MFFW,Everton,EVERTON,24.0,1996,2020,30,17,1542,17.1,1,2,3,1,0,0,0,0,0.06,0.12,0.18,0.06,0.18,0.0446,14,3,Regular Starter
André Gomes,1961b2aa,pt POR,MF,Everton,EVERTON,27.0,1993,2020,28,17,1570,17.4,0,1,1,0,0,0,3,0,0.0,0.06,0.06,0.0,0.06,0.0429,15,3,Regular Starter
Tom Davies,9228b07c,eng ENG,MF,Everton,EVERTON,22.0,1998,2020,25,17,1423,15.8,0,1,1,0,0,0,3,0,0.0,0.06,0.06,0.0,0.06,0.039,16,3,Regular Starter
Robin Olsen,e7ee38c3,se SWE,GK,Everton,EVERTON,30.0,1990,2020,7,7,630,7.0,0,0,0,0,0,0,1,0,0.0,0.0,0.0,0.0,0.0,0.0168,17,3,Regular Starter
Bernard,ab4b3e35,br BRA,MFFW,Everton,EVERTON,27.0,1992,2020,12,3,455,5.1,1,0,1,1,0,0,2,0,0.2,0.0,0.2,0.2,0.2,0.0134,18,4,Squad Rotation
Fabian Delph,111c3236,eng ENG,MF,Everton,EVERTON,30.0,1989,2020,8,2,266,3.0,0,0,0,0,0,0,1,0,0.0,0.0,0.0,0.0,0.0,0.0072,19,4,Squad Rotation
Joshua King,43458538,no NOR,FWMF,Everton,EVERTON,28.0,1992,2020,11,0,148,1.6,0,0,0,0,0,0,0,0,0.0,0.0,0.0,0.0,0.0,0.0038,20,4,Squad Rotation
Anthony Gordon,2bd83368,eng ENG,MF,Everton,EVERTON,19.0,2001,2020,3,1,88,1.0,0,0,0,0,0,0,0,0,0.0,0.0,0.0,0.0,0.0,0.0024,21,4,Squad Rotation
Jonjoe Kenny,099e666f,eng ENG,DF,Everton,EVERTON,23.0,1997,2020,4,1,79,0.9,0,0,0,0,0,0,0,0,0.0,0.0,0.0,0.0,0.0,0.0022,22,4,Squad Rotation
Niels Nkounkou,f5b281e7,fr FRA,DF,Everton,EVERTON,19.0,2000,2020,2,1,81,0.9,0,0,0,0,0,0,1,0,0.0,0.0,0.0,0.0,0.0,0.0022,23,4,Squad Rotation
Cenk Tosun,9a104dee,tr TUR,FWMF,Everton,EVERTON,29.0,1991,2020,5,0,48,0.5,0,0,0,0,0,0,1,0,0.0,0.0,0.0,0.0,0.0,0.0012,24,5,Fringe/Backup
João Virgínia,728e9b2e,pt POR,GK,Everton,EVERTON,20.0,1999,2020,1,0,48,0.5,0,0,0,0,0,0,0,0,0.0,0.0,0.0,0.0,0.0,0.0012,25,5,Fringe/Backup
Moise Kean,3d50bcdb,it ITA,FW,Everton,EVERTON,20.0,2000,2020,2,0,15,0.2,0,0,0,0,0,0,0,0,0.0,0.0,0.0,0.0,0.0,0.0005,26,5,Fringe/Backup
Jean-Philippe Gbamin,6bd603db,ci CIV,DFMF,Everton,EVERTON,24.0,1995,2020,1,0,12,0.1,0,0,0,0,0,0,0,0,0.0,0.0,0.0,0.0,0.0,0.0002,27,5,Fringe/Backup
Theo Walcott,1ecb65be,eng ENG,FWMF,Everton,EVERTON,31.0,1989,2020,1,0,13,0.1,0,0,0,0,0,0,0,0,0.0,0.0,0.0,0.0,0.0,0.0002,28,5,Fringe/Backup
Nathan Broadhead,43309491,wls WAL,FWMF,Everton,EVERTON,22.0,1998,2020,1,0,3,0.0,0,0,0,0,0,0,0,0,0.0,0.0,0.0,0.0,0.0,0.0,29,5,Fringe/Backup
Alphonse Areola,2f965a72,fr FRA,GK,Fulham,FULHAM,27.0,1993,2020,36,36,3240,36.0,0,0,0,0,0,0,2,0,0.0,0.0,0.0,0.0,0.0,0.0863,1,1,Talisman
Ademola Lookman,7c104bb7,ng NGA,MFFW,Fulham,FULHAM,22.0,1997,2020,34,31,2747,30.5,4,4,8,4,0,1,5,0,0.13,0.13,0.26,0.13,0.26,0.0826,2,1,Talisman
Tosin Adarabioyo,c81d773d,eng ENG,DF,Fulham,FULHAM,22.0,1997,2020,33,33,2953,32.8,0,0,0,0,0,0,1,0,0.0,0.0,0.0,0.0,0.0,0.0786,3,1,Talisman
Joachim Andersen,e34fc66d,dk DEN,DF,Fulham,FULHAM,24.0,1996,2020,31,30,2730,30.3,1,1,2,1,0,0,7,1,0.03,0.03,0.07,0.03,0.07,0.0752,4,1,Talisman
Ola Aina,246d153b,ng NGA,DF,Fulham,FULHAM,23.0,1996,2020,31,31,2664,29.6,2,1,3,2,0,0,3,0,0.07,0.03,0.1,0.07,0.1,0.0745,5,1,Talisman
Frank Anguissa,6bb2c084,cm CMR,MF,Fulham,FULHAM,24.0,1995,2020,36,29,2587,28.7,0,3,3,0,0,0,6,0,0.0,0.1,0.1,0.0,0.1,0.0722,6,2,Key Player
Bobby De Cordova-Reid,0f7533cd,jm JAM,MFFW,Fulham,FULHAM,27.0,1993,2020,33,28,2372,26.4,5,2,7,5,0,0,7,0,0.19,0.08,0.27,0.19,0.27,0.0718,7,2,Key Player
Ivan Cavaleiro,979b811d,pt POR,FWMF,Fulham,FULHAM,26.0,1993,2020,36,27,2472,27.5,3,0,3,2,1,2,2,0,0.11,0.0,0.11,0.07,0.07,0.0682,8,2,Key Player
Harrison Reed,803ae100,eng ENG,MF,Fulham,FULHAM,25.0,1995,2020,31,26,2247,25.0,0,2,2,0,0,0,5,0,0.0,0.08,0.08,0.0,0.08,0.0623,9,2,Key Player
Antonee Robinson,289601e6,us USA,DFMF,Fulham,FULHAM,22.0,1997,2020,28,24,2162,24.0,0,0,0,0,0,0,4,1,0.0,0.0,0.0,0.0,0.0,0.0575,10,2,Key Player
Ruben Loftus-Cheek,e97fd090,eng ENG,MFFW,Fulham,FULHAM,24.0,1996,2020,30,21,1909,21.2,1,0,1,1,0,0,3,0,0.05,0.0,0.05,0.05,0.05,0.0521,11,2,Key Player
Mario Lemina,2b471f99,ga GAB,MF,Fulham,FULHAM,26.0,1993,2020,28,19,1703,18.9,1,0,1,1,0,0,5,0,0.05,0.0,0.05,0.05,0.05,0.0464,12,3,Regular Starter
Aleksandar Mitrović,3925dbd6,rs SRB,FW,Fulham,FULHAM,25.0,1994,2020,27,13,1402,15.6,3,3,6,2,1,2,3,0,0.19,0.19,0.39,0.13,0.32,0.0434,13,3,Regular Starter
Kenny Tete,77d7c96f,nl NED,DFMF,Fulham,FULHAM,24.0,1995,2020,22,18,1481,16.5,0,1,1,0,0,0,3,0,0.0,0.06,0.06,0.0,0.06,0.0407,14,3,Regular Starter
Josh Maja,bc0bfc64,ng NGA,FW,Fulham,FULHAM,21.0,1998,2020,15,9,810,9.0,3,0,3,2,1,1,0,0,0.33,0.0,0.33,0.22,0.22,0.024,15,3,Regular Starter
Tom Cairney,a8748947,sct SCO,MF,Fulham,FULHAM,29.0,1991,2020,10,9,759,8.4,1,1,2,1,0,0,2,0,0.12,0.12,0.24,0.12,0.24,0.0226,16,3,Regular Starter
Joe Bryan,af69e7f0,eng ENG,MFDF,Fulham,FULHAM,26.0,1993,2020,16,7,669,7.4,1,0,1,1,0,0,2,0,0.13,0.0,0.13,0.13,0.13,0.0189,17,4,Squad Rotation
Tim Ream,28b40c9c,us USA,DF,Fulham,FULHAM,32.0,1987,2020,7,7,630,7.0,0,0,0,0,0,0,0,0,0.0,0.0,0.0,0.0,0.0,0.0168,18,4,Squad Rotation
Josh Onomah,6612cd8c,eng ENG,MF,Fulham,FULHAM,23.0,1997,2020,11,4,374,4.2,0,0,0,0,0,0,1,0,0.0,0.0,0.0,0.0,0.0,0.0101,19,4,Squad Rotation
Aboubakar Kamara,4047c976,mr MTN,MFFW,Fulham,FULHAM,25.0,1995,2020,11,2,315,3.5,0,0,0,0,0,0,1,1,0.0,0.0,0.0,0.0,0.0,0.0084,20,4,Squad Rotation
Fabio Carvalho,966e28d0,pt POR,FWMF,Fulham,FULHAM,17.0,2002,2020,4,3,255,2.8,1,0,1,1,0,0,0,0,0.35,0.0,0.35,0.35,0.35,0.0079,21,4,Squad Rotation
Denis Odoi,f7750aa0,gh GHA,DF,Fulham,FULHAM,32.0,1988,2020,3,3,270,3.0,0,0,0,0,0,0,1,0,0.0,0.0,0.0,0.0,0.0,0.0072,22,4,Squad Rotation
Michael Hector,5f1a2f31,jm JAM,DF,Fulham,FULHAM,28.0,1992,2020,4,3,263,2.9,0,0,0,0,0,0,2,0,0.0,0.0,0.0,0.0,0.0,0.007,23,5,Fringe/Backup
Marek Rodák,17acc2ed,sk SVK,GK,Fulham,FULHAM,23.0,1996,2020,2,2,180,2.0,0,0,0,0,0,0,0,0,0.0,0.0,0.0,0.0,0.0,0.0048,24,5,Fringe/Backup
Maxime Le Marchand,321a71a7,fr FRA,DF,Fulham,FULHAM,30.0,1989,2020,2,1,123,1.4,0,0,0,0,0,0,2,0,0.0,0.0,0.0,0.0,0.0,0.0034,25,5,Fringe/Backup
Neeskens Kebano,18b999f4,cd COD,MF,Fulham,FULHAM,28.0,1992,2020,5,1,119,1.3,0,0,0,0,0,0,0,0,0.0,0.0,0.0,0.0,0.0,0.0031,26,5,Fringe/Backup
Terence Kongolo,1f9a3a04,nl NED,DF,Fulham,FULHAM,26.0,1994,2020,1,1,90,1.0,0,0,0,0,0,0,0,0,0.0,0.0,0.0,0.0,0.0,0.0024,27,5,Fringe/Backup
Tyrese Francois,6722d4f0,au AUS,MF,Fulham,FULHAM,20.0,2000,2020,1,0,15,0.2,0,0,0,0,0,0,0,0,0.0,0.0,0.0,0.0,0.0,0.0005,28,5,Fringe/Backup
Patrick Bamford,93feac6e,eng ENG,FW,Leeds United,LEEDSUNITED,26.0,1993,2020,38,37,3050,33.9,17,7,24,15,2,2,3,0,0.5,0.21,0.71,0.44,0.65,0.1076,1,1,Talisman
Stuart Dallas,67ca8566,nir NIR,MFDF,Leeds United,LEEDSUNITED,29.0,1991,2020,38,38,3409,37.9,8,2,10,8,0,0,7,0,0.21,0.05,0.26,0.21,0.26,0.1026,2,1,Talisman
Jack Harrison,aa849a12,eng ENG,MF,Leeds United,LEEDSUNITED,23.0,1996,2020,36,34,2847,31.6,8,8,16,8,0,0,2,0,0.25,0.25,0.51,0.25,0.51,0.095,3,1,Talisman
Luke Ayling,420d7c7d,eng ENG,DF,Leeds United,LEEDSUNITED,28.0,1991,2020,38,38,3399,37.8,0,0,0,0,0,0,7,0,0.0,0.0,0.0,0.0,0.0,0.0905,4,1,Talisman
Illan Meslier,6b625ac2,fr FRA,GK,Leeds United,LEEDSUNITED,20.0,2000,2020,35,35,3150,35.0,0,0,0,0,0,0,0,0,0.0,0.0,0.0,0.0,0.0,0.0838,5,2,Key Player
Raphinha,3423f250,br BRA,MF,Leeds United,LEEDSUNITED,23.0,1996,2020,30,26,2360,26.2,6,9,15,6,0,0,3,0,0.23,0.34,0.57,0.23,0.57,0.0806,6,2,Key Player
Mateusz Klich,282679b4,pl POL,MF,Leeds United,LEEDSUNITED,30.0,1990,2020,35,28,2393,26.6,4,5,9,2,2,2,6,0,0.15,0.19,0.34,0.08,0.26,0.072,7,2,Key Player
Ezgjan Alioski,1a7fcf39,mk MKD,DFMF,Leeds United,LEEDSUNITED,28.0,1992,2020,36,29,2461,27.3,2,3,5,2,0,0,7,0,0.07,0.11,0.18,0.07,0.18,0.0713,8,2,Key Player
Kalvin Phillips,4f565d77,eng ENG,MF,Leeds United,LEEDSUNITED,24.0,1995,2020,29,28,2428,27.0,1,2,3,1,0,0,10,0,0.04,0.07,0.11,0.04,0.11,0.0682,9,2,Key Player
Liam Cooper,dc64b8b3,sct SCO,DF,Leeds United,LEEDSUNITED,28.0,1991,2020,25,25,2185,24.3,1,0,1,1,0,0,4,1,0.04,0.0,0.04,0.04,0.04,0.0594,10,3,Regular Starter
Pascal Struijk,f4d296e4,nl NED,DFMF,Leeds United,LEEDSUNITED,20.0,1999,2020,27,22,2075,23.1,1,0,1,1,0,0,3,0,0.04,0.0,0.04,0.04,0.04,0.0564,11,3,Regular Starter
Rodrigo,1fb1c435,es ESP,MF,Leeds United,LEEDSUNITED,29.0,1991,2020,26,14,1288,14.3,7,2,9,7,0,0,3,0,0.49,0.14,0.63,0.49,0.63,0.045,12,3,Regular Starter
Tyler Roberts,6c17e046,wls WAL,MF,Leeds United,LEEDSUNITED,21.0,1999,2020,27,14,1340,14.9,1,2,3,1,0,0,3,0,0.07,0.13,0.2,0.07,0.2,0.0393,13,3,Regular Starter
Hélder Costa,f13d02a6,ao ANG,MF,Leeds United,LEEDSUNITED,26.0,1994,2020,22,13,1156,12.8,3,3,6,3,0,0,0,0,0.23,0.23,0.47,0.23,0.47,0.0379,14,4,Squad Rotation
Diego Llorente,bba30585,es ESP,DF,Leeds United,LEEDSUNITED,26.0,1993,2020,15,14,1204,13.4,1,0,1,1,0,0,1,0,0.07,0.0,0.07,0.07,0.07,0.0332,15,4,Squad Rotation
Robin Koch,ea6bc03a,de GER,DFMF,Leeds United,LEEDSUNITED,24.0,1996,2020,17,13,1132,12.6,0,0,0,0,0,0,1,0,0.0,0.0,0.0,0.0,0.0,0.0302,16,4,Squad Rotation
Pablo Hernández,c0398aca,es ESP,MF,Leeds United,LEEDSUNITED,35.0,1985,2020,16,3,427,4.7,0,2,2,0,0,0,1,0,0.0,0.42,0.42,0.0,0.42,0.0136,17,4,Squad Rotation
Jamie Shackleton,8d03ca5a,eng ENG,MFDF,Leeds United,LEEDSUNITED,20.0,1999,2020,13,3,461,5.1,0,0,0,0,0,0,0,0,0.0,0.0,0.0,0.0,0.0,0.0122,18,4,Squad Rotation
Ian Poveda,55b4f1d6,eng ENG,FWMF,Leeds United,LEEDSUNITED,20.0,2000,2020,14,0,355,3.9,0,0,0,0,0,0,0,0,0.0,0.0,0.0,0.0,0.0,0.0093,19,5,Fringe/Backup
Kiko Casilla,58bc7d18,es ESP,GK,Leeds United,LEEDSUNITED,33.0,1986,2020,3,3,270,3.0,0,0,0,0,0,0,0,0,0.0,0.0,0.0,0.0,0.0,0.0072,20,5,Fringe/Backup
Gaetano Berardi,5348aada,ch SUI,DF,Leeds United,LEEDSUNITED,31.0,1988,2020,2,1,113,1.3,0,0,0,0,0,0,0,0,0.0,0.0,0.0,0.0,0.0,0.0031,21,5,Fringe/Backup
Leif Davis,8574c61f,eng ENG,DFMF,Leeds United,LEEDSUNITED,20.0,1999,2020,2,0,33,0.4,0,0,0,0,0,0,0,0,0.0,0.0,0.0,0.0,0.0,0.001,22,5,Fringe/Backup
Niall Huggins,6d646ff7,wls WAL,DF,Leeds United,LEEDSUNITED,19.0,2000,2020,1,0,38,0.4,0,0,0,0,0,0,0,0,0.0,0.0,0.0,0.0,0.0,0.001,23,5,Fringe/Backup
Youri Tielemans,56f7a928,be BEL,MF,Leicester City,LEICESTERCITY,23.0,1997,2020,38,37,3357,37.3,6,4,10,4,2,2,6,0,0.16,0.11,0.27,0.11,0.21,0.0986,1,1,Talisman
Jamie Vardy,45963054,eng ENG,FW,Leicester City,LEICESTERCITY,33.0,1987,2020,34,31,2840,31.6,15,9,24,7,8,9,1,0,0.48,0.29,0.76,0.22,0.51,0.0949,2,1,Talisman
Kasper Schmeichel,53af52f3,dk DEN,GK,Leicester City,LEICESTERCITY,33.0,1986,2020,38,38,3420,38.0,0,0,0,0,0,0,0,0,0.0,0.0,0.0,0.0,0.0,0.0909,3,1,Talisman
James Maddison,ee38d9c5,eng ENG,MF,Leicester City,LEICESTERCITY,23.0,1996,2020,31,24,2099,23.3,8,5,13,8,0,0,4,0,0.34,0.21,0.56,0.34,0.56,0.0713,4,1,Talisman
Jonny Evans,f8fcd2a5,nir NIR,DF,Leicester City,LEICESTERCITY,32.0,1988,2020,28,28,2473,27.5,2,2,4,2,0,0,7,0,0.07,0.07,0.15,0.07,0.15,0.0707,5,1,Talisman
Timothy Castagne,197640fd,be BEL,DFMF,Leicester City,LEICESTERCITY,24.0,1995,2020,27,27,2345,26.1,2,3,5,2,0,0,1,0,0.08,0.12,0.19,0.08,0.19,0.0684,6,2,Key Player
Harvey Barnes,3ea50f67,eng ENG,MF,Leicester City,LEICESTERCITY,22.0,1997,2020,25,22,1945,21.6,9,4,13,9,0,0,0,0,0.42,0.19,0.6,0.42,0.6,0.0672,7,2,Key Player
Wilfred Ndidi,6b47c5db,ng NGA,MFDF,Leicester City,LEICESTERCITY,23.0,1996,2020,26,25,2176,24.2,1,4,5,1,0,0,6,0,0.04,0.17,0.21,0.04,0.21,0.064,8,2,Key Player
Wesley Fofana,132a82f1,fr FRA,DF,Leicester City,LEICESTERCITY,19.0,2000,2020,28,27,2262,25.1,0,0,0,0,0,0,7,0,0.0,0.0,0.0,0.0,0.0,0.06,9,2,Key Player
James Justin,fb614c44,eng ENG,DFMF,Leicester City,LEICESTERCITY,22.0,1998,2020,23,23,2070,23.0,2,1,3,2,0,0,4,0,0.09,0.04,0.13,0.09,0.13,0.0586,10,2,Key Player
Kelechi Iheanacho,c92e1a31,ng NGA,FW,Leicester City,LEICESTERCITY,23.0,1996,2020,25,16,1459,16.2,12,2,14,12,0,1,1,0,0.74,0.12,0.86,0.74,0.86,0.0554,11,3,Regular Starter
Marc Albrighton,b827d5b3,eng ENG,MF,Leicester City,LEICESTERCITY,30.0,1989,2020,31,17,1746,19.4,1,5,6,1,0,0,2,0,0.05,0.26,0.31,0.05,0.31,0.0536,12,3,Regular Starter
Çağlar Söyüncü,21166ff4,tr TUR,DF,Leicester City,LEICESTERCITY,24.0,1996,2020,23,19,1819,20.2,1,0,1,1,0,0,2,0,0.05,0.0,0.05,0.05,0.05,0.0495,13,3,Regular Starter
Nampalys Mendy,1598599e,sn SEN,MF,Leicester City,LEICESTERCITY,28.0,1992,2020,23,15,1459,16.2,0,1,1,0,0,0,5,0,0.0,0.06,0.06,0.0,0.06,0.0399,14,3,Regular Starter
Ayoze Pérez,819aa8e7,es ESP,MFFW,Leicester City,LEICESTERCITY,27.0,1993,2020,25,15,1331,14.8,2,1,3,2,0,0,2,0,0.14,0.07,0.2,0.14,0.2,0.0389,15,3,Regular Starter
Luke Thomas,fc027d02,eng ENG,MFDF,Leicester City,LEICESTERCITY,19.0,2001,2020,14,12,969,10.8,1,0,1,1,0,0,2,0,0.09,0.0,0.09,0.09,0.09,0.027,16,3,Regular Starter
Ricardo Pereira,75a72a99,pt POR,MFDF,Leicester City,LEICESTERCITY,26.0,1993,2020,15,10,959,10.7,0,1,1,0,0,0,3,0,0.0,0.09,0.09,0.0,0.09,0.0267,17,4,Squad Rotation
Dennis Praet,86695068,be BEL,MF,Leicester City,LEICESTERCITY,26.0,1994,2020,15,10,718,8.0,1,1,2,1,0,0,0,0,0.13,0.13,0.25,0.13,0.25,0.0215,18,4,Squad Rotation
Daniel Amartey,1a4ef233,gh GHA,DF,Leicester City,LEICESTERCITY,25.0,1994,2020,12,8,722,8.0,1,0,1,1,0,0,3,0,0.12,0.0,0.12,0.12,0.12,0.0203,19,4,Squad Rotation
Christian Fuchs,a67a09fb,at AUT,DF,Leicester City,LEICESTERCITY,34.0,1986,2020,9,8,702,7.8,0,0,0,0,0,0,4,0,0.0,0.0,0.0,0.0,0.0,0.0187,20,4,Squad Rotation
Cengiz Ünder,1880614f,tr TUR,MF,Leicester City,LEICESTERCITY,23.0,1997,2020,9,1,281,3.1,0,2,2,0,0,0,0,0,0.0,0.64,0.64,0.0,0.64,0.0098,21,4,Squad Rotation
Hamza Choudhury,7d2d3329,bd BAN,MF,Leicester City,LEICESTERCITY,22.0,1997,2020,10,4,316,3.5,0,0,0,0,0,0,1,0,0.0,0.0,0.0,0.0,0.0,0.0084,22,5,Fringe/Backup
Sidnei Tavares,3add8ed8,,MF,Leicester City,LEICESTERCITY,18.0,2001,2020,2,1,85,0.9,0,0,0,0,0,0,0,0,0.0,0.0,0.0,0.0,0.0,0.0022,23,5,Fringe/Backup
Demarai Gray,4468ec10,jm JAM,FWMF,Leicester City,LEICESTERCITY,24.0,1996,2020,1,0,19,0.2,0,0,0,0,0,0,0,0,0.0,0.0,0.0,0.0,0.0,0.0005,24,5,Fringe/Backup
Wes Morgan,80c31c97,jm JAM,DF,Leicester City,LEICESTERCITY,36.0,1984,2020,3,0,18,0.2,0,0,0,0,0,0,0,0,0.0,0.0,0.0,0.0,0.0,0.0005,25,5,Fringe/Backup
Islam Slimani,ffec9769,dz ALG,FW,Leicester City,LEICESTERCITY,32.0,1988,2020,1,0,20,0.2,0,0,0,0,0,0,0,0,0.0,0.0,0.0,0.0,0.0,0.0005,26,5,Fringe/Backup
Khanya Leshabela,383e68b1,za RSA,MF,Leicester City,LEICESTERCITY,20.0,1999,2020,1,0,10,0.1,0,0,0,0,0,0,0,0,0.0,0.0,0.0,0.0,0.0,0.0002,27,5,Fringe/Backup
Mohamed Salah,e342ad68,eg EGY,FW,Liverpool,LIVERPOOL,28.0,1992,2020,37,34,3078,34.2,22,5,27,16,6,6,0,0,0.64,0.15,0.79,0.47,0.61,0.1067,1,1,Talisman
Andy Robertson,2e4f5f03,sct SCO,DF,Liverpool,LIVERPOOL,26.0,1994,2020,38,38,3383,37.6,1,7,8,1,0,0,2,0,0.03,0.19,0.21,0.03,0.21,0.0993,2,1,Talisman
Sadio Mané,c691bfe2,sn SEN,FW,Liverpool,LIVERPOOL,28.0,1992,2020,35,31,2810,31.2,11,7,18,11,0,0,3,0,0.35,0.22,0.58,0.35,0.58,0.0962,3,1,Talisman
Roberto Firmino,4c370d81,br BRA,FW,Liverpool,LIVERPOOL,28.0,1991,2020,36,33,2838,31.5,9,7,16,9,0,0,2,0,0.29,0.22,0.51,0.29,0.51,0.0945,4,1,Talisman
Trent Alexander-Arnold,cd1acf9d,eng ENG,DF,Liverpool,LIVERPOOL,21.0,1998,2020,36,34,3031,33.7,2,7,9,2,0,0,2,0,0.06,0.21,0.27,0.06,0.27,0.0915,5,1,Talisman
Georginio Wijnaldum,eb58eef0,nl NED,MF,Liverpool,LIVERPOOL,29.0,1990,2020,38,34,2941,32.7,2,0,2,2,0,0,1,0,0.06,0.0,0.06,0.06,0.06,0.0805,6,2,Key Player
Alisson,7a2e46a8,br BRA,GK,Liverpool,LIVERPOOL,27.0,1992,2020,33,33,2970,33.0,1,0,1,1,0,0,1,0,0.03,0.0,0.03,0.03,0.03,0.0801,7,2,Key Player
Fabinho,7f3b388c,br BRA,DFMF,Liverpool,LIVERPOOL,26.0,1993,2020,30,28,2567,28.5,0,0,0,0,0,0,6,0,0.0,0.0,0.0,0.0,0.0,0.0681,8,2,Key Player
Thiago Alcántara,77e84962,es ESP,MF,Liverpool,LIVERPOOL,29.0,1991,2020,24,20,1854,20.6,1,0,1,1,0,0,4,0,0.05,0.0,0.05,0.05,0.05,0.0505,9,2,Key Player
Jordan Henderson,935e6b8f,eng ENG,MFDF,Liverpool,LIVERPOOL,30.0,1990,2020,21,20,1704,18.9,1,1,2,1,0,0,0,0,0.05,0.05,0.11,0.05,0.11,0.0477,10,2,Key Player
Nathaniel Phillips,515ebe8d,eng ENG,DF,Liverpool,LIVERPOOL,23.0,1997,2020,17,15,1456,16.2,1,1,2,1,0,0,2,0,0.06,0.06,0.12,0.06,0.12,0.0411,11,2,Key Player
Diogo Jota,178ae8f8,pt POR,FWMF,Liverpool,LIVERPOOL,23.0,1996,2020,19,12,1112,12.4,9,0,9,9,0,0,2,0,0.73,0.0,0.73,0.73,0.73,0.0405,12,3,Regular Starter
Curtis Jones,4fb9c88f,eng ENG,MF,Liverpool,LIVERPOOL,19.0,2001,2020,24,13,1179,13.1,1,2,3,1,0,0,2,0,0.08,0.15,0.23,0.08,0.23,0.0349,13,3,Regular Starter
James Milner,2f90f6b8,eng ENG,MF,Liverpool,LIVERPOOL,34.0,1986,2020,26,11,1070,11.9,0,1,1,0,0,0,3,0,0.0,0.08,0.08,0.0,0.08,0.0296,14,3,Regular Starter
Joël Matip,b217ef29,cm CMR,DF,Liverpool,LIVERPOOL,28.0,1991,2020,10,9,691,7.7,1,2,3,1,0,0,2,0,0.13,0.26,0.39,0.13,0.39,0.022,15,3,Regular Starter
Ozan Kabak,2d61d13a,tr TUR,DF,Liverpool,LIVERPOOL,20.0,2000,2020,9,9,801,8.9,0,0,0,0,0,0,3,0,0.0,0.0,0.0,0.0,0.0,0.0213,16,3,Regular Starter
Rhys Williams,012c975a,eng ENG,DF,Liverpool,LIVERPOOL,19.0,2001,2020,9,7,661,7.3,0,0,0,0,0,0,0,0,0.0,0.0,0.0,0.0,0.0,0.0175,17,4,Squad Rotation
Xherdan Shaqiri,6421ec64,ch SUI,MFFW,Liverpool,LIVERPOOL,28.0,1991,2020,14,5,556,6.2,0,2,2,0,0,0,2,0,0.0,0.32,0.32,0.0,0.32,0.0172,18,4,Squad Rotation
Joe Gomez,7a11550b,eng ENG,DF,Liverpool,LIVERPOOL,23.0,1997,2020,7,6,590,6.6,0,0,0,0,0,0,0,0,0.0,0.0,0.0,0.0,0.0,0.0158,19,4,Squad Rotation
Naby Keïta,f25c8e3a,gn GUI,MF,Liverpool,LIVERPOOL,25.0,1995,2020,10,7,520,5.8,0,0,0,0,0,0,1,0,0.0,0.0,0.0,0.0,0.0,0.0139,20,4,Squad Rotation
Virgil van Dijk,e06683ca,nl NED,DF,Liverpool,LIVERPOOL,29.0,1991,2020,5,5,370,4.1,1,0,1,1,0,0,1,0,0.24,0.0,0.24,0.24,0.24,0.011,21,4,Squad Rotation
Takumi Minamino,f833a830,jp JPN,MFFW,Liverpool,LIVERPOOL,25.0,1995,2020,9,2,293,3.3,1,0,1,1,0,0,0,0,0.31,0.0,0.31,0.31,0.31,0.0091,22,4,Squad Rotation
Alex Oxlade-Chamberlain,38c7feef,eng ENG,MFFW,Liverpool,LIVERPOOL,26.0,1993,2020,13,2,253,2.8,1,1,2,1,0,0,0,0,0.36,0.36,0.71,0.36,0.71,0.0091,23,5,Fringe/Backup
Adrián,f76e6b4e,es ESP,GK,Liverpool,LIVERPOOL,33.0,1987,2020,3,3,270,3.0,0,0,0,0,0,0,0,0,0.0,0.0,0.0,0.0,0.0,0.0072,24,5,Fringe/Backup
Neco Williams,dd323728,wls WAL,DF,Liverpool,LIVERPOOL,19.0,2001,2020,6,3,249,2.8,0,0,0,0,0,0,1,0,0.0,0.0,0.0,0.0,0.0,0.0067,25,5,Fringe/Backup
Divock Origi,43a166b4,be BEL,FW,Liverpool,LIVERPOOL,25.0,1995,2020,9,2,186,2.1,0,0,0,0,0,0,0,0,0.0,0.0,0.0,0.0,0.0,0.005,26,5,Fringe/Backup
Caoimhín Kelleher,62d7ef38,ie IRL,GK,Liverpool,LIVERPOOL,21.0,1998,2020,2,2,180,2.0,0,0,0,0,0,0,0,0,0.0,0.0,0.0,0.0,0.0,0.0048,27,5,Fringe/Backup
Kostas Tsimikas,f315ca93,gr GRE,DF,Liverpool,LIVERPOOL,24.0,1996,2020,2,0,7,0.1,0,0,0,0,0,0,0,0,0.0,0.0,0.0,0.0,0.0,0.0002,28,5,Fringe/Backup
Raheem Sterling,b400bde0,eng ENG,FWMF,Manchester City,MANCHESTERCITY,25.0,1994,2020,31,28,2536,28.2,10,7,17,10,0,1,4,0,0.35,0.25,0.6,0.35,0.6,0.088,1,1,Talisman
Ederson Moraes,3bb7b8b4,br BRA,GK,Manchester City,MANCHESTERCITY,26.0,1993,2020,36,36,3240,36.0,0,1,1,0,0,0,3,0,0.0,0.03,0.03,0.0,0.03,0.0877,2,1,Talisman
Rúben Dias,31c69ef1,pt POR,DF,Manchester City,MANCHESTERCITY,23.0,1997,2020,32,32,2843,31.6,1,0,1,1,0,0,4,0,0.03,0.0,0.03,0.03,0.03,0.077,3,1,Talisman
Rodri,6434f10d,es ESP,MF,Manchester City,MANCHESTERCITY,24.0,1996,2020,34,31,2748,30.5,2,2,4,1,1,1,6,0,0.07,0.07,0.13,0.03,0.1,0.0769,4,1,Talisman
Kevin De Bruyne,e46012d4,be BEL,MF,Manchester City,MANCHESTERCITY,29.0,1991,2020,25,23,1997,22.2,6,12,18,4,2,3,1,0,0.27,0.54,0.81,0.18,0.72,0.0725,5,2,Key Player
İlkay Gündoğan,819b3158,de GER,MF,Manchester City,MANCHESTERCITY,29.0,1990,2020,28,23,2029,22.5,13,2,15,12,1,2,1,0,0.58,0.09,0.67,0.53,0.62,0.0708,6,2,Key Player
Gabriel Jesus,b66315ae,br BRA,FW,Manchester City,MANCHESTERCITY,23.0,1997,2020,29,22,2063,22.9,9,4,13,9,0,0,2,0,0.39,0.17,0.57,0.39,0.57,0.0707,7,2,Key Player
Riyad Mahrez,892d5bb1,dz ALG,FWMF,Manchester City,MANCHESTERCITY,29.0,1991,2020,27,23,1949,21.7,9,6,15,9,0,0,0,0,0.42,0.28,0.69,0.42,0.69,0.0701,8,2,Key Player
João Cancelo,bd6351cd,pt POR,DFMF,Manchester City,MANCHESTERCITY,26.0,1994,2020,28,27,2299,25.5,2,3,5,2,0,0,5,1,0.08,0.12,0.2,0.08,0.2,0.0673,9,2,Key Player
Bernardo Silva,3eb22ec9,pt POR,MFFW,Manchester City,MANCHESTERCITY,25.0,1994,2020,26,24,2065,22.9,2,6,8,2,0,0,5,0,0.09,0.26,0.35,0.09,0.35,0.0646,10,3,Regular Starter
Phil Foden,ed1e53f3,eng ENG,FWMF,Manchester City,MANCHESTERCITY,20.0,2000,2020,28,17,1616,18.0,9,5,14,9,0,0,0,0,0.5,0.28,0.78,0.5,0.78,0.0601,11,3,Regular Starter
John Stones,5eecec3d,eng ENG,DF,Manchester City,MANCHESTERCITY,26.0,1994,2020,22,22,1933,21.5,4,0,4,4,0,0,0,1,0.19,0.0,0.19,0.19,0.19,0.0565,12,3,Regular Starter
Kyle Walker,86dd77d1,eng ENG,DF,Manchester City,MANCHESTERCITY,30.0,1990,2020,24,22,1946,21.6,1,1,2,1,0,0,1,0,0.05,0.05,0.09,0.05,0.09,0.0542,13,3,Regular Starter
Ferran Torres,9e1035f8,es ESP,FWMF,Manchester City,MANCHESTERCITY,20.0,2000,2020,24,15,1306,14.5,7,2,9,7,0,0,1,0,0.48,0.14,0.62,0.48,0.62,0.0456,14,3,Regular Starter
Oleksandr Zinchenko,51cf8561,ua UKR,DF,Manchester City,MANCHESTERCITY,23.0,1996,2020,20,15,1478,16.4,0,0,0,0,0,0,0,0,0.0,0.0,0.0,0.0,0.0,0.0394,15,4,Squad Rotation
Aymeric Laporte,119b9a8e,es ESP,DF,Manchester City,MANCHESTERCITY,26.0,1994,2020,16,14,1344,14.9,0,0,0,0,0,0,1,0,0.0,0.0,0.0,0.0,0.0,0.0358,16,4,Squad Rotation
Fernandinho,101da2b5,br BRA,MF,Manchester City,MANCHESTERCITY,35.0,1985,2020,21,12,1188,13.2,0,2,2,0,0,0,6,0,0.0,0.15,0.15,0.0,0.15,0.0341,17,4,Squad Rotation
Benjamin Mendy,5271c8f1,fr FRA,DFMF,Manchester City,MANCHESTERCITY,26.0,1994,2020,13,11,953,10.6,2,1,3,2,0,0,2,0,0.19,0.09,0.28,0.19,0.28,0.029,18,4,Squad Rotation
Nathan Aké,eaeca114,nl NED,DF,Manchester City,MANCHESTERCITY,25.0,1995,2020,10,9,797,8.9,1,0,1,1,0,0,4,0,0.11,0.0,0.11,0.11,0.11,0.0225,19,4,Squad Rotation
Sergio Agüero,4d034881,ar ARG,FWMF,Manchester City,MANCHESTERCITY,32.0,1988,2020,12,7,559,6.2,4,1,5,3,1,2,0,0,0.64,0.16,0.81,0.48,0.64,0.0196,20,5,Fringe/Backup
Eric García,2bed3eab,es ESP,DF,Manchester City,MANCHESTERCITY,19.0,2001,2020,6,3,383,4.3,0,0,0,0,0,0,0,0,0.0,0.0,0.0,0.0,0.0,0.0103,21,5,Fringe/Backup
Scott Carson,3e1550ee,eng ENG,GK,Manchester City,MANCHESTERCITY,34.0,1985,2020,1,1,90,1.0,0,0,0,0,0,0,0,0,0.0,0.0,0.0,0.0,0.0,0.0024,22,5,Fringe/Backup
Zack Steffen,42130443,us USA,GK,Manchester City,MANCHESTERCITY,25.0,1995,2020,1,1,90,1.0,0,0,0,0,0,0,0,0,0.0,0.0,0.0,0.0,0.0,0.0024,23,5,Fringe/Backup
Liam Delap,dd897ee7,eng ENG,FW,Manchester City,MANCHESTERCITY,17.0,2003,2020,1,0,40,0.4,0,0,0,0,0,0,0,0,0.0,0.0,0.0,0.0,0.0,0.001,24,5,Fringe/Backup
Bruno Fernandes,507c7bdf,pt POR,MF,Manchester Utd,MANCHESTERUNITED,25.0,1994,2020,37,35,3099,34.4,18,12,30,9,9,11,6,0,0.52,0.35,0.87,0.26,0.61,0.1076,1,1,Talisman
Marcus Rashford,a1d5bd30,eng ENG,MFFW,Manchester Utd,MANCHESTERUNITED,22.0,1997,2020,37,33,2920,32.4,11,9,20,11,0,0,4,0,0.34,0.28,0.62,0.34,0.62,0.1017,2,1,Talisman
Aaron Wan-Bissaka,9e525177,cd COD,DF,Manchester Utd,MANCHESTERUNITED,22.0,1997,2020,34,34,3060,34.0,2,4,6,2,0,0,3,0,0.06,0.12,0.18,0.06,0.18,0.0888,3,1,Talisman
Harry Maguire,d8931174,eng ENG,DF,Manchester Utd,MANCHESTERUNITED,27.0,1993,2020,34,34,3047,33.9,2,1,3,2,0,0,11,0,0.06,0.03,0.09,0.06,0.09,0.0849,4,1,Talisman
Luke Shaw,9c94165b,eng ENG,DF,Manchester Utd,MANCHESTERUNITED,25.0,1995,2020,32,30,2654,29.5,1,5,6,1,0,0,8,0,0.03,0.17,0.2,0.03,0.2,0.0778,5,1,Talisman
Victor Lindelöf,f5deef4c,se SWE,DF,Manchester Utd,MANCHESTERUNITED,26.0,1994,2020,29,29,2585,28.7,1,1,2,1,0,0,0,0,0.03,0.03,0.07,0.03,0.07,0.0712,6,2,Key Player
Fred,b853e0ad,br BRA,MF,Manchester Utd,MANCHESTERUNITED,27.0,1993,2020,30,27,2390,26.6,1,0,1,1,0,0,5,0,0.04,0.0,0.04,0.04,0.04,0.065,7,2,Key Player
Scott McTominay,d93c2511,sct SCO,MF,Manchester Utd,MANCHESTERUNITED,23.0,1996,2020,32,24,2129,23.7,4,1,5,4,0,0,3,0,0.17,0.04,0.21,0.17,0.21,0.0628,8,2,Key Player
David de Gea,7ba6d84e,es ESP,GK,Manchester Utd,MANCHESTERUNITED,29.0,1990,2020,26,26,2295,25.5,0,0,0,0,0,0,0,0,0.0,0.0,0.0,0.0,0.0,0.0611,9,2,Key Player
Mason Greenwood,58eee997,eng ENG,MFFW,Manchester Utd,MANCHESTERUNITED,18.0,2001,2020,31,21,1822,20.2,7,2,9,7,0,0,2,0,0.35,0.1,0.44,0.35,0.44,0.0591,10,2,Key Player
Paul Pogba,867239d3,fr FRA,MF,Manchester Utd,MANCHESTERUNITED,27.0,1993,2020,26,21,1897,21.1,3,3,6,3,0,0,3,0,0.14,0.14,0.28,0.14,0.28,0.0576,11,2,Key Player
Edinson Cavani,527f063d,uy URU,FW,Manchester Utd,MANCHESTERUNITED,33.0,1987,2020,26,13,1375,15.3,10,3,13,10,0,0,4,0,0.65,0.2,0.85,0.65,0.85,0.0522,12,3,Regular Starter
Anthony Martial,8b788c01,fr FRA,FWMF,Manchester Utd,MANCHESTERUNITED,24.0,1995,2020,22,17,1480,16.4,4,3,7,4,0,0,0,1,0.24,0.18,0.43,0.24,0.43,0.0477,13,3,Regular Starter
Dean Henderson,e5a76dfe,eng ENG,GK,Manchester Utd,MANCHESTERUNITED,23.0,1997,2020,13,12,1125,12.5,0,0,0,0,0,0,3,0,0.0,0.0,0.0,0.0,0.0,0.03,14,3,Regular Starter
Nemanja Matić,eb7822d7,rs SRB,MF,Manchester Utd,MANCHESTERUNITED,31.0,1988,2020,20,12,1106,12.3,0,0,0,0,0,0,2,0,0.0,0.0,0.0,0.0,0.0,0.0295,15,3,Regular Starter
Daniel James,c931d9f9,wls WAL,MF,Manchester Utd,MANCHESTERUNITED,22.0,1997,2020,15,11,910,10.1,3,1,4,3,0,0,3,0,0.3,0.1,0.4,0.3,0.4,0.029,16,3,Regular Starter
Eric Bailly,a1232f4e,ci CIV,DF,Manchester Utd,MANCHESTERUNITED,26.0,1994,2020,12,10,916,10.2,0,0,0,0,0,0,3,0,0.0,0.0,0.0,0.0,0.0,0.0244,17,3,Regular Starter
Alex Telles,e73c9bb2,br BRA,DF,Manchester Utd,MANCHESTERUNITED,27.0,1992,2020,9,8,690,7.7,0,2,2,0,0,0,0,0,0.0,0.26,0.26,0.0,0.26,0.0209,18,4,Squad Rotation
Donny van de Beek,50dc94ce,nl NED,MF,Manchester Utd,MANCHESTERUNITED,23.0,1997,2020,19,4,524,5.8,1,1,2,1,0,0,1,0,0.17,0.17,0.34,0.17,0.34,0.0163,19,4,Squad Rotation
Juan Mata,29733c72,es ESP,MF,Manchester Utd,MANCHESTERUNITED,32.0,1988,2020,9,6,509,5.7,1,2,3,0,1,1,0,0,0.18,0.35,0.53,0.0,0.35,0.016,20,4,Squad Rotation
Axel Tuanzebe,2baec6ce,cd COD,DF,Manchester Utd,MANCHESTERUNITED,22.0,1997,2020,9,4,404,4.5,0,0,0,0,0,0,2,0,0.0,0.0,0.0,0.0,0.0,0.0108,21,4,Squad Rotation
Amad Diallo,9dc96f10,ci CIV,MF,Manchester Utd,MANCHESTERUNITED,18.0,2002,2020,3,2,166,1.8,0,1,1,0,0,0,0,0,0.0,0.54,0.54,0.0,0.54,0.0055,22,4,Squad Rotation
Anthony Elanga,2fba6108,se SWE,MFFW,Manchester Utd,MANCHESTERUNITED,18.0,2002,2020,2,2,155,1.7,1,0,1,1,0,0,0,0,0.58,0.0,0.58,0.58,0.58,0.0053,23,4,Squad Rotation
Brandon Williams,5e74d6c8,eng ENG,DF,Manchester Utd,MANCHESTERUNITED,19.0,2000,2020,4,2,188,2.1,0,0,0,0,0,0,0,0,0.0,0.0,0.0,0.0,0.0,0.005,24,5,Fringe/Backup
Timothy Fosu-Mensah,a9142dc3,nl NED,DF,Manchester Utd,MANCHESTERUNITED,22.0,1998,2020,1,1,80,0.9,0,0,0,0,0,0,1,0,0.0,0.0,0.0,0.0,0.0,0.0022,25,5,Fringe/Backup
Odion Ighalo,03622183,ng NGA,FW,Manchester Utd,MANCHESTERUNITED,31.0,1989,2020,1,0,10,0.1,0,0,0,0,0,0,0,0,0.0,0.0,0.0,0.0,0.0,0.0002,26,5,Fringe/Backup
Hannibal Mejbri,ca22ccb0,tn TUN,MF,Manchester Utd,MANCHESTERUNITED,17.0,2003,2020,1,0,9,0.1,0,0,0,0,0,0,0,0,0.0,0.0,0.0,0.0,0.0,0.0002,27,5,Fringe/Backup
Shola Shoretire,00f0482f,eng ENG,FWMF,Manchester Utd,MANCHESTERUNITED,16.0,2004,2020,2,0,11,0.1,0,0,0,0,0,0,0,0,0.0,0.0,0.0,0.0,0.0,0.0002,28,5,Fringe/Backup
Will Fish,b2ee9d2c,eng ENG,DF,Manchester Utd,MANCHESTERUNITED,17.0,2003,2020,1,0,1,0.0,0,0,0,0,0,0,0,0,0.0,0.0,0.0,0.0,0.0,0.0,29,5,Fringe/Backup
Jonjo Shelvey,3727dd3c,eng ENG,MF,Newcastle,NEWCASTLEUNITED,28.0,1992,2020,30,29,2617,29.1,1,3,4,1,0,0,7,0,0.03,0.1,0.14,0.03,0.14,0.0747,1,1,Talisman
Callum Wilson,c596fcb0,eng ENG,FW,Newcastle,NEWCASTLEUNITED,28.0,1992,2020,26,23,2084,23.2,12,5,17,8,4,4,2,0,0.52,0.22,0.73,0.35,0.56,0.0712,2,1,Talisman
Miguel Almirón,862a1c15,py PAR,MFFW,Newcastle,NEWCASTLEUNITED,26.0,1994,2020,34,28,2429,27.0,4,1,5,4,0,0,3,0,0.15,0.04,0.19,0.15,0.19,0.0709,3,1,Talisman
Karl Darlow,cde3309f,wls WAL,GK,Newcastle,NEWCASTLEUNITED,29.0,1990,2020,25,25,2250,25.0,0,0,0,0,0,0,3,0,0.0,0.0,0.0,0.0,0.0,0.06,4,1,Talisman
Joelinton,c17bfb65,br BRA,FWMF,Newcastle,NEWCASTLEUNITED,23.0,1996,2020,31,23,1983,22.0,4,2,6,3,1,1,3,0,0.18,0.09,0.27,0.14,0.23,0.0588,5,1,Talisman
Federico Fernández,f25b010f,ar ARG,DF,Newcastle,NEWCASTLEUNITED,31.0,1989,2020,24,24,2079,23.1,0,0,0,0,0,0,4,0,0.0,0.0,0.0,0.0,0.0,0.0554,6,2,Key Player
Isaac Hayden,c951a6df,jm JAM,MFDF,Newcastle,NEWCASTLEUNITED,25.0,1995,2020,24,22,1942,21.6,0,0,0,0,0,0,8,0,0.0,0.0,0.0,0.0,0.0,0.0518,7,2,Key Player
Ciaran Clark,2b91cf8e,ie IRL,DF,Newcastle,NEWCASTLEUNITED,30.0,1989,2020,22,21,1891,21.0,1,0,1,1,0,0,3,0,0.05,0.0,0.05,0.05,0.05,0.0516,8,2,Key Player
Jamal Lewis,efb9215a,nir NIR,DF,Newcastle,NEWCASTLEUNITED,22.0,1998,2020,24,20,1837,20.4,0,1,1,0,0,0,4,0,0.0,0.05,0.05,0.0,0.05,0.0502,9,2,Key Player
Allan Saint-Maximin,2b16cb1a,fr FRA,FWMF,Newcastle,NEWCASTLEUNITED,23.0,1997,2020,25,19,1560,17.3,3,4,7,3,0,0,0,0,0.17,0.23,0.4,0.17,0.4,0.0498,10,2,Key Player
Jacob Murphy,de112b84,eng ENG,DFMF,Newcastle,NEWCASTLEUNITED,25.0,1995,2020,26,17,1626,18.1,2,3,5,2,0,0,3,0,0.11,0.17,0.28,0.11,0.28,0.0495,11,3,Regular Starter
Jamaal Lascelles,450ab6fc,eng ENG,DF,Newcastle,NEWCASTLEUNITED,26.0,1993,2020,19,19,1625,18.1,2,0,2,2,0,0,4,0,0.11,0.0,0.11,0.11,0.11,0.0458,12,3,Regular Starter
Jeff Hendrick,989d5705,ie IRL,MF,Newcastle,NEWCASTLEUNITED,28.0,1992,2020,22,17,1422,15.8,2,1,3,2,0,0,3,1,0.13,0.06,0.19,0.13,0.19,0.0415,13,3,Regular Starter
Sean Longstaff,a2b105e0,eng ENG,MF,Newcastle,NEWCASTLEUNITED,22.0,1997,2020,22,15,1412,15.7,0,1,1,0,0,0,2,0,0.0,0.06,0.06,0.0,0.06,0.0388,14,3,Regular Starter
Matt Ritchie,71ef519e,sct SCO,DFMF,Newcastle,NEWCASTLEUNITED,30.0,1989,2020,18,15,1350,15.0,0,2,2,0,0,0,2,0,0.0,0.13,0.13,0.0,0.13,0.0383,15,3,Regular Starter
Joe Willock,a3b03921,eng ENG,MF,Newcastle,NEWCASTLEUNITED,20.0,1999,2020,14,11,978,10.9,8,0,8,8,0,1,0,0,0.74,0.0,0.74,0.74,0.74,0.0358,16,3,Regular Starter
Emil Krafth,77cf6852,se SWE,DF,Newcastle,NEWCASTLEUNITED,25.0,1994,2020,16,14,1288,14.3,1,0,1,1,0,0,4,0,0.07,0.0,0.07,0.07,0.07,0.0355,17,4,Squad Rotation
Paul Dummett,3fe6bd8c,wls WAL,DF,Newcastle,NEWCASTLEUNITED,28.0,1991,2020,15,14,1255,13.9,1,0,1,1,0,0,2,0,0.07,0.0,0.07,0.07,0.07,0.0345,18,4,Squad Rotation
Fabian Schär,c8aa95da,ch SUI,DF,Newcastle,NEWCASTLEUNITED,28.0,1991,2020,18,13,1246,13.8,1,0,1,0,1,1,4,1,0.07,0.0,0.07,0.0,0.0,0.0331,19,4,Squad Rotation
Martin Dúbravka,3a949a25,sk SVK,GK,Newcastle,NEWCASTLEUNITED,31.0,1989,2020,13,13,1170,13.0,0,0,0,0,0,0,0,0,0.0,0.0,0.0,0.0,0.0,0.0312,20,4,Squad Rotation
Ryan Fraser,d56543a0,sct SCO,FWMF,Newcastle,NEWCASTLEUNITED,26.0,1994,2020,18,9,928,10.3,0,2,2,0,0,0,2,1,0.0,0.19,0.19,0.0,0.19,0.0271,21,4,Squad Rotation
Javier Manquillo,758dd7f0,es ESP,DF,Newcastle,NEWCASTLEUNITED,26.0,1994,2020,13,10,825,9.2,0,0,0,0,0,0,1,0,0.0,0.0,0.0,0.0,0.0,0.0221,22,5,Fringe/Backup
Dwight Gayle,e58a03c6,eng ENG,FW,Newcastle,NEWCASTLEUNITED,29.0,1990,2020,18,4,514,5.7,1,1,2,1,0,0,0,0,0.18,0.18,0.35,0.18,0.35,0.0161,23,5,Fringe/Backup
Andy Carroll,b581987a,eng ENG,FW,Newcastle,NEWCASTLEUNITED,31.0,1989,2020,18,4,392,4.4,1,0,1,1,0,0,1,0,0.23,0.0,0.23,0.23,0.23,0.0118,24,5,Fringe/Backup
DeAndre Yedlin,ae0a7ddf,us USA,DF,Newcastle,NEWCASTLEUNITED,27.0,1993,2020,6,5,436,4.8,0,0,0,0,0,0,0,0,0.0,0.0,0.0,0.0,0.0,0.0115,25,5,Fringe/Backup
Matthew Longstaff,c0027d2d,eng ENG,MF,Newcastle,NEWCASTLEUNITED,20.0,2000,2020,5,4,377,4.2,0,0,0,0,0,0,0,0,0.0,0.0,0.0,0.0,0.0,0.0101,26,5,Fringe/Backup
Elliot Anderson,de31038e,eng ENG,MF,Newcastle,NEWCASTLEUNITED,17.0,2002,2020,1,0,4,0.0,0,0,0,0,0,0,0,0,0.0,0.0,0.0,0.0,0.0,0.0,27,5,Fringe/Backup
Aaron Ramsdale,466fb2c5,eng ENG,GK,Sheffield United,SHEFFIELDUNITED,22.0,1998,2020,38,38,3420,38.0,0,0,0,0,0,0,1,0,0.0,0.0,0.0,0.0,0.0,0.0913,1,1,Talisman
George Baldock,394854c4,gr GRE,MFDF,Sheffield United,SHEFFIELDUNITED,27.0,1993,2020,32,32,2787,31.0,0,2,2,0,0,0,7,0,0.0,0.06,0.06,0.0,0.06,0.0768,2,1,Talisman
David McGoldrick,dbe56a33,ie IRL,FW,Sheffield United,SHEFFIELDUNITED,32.0,1987,2020,35,28,2397,26.6,8,1,9,8,0,0,7,0,0.3,0.04,0.34,0.3,0.34,0.0748,3,1,Talisman
Enda Stevens,17d4507a,ie IRL,MFDF,Sheffield United,SHEFFIELDUNITED,30.0,1990,2020,30,30,2700,30.0,0,1,1,0,0,0,6,0,0.0,0.03,0.03,0.0,0.03,0.0732,4,1,Talisman
John Egan,debe38a0,ie IRL,DF,Sheffield United,SHEFFIELDUNITED,27.0,1992,2020,31,30,2629,29.2,0,1,1,0,0,0,7,1,0.0,0.03,0.03,0.0,0.03,0.0712,5,1,Talisman
John Fleck,b63e789d,sct SCO,MF,Sheffield United,SHEFFIELDUNITED,28.0,1991,2020,31,29,2575,28.6,0,2,2,0,0,0,4,0,0.0,0.07,0.07,0.0,0.07,0.0712,6,2,Key Player
Chris Basham,1aa84968,eng ENG,DF,Sheffield United,SHEFFIELDUNITED,32.0,1988,2020,31,31,2576,28.6,0,1,1,0,0,0,5,0,0.0,0.03,0.03,0.0,0.03,0.0698,7,2,Key Player
Oliver Norwood,43439614,nir NIR,MF,Sheffield United,SHEFFIELDUNITED,29.0,1991,2020,32,26,2220,24.7,0,0,0,0,0,0,6,0,0.0,0.0,0.0,0.0,0.0,0.0594,8,2,Key Player
John Lundstram,0df2b165,eng ENG,MF,Sheffield United,SHEFFIELDUNITED,26.0,1994,2020,28,23,2032,22.6,0,2,2,0,0,1,8,1,0.0,0.09,0.09,0.0,0.09,0.0568,9,2,Key Player
Ethan Ampadu,10b9fa99,wls WAL,DFMF,Sheffield United,SHEFFIELDUNITED,19.0,2000,2020,25,23,2089,23.2,0,0,0,0,0,0,3,0,0.0,0.0,0.0,0.0,0.0,0.0558,10,2,Key Player
Ben Osborn,79bc4c45,eng ENG,MFFW,Sheffield United,SHEFFIELDUNITED,25.0,1994,2020,24,17,1604,17.8,1,0,1,1,0,0,1,0,0.06,0.0,0.06,0.06,0.06,0.0441,11,3,Regular Starter
Oliver McBurnie,78b8ac63,sct SCO,FW,Sheffield United,SHEFFIELDUNITED,24.0,1996,2020,23,12,1324,14.7,1,0,1,1,0,0,2,0,0.07,0.0,0.07,0.07,0.07,0.0366,12,3,Regular Starter
Oliver Burke,f631c17f,sct SCO,FW,Sheffield United,SHEFFIELDUNITED,23.0,1997,2020,25,14,1269,14.1,1,1,2,1,0,0,2,0,0.07,0.07,0.14,0.07,0.14,0.0363,13,3,Regular Starter
Jayden Bogle,ae5019e6,eng ENG,MF,Sheffield United,SHEFFIELDUNITED,20.0,2000,2020,16,12,1110,12.3,2,0,2,2,0,0,2,0,0.16,0.0,0.16,0.16,0.16,0.0319,14,3,Regular Starter
Sander Berge,d0b6129f,no NOR,MF,Sheffield United,SHEFFIELDUNITED,22.0,1998,2020,15,13,1120,12.4,1,1,2,0,1,1,4,0,0.08,0.08,0.16,0.0,0.08,0.031,15,3,Regular Starter
Rhian Brewster,30e81a88,eng ENG,FW,Sheffield United,SHEFFIELDUNITED,20.0,2000,2020,27,12,1128,12.5,0,0,0,0,0,0,1,0,0.0,0.0,0.0,0.0,0.0,0.03,16,3,Regular Starter
Kean Bryan,c684d3c9,eng ENG,DF,Sheffield United,SHEFFIELDUNITED,23.0,1996,2020,13,12,1004,11.2,1,0,1,1,0,0,1,0,0.09,0.0,0.09,0.09,0.09,0.0281,17,4,Squad Rotation
Jack Robinson,7399c7a8,eng ENG,DF,Sheffield United,SHEFFIELDUNITED,26.0,1993,2020,11,9,877,9.7,0,1,1,0,0,0,3,0,0.0,0.1,0.1,0.0,0.1,0.0245,18,4,Squad Rotation
Billy Sharp,e8c9f4e9,eng ENG,FW,Sheffield United,SHEFFIELDUNITED,34.0,1986,2020,16,7,735,8.2,3,0,3,1,2,2,1,0,0.37,0.0,0.37,0.12,0.12,0.0209,19,4,Squad Rotation
Max Lowe,7af88b33,eng ENG,MFDF,Sheffield United,SHEFFIELDUNITED,23.0,1997,2020,8,7,550,6.1,0,0,0,0,0,0,1,0,0.0,0.0,0.0,0.0,0.0,0.0147,20,4,Squad Rotation
Phil Jagielka,3233eefd,eng ENG,DF,Sheffield United,SHEFFIELDUNITED,37.0,1982,2020,10,6,526,5.8,0,0,0,0,0,0,1,1,0.0,0.0,0.0,0.0,0.0,0.0139,21,4,Squad Rotation
Daniel Jebbison,03edb878,ca CAN,FW,Sheffield United,SHEFFIELDUNITED,16.0,2003,2020,4,3,284,3.2,1,0,1,1,0,0,0,0,0.32,0.0,0.32,0.32,0.32,0.0089,22,5,Fringe/Backup
Lys Mousset,d9cfca3d,fr FRA,FW,Sheffield United,SHEFFIELDUNITED,24.0,1996,2020,11,2,296,3.3,0,0,0,0,0,0,0,0,0.0,0.0,0.0,0.0,0.0,0.0079,23,5,Fringe/Backup
Jack O'Connell,312626c1,eng ENG,DF,Sheffield United,SHEFFIELDUNITED,26.0,1994,2020,2,2,180,2.0,0,0,0,0,0,0,0,0,0.0,0.0,0.0,0.0,0.0,0.0048,24,5,Fringe/Backup
Antwoine Hackford,a7588cdc,eng ENG,FW,Sheffield United,SHEFFIELDUNITED,16.0,2004,2020,1,0,11,0.1,0,0,0,0,0,0,0,0,0.0,0.0,0.0,0.0,0.0,0.0002,25,5,Fringe/Backup
Iliman Ndiaye,5ed97752,sn SEN,FWMF,Sheffield United,SHEFFIELDUNITED,20.0,2000,2020,1,0,12,0.1,0,0,0,0,0,0,0,0,0.0,0.0,0.0,0.0,0.0,0.0002,26,5,Fringe/Backup
Femi Seriki,e4e0deaa,eng ENG,DF,Sheffield United,SHEFFIELDUNITED,18.0,2002,2020,1,0,1,0.0,0,0,0,0,0,0,0,0,0.0,0.0,0.0,0.0,0.0,0.0,27,5,Fringe/Backup
James Ward-Prowse,3515d404,eng ENG,MF,Southampton,SOUTHAMPTON,25.0,1994,2020,38,38,3420,38.0,8,7,15,5,3,4,5,0,0.21,0.18,0.39,0.13,0.32,0.106,1,1,Talisman
Ché Adams,f2bf1b0f,sct SCO,FW,Southampton,SOUTHAMPTON,24.0,1996,2020,36,30,2667,29.6,9,5,14,9,0,0,1,0,0.3,0.17,0.47,0.3,0.47,0.0879,2,1,Talisman
Jan Bednarek,4115ce4e,pl POL,DF,Southampton,SOUTHAMPTON,24.0,1996,2020,36,36,3100,34.4,1,1,2,1,0,0,5,1,0.03,0.03,0.06,0.03,0.06,0.0852,3,1,Talisman
Stuart Armstrong,97333cf5,sct SCO,MF,Southampton,SOUTHAMPTON,28.0,1992,2020,33,32,2764,30.7,4,5,9,4,0,0,3,0,0.13,0.16,0.29,0.13,0.29,0.0845,4,1,Talisman
Danny Ings,07802f7f,eng ENG,FW,Southampton,SOUTHAMPTON,28.0,1992,2020,29,26,2173,24.1,12,4,16,10,2,2,1,0,0.5,0.17,0.66,0.41,0.58,0.0748,5,1,Talisman
Kyle Walker-Peters,984a5a64,eng ENG,DF,Southampton,SOUTHAMPTON,23.0,1997,2020,30,30,2645,29.4,0,2,2,0,0,0,4,0,0.0,0.07,0.07,0.0,0.07,0.0732,6,2,Key Player
Alex McCarthy,36c2ca73,eng ENG,GK,Southampton,SOUTHAMPTON,30.0,1989,2020,30,30,2700,30.0,0,0,0,0,0,0,2,0,0.0,0.0,0.0,0.0,0.0,0.0722,7,2,Key Player
Jannik Vestergaard,1900032e,dk DEN,DF,Southampton,SOUTHAMPTON,27.0,1992,2020,30,29,2574,28.6,3,0,3,3,0,0,3,1,0.1,0.0,0.1,0.1,0.1,0.0722,8,2,Key Player
Ryan Bertrand,01226327,eng ENG,DF,Southampton,SOUTHAMPTON,30.0,1989,2020,29,29,2598,28.9,0,1,1,0,0,0,5,0,0.0,0.03,0.03,0.0,0.03,0.0705,9,2,Key Player
Nathan Redmond,ab651565,eng ENG,MFFW,Southampton,SOUTHAMPTON,26.0,1994,2020,29,17,1738,19.3,2,3,5,2,0,0,1,0,0.1,0.16,0.26,0.1,0.26,0.0525,10,2,Key Player
Theo Walcott,1ecb65be,eng ENG,MFFW,Southampton,SOUTHAMPTON,31.0,1989,2020,21,20,1618,18.0,3,3,6,3,0,0,0,0,0.17,0.17,0.33,0.17,0.33,0.0504,11,2,Key Player
Oriol Romeu,4b511457,es ESP,MF,Southampton,SOUTHAMPTON,28.0,1991,2020,21,20,1763,19.6,1,1,2,1,0,0,6,0,0.05,0.05,0.1,0.05,0.1,0.0495,12,3,Regular Starter
Jack Stephens,6adbc307,eng ENG,DF,Southampton,SOUTHAMPTON,26.0,1994,2020,18,17,1537,17.1,0,0,0,0,0,0,2,0,0.0,0.0,0.0,0.0,0.0,0.0411,13,3,Regular Starter
Moussa Djenepo,254147d4,ml MLI,MF,Southampton,SOUTHAMPTON,22.0,1998,2020,27,15,1240,13.8,1,0,1,1,0,0,5,0,0.07,0.0,0.07,0.07,0.07,0.0344,14,3,Regular Starter
Ibrahima Diallo,11ff3d56,fr FRA,MF,Southampton,SOUTHAMPTON,21.0,1999,2020,22,10,1020,11.3,0,0,0,0,0,0,3,0,0.0,0.0,0.0,0.0,0.0,0.0272,15,3,Regular Starter
Mohammed Salisu,0b33f6ad,gh GHA,DF,Southampton,SOUTHAMPTON,21.0,1999,2020,12,8,844,9.4,0,0,0,0,0,0,1,0,0.0,0.0,0.0,0.0,0.0,0.0226,16,3,Regular Starter
Nathan Tella,f1e94cd6,ng NGA,FWMF,Southampton,SOUTHAMPTON,21.0,1999,2020,18,7,745,8.3,1,1,2,1,0,0,2,0,0.12,0.12,0.24,0.12,0.24,0.0224,17,3,Regular Starter
Takumi Minamino,f833a830,jp JPN,MFFW,Southampton,SOUTHAMPTON,25.0,1995,2020,10,9,711,7.9,2,0,2,2,0,0,1,0,0.25,0.0,0.25,0.25,0.25,0.0214,18,4,Squad Rotation
Fraser Forster,c3e39f12,eng ENG,GK,Southampton,SOUTHAMPTON,32.0,1988,2020,8,8,720,8.0,0,0,0,0,0,0,0,0,0.0,0.0,0.0,0.0,0.0,0.0192,19,4,Squad Rotation
Shane Long,9f472354,ie IRL,FW,Southampton,SOUTHAMPTON,33.0,1987,2020,11,1,210,2.3,0,0,0,0,0,0,0,0,0.0,0.0,0.0,0.0,0.0,0.0055,20,4,Squad Rotation
William Smallbone,5e105217,ie IRL,MF,Southampton,SOUTHAMPTON,20.0,2000,2020,3,2,172,1.9,0,0,0,0,0,0,0,0,0.0,0.0,0.0,0.0,0.0,0.0046,21,4,Squad Rotation
Dan Nlundulu,30040f5d,eng ENG,FW,Southampton,SOUTHAMPTON,21.0,1999,2020,13,0,111,1.2,0,0,0,0,0,0,0,0,0.0,0.0,0.0,0.0,0.0,0.0029,22,4,Squad Rotation
Yan Valery,531a4aa8,tn TUN,DF,Southampton,SOUTHAMPTON,21.0,1999,2020,3,1,103,1.1,0,0,0,0,0,0,0,0,0.0,0.0,0.0,0.0,0.0,0.0026,23,4,Squad Rotation
Kayne Ramsey,dc31b84c,eng ENG,DF,Southampton,SOUTHAMPTON,19.0,2000,2020,1,1,90,1.0,0,0,0,0,0,0,1,0,0.0,0.0,0.0,0.0,0.0,0.0024,24,5,Fringe/Backup
Michael Obafemi,caa1a7f0,ie IRL,FW,Southampton,SOUTHAMPTON,20.0,2000,2020,4,0,61,0.7,0,0,0,0,0,0,0,0,0.0,0.0,0.0,0.0,0.0,0.0017,25,5,Fringe/Backup
Jake Vokins,d484c261,eng ENG,DF,Southampton,SOUTHAMPTON,20.0,2000,2020,1,1,66,0.7,0,0,0,0,0,0,0,0,0.0,0.0,0.0,0.0,0.0,0.0017,26,5,Fringe/Backup
Caleb Watts,c7170b46,au AUS,MF,Southampton,SOUTHAMPTON,18.0,2002,2020,3,0,39,0.4,0,0,0,0,0,0,1,0,0.0,0.0,0.0,0.0,0.0,0.001,27,5,Fringe/Backup
Allan Tchaptchet,ab7d7882,fr FRA,DF,Southampton,SOUTHAMPTON,18.0,2001,2020,1,0,13,0.1,0,0,0,0,0,0,0,0,0.0,0.0,0.0,0.0,0.0,0.0002,28,5,Fringe/Backup
Alexandre Jankewitz,7c39363f,ch SUI,MF,Southampton,SOUTHAMPTON,18.0,2001,2020,2,1,3,0.0,0,0,0,0,0,0,0,1,0.0,0.0,0.0,0.0,0.0,0.0,29,5,Fringe/Backup
Harry Kane,21a66f6a,eng ENG,FW,Tottenham,TOTTENHAMHOTSPUR,27.0,1993,2020,35,35,3082,34.2,23,14,37,19,4,4,1,0,0.67,0.41,1.08,0.55,0.96,0.1212,1,1,Talisman
Son Heung-min,92e7e919,kr KOR,MFFW,Tottenham,TOTTENHAMHOTSPUR,28.0,1992,2020,37,36,3114,34.6,17,10,27,16,1,1,0,0,0.49,0.29,0.78,0.46,0.75,0.1139,2,1,Talisman
Pierre Højbjerg,8b04d6c1,dk DEN,MF,Tottenham,TOTTENHAMHOTSPUR,24.0,1995,2020,38,38,3420,38.0,2,4,6,2,0,0,9,0,0.05,0.11,0.16,0.05,0.16,0.0983,3,1,Talisman
Hugo Lloris,8f62b6ee,fr FRA,GK,Tottenham,TOTTENHAMHOTSPUR,33.0,1986,2020,38,38,3420,38.0,0,0,0,0,0,0,0,0,0.0,0.0,0.0,0.0,0.0,0.091,4,1,Talisman
Eric Dier,ac861941,eng ENG,DF,Tottenham,TOTTENHAMHOTSPUR,26.0,1994,2020,28,28,2520,28.0,0,0,0,0,0,0,3,0,0.0,0.0,0.0,0.0,0.0,0.067,5,2,Key Player
Sergio Reguilón,3353737a,es ESP,DFMF,Tottenham,TOTTENHAMHOTSPUR,23.0,1996,2020,27,26,2244,24.9,0,3,3,0,0,0,5,0,0.0,0.12,0.12,0.0,0.12,0.0632,6,2,Key Player
Tanguy Ndombele,5cdddffa,fr FRA,MF,Tottenham,TOTTENHAMHOTSPUR,23.0,1996,2020,33,28,2091,23.2,3,2,5,3,0,0,3,0,0.13,0.09,0.22,0.13,0.22,0.0617,7,2,Key Player
Toby Alderweireld,f7d50789,be BEL,DF,Tottenham,TOTTENHAMHOTSPUR,31.0,1989,2020,25,25,2240,24.9,1,0,1,1,0,0,2,0,0.04,0.0,0.04,0.04,0.04,0.0608,8,2,Key Player
Serge Aurier,5c2b4f07,ci CIV,DFMF,Tottenham,TOTTENHAMHOTSPUR,27.0,1992,2020,19,19,1605,17.8,2,3,5,2,0,0,0,0,0.11,0.17,0.28,0.11,0.28,0.0486,9,2,Key Player
Lucas Moura,2b622f01,br BRA,MFFW,Tottenham,TOTTENHAMHOTSPUR,27.0,1992,2020,30,14,1411,15.7,3,4,7,3,0,0,1,0,0.19,0.26,0.45,0.19,0.45,0.046,10,3,Regular Starter
Moussa Sissoko,2acd49b9,fr FRA,MF,Tottenham,TOTTENHAMHOTSPUR,30.0,1989,2020,25,15,1585,17.6,0,0,0,0,0,0,3,0,0.0,0.0,0.0,0.0,0.0,0.0421,11,3,Regular Starter
Gareth Bale,a58bb1e1,wls WAL,MF,Tottenham,TOTTENHAMHOTSPUR,31.0,1989,2020,20,10,920,10.2,11,2,13,11,0,0,1,0,1.08,0.2,1.27,1.08,1.27,0.0399,12,3,Regular Starter
Davinson Sánchez,da7b447d,co COL,DF,Tottenham,TOTTENHAMHOTSPUR,24.0,1996,2020,18,17,1486,16.5,0,0,0,0,0,0,1,0,0.0,0.0,0.0,0.0,0.0,0.0395,13,3,Regular Starter
Ben Davies,44781702,wls WAL,DF,Tottenham,TOTTENHAMHOTSPUR,27.0,1993,2020,20,14,1346,15.0,0,1,1,0,0,0,1,0,0.0,0.07,0.07,0.0,0.07,0.0372,14,3,Regular Starter
Steven Bergwijn,a29b1131,nl NED,MFFW,Tottenham,TOTTENHAMHOTSPUR,22.0,1997,2020,21,13,1208,13.4,1,3,4,1,0,0,3,0,0.07,0.22,0.3,0.07,0.3,0.0369,15,4,Squad Rotation
Matt Doherty,d557d734,ie IRL,DFMF,Tottenham,TOTTENHAMHOTSPUR,28.0,1992,2020,17,13,1240,13.8,0,2,2,0,0,0,4,1,0.0,0.15,0.15,0.0,0.15,0.0355,16,4,Squad Rotation
Giovani Lo Celso,d7553721,ar ARG,MF,Tottenham,TOTTENHAMHOTSPUR,24.0,1996,2020,18,11,945,10.5,1,1,2,1,0,0,5,0,0.1,0.1,0.19,0.1,0.19,0.0275,17,4,Squad Rotation
Harry Winks,2f7acede,eng ENG,MF,Tottenham,TOTTENHAMHOTSPUR,24.0,1996,2020,15,9,861,9.6,0,0,0,0,0,0,5,0,0.0,0.0,0.0,0.0,0.0,0.023,18,4,Squad Rotation
Érik Lamela,abe66106,ar ARG,MFFW,Tottenham,TOTTENHAMHOTSPUR,28.0,1992,2020,23,5,717,8.0,1,0,1,1,0,0,6,1,0.13,0.0,0.13,0.13,0.13,0.0204,19,4,Squad Rotation
Joe Rodon,8d62d31a,wls WAL,DF,Tottenham,TOTTENHAMHOTSPUR,22.0,1997,2020,12,8,733,8.1,0,0,0,0,0,0,0,0,0.0,0.0,0.0,0.0,0.0,0.0194,20,5,Fringe/Backup
Dele Alli,cea4ee8f,eng ENG,MF,Tottenham,TOTTENHAMHOTSPUR,24.0,1996,2020,15,7,620,6.9,0,1,1,0,0,0,0,0,0.0,0.15,0.15,0.0,0.15,0.0178,21,5,Fringe/Backup
Japhet Tanganga,e9971f2d,eng ENG,DF,Tottenham,TOTTENHAMHOTSPUR,21.0,1999,2020,6,6,487,5.4,0,0,0,0,0,0,2,0,0.0,0.0,0.0,0.0,0.0,0.0129,22,5,Fringe/Backup
Carlos Vinícius,8b529245,br BRA,FW,Tottenham,TOTTENHAMHOTSPUR,25.0,1995,2020,9,3,308,3.4,1,0,1,1,0,0,2,0,0.29,0.0,0.29,0.29,0.29,0.0093,23,5,Fringe/Backup
Dane Scarlett,21945a9e,eng ENG,FW,Tottenham,TOTTENHAMHOTSPUR,16.0,2004,2020,1,0,1,0.0,0,0,0,0,0,0,0,0,0.0,0.0,0.0,0.0,0.0,0.0,24,5,Fringe/Backup
Sam Johnstone,9e5708be,eng ENG,GK,West Brom,WESTBROMWICHALBION,27.0,1993,2020,37,37,3330,37.0,0,1,1,0,0,0,1,0,0.0,0.03,0.03,0.0,0.03,0.0904,1,1,Talisman
Matheus Pereira,b04ee927,br BRA,MF,West Brom,WESTBROMWICHALBION,24.0,1996,2020,33,30,2577,28.6,11,6,17,7,4,4,2,1,0.38,0.21,0.59,0.24,0.45,0.0844,2,1,Talisman
Darnell Furlong,3ec9195b,eng ENG,DFMF,West Brom,WESTBROMWICHALBION,24.0,1995,2020,35,32,2932,32.6,1,3,4,1,0,0,5,0,0.03,0.09,0.12,0.03,0.12,0.0832,3,1,Talisman
Semi Ajayi,d6192210,ng NGA,DF,West Brom,WESTBROMWICHALBION,26.0,1993,2020,33,31,2780,30.9,2,0,2,2,0,0,3,1,0.06,0.0,0.06,0.06,0.06,0.0766,4,1,Talisman
Kyle Bartley,18e96f64,eng ENG,DF,West Brom,WESTBROMWICHALBION,29.0,1991,2020,30,28,2584,28.7,3,1,4,3,0,0,4,0,0.1,0.03,0.14,0.1,0.14,0.0739,5,1,Talisman
Conor Gallagher,c2731c10,eng ENG,MF,West Brom,WESTBROMWICHALBION,20.0,2000,2020,30,28,2531,28.1,2,2,4,2,0,0,11,0,0.07,0.07,0.14,0.07,0.14,0.0724,6,1,Talisman
Conor Townsend,4dc4f138,eng ENG,DF,West Brom,WESTBROMWICHALBION,27.0,1993,2020,25,25,2234,24.8,0,2,2,0,0,0,0,0,0.0,0.08,0.08,0.0,0.08,0.0621,7,2,Key Player
Dara O'Shea,1d042188,ie IRL,DF,West Brom,WESTBROMWICHALBION,21.0,1999,2020,28,25,2102,23.4,0,0,0,0,0,0,3,0,0.0,0.0,0.0,0.0,0.0,0.0563,8,2,Key Player
Matt Phillips,7bb5f40e,sct SCO,MF,West Brom,WESTBROMWICHALBION,29.0,1991,2020,33,20,1828,20.3,2,1,3,2,0,0,1,0,0.1,0.05,0.15,0.1,0.15,0.0525,9,2,Key Player
Callum Robinson,e75750a3,ie IRL,FWMF,West Brom,WESTBROMWICHALBION,25.0,1995,2020,28,20,1560,17.3,5,0,5,5,0,0,0,0,0.29,0.0,0.29,0.29,0.29,0.0477,10,2,Key Player
Romaine Sawyers,77bb1522,kn SKN,MF,West Brom,WESTBROMWICHALBION,28.0,1991,2020,19,17,1487,16.5,0,0,0,0,0,0,2,0,0.0,0.0,0.0,0.0,0.0,0.0397,11,2,Key Player
Mbaye Diagne,dda3969e,sn SEN,FW,West Brom,WESTBROMWICHALBION,28.0,1991,2020,16,14,1189,13.2,3,2,5,3,0,0,2,0,0.23,0.15,0.38,0.23,0.38,0.0378,12,2,Key Player
Okay Yokuşlu,e49ce451,tr TUR,MF,West Brom,WESTBROMWICHALBION,26.0,1994,2020,16,15,1317,14.6,0,1,1,0,0,0,4,0,0.0,0.07,0.07,0.0,0.07,0.0364,13,3,Regular Starter
Grady Diangana,f522d7ec,cd COD,MF,West Brom,WESTBROMWICHALBION,22.0,1998,2020,20,15,1235,13.7,1,0,1,1,0,0,0,0,0.07,0.0,0.07,0.07,0.07,0.0341,14,3,Regular Starter
Jake Livermore,b98570d1,eng ENG,MF,West Brom,WESTBROMWICHALBION,30.0,1989,2020,18,15,1242,13.8,0,0,0,0,0,0,2,1,0.0,0.0,0.0,0.0,0.0,0.0332,15,3,Regular Starter
Ainsley Maitland-Niles,e3a5814e,eng ENG,MF,West Brom,WESTBROMWICHALBION,22.0,1997,2020,15,14,1230,13.7,0,0,0,0,0,0,2,0,0.0,0.0,0.0,0.0,0.0,0.033,16,3,Regular Starter
Karlan Grant,87f7500e,eng ENG,FWMF,West Brom,WESTBROMWICHALBION,22.0,1997,2020,21,14,1127,12.5,1,0,1,1,0,0,1,0,0.08,0.0,0.08,0.08,0.08,0.0313,17,3,Regular Starter
Kieran Gibbs,46ee5234,eng ENG,DFMF,West Brom,WESTBROMWICHALBION,30.0,1989,2020,10,9,809,9.0,0,0,0,0,0,0,1,1,0.0,0.0,0.0,0.0,0.0,0.0217,18,3,Regular Starter
Branislav Ivanović,85f8571a,rs SRB,DF,West Brom,WESTBROMWICHALBION,36.0,1984,2020,13,8,767,8.5,0,0,0,0,0,0,2,0,0.0,0.0,0.0,0.0,0.0,0.0205,19,4,Squad Rotation
Hal Robson-Kanu,fb2dec57,wls WAL,FW,West Brom,WESTBROMWICHALBION,31.0,1989,2020,19,2,561,6.2,2,0,2,2,0,0,2,0,0.32,0.0,0.32,0.32,0.32,0.0173,20,4,Squad Rotation
Filip Krovinović,c2dfedeb,hr CRO,MF,West Brom,WESTBROMWICHALBION,24.0,1995,2020,11,5,546,6.1,0,0,0,0,0,0,0,0,0.0,0.0,0.0,0.0,0.0,0.0147,21,4,Squad Rotation
Robert Snodgrass,9f4647e9,sct SCO,MF,West Brom,WESTBROMWICHALBION,32.0,1987,2020,8,6,526,5.8,0,0,0,0,0,0,2,0,0.0,0.0,0.0,0.0,0.0,0.014,22,4,Squad Rotation
Lee Peltier,af341b88,eng ENG,DF,West Brom,WESTBROMWICHALBION,33.0,1986,2020,4,3,229,2.5,0,0,0,0,0,0,1,0,0.0,0.0,0.0,0.0,0.0,0.006,23,4,Squad Rotation
Kamil Grosicki,81d8091f,pl POL,MF,West Brom,WESTBROMWICHALBION,32.0,1988,2020,3,2,148,1.6,0,1,1,0,0,0,0,0,0.0,0.61,0.61,0.0,0.61,0.005,24,4,Squad Rotation
Charlie Austin,8d228291,eng ENG,FW,West Brom,WESTBROMWICHALBION,31.0,1989,2020,5,0,138,1.5,0,0,0,0,0,0,0,0,0.0,0.0,0.0,0.0,0.0,0.0036,25,5,Fringe/Backup
Kyle Edwards,1566e437,eng ENG,MF,West Brom,WESTBROMWICHALBION,22.0,1998,2020,5,1,118,1.3,0,0,0,0,0,0,0,0,0.0,0.0,0.0,0.0,0.0,0.0031,26,5,Fringe/Backup
David Button,e608ed4c,eng ENG,GK,West Brom,WESTBROMWICHALBION,31.0,1989,2020,1,1,90,1.0,0,0,0,0,0,0,0,0,0.0,0.0,0.0,0.0,0.0,0.0024,27,5,Fringe/Backup
Ahmed Hegazi,5540c9dc,eg EGY,DF,West Brom,WESTBROMWICHALBION,29.0,1991,2020,1,1,90,1.0,0,0,0,0,0,0,0,0,0.0,0.0,0.0,0.0,0.0,0.0024,28,5,Fringe/Backup
Sam Field,bd8a7d05,eng ENG,MF,West Brom,WESTBROMWICHALBION,22.0,1998,2020,3,0,62,0.7,0,0,0,0,0,0,0,0,0.0,0.0,0.0,0.0,0.0,0.0017,29,5,Fringe/Backup
Rekeem Harper,3c066877,eng ENG,MF,West Brom,WESTBROMWICHALBION,20.0,2000,2020,2,0,32,0.4,0,0,0,0,0,0,0,0,0.0,0.0,0.0,0.0,0.0,0.001,30,5,Fringe/Backup
Tomáš Souček,6613c819,cz CZE,MF,West Ham,WESTHAMUNITED,25.0,1995,2020,38,38,3419,38.0,10,1,11,10,0,0,7,1,0.26,0.03,0.29,0.26,0.29,0.1043,1,1,Talisman
Aaron Cresswell,4f974391,eng ENG,DF,West Ham,WESTHAMUNITED,30.0,1989,2020,36,36,3170,35.2,0,8,8,0,0,0,3,0,0.0,0.23,0.23,0.0,0.23,0.0941,2,1,Talisman
Vladimír Coufal,fdf3cb77,cz CZE,DFMF,West Ham,WESTHAMUNITED,27.0,1992,2020,34,34,3054,33.9,0,7,7,0,0,0,3,0,0.0,0.21,0.21,0.0,0.21,0.0898,3,1,Talisman
Jarrod Bowen,79c84d1c,eng ENG,MFFW,West Ham,WESTHAMUNITED,23.0,1996,2020,38,30,2562,28.5,8,5,13,8,0,0,0,0,0.28,0.18,0.46,0.28,0.46,0.084,4,1,Talisman
Łukasz Fabiański,9328b835,pl POL,GK,West Ham,WESTHAMUNITED,35.0,1985,2020,35,35,3150,35.0,0,0,0,0,0,0,2,0,0.0,0.0,0.0,0.0,0.0,0.0839,5,2,Key Player
Pablo Fornals,82927de4,es ESP,MF,West Ham,WESTHAMUNITED,24.0,1996,2020,33,31,2572,28.6,5,4,9,5,0,0,3,0,0.17,0.14,0.31,0.17,0.31,0.0792,6,2,Key Player
Declan Rice,1c7012b8,eng ENG,MF,West Ham,WESTHAMUNITED,21.0,1999,2020,32,32,2879,32.0,2,1,3,1,1,2,2,0,0.06,0.03,0.09,0.03,0.06,0.079,7,2,Key Player
Michail Antonio,ac05f970,jm JAM,FW,West Ham,WESTHAMUNITED,30.0,1990,2020,26,24,1974,21.9,10,5,15,10,0,0,3,0,0.46,0.23,0.68,0.46,0.68,0.0703,8,2,Key Player
Angelo Ogbonna,74b2cd7e,it ITA,DF,West Ham,WESTHAMUNITED,32.0,1988,2020,28,28,2492,27.7,3,0,3,3,0,0,5,0,0.11,0.0,0.11,0.11,0.11,0.07,9,2,Key Player
Craig Dawson,3e9e06cb,eng ENG,DF,West Ham,WESTHAMUNITED,30.0,1990,2020,22,22,1925,21.4,3,0,3,3,0,0,5,1,0.14,0.0,0.14,0.14,0.14,0.0549,10,3,Regular Starter
Jesse Lingard,810e3c74,eng ENG,MFFW,West Ham,WESTHAMUNITED,27.0,1992,2020,16,16,1421,15.8,9,4,13,8,1,2,3,0,0.57,0.25,0.82,0.51,0.76,0.0523,11,3,Regular Starter
Saïd Benrahma,5a04fd92,dz ALG,MF,West Ham,WESTHAMUNITED,24.0,1995,2020,30,14,1391,15.5,1,6,7,1,0,0,0,0,0.06,0.39,0.45,0.06,0.45,0.0455,12,3,Regular Starter
Issa Diop,a712ca2b,ma MAR,DF,West Ham,WESTHAMUNITED,23.0,1997,2020,18,15,1381,15.3,2,0,2,2,0,0,3,0,0.13,0.0,0.13,0.13,0.13,0.039,13,3,Regular Starter
Fabián Balbuena,3626f7d9,py PAR,DF,West Ham,WESTHAMUNITED,28.0,1991,2020,14,13,1198,13.3,1,0,1,1,0,0,1,1,0.08,0.0,0.08,0.08,0.08,0.0331,14,3,Regular Starter
Arthur Masuaku,57df7a11,cd COD,MFDF,West Ham,WESTHAMUNITED,26.0,1993,2020,12,12,1006,11.2,0,2,2,0,0,0,2,0,0.0,0.18,0.18,0.0,0.18,0.0293,15,4,Squad Rotation
Sébastien Haller,ba115a40,ci CIV,FW,West Ham,WESTHAMUNITED,26.0,1994,2020,16,10,937,10.4,3,0,3,3,0,0,0,0,0.29,0.0,0.29,0.29,0.29,0.0285,16,4,Squad Rotation
Mark Noble,ff527768,eng ENG,MF,West Ham,WESTHAMUNITED,33.0,1987,2020,21,8,712,7.9,0,0,0,0,0,0,1,0,0.0,0.0,0.0,0.0,0.0,0.0189,17,4,Squad Rotation
Ryan Fredericks,c067631c,eng ENG,DFMF,West Ham,WESTHAMUNITED,27.0,1992,2020,14,6,569,6.3,1,1,2,1,0,0,2,0,0.16,0.16,0.32,0.16,0.32,0.0175,18,4,Squad Rotation
Manuel Lanzini,26f6dca8,ar ARG,MF,West Ham,WESTHAMUNITED,27.0,1993,2020,17,5,566,6.3,1,1,2,1,0,0,1,0,0.16,0.16,0.32,0.16,0.32,0.0175,19,4,Squad Rotation
Ben Johnson,9319781b,eng ENG,MF,West Ham,WESTHAMUNITED,20.0,2000,2020,14,5,523,5.8,1,0,1,1,0,0,1,0,0.17,0.0,0.17,0.17,0.17,0.0151,20,5,Fringe/Backup
Andriy Yarmolenko,849c826a,ua UKR,MF,West Ham,WESTHAMUNITED,30.0,1989,2020,15,1,375,4.2,0,1,1,0,0,0,3,0,0.0,0.24,0.24,0.0,0.24,0.0113,21,5,Fringe/Backup
Darren Randolph,6385ebfb,ie IRL,GK,West Ham,WESTHAMUNITED,33.0,1987,2020,3,3,270,3.0,0,0,0,0,0,0,0,0,0.0,0.0,0.0,0.0,0.0,0.0072,22,5,Fringe/Backup
Robert Snodgrass,9f4647e9,sct SCO,FWMF,West Ham,WESTHAMUNITED,32.0,1987,2020,3,0,5,0.1,0,0,0,0,0,0,0,0,0.0,0.0,0.0,0.0,0.0,0.0002,23,5,Fringe/Backup
Felipe Anderson,9f1893b9,br BRA,FWMF,West Ham,WESTHAMUNITED,27.0,1993,2020,2,0,3,0.0,0,0,0,0,0,0,0,0,0.0,0.0,0.0,0.0,0.0,0.0,24,5,Fringe/Backup
Conor Coady,2928dca2,eng ENG,DF,Wolves,WOLVERHAMPTONWANDERERS,27.0,1993,2020,37,37,3303,36.7,1,0,1,1,0,0,5,0,0.03,0.0,0.03,0.03,0.03,0.0892,1,1,Talisman
Rui Patrício,79b0d6a0,pt POR,GK,Wolves,WOLVERHAMPTONWANDERERS,32.0,1988,2020,37,37,3329,37.0,0,0,0,0,0,0,1,0,0.0,0.0,0.0,0.0,0.0,0.0886,2,1,Talisman
Nélson Semedo,d04b94db,pt POR,MFDF,Wolves,WOLVERHAMPTONWANDERERS,26.0,1993,2020,34,34,2983,33.1,1,1,2,1,0,0,5,0,0.03,0.03,0.06,0.03,0.06,0.0816,3,1,Talisman
Pedro Neto,7ba2eaa9,pt POR,MFFW,Wolves,WOLVERHAMPTONWANDERERS,20.0,2000,2020,31,30,2550,28.3,5,6,11,5,0,0,4,0,0.18,0.21,0.39,0.18,0.39,0.0809,4,1,Talisman
Adama Traoré,9a28eba4,es ESP,FWMF,Wolves,WOLVERHAMPTONWANDERERS,24.0,1996,2020,37,28,2649,29.4,2,2,4,2,0,0,4,0,0.07,0.07,0.14,0.07,0.14,0.0753,5,1,Talisman
Rúben Neves,44bfb6c5,pt POR,MF,Wolves,WOLVERHAMPTONWANDERERS,23.0,1997,2020,36,31,2675,29.7,5,1,6,2,3,3,8,0,0.17,0.03,0.2,0.07,0.1,0.0746,6,2,Key Player
João Moutinho,f5a00fa4,pt POR,MF,Wolves,WOLVERHAMPTONWANDERERS,33.0,1986,2020,33,28,2528,28.1,1,1,2,1,0,0,5,1,0.04,0.04,0.07,0.04,0.07,0.0696,7,2,Key Player
Leander Dendoncker,5a7301ae,be BEL,MFDF,Wolves,WOLVERHAMPTONWANDERERS,25.0,1995,2020,33,28,2503,27.8,1,0,1,1,0,0,4,0,0.04,0.0,0.04,0.04,0.04,0.0679,8,2,Key Player
Romain Saïss,9fbbcf39,ma MAR,DFMF,Wolves,WOLVERHAMPTONWANDERERS,30.0,1990,2020,27,27,2407,26.7,3,0,3,3,0,0,2,0,0.11,0.0,0.11,0.11,0.11,0.0674,9,2,Key Player
Willy Boly,a4ac4b8f,ci CIV,DF,Wolves,WOLVERHAMPTONWANDERERS,29.0,1991,2020,21,21,1879,20.9,1,1,2,1,0,0,2,0,0.05,0.05,0.1,0.05,0.1,0.0525,10,2,Key Player
Daniel Podence,7fcc71d8,pt POR,MFFW,Wolves,WOLVERHAMPTONWANDERERS,24.0,1995,2020,24,22,1661,18.5,3,2,5,3,0,0,3,0,0.16,0.11,0.27,0.16,0.27,0.0503,11,3,Regular Starter
Fábio Silva,e7aa9d7c,pt POR,FW,Wolves,WOLVERHAMPTONWANDERERS,18.0,2002,2020,32,11,1369,15.2,4,3,7,3,1,1,2,0,0.26,0.2,0.46,0.2,0.39,0.0435,12,3,Regular Starter
Rayan Aït-Nouri,9b398aea,dz ALG,MFDF,Wolves,WOLVERHAMPTONWANDERERS,19.0,2001,2020,21,16,1404,15.6,1,1,2,1,0,0,1,0,0.06,0.06,0.13,0.06,0.13,0.0398,13,3,Regular Starter
Max Kilman,d0f72bf1,eng ENG,DF,Wolves,WOLVERHAMPTONWANDERERS,23.0,1997,2020,18,14,1310,14.6,0,1,1,0,0,0,4,0,0.0,0.07,0.07,0.0,0.07,0.0362,14,3,Regular Starter
Willian José,d87e2cae,br BRA,FW,Wolves,WOLVERHAMPTONWANDERERS,28.0,1991,2020,17,12,1110,12.3,1,0,1,1,0,0,0,0,0.08,0.0,0.08,0.08,0.08,0.0306,15,3,Regular Starter
Raúl Jiménez,b561db50,mx MEX,FW,Wolves,WOLVERHAMPTONWANDERERS,29.0,1991,2020,10,10,823,9.1,4,0,4,4,0,0,0,0,0.44,0.0,0.44,0.44,0.44,0.0266,16,3,Regular Starter
Fernando Marçal,9ae9eaea,br BRA,DFMF,Wolves,WOLVERHAMPTONWANDERERS,31.0,1989,2020,13,7,623,6.9,0,0,0,0,0,0,2,0,0.0,0.0,0.0,0.0,0.0,0.0165,17,4,Squad Rotation
Ki-Jana Hoever,9a71e978,nl NED,MFDF,Wolves,WOLVERHAMPTONWANDERERS,18.0,2002,2020,12,5,577,6.4,0,0,0,0,0,0,1,0,0.0,0.0,0.0,0.0,0.0,0.0153,18,4,Squad Rotation
Vitinha,3b029691,pt POR,MF,Wolves,WOLVERHAMPTONWANDERERS,20.0,2000,2020,19,5,520,5.8,0,1,1,0,0,0,0,0,0.0,0.17,0.17,0.0,0.17,0.0151,19,4,Squad Rotation
Jonny Castro,e28868f3,es ESP,MF,Wolves,WOLVERHAMPTONWANDERERS,26.0,1994,2020,7,7,495,5.5,0,0,0,0,0,0,0,0,0.0,0.0,0.0,0.0,0.0,0.0132,20,4,Squad Rotation
Morgan Gibbs-White,32f60ed8,eng ENG,MFFW,Wolves,WOLVERHAMPTONWANDERERS,20.0,2000,2020,11,4,414,4.6,1,0,1,1,0,0,1,0,0.22,0.0,0.22,0.22,0.22,0.0122,21,4,Squad Rotation
Owen Otasowie,6956ff08,us USA,MF,Wolves,WOLVERHAMPTONWANDERERS,19.0,2001,2020,6,2,187,2.1,0,1,1,0,0,0,1,0,0.0,0.48,0.48,0.0,0.48,0.0062,22,5,Fringe/Backup
Rúben Vinagre,b937e490,pt POR,MF,Wolves,WOLVERHAMPTONWANDERERS,21.0,1999,2020,2,1,173,1.9,0,0,0,0,0,0,0,0,0.0,0.0,0.0,0.0,0.0,0.0045,23,5,Fringe/Backup
John Ruddy,da8b19e2,eng ENG,GK,Wolves,WOLVERHAMPTONWANDERERS,33.0,1986,2020,2,1,91,1.0,0,0,0,0,0,0,0,0,0.0,0.0,0.0,0.0,0.0,0.0024,24,5,Fringe/Backup
Patrick Cutrone,a4fe8cda,it ITA,FW,Wolves,WOLVERHAMPTONWANDERERS,22.0,1998,2020,2,0,25,0.3,0,0,0,0,0,0,0,0,0.0,0.0,0.0,0.0,0.0,0.0007,25,5,Fringe/Backup
Oskar Buur,aa6f2f2c,dk DEN,DFMF,Wolves,WOLVERHAMPTONWANDERERS,22.0,1998,2020,1,0,22,0.2,0,0,0,0,0,0,0,0,0.0,0.0,0.0,0.0,0.0,0.0005,26,5,Fringe/Backup
Theo Corbeanu,25b82f9a,ca CAN,FWMF,Wolves,WOLVERHAMPTONWANDERERS,18.0,2002,2020,1,0,9,0.1,0,0,0,0,0,0,0,0,0.0,0.0,0.0,0.0,0.0,0.0002,27,5,Fringe/Backup
Bukayo Saka,bc7dc64d,eng ENG,MFFW,Arsenal,ARSENAL,19.0,2001,2021,38,36,2978,33.1,11,7,18,9,2,2,6,0,0.33,0.21,0.54,0.27,0.48,0.0986,1,1,Talisman
Gabriel Magalhães,67ac5bb8,br BRA,DF,Arsenal,ARSENAL,23.0,1997,2021,35,35,3063,34.0,5,0,5,5,0,0,8,1,0.15,0.0,0.15,0.15,0.15,0.0878,2,1,Talisman
Martin Ødegaard,79300479,no NOR,MF,Arsenal,ARSENAL,22.0,1998,2021,36,32,2785,30.9,7,4,11,7,0,0,4,0,0.23,0.13,0.36,0.23,0.36,0.0876,3,1,Talisman
Aaron Ramsdale,466fb2c5,eng ENG,GK,Arsenal,ARSENAL,23.0,1998,2021,34,34,3060,34.0,0,0,0,0,0,0,1,0,0.0,0.0,0.0,0.0,0.0,0.0817,4,1,Talisman
Ben White,35e413f1,eng ENG,DF,Arsenal,ARSENAL,23.0,1997,2021,32,32,2880,32.0,0,0,0,0,0,0,3,0,0.0,0.0,0.0,0.0,0.0,0.0769,5,1,Talisman
Granit Xhaka,e61b8aee,ch SUI,MF,Arsenal,ARSENAL,28.0,1992,2021,27,27,2327,25.9,1,2,3,1,0,0,10,1,0.04,0.08,0.12,0.04,0.12,0.066,6,2,Key Player
Emile Smith Rowe,17695062,eng ENG,MF,Arsenal,ARSENAL,21.0,2000,2021,33,21,1921,21.3,10,2,12,10,0,0,1,0,0.47,0.09,0.56,0.47,0.56,0.0655,7,2,Key Player
Gabriel Martinelli,48a5a5d6,br BRA,MFFW,Arsenal,ARSENAL,20.0,2001,2021,29,21,1860,20.7,6,6,12,5,1,1,3,1,0.29,0.29,0.58,0.24,0.53,0.0629,8,2,Key Player
Alexandre Lacazette,9dbb75ca,fr FRA,FWMF,Arsenal,ARSENAL,30.0,1991,2021,30,20,1782,19.8,4,7,11,2,2,3,0,0,0.2,0.35,0.56,0.1,0.45,0.0583,9,2,Key Player
Thomas Partey,529f49ab,gh GHA,MF,Arsenal,ARSENAL,28.0,1993,2021,24,23,2028,22.5,2,1,3,2,0,0,6,0,0.09,0.04,0.13,0.09,0.13,0.0576,10,2,Key Player
Kieran Tierney,fce2302c,sct SCO,DF,Arsenal,ARSENAL,24.0,1997,2021,22,22,1915,21.3,1,3,4,1,0,0,0,0,0.05,0.14,0.19,0.05,0.19,0.056,11,3,Regular Starter
Takehiro Tomiyasu,b3af9be1,jp JPN,DF,Arsenal,ARSENAL,22.0,1998,2021,21,20,1679,18.7,0,1,1,0,0,0,2,0,0.0,0.05,0.05,0.0,0.05,0.0461,12,3,Regular Starter
Cédric Soares,839c14e1,pt POR,DF,Arsenal,ARSENAL,29.0,1991,2021,21,16,1486,16.5,1,1,2,1,0,0,3,0,0.06,0.06,0.12,0.06,0.12,0.042,13,3,Regular Starter
Nuno Tavares,a65c844b,pt POR,DF,Arsenal,ARSENAL,21.0,2000,2021,22,13,1176,13.1,1,1,2,1,0,0,2,0,0.08,0.08,0.15,0.08,0.15,0.0338,14,3,Regular Starter
Pierre-Emerick Aubameyang,d5dd5f1f,ga GAB,FW,Arsenal,ARSENAL,32.0,1989,2021,14,12,1037,11.5,4,1,5,4,0,2,3,0,0.35,0.09,0.43,0.35,0.43,0.0336,15,3,Regular Starter
Albert Sambi Lokonga,1b4f1169,be BEL,MF,Arsenal,ARSENAL,21.0,1999,2021,19,12,1134,12.6,0,0,0,0,0,0,5,0,0.0,0.0,0.0,0.0,0.0,0.0303,16,3,Regular Starter
Eddie Nketiah,a53649b7,eng ENG,FW,Arsenal,ARSENAL,22.0,1999,2021,21,8,835,9.3,5,1,6,5,0,0,3,0,0.54,0.11,0.65,0.54,0.65,0.0296,17,4,Squad Rotation
Mohamed Elneny,47a34c4f,eg EGY,MF,Arsenal,ARSENAL,29.0,1992,2021,14,8,806,9.0,0,2,2,0,0,0,1,0,0.0,0.22,0.22,0.0,0.22,0.024,18,4,Squad Rotation
Rob Holding,d79a8c87,eng ENG,DF,Arsenal,ARSENAL,25.0,1995,2021,15,9,845,9.4,1,0,1,1,0,0,4,1,0.11,0.0,0.11,0.11,0.11,0.0238,19,4,Squad Rotation
Nicolas Pépé,57e3f0c7,ci CIV,MF,Arsenal,ARSENAL,26.0,1995,2021,20,5,696,7.7,1,2,3,1,0,0,0,0,0.13,0.26,0.39,0.13,0.39,0.0221,20,4,Squad Rotation
Bernd Leno,2628fd2b,de GER,GK,Arsenal,ARSENAL,29.0,1992,2021,4,4,360,4.0,0,0,0,0,0,0,0,0,0.0,0.0,0.0,0.0,0.0,0.0096,21,4,Squad Rotation
Ainsley Maitland-Niles,e3a5814e,eng ENG,MF,Arsenal,ARSENAL,23.0,1997,2021,8,2,268,3.0,0,0,0,0,0,0,0,0,0.0,0.0,0.0,0.0,0.0,0.0072,22,5,Fringe/Backup
Pablo Marí,aa54ec6f,es ESP,DF,Arsenal,ARSENAL,27.0,1993,2021,2,2,180,2.0,0,0,0,0,0,0,1,0,0.0,0.0,0.0,0.0,0.0,0.0048,23,5,Fringe/Backup
Calum Chambers,dc6f5bdd,eng ENG,DF,Arsenal,ARSENAL,26.0,1995,2021,2,2,170,1.9,0,0,0,0,0,0,0,0,0.0,0.0,0.0,0.0,0.0,0.0046,24,5,Fringe/Backup
Sead Kolašinac,3935e52e,ba BIH,DF,Arsenal,ARSENAL,28.0,1993,2021,2,1,91,1.0,0,0,0,0,0,0,1,0,0.0,0.0,0.0,0.0,0.0,0.0024,25,5,Fringe/Backup
Folarin Balogun,31822f8c,us USA,FW,Arsenal,ARSENAL,20.0,2001,2021,2,1,70,0.8,0,0,0,0,0,0,0,0,0.0,0.0,0.0,0.0,0.0,0.0019,26,5,Fringe/Backup
Reiss Nelson,c5bdb6e3,eng ENG,FWMF,Arsenal,ARSENAL,21.0,1999,2021,1,0,20,0.2,0,0,0,0,0,0,0,0,0.0,0.0,0.0,0.0,0.0,0.0005,27,5,Fringe/Backup
Matty Cash,2389cdc2,pl POL,DFMF,Aston Villa,ASTONVILLA,23.0,1997,2021,38,38,3377,37.5,4,3,7,4,0,0,8,0,0.11,0.08,0.19,0.11,0.19,0.0984,1,1,Talisman
Ollie Watkins,aed3a70f,eng ENG,FW,Aston Villa,ASTONVILLA,25.0,1995,2021,35,33,2952,32.8,11,2,13,10,1,1,7,0,0.34,0.06,0.4,0.3,0.37,0.0931,2,1,Talisman
John McGinn,90f91999,sct SCO,MF,Aston Villa,ASTONVILLA,26.0,1994,2021,35,35,3090,34.3,3,4,7,3,0,0,8,0,0.09,0.12,0.2,0.09,0.2,0.0904,3,1,Talisman
Tyrone Mings,8397a50c,eng ENG,DF,Aston Villa,ASTONVILLA,28.0,1993,2021,36,35,3189,35.4,1,3,4,1,0,0,11,0,0.03,0.08,0.11,0.03,0.11,0.0895,4,1,Talisman
Emiliano Martínez,7956236f,ar ARG,GK,Aston Villa,ASTONVILLA,28.0,1992,2021,36,36,3240,36.0,0,0,0,0,0,0,4,0,0.0,0.0,0.0,0.0,0.0,0.0863,5,1,Talisman
Douglas Luiz,6f7d826d,br BRA,MF,Aston Villa,ASTONVILLA,23.0,1998,2021,34,31,2715,30.2,2,3,5,2,0,0,7,0,0.07,0.1,0.17,0.07,0.17,0.0785,6,1,Talisman
Jacob Ramsey,1544f145,eng ENG,MF,Aston Villa,ASTONVILLA,20.0,2001,2021,34,29,2467,27.4,6,1,7,6,0,0,6,0,0.22,0.04,0.26,0.22,0.26,0.0742,7,2,Key Player
Ezri Konsa,0313a347,eng ENG,DF,Aston Villa,ASTONVILLA,23.0,1997,2021,29,29,2477,27.5,2,0,2,2,0,0,6,2,0.07,0.0,0.07,0.07,0.07,0.0682,8,2,Key Player
Danny Ings,07802f7f,eng ENG,FW,Aston Villa,ASTONVILLA,29.0,1992,2021,30,22,1898,21.1,7,6,13,6,1,1,4,0,0.33,0.28,0.62,0.28,0.57,0.065,9,2,Key Player
Emi Buendía,66b76d44,ar ARG,FWMF,Aston Villa,ASTONVILLA,24.0,1996,2021,35,22,1899,21.1,4,6,10,4,0,0,1,0,0.19,0.28,0.47,0.19,0.47,0.0624,10,2,Key Player
Philippe Coutinho,0ef89a37,br BRA,MFFW,Aston Villa,ASTONVILLA,29.0,1992,2021,19,16,1329,14.8,5,3,8,5,0,0,0,0,0.34,0.2,0.54,0.34,0.54,0.045,11,2,Key Player
Matt Targett,e514ab62,eng ENG,DFMF,Aston Villa,ASTONVILLA,25.0,1995,2021,17,17,1431,15.9,1,1,2,1,0,0,2,0,0.06,0.06,0.13,0.06,0.13,0.0406,12,2,Key Player
Lucas Digne,1b84dbe1,fr FRA,DF,Aston Villa,ASTONVILLA,28.0,1993,2021,16,16,1269,14.1,0,4,4,0,0,0,2,0,0.0,0.28,0.28,0.0,0.28,0.0385,13,3,Regular Starter
Ashley Young,be927d03,eng ENG,DFFW,Aston Villa,ASTONVILLA,36.0,1985,2021,24,10,1250,13.9,0,2,2,0,0,0,2,0,0.0,0.14,0.14,0.0,0.14,0.0356,14,3,Regular Starter
Marvelous Nakamba,de5b5570,zw ZIM,MF,Aston Villa,ASTONVILLA,27.0,1994,2021,16,10,904,10.0,0,0,0,0,0,0,5,0,0.0,0.0,0.0,0.0,0.0,0.024,15,3,Regular Starter
Leon Bailey,3a233281,jm JAM,FWMF,Aston Villa,ASTONVILLA,23.0,1997,2021,18,7,761,8.5,1,2,3,1,0,0,3,0,0.12,0.24,0.35,0.12,0.35,0.0239,16,3,Regular Starter
Calum Chambers,dc6f5bdd,eng ENG,DFMF,Aston Villa,ASTONVILLA,26.0,1995,2021,11,9,831,9.2,1,0,1,1,0,0,1,0,0.11,0.0,0.11,0.11,0.11,0.0233,17,3,Regular Starter
Axel Tuanzebe,2baec6ce,cd COD,DF,Aston Villa,ASTONVILLA,23.0,1997,2021,9,6,508,5.6,0,0,0,0,0,0,1,0,0.0,0.0,0.0,0.0,0.0,0.0134,18,3,Regular Starter
Kortney Hause,bf8fad51,eng ENG,DF,Aston Villa,ASTONVILLA,26.0,1995,2021,7,4,397,4.4,1,0,1,1,0,0,0,0,0.23,0.0,0.23,0.23,0.23,0.0118,19,4,Squad Rotation
Anwar El Ghazi,ffa90327,nl NED,MFFW,Aston Villa,ASTONVILLA,26.0,1995,2021,9,4,386,4.3,1,1,2,0,1,1,2,0,0.23,0.23,0.47,0.0,0.23,0.0115,20,4,Squad Rotation
Morgan Sanson,6e7f1353,fr FRA,MF,Aston Villa,ASTONVILLA,26.0,1994,2021,10,3,356,4.0,0,0,0,0,0,0,0,0,0.0,0.0,0.0,0.0,0.0,0.0096,21,4,Squad Rotation
Carney Chukwuemeka,b2f9c73e,at AUT,MF,Aston Villa,ASTONVILLA,17.0,2003,2021,12,2,301,3.3,0,1,1,0,0,0,0,0,0.0,0.3,0.3,0.0,0.3,0.0091,22,4,Squad Rotation
Bertrand Traoré,c47541e0,bf BFA,FW,Aston Villa,ASTONVILLA,25.0,1995,2021,9,1,220,2.4,0,0,0,0,0,0,0,0,0.0,0.0,0.0,0.0,0.0,0.0058,23,4,Squad Rotation
Tim Iroegbunam,84c5ceea,eng ENG,MF,Aston Villa,ASTONVILLA,18.0,2003,2021,3,1,92,1.0,0,0,0,0,0,0,1,0,0.0,0.0,0.0,0.0,0.0,0.0024,24,4,Squad Rotation
Robin Olsen,e7ee38c3,se SWE,GK,Aston Villa,ASTONVILLA,31.0,1990,2021,1,1,90,1.0,0,0,0,0,0,0,0,0,0.0,0.0,0.0,0.0,0.0,0.0024,25,5,Fringe/Backup
Jed Steer,a8a3d139,eng ENG,GK,Aston Villa,ASTONVILLA,28.0,1992,2021,1,1,90,1.0,0,0,0,0,0,0,0,0,0.0,0.0,0.0,0.0,0.0,0.0024,26,5,Fringe/Backup
Cameron Archer,05e8ca6d,eng ENG,FWMF,Aston Villa,ASTONVILLA,20.0,2001,2021,3,0,27,0.3,0,0,0,0,0,0,0,0,0.0,0.0,0.0,0.0,0.0,0.0007,27,5,Fringe/Backup
Keinan Davis,9deaf2c8,eng ENG,FW,Aston Villa,ASTONVILLA,23.0,1998,2021,1,0,12,0.1,0,0,0,0,0,0,0,0,0.0,0.0,0.0,0.0,0.0,0.0002,28,5,Fringe/Backup
Jaden Philogene Bidace,19f4d211,eng ENG,FWMF,Aston Villa,ASTONVILLA,19.0,2002,2021,1,0,5,0.1,0,0,0,0,0,0,0,0,0.0,0.0,0.0,0.0,0.0,0.0002,29,5,Fringe/Backup
Trézéguet,3ae14ed1,eg EGY,FWMF,Aston Villa,ASTONVILLA,26.0,1994,2021,1,0,11,0.1,0,0,0,0,0,0,0,0,0.0,0.0,0.0,0.0,0.0,0.0002,30,5,Fringe/Backup
Wesley Moraes,bfae110f,br BRA,FW,Aston Villa,ASTONVILLA,24.0,1996,2021,1,0,1,0.0,0,0,0,0,0,0,0,0,0.0,0.0,0.0,0.0,0.0,0.0,31,5,Fringe/Backup
Pontus Jansson,172e52d8,se SWE,DF,Brentford,BRENTFORD,30.0,1991,2021,37,37,3321,36.9,3,1,4,3,0,0,7,0,0.08,0.03,0.11,0.08,0.11,0.0934,1,1,Talisman
Ivan Toney,e09f279b,eng ENG,FW,Brentford,BRENTFORD,25.0,1996,2021,33,32,2909,32.3,12,5,17,7,5,5,8,0,0.37,0.15,0.53,0.22,0.37,0.0919,2,1,Talisman
Christian Nørgaard,df0a4c90,dk DEN,MF,Brentford,BRENTFORD,27.0,1994,2021,35,35,3054,33.9,3,4,7,3,0,0,8,0,0.09,0.12,0.21,0.09,0.21,0.0899,3,1,Talisman
Bryan Mbeumo,6afaebf2,cm CMR,FW,Brentford,BRENTFORD,21.0,1999,2021,35,34,2905,32.3,4,7,11,3,1,1,4,0,0.12,0.22,0.34,0.09,0.31,0.0895,4,1,Talisman
Rico Henry,8a3c1dc7,jm JAM,MFDF,Brentford,BRENTFORD,24.0,1997,2021,34,33,2776,30.8,3,0,3,3,0,0,2,0,0.1,0.0,0.1,0.1,0.1,0.0776,5,1,Talisman
Ethan Pinnock,e541326e,jm JAM,DF,Brentford,BRENTFORD,28.0,1993,2021,32,32,2694,29.9,1,1,2,1,0,0,1,0,0.03,0.03,0.07,0.03,0.07,0.0743,6,2,Key Player
Vitaly Janelt,8449d35e,de GER,MF,Brentford,BRENTFORD,23.0,1998,2021,31,27,2298,25.5,4,0,4,4,0,0,3,0,0.16,0.0,0.16,0.16,0.16,0.0661,7,2,Key Player
Sergi Canós,1137759d,es ESP,MF,Brentford,BRENTFORD,24.0,1997,2021,31,25,2083,23.1,3,2,5,3,0,0,8,1,0.13,0.09,0.22,0.13,0.22,0.0615,8,2,Key Player
Kristoffer Ajer,a8c0acb7,no NOR,DF,Brentford,BRENTFORD,23.0,1998,2021,24,23,1995,22.2,1,3,4,1,0,0,5,0,0.05,0.14,0.18,0.05,0.18,0.0581,9,2,Key Player
David Raya,98ea5115,es ESP,GK,Brentford,BRENTFORD,25.0,1995,2021,24,24,2160,24.0,0,0,0,0,0,0,1,0,0.0,0.0,0.0,0.0,0.0,0.0576,10,2,Key Player
Mathias Jensen,0f134faf,dk DEN,MF,Brentford,BRENTFORD,25.0,1996,2021,31,19,1601,17.8,0,1,1,0,0,0,0,0,0.0,0.06,0.06,0.0,0.06,0.044,11,2,Key Player
Yoane Wissa,2500cef9,cd COD,FW,Brentford,BRENTFORD,24.0,1996,2021,30,12,1284,14.3,7,1,8,7,0,0,0,0,0.49,0.07,0.56,0.49,0.56,0.0439,12,3,Regular Starter
Mads Roerslev,57c94db2,dk DEN,MFDF,Brentford,BRENTFORD,22.0,1999,2021,21,12,1240,13.8,1,1,2,1,0,0,1,0,0.07,0.07,0.15,0.07,0.15,0.0356,13,3,Regular Starter
Christian Eriksen,980522ec,dk DEN,MF,Brentford,BRENTFORD,29.0,1992,2021,11,10,939,10.4,1,4,5,1,0,0,1,0,0.1,0.38,0.48,0.1,0.48,0.0309,14,3,Regular Starter
Álvaro Fernández,f127d782,es ESP,GK,Brentford,BRENTFORD,23.0,1998,2021,12,12,1080,12.0,0,0,0,0,0,0,0,0,0.0,0.0,0.0,0.0,0.0,0.0288,15,3,Regular Starter
Frank Onyeka,2944f86f,ng NGA,MF,Brentford,BRENTFORD,23.0,1998,2021,20,12,1045,11.6,0,0,0,0,0,0,4,0,0.0,0.0,0.0,0.0,0.0,0.0278,16,3,Regular Starter
Shandon Baptiste,2886c9b5,gd GRN,MF,Brentford,BRENTFORD,23.0,1998,2021,22,9,910,10.1,1,0,1,1,0,0,2,1,0.1,0.0,0.1,0.1,0.1,0.0254,17,3,Regular Starter
Mads Bech Sørensen,30db8574,dk DEN,DF,Brentford,BRENTFORD,22.0,1999,2021,11,9,835,9.3,0,0,0,0,0,0,3,0,0.0,0.0,0.0,0.0,0.0,0.0223,18,4,Squad Rotation
Saman Ghoddos,f7b1d4e0,ir IRN,FWMF,Brentford,BRENTFORD,27.0,1993,2021,17,4,536,6.0,1,1,2,1,0,0,2,0,0.17,0.17,0.34,0.17,0.34,0.0168,19,4,Squad Rotation
Mathias Jørgensen,0db5d2c8,dk DEN,DF,Brentford,BRENTFORD,31.0,1990,2021,8,6,518,5.8,1,0,1,1,0,0,2,0,0.17,0.0,0.17,0.17,0.17,0.0151,20,4,Squad Rotation
Charlie Goode,7aee4dd3,eng ENG,DF,Brentford,BRENTFORD,25.0,1995,2021,6,4,450,5.0,0,0,0,0,0,0,3,0,0.0,0.0,0.0,0.0,0.0,0.012,21,4,Squad Rotation
Josh Dasilva,60344e4f,eng ENG,MFFW,Brentford,BRENTFORD,22.0,1998,2021,9,2,257,2.9,0,0,0,0,0,0,0,1,0.0,0.0,0.0,0.0,0.0,0.007,22,4,Squad Rotation
Marcus Forss,82c215a0,fi FIN,FW,Brentford,BRENTFORD,22.0,1999,2021,7,1,209,2.3,0,1,1,0,0,0,0,0,0.0,0.43,0.43,0.0,0.43,0.0067,23,4,Squad Rotation
Jonas Lössl,939bc634,dk DEN,GK,Brentford,BRENTFORD,32.0,1989,2021,2,2,180,2.0,0,0,0,0,0,0,0,0,0.0,0.0,0.0,0.0,0.0,0.0048,24,5,Fringe/Backup
Dominic Thompson,235a62f8,eng ENG,MF,Brentford,BRENTFORD,21.0,2000,2021,2,2,146,1.6,0,0,0,0,0,0,0,0,0.0,0.0,0.0,0.0,0.0,0.0038,25,5,Fringe/Backup
Mads Bidstrup,407db0d5,dk DEN,MF,Brentford,BRENTFORD,20.0,2001,2021,4,0,41,0.5,0,0,0,0,0,0,0,0,0.0,0.0,0.0,0.0,0.0,0.0012,26,5,Fringe/Backup
Tariqe Fosu,3dcef539,gh GHA,FWMF,Brentford,BRENTFORD,25.0,1995,2021,1,0,17,0.2,0,0,0,0,0,0,0,0,0.0,0.0,0.0,0.0,0.0,0.0005,27,5,Fringe/Backup
Finley Stevens,7e003182,wls WAL,DF,Brentford,BRENTFORD,18.0,2003,2021,1,0,15,0.2,0,0,0,0,0,0,0,0,0.0,0.0,0.0,0.0,0.0,0.0005,28,5,Fringe/Backup
Nathan Young-Coombes,f9682888,eng ENG,FW,Brentford,BRENTFORD,18.0,2003,2021,1,0,4,0.0,0,0,0,0,0,0,0,0,0.0,0.0,0.0,0.0,0.0,0.0,29,5,Fringe/Backup
Robert Sánchez,6a713852,es ESP,GK,Brighton,BRIGHTONHOVEALBION,23.0,1997,2021,37,37,3329,37.0,0,0,0,0,0,0,3,1,0.0,0.0,0.0,0.0,0.0,0.0886,1,1,Talisman
Leandro Trossard,38ceb24a,be BEL,FWMF,Brighton,BRIGHTONHOVEALBION,26.0,1994,2021,34,32,2805,31.2,8,3,11,7,1,1,2,0,0.26,0.1,0.35,0.22,0.32,0.0867,2,1,Talisman
Marc Cucurella,1daec722,es ESP,DFMF,Brighton,BRIGHTONHOVEALBION,23.0,1998,2021,35,35,3089,34.3,1,1,2,1,0,0,6,0,0.03,0.03,0.06,0.03,0.06,0.0846,3,1,Talisman
Joël Veltman,dad4b285,nl NED,DFMF,Brighton,BRIGHTONHOVEALBION,29.0,1992,2021,34,33,2874,31.9,1,1,2,1,0,0,6,0,0.03,0.03,0.06,0.03,0.06,0.0787,4,1,Talisman
Neal Maupay,4bcf39f6,fr FRA,FW,Brighton,BRIGHTONHOVEALBION,24.0,1996,2021,32,25,2276,25.3,8,2,10,7,1,2,7,0,0.32,0.08,0.4,0.28,0.36,0.0715,5,1,Talisman
Lewis Dunk,282f75f3,eng ENG,DF,Brighton,BRIGHTONHOVEALBION,29.0,1991,2021,29,29,2573,28.6,1,0,1,1,0,0,3,1,0.03,0.0,0.03,0.03,0.03,0.0695,6,2,Key Player
Alexis Mac Allister,83d074ff,ar ARG,MFFW,Brighton,BRIGHTONHOVEALBION,22.0,1998,2021,33,22,2123,23.6,5,2,7,3,2,3,4,0,0.21,0.08,0.3,0.13,0.21,0.0624,7,2,Key Player
Pascal Groß,8aec0537,de GER,MF,Brighton,BRIGHTONHOVEALBION,30.0,1991,2021,29,24,2038,22.6,2,4,6,2,0,1,1,0,0.09,0.18,0.26,0.09,0.26,0.0612,8,2,Key Player
Yves Bissouma,6c203af0,ml MLI,MF,Brighton,BRIGHTONHOVEALBION,24.0,1996,2021,26,25,2111,23.5,1,2,3,1,0,0,10,0,0.04,0.09,0.13,0.04,0.13,0.0599,9,2,Key Player
Jakub Moder,f230bc30,pl POL,MFFW,Brighton,BRIGHTONHOVEALBION,22.0,1999,2021,28,19,1701,18.9,0,3,3,0,0,0,1,0,0.0,0.16,0.16,0.0,0.16,0.0489,10,2,Key Player
Danny Welbeck,ce5143da,eng ENG,FWMF,Brighton,BRIGHTONHOVEALBION,30.0,1990,2021,25,15,1478,16.4,6,2,8,6,0,0,0,0,0.37,0.12,0.49,0.37,0.49,0.0489,11,3,Regular Starter
Solly March,bb5fbd2b,eng ENG,MF,Brighton,BRIGHTONHOVEALBION,27.0,1994,2021,31,17,1746,19.4,0,2,2,0,0,0,1,0,0.0,0.1,0.1,0.0,0.1,0.0488,12,3,Regular Starter
Tariq Lamptey,f4e433d4,gh GHA,MFDF,Brighton,BRIGHTONHOVEALBION,20.0,2000,2021,30,16,1561,17.3,0,2,2,0,0,0,4,0,0.0,0.12,0.12,0.0,0.12,0.0439,13,3,Regular Starter
Adam Lallana,99813635,eng ENG,MF,Brighton,BRIGHTONHOVEALBION,33.0,1988,2021,24,18,1561,17.3,0,1,1,0,0,0,4,0,0.0,0.06,0.06,0.0,0.06,0.0427,14,3,Regular Starter
Adam Webster,c40b6180,eng ENG,DF,Brighton,BRIGHTONHOVEALBION,26.0,1995,2021,22,16,1434,15.9,2,0,2,2,0,0,5,0,0.13,0.0,0.13,0.13,0.13,0.0405,15,3,Regular Starter
Shane Duffy,7314bba4,ie IRL,DF,Brighton,BRIGHTONHOVEALBION,29.0,1992,2021,18,15,1436,16.0,1,0,1,1,0,0,7,0,0.06,0.0,0.06,0.06,0.06,0.0395,16,4,Squad Rotation
Enock Mwepu,1d5cab82,zm ZAM,MF,Brighton,BRIGHTONHOVEALBION,23.0,1998,2021,18,12,996,11.1,2,4,6,2,0,0,2,0,0.18,0.36,0.54,0.18,0.54,0.0338,17,4,Squad Rotation
Dan Burn,b2d31e83,eng ENG,DF,Brighton,BRIGHTONHOVEALBION,29.0,1992,2021,13,12,1022,11.4,1,0,1,1,0,0,4,0,0.09,0.0,0.09,0.09,0.09,0.0285,18,4,Squad Rotation
Moisés Caicedo,16264a81,ec ECU,MF,Brighton,BRIGHTONHOVEALBION,19.0,2001,2021,8,8,660,7.3,1,1,2,1,0,0,2,0,0.14,0.14,0.27,0.14,0.27,0.0198,19,4,Squad Rotation
Steven Alzate,ad1f61f3,co COL,MF,Brighton,BRIGHTONHOVEALBION,22.0,1998,2021,9,5,404,4.5,0,0,0,0,0,0,0,0,0.0,0.0,0.0,0.0,0.0,0.0108,20,4,Squad Rotation
Aaron Connolly,27c01749,ie IRL,FW,Brighton,BRIGHTONHOVEALBION,21.0,2000,2021,4,1,156,1.7,0,0,0,0,0,0,0,0,0.0,0.0,0.0,0.0,0.0,0.0041,21,5,Fringe/Backup
Jason Steele,28300a16,eng ENG,GK,Brighton,BRIGHTONHOVEALBION,30.0,1990,2021,1,1,90,1.0,0,0,0,0,0,0,0,0,0.0,0.0,0.0,0.0,0.0,0.0024,22,5,Fringe/Backup
Jeremy Sarmiento,ac0d576d,ec ECU,MF,Brighton,BRIGHTONHOVEALBION,19.0,2002,2021,5,1,48,0.5,0,0,0,0,0,0,0,0,0.0,0.0,0.0,0.0,0.0,0.0012,23,5,Fringe/Backup
Evan Ferguson,4596da74,ie IRL,FW,Brighton,BRIGHTONHOVEALBION,16.0,2004,2021,1,0,23,0.3,0,0,0,0,0,0,0,0,0.0,0.0,0.0,0.0,0.0,0.0007,24,5,Fringe/Backup
Jürgen Locadia,6cc47ae1,cw CUW,FW,Brighton,BRIGHTONHOVEALBION,27.0,1993,2021,1,0,23,0.3,0,0,0,0,0,0,0,0,0.0,0.0,0.0,0.0,0.0,0.0007,25,5,Fringe/Backup
Taylor Richards,e0243d23,eng ENG,MF,Brighton,BRIGHTONHOVEALBION,20.0,2000,2021,2,0,25,0.3,0,0,0,0,0,0,0,0,0.0,0.0,0.0,0.0,0.0,0.0007,26,5,Fringe/Backup
James Tarkowski,15ea812b,eng ENG,DF,Burnley,BURNLEY,28.0,1992,2021,35,35,3106,34.5,1,2,3,1,0,0,11,0,0.03,0.06,0.09,0.03,0.09,0.0863,1,1,Talisman
Nick Pope,4b40d9ca,eng ENG,GK,Burnley,BURNLEY,29.0,1992,2021,36,36,3240,36.0,0,0,0,0,0,0,1,0,0.0,0.0,0.0,0.0,0.0,0.0861,2,1,Talisman
Josh Brownhill,47369df8,eng ENG,MF,Burnley,BURNLEY,25.0,1995,2021,35,32,2955,32.8,2,3,5,2,0,0,10,0,0.06,0.09,0.15,0.06,0.15,0.0844,3,1,Talisman
Dwight McNeil,fc15fb84,eng ENG,MF,Burnley,BURNLEY,21.0,1999,2021,38,35,3107,34.5,0,1,1,0,0,0,1,0,0.0,0.03,0.03,0.0,0.03,0.0838,4,1,Talisman
Charlie Taylor,cc2d7ad5,eng ENG,DF,Burnley,BURNLEY,27.0,1993,2021,31,30,2731,30.3,0,3,3,0,0,0,3,0,0.0,0.1,0.1,0.0,0.1,0.0761,5,2,Key Player
Ashley Westwood,495945ef,eng ENG,MF,Burnley,BURNLEY,31.0,1990,2021,27,26,2287,25.4,0,3,3,0,0,0,7,0,0.0,0.12,0.12,0.0,0.12,0.0644,6,2,Key Player
Maxwel Cornet,beb391dd,ci CIV,FWMF,Burnley,BURNLEY,24.0,1996,2021,26,21,1766,19.6,9,1,10,9,0,1,2,0,0.46,0.05,0.51,0.46,0.51,0.0589,7,2,Key Player
Ben Mee,8df7a2fb,eng ENG,DF,Burnley,BURNLEY,31.0,1989,2021,21,21,1839,20.4,3,0,3,3,0,0,3,0,0.15,0.0,0.15,0.15,0.15,0.0525,8,2,Key Player
Matthew Lowton,9a9c05db,eng ENG,DF,Burnley,BURNLEY,32.0,1989,2021,25,20,1772,19.7,1,2,3,1,0,0,3,1,0.05,0.1,0.15,0.05,0.15,0.0507,9,2,Key Player
Connor Roberts,24fae784,wls WAL,DF,Burnley,BURNLEY,25.0,1995,2021,21,19,1692,18.8,1,1,2,1,0,0,2,0,0.05,0.05,0.11,0.05,0.11,0.0475,10,3,Regular Starter
Nathan Collins,a8c19eb8,ie IRL,DF,Burnley,BURNLEY,20.0,2001,2021,19,18,1670,18.6,2,0,2,2,0,0,2,1,0.11,0.0,0.11,0.11,0.11,0.047,11,3,Regular Starter
Jack Cork,74e12f1e,eng ENG,MF,Burnley,BURNLEY,32.0,1989,2021,20,20,1670,18.6,1,0,1,1,0,0,4,0,0.05,0.0,0.05,0.05,0.05,0.0456,12,3,Regular Starter
Wout Weghorst,c4e87b8b,nl NED,FW,Burnley,BURNLEY,28.0,1992,2021,20,17,1450,16.1,2,3,5,2,0,0,3,0,0.12,0.19,0.31,0.12,0.31,0.0445,13,3,Regular Starter
Aaron Lennon,2ff964a0,eng ENG,MFFW,Burnley,BURNLEY,34.0,1987,2021,28,17,1551,17.2,2,0,2,2,0,0,2,0,0.12,0.0,0.12,0.12,0.12,0.0436,14,4,Squad Rotation
Jay Rodriguez,4ab53cdb,eng ENG,FW,Burnley,BURNLEY,32.0,1989,2021,29,13,1382,15.4,2,2,4,2,0,0,3,0,0.13,0.13,0.26,0.13,0.26,0.0416,15,4,Squad Rotation
Chris Wood,4e9a0555,nz NZL,FW,Burnley,BURNLEY,29.0,1991,2021,17,17,1367,15.2,3,0,3,3,0,0,1,0,0.2,0.0,0.2,0.2,0.2,0.04,16,4,Squad Rotation
Jóhann Berg Guðmundsson,f72293fc,is ISL,MF,Burnley,BURNLEY,30.0,1990,2021,18,13,1102,12.2,0,1,1,0,0,0,2,0,0.0,0.08,0.08,0.0,0.08,0.0304,17,4,Squad Rotation
Matěj Vydra,0d4ceb32,cz CZE,FW,Burnley,BURNLEY,29.0,1992,2021,22,5,679,7.5,2,3,5,2,0,0,1,0,0.27,0.4,0.66,0.27,0.66,0.0239,18,4,Squad Rotation
Ashley Barnes,2691c772,eng ENG,FW,Burnley,BURNLEY,31.0,1989,2021,23,8,808,9.0,1,0,1,0,1,1,4,0,0.11,0.0,0.11,0.0,0.0,0.0215,19,5,Fringe/Backup
Erik Pieters,1ef37668,nl NED,DF,Burnley,BURNLEY,32.0,1988,2021,12,8,730,8.1,0,1,1,0,0,0,1,0,0.0,0.12,0.12,0.0,0.12,0.0205,20,5,Fringe/Backup
Kevin Long,5a4280b1,ie IRL,DF,Burnley,BURNLEY,30.0,1990,2021,6,4,410,4.6,0,0,0,0,0,0,1,0,0.0,0.0,0.0,0.0,0.0,0.011,21,5,Fringe/Backup
Wayne Hennessey,76eca7e2,wls WAL,GK,Burnley,BURNLEY,34.0,1987,2021,2,2,180,2.0,0,0,0,0,0,0,0,0,0.0,0.0,0.0,0.0,0.0,0.0048,22,5,Fringe/Backup
Dale Stephens,653ee42d,eng ENG,MF,Burnley,BURNLEY,32.0,1989,2021,3,1,124,1.4,0,0,0,0,0,0,1,0,0.0,0.0,0.0,0.0,0.0,0.0034,23,5,Fringe/Backup
Mason Mount,9674002f,eng ENG,MF,Chelsea,CHELSEA,22.0,1999,2021,32,27,2363,26.3,11,10,21,10,1,1,4,0,0.42,0.38,0.8,0.38,0.76,0.0869,1,1,Talisman
Antonio Rüdiger,18b896d6,de GER,DF,Chelsea,CHELSEA,28.0,1993,2021,34,34,3035,33.7,3,0,3,3,0,0,9,0,0.09,0.0,0.09,0.09,0.09,0.0843,2,1,Talisman
Édouard Mendy,33887998,sn SEN,GK,Chelsea,CHELSEA,29.0,1992,2021,34,34,3060,34.0,0,0,0,0,0,0,3,0,0.0,0.0,0.0,0.0,0.0,0.0814,3,1,Talisman
Thiago Silva,86e7deaf,br BRA,DF,Chelsea,CHELSEA,36.0,1984,2021,32,28,2650,29.4,3,0,3,3,0,0,2,0,0.1,0.0,0.1,0.1,0.1,0.0739,4,1,Talisman
Marcos Alonso,f4290206,es ESP,MF,Chelsea,CHELSEA,30.0,1990,2021,28,25,2167,24.1,4,4,8,4,0,0,8,0,0.17,0.17,0.33,0.17,0.33,0.0672,5,1,Talisman
Reece James,1265a93a,eng ENG,MF,Chelsea,CHELSEA,21.0,1999,2021,26,22,1864,20.7,5,9,14,5,0,0,4,1,0.24,0.43,0.68,0.24,0.68,0.0664,6,2,Key Player
Jorginho,45db685d,it ITA,MF,Chelsea,CHELSEA,29.0,1991,2021,29,26,2273,25.3,6,2,8,0,6,7,5,0,0.24,0.08,0.32,0.0,0.08,0.063,7,2,Key Player
Kai Havertz,fed7cb61,de GER,FWMF,Chelsea,CHELSEA,22.0,1999,2021,29,22,1809,20.1,8,3,11,8,0,0,3,0,0.4,0.15,0.55,0.4,0.55,0.0614,8,2,Key Player
César Azpilicueta,53cad200,es ESP,DFMF,Chelsea,CHELSEA,31.0,1989,2021,27,24,2070,23.0,1,2,3,1,0,0,3,0,0.04,0.09,0.13,0.04,0.13,0.0587,9,2,Key Player
N'Golo Kanté,b9fbae28,fr FRA,MF,Chelsea,CHELSEA,30.0,1991,2021,26,21,1773,19.7,2,4,6,2,0,0,2,0,0.1,0.2,0.3,0.1,0.3,0.0543,10,2,Key Player
Romelu Lukaku,5eae500a,be BEL,FW,Chelsea,CHELSEA,28.0,1993,2021,26,16,1589,17.7,8,0,8,7,1,1,1,0,0.45,0.0,0.45,0.4,0.4,0.0509,11,3,Regular Starter
Mateo Kovačić,79c0821a,hr CRO,MF,Chelsea,CHELSEA,27.0,1994,2021,25,16,1558,17.3,2,5,7,2,0,0,4,0,0.12,0.29,0.4,0.12,0.4,0.0497,12,3,Regular Starter
Christian Pulisic,1bf33a9a,us USA,MFFW,Chelsea,CHELSEA,22.0,1998,2021,22,13,1290,14.3,6,2,8,6,0,0,2,0,0.42,0.14,0.56,0.42,0.56,0.0438,13,3,Regular Starter
Hakim Ziyech,6622454d,ma MAR,MFFW,Chelsea,CHELSEA,28.0,1993,2021,23,14,1319,14.7,4,3,7,4,0,0,3,0,0.27,0.2,0.48,0.27,0.48,0.0436,14,3,Regular Starter
Trevoh Chalobah,5515376c,eng ENG,DF,Chelsea,CHELSEA,22.0,1999,2021,20,17,1449,16.1,3,1,4,3,0,0,2,0,0.19,0.06,0.25,0.19,0.25,0.0434,15,3,Regular Starter
Timo Werner,49fe9070,de GER,FWMF,Chelsea,CHELSEA,25.0,1996,2021,21,15,1283,14.3,4,1,5,4,0,0,1,0,0.28,0.07,0.35,0.28,0.35,0.0402,16,4,Squad Rotation
Andreas Christensen,1cb49278,dk DEN,DF,Chelsea,CHELSEA,25.0,1996,2021,19,17,1496,16.6,0,0,0,0,0,0,2,0,0.0,0.0,0.0,0.0,0.0,0.0398,17,4,Squad Rotation
Ruben Loftus-Cheek,e97fd090,eng ENG,MF,Chelsea,CHELSEA,25.0,1996,2021,24,13,1394,15.5,0,2,2,0,0,0,1,0,0.0,0.13,0.13,0.0,0.13,0.0395,18,4,Squad Rotation
Callum Hudson-Odoi,15f3ec41,eng ENG,MF,Chelsea,CHELSEA,20.0,2000,2021,15,11,962,10.7,1,2,3,1,0,0,1,0,0.09,0.19,0.28,0.09,0.28,0.0292,19,4,Squad Rotation
Ben Chilwell,d2424d1b,eng ENG,MF,Chelsea,CHELSEA,24.0,1996,2021,7,6,542,6.0,3,1,4,3,0,0,0,0,0.5,0.17,0.66,0.5,0.66,0.0191,20,4,Squad Rotation
Malang Sarr,4315f30d,fr FRA,DF,Chelsea,CHELSEA,22.0,1999,2021,8,6,546,6.1,0,0,0,0,0,0,2,0,0.0,0.0,0.0,0.0,0.0,0.0146,21,5,Fringe/Backup
Saúl Ñíguez,c14bc029,es ESP,MF,Chelsea,CHELSEA,26.0,1994,2021,10,5,480,5.3,0,0,0,0,0,0,1,0,0.0,0.0,0.0,0.0,0.0,0.0127,22,5,Fringe/Backup
Kepa Arrizabalaga,28d596a0,es ESP,GK,Chelsea,CHELSEA,26.0,1994,2021,4,4,360,4.0,0,0,0,0,0,0,0,0,0.0,0.0,0.0,0.0,0.0,0.0096,23,5,Fringe/Backup
Ross Barkley,3a24769f,eng ENG,MF,Chelsea,CHELSEA,27.0,1993,2021,6,1,179,2.0,1,0,1,1,0,0,0,0,0.5,0.0,0.5,0.5,0.5,0.006,24,5,Fringe/Backup
Kenedy,5eebbfdf,br BRA,MF,Chelsea,CHELSEA,25.0,1996,2021,1,1,58,0.6,0,1,1,0,0,0,0,0,0.0,1.55,1.55,0.0,1.55,0.0026,25,5,Fringe/Backup
Emerson Palmieri,e0bc6fdc,it ITA,DFMF,Chelsea,CHELSEA,26.0,1994,2021,1,0,5,0.1,0,0,0,0,0,0,0,0,0.0,0.0,0.0,0.0,0.0,0.0002,26,5,Fringe/Backup
Marc Guéhi,d0706b27,eng ENG,DF,Crystal Palace,CRYSTALPALACE,21.0,2000,2021,36,36,3222,35.8,2,1,3,2,0,0,4,0,0.06,0.03,0.08,0.06,0.08,0.0892,1,1,Talisman
Conor Gallagher,c2731c10,eng ENG,MF,Crystal Palace,CRYSTALPALACE,21.0,2000,2021,34,33,2845,31.6,8,3,11,8,0,0,10,0,0.25,0.09,0.35,0.25,0.35,0.089,2,1,Talisman
Wilfried Zaha,b2bc3b1f,ci CIV,FWMF,Crystal Palace,CRYSTALPALACE,28.0,1992,2021,33,31,2760,30.7,14,1,15,9,5,7,6,1,0.46,0.03,0.49,0.29,0.33,0.0857,3,1,Talisman
Tyrick Mitchell,5cbd1eb0,eng ENG,DF,Crystal Palace,CRYSTALPALACE,21.0,1999,2021,36,35,3101,34.5,0,2,2,0,0,0,1,0,0.0,0.06,0.06,0.0,0.06,0.0851,4,1,Talisman
Joachim Andersen,e34fc66d,dk DEN,DF,Crystal Palace,CRYSTALPALACE,25.0,1996,2021,34,32,2916,32.4,0,3,3,0,0,0,4,0,0.0,0.09,0.09,0.0,0.09,0.0811,5,2,Key Player
Vicente Guaita,ab13a5aa,es ESP,GK,Crystal Palace,CRYSTALPALACE,34.0,1987,2021,30,30,2655,29.5,0,0,0,0,0,0,2,0,0.0,0.0,0.0,0.0,0.0,0.0707,6,2,Key Player
Joel Ward,8a7ff278,eng ENG,DF,Crystal Palace,CRYSTALPALACE,31.0,1989,2021,28,27,2487,27.6,0,0,0,0,0,0,8,0,0.0,0.0,0.0,0.0,0.0,0.0661,7,2,Key Player
Jordan Ayew,da052c14,gh GHA,FWMF,Crystal Palace,CRYSTALPALACE,29.0,1991,2021,31,23,2019,22.4,3,3,6,3,0,0,2,0,0.13,0.13,0.27,0.13,0.27,0.0609,8,2,Key Player
Jeffrey Schlupp,3312f911,gh GHA,MFFW,Crystal Palace,CRYSTALPALACE,28.0,1992,2021,32,20,1851,20.6,4,1,5,4,0,0,1,0,0.19,0.05,0.24,0.19,0.24,0.0553,9,2,Key Player
Cheikhou Kouyaté,8d3c902d,sn SEN,MF,Crystal Palace,CRYSTALPALACE,31.0,1989,2021,27,23,1974,21.9,0,1,1,0,0,0,3,0,0.0,0.05,0.05,0.0,0.05,0.0538,10,3,Regular Starter
Odsonne Édouard,0562b7f1,fr FRA,FWMF,Crystal Palace,CRYSTALPALACE,23.0,1998,2021,28,18,1564,17.4,6,3,9,5,1,1,4,0,0.35,0.17,0.52,0.29,0.46,0.0513,11,3,Regular Starter
James McArthur,cee31595,sct SCO,MF,Crystal Palace,CRYSTALPALACE,33.0,1987,2021,21,15,1439,16.0,0,3,3,0,0,0,4,0,0.0,0.19,0.19,0.0,0.19,0.042,12,3,Regular Starter
Michael Olise,c4486bac,fr FRA,FWMF,Crystal Palace,CRYSTALPALACE,19.0,2001,2021,26,12,1141,12.7,2,5,7,2,0,0,4,0,0.16,0.39,0.55,0.16,0.55,0.0388,13,3,Regular Starter
Jean-Philippe Mateta,50e6dc35,fr FRA,FW,Crystal Palace,CRYSTALPALACE,24.0,1997,2021,22,13,1145,12.7,5,1,6,5,0,0,2,0,0.39,0.08,0.47,0.39,0.47,0.0376,14,3,Regular Starter
Nathaniel Clyne,0442183b,eng ENG,DF,Crystal Palace,CRYSTALPALACE,30.0,1991,2021,16,15,1351,15.0,0,1,1,0,0,0,1,0,0.0,0.07,0.07,0.0,0.07,0.0372,15,4,Squad Rotation
Christian Benteke,ab070c55,be BEL,FW,Crystal Palace,CRYSTALPALACE,30.0,1990,2021,25,11,1145,12.7,4,1,5,4,0,0,3,0,0.31,0.08,0.39,0.31,0.39,0.0364,16,4,Squad Rotation
Will Hughes,a0666d3e,eng ENG,MF,Crystal Palace,CRYSTALPALACE,26.0,1995,2021,16,13,1053,11.7,0,1,1,0,0,0,6,0,0.0,0.09,0.09,0.0,0.09,0.0293,17,4,Squad Rotation
Luka Milivojević,2ce2508a,rs SRB,MF,Crystal Palace,CRYSTALPALACE,30.0,1991,2021,15,9,774,8.6,0,0,0,0,0,0,1,0,0.0,0.0,0.0,0.0,0.0,0.0206,18,4,Squad Rotation
Jack Butland,cc70a1d5,eng ENG,GK,Crystal Palace,CRYSTALPALACE,28.0,1993,2021,9,8,765,8.5,0,0,0,0,0,0,0,0,0.0,0.0,0.0,0.0,0.0,0.0204,19,4,Squad Rotation
Eberechi Eze,ae4fc6a4,eng ENG,MFFW,Crystal Palace,CRYSTALPALACE,23.0,1998,2021,13,6,605,6.7,1,1,2,1,0,0,1,0,0.15,0.15,0.3,0.15,0.3,0.0185,20,5,Fringe/Backup
James Tomkins,e7ca0439,eng ENG,DF,Crystal Palace,CRYSTALPALACE,32.0,1989,2021,8,6,547,6.1,1,0,1,1,0,0,2,0,0.16,0.0,0.16,0.16,0.16,0.0158,21,5,Fringe/Backup
Jaïro Riedewald,7a1f2c08,nl NED,MF,Crystal Palace,CRYSTALPALACE,24.0,1996,2021,3,1,118,1.3,0,0,0,0,0,0,0,0,0.0,0.0,0.0,0.0,0.0,0.0031,22,5,Fringe/Backup
Jesurun Rak Sakyi,45685411,gh GHA,MF,Crystal Palace,CRYSTALPALACE,18.0,2002,2021,2,1,80,0.9,0,0,0,0,0,0,0,0,0.0,0.0,0.0,0.0,0.0,0.0022,23,5,Fringe/Backup
Nathan Ferguson,2f8d27bc,eng ENG,DF,Crystal Palace,CRYSTALPALACE,20.0,2000,2021,1,0,9,0.1,0,0,0,0,0,0,0,0,0.0,0.0,0.0,0.0,0.0,0.0002,24,5,Fringe/Backup
Jordan Pickford,4806ec67,eng ENG,GK,Everton,EVERTON,27.0,1994,2021,35,35,3150,35.0,0,0,0,0,0,0,2,0,0.0,0.0,0.0,0.0,0.0,0.084,1,1,Talisman
Richarlison,fa031b34,br BRA,FWMF,Everton,EVERTON,24.0,1997,2021,30,28,2523,28.0,10,5,15,7,3,3,9,0,0.36,0.18,0.54,0.25,0.43,0.0816,2,1,Talisman
Michael Keane,c5b7c315,eng ENG,DF,Everton,EVERTON,28.0,1993,2021,32,31,2792,31.0,3,2,5,3,0,0,4,1,0.1,0.06,0.16,0.1,0.16,0.0803,3,1,Talisman
Abdoulaye Doucouré,02b29014,ml MLI,MF,Everton,EVERTON,28.0,1993,2021,30,29,2537,28.2,2,4,6,2,0,0,6,0,0.07,0.14,0.21,0.07,0.21,0.0748,4,1,Talisman
Demarai Gray,4468ec10,jm JAM,MFFW,Everton,EVERTON,25.0,1996,2021,34,28,2338,26.0,5,4,9,5,0,0,3,0,0.19,0.15,0.35,0.19,0.35,0.0733,5,1,Talisman
Séamus Coleman,0420d84f,ie IRL,DFMF,Everton,EVERTON,32.0,1988,2021,30,30,2656,29.5,1,0,1,1,0,0,4,0,0.03,0.0,0.03,0.03,0.03,0.0718,6,1,Talisman
Anthony Gordon,2bd83368,eng ENG,MFFW,Everton,EVERTON,20.0,2001,2021,35,25,2285,25.4,4,2,6,4,0,0,4,0,0.16,0.08,0.24,0.16,0.24,0.0683,7,2,Key Player
Allan,cc700722,br BRA,MF,Everton,EVERTON,30.0,1991,2021,28,25,2183,24.3,0,2,2,0,0,0,7,1,0.0,0.08,0.08,0.0,0.08,0.0606,8,2,Key Player
Mason Holgate,d0042ab9,jm JAM,DF,Everton,EVERTON,24.0,1996,2021,25,23,2134,23.7,2,1,3,2,0,0,7,1,0.08,0.04,0.13,0.08,0.13,0.0606,9,2,Key Player
Alex Iwobi,6ca5ec4b,ng NGA,MFDF,Everton,EVERTON,25.0,1996,2021,28,22,2035,22.6,2,2,4,2,0,0,1,0,0.09,0.09,0.18,0.09,0.18,0.0591,10,2,Key Player
Ben Godfrey,9f7c837d,eng ENG,DF,Everton,EVERTON,23.0,1998,2021,23,23,2029,22.5,0,0,0,0,0,0,6,0,0.0,0.0,0.0,0.0,0.0,0.054,11,2,Key Player
Andros Townsend,b28bbd58,eng ENG,MF,Everton,EVERTON,30.0,1991,2021,21,17,1455,16.2,3,2,5,2,1,1,3,0,0.19,0.12,0.31,0.12,0.25,0.0437,12,2,Key Player
Dominic Calvert-Lewin,59e6e5bf,eng ENG,FW,Everton,EVERTON,24.0,1997,2021,17,15,1283,14.3,5,2,7,3,2,3,2,0,0.35,0.14,0.49,0.21,0.35,0.0403,13,2,Key Player
Lucas Digne,1b84dbe1,fr FRA,DF,Everton,EVERTON,28.0,1993,2021,13,13,1170,13.0,0,0,0,0,0,0,4,0,0.0,0.0,0.0,0.0,0.0,0.0312,14,3,Regular Starter
Vitaliy Mykolenko,30d4a2e5,ua UKR,DFMF,Everton,EVERTON,22.0,1999,2021,13,12,1055,11.7,1,0,1,1,0,0,0,0,0.09,0.0,0.09,0.09,0.09,0.0293,15,3,Regular Starter
Jonjoe Kenny,099e666f,eng ENG,DF,Everton,EVERTON,24.0,1997,2021,15,11,1018,11.3,0,1,1,0,0,0,3,1,0.0,0.09,0.09,0.0,0.09,0.0283,16,3,Regular Starter
Salomón Rondón,b318a643,ve VEN,FW,Everton,EVERTON,31.0,1989,2021,20,8,790,8.8,1,1,2,1,0,0,3,1,0.11,0.11,0.23,0.11,0.23,0.0235,17,3,Regular Starter
Yerry Mina,6d5701f2,co COL,DF,Everton,EVERTON,26.0,1994,2021,13,11,846,9.4,0,0,0,0,0,0,3,0,0.0,0.0,0.0,0.0,0.0,0.0226,18,3,Regular Starter
Fabian Delph,111c3236,eng ENG,MF,Everton,EVERTON,31.0,1989,2021,11,8,662,7.4,0,0,0,0,0,0,2,0,0.0,0.0,0.0,0.0,0.0,0.0178,19,3,Regular Starter
André Gomes,1961b2aa,pt POR,MF,Everton,EVERTON,28.0,1993,2021,14,7,619,6.9,0,1,1,0,0,0,3,0,0.0,0.15,0.15,0.0,0.15,0.0178,20,4,Squad Rotation
Donny van de Beek,50dc94ce,nl NED,MF,Everton,EVERTON,24.0,1997,2021,7,5,483,5.4,1,0,1,1,0,0,1,0,0.19,0.0,0.19,0.19,0.19,0.0142,21,4,Squad Rotation
Jarrad Branthwaite,c1949191,eng ENG,DF,Everton,EVERTON,19.0,2002,2021,6,4,388,4.3,1,0,1,1,0,0,0,1,0.23,0.0,0.23,0.23,0.23,0.0115,22,4,Squad Rotation
Dele Alli,cea4ee8f,eng ENG,MF,Everton,EVERTON,25.0,1996,2021,11,1,338,3.8,0,0,0,0,0,0,3,0,0.0,0.0,0.0,0.0,0.0,0.0091,23,4,Squad Rotation
Tom Davies,9228b07c,eng ENG,MF,Everton,EVERTON,23.0,1998,2021,6,2,234,2.6,1,0,1,1,0,0,1,0,0.38,0.0,0.38,0.38,0.38,0.0074,24,4,Squad Rotation
Asmir Begović,7b4de647,ba BIH,GK,Everton,EVERTON,34.0,1987,2021,3,3,270,3.0,0,0,0,0,0,0,0,0,0.0,0.0,0.0,0.0,0.0,0.0072,25,4,Squad Rotation
Jean-Philippe Gbamin,6bd603db,ci CIV,MF,Everton,EVERTON,25.0,1995,2021,3,1,67,0.7,0,0,0,0,0,0,0,0,0.0,0.0,0.0,0.0,0.0,0.0017,26,4,Squad Rotation
Ellis Simms,26d3b5be,eng ENG,FW,Everton,EVERTON,20.0,2001,2021,1,1,61,0.7,0,0,0,0,0,0,0,0,0.0,0.0,0.0,0.0,0.0,0.0017,27,5,Fringe/Backup
Lewis Dobbin,e814e1cf,eng ENG,FWMF,Everton,EVERTON,18.0,2003,2021,3,0,32,0.4,0,0,0,0,0,0,1,0,0.0,0.0,0.0,0.0,0.0,0.001,28,5,Fringe/Backup
Tyler Onyango,d86a1f3e,eng ENG,MF,Everton,EVERTON,18.0,2003,2021,3,0,28,0.3,0,0,0,0,0,0,0,0,0.0,0.0,0.0,0.0,0.0,0.0007,29,5,Fringe/Backup
Isaac Price,b9403c99,nir NIR,MF,Everton,EVERTON,17.0,2003,2021,1,0,14,0.2,0,0,0,0,0,0,0,0,0.0,0.0,0.0,0.0,0.0,0.0005,30,5,Fringe/Backup
Anwar El Ghazi,ffa90327,nl NED,FWMF,Everton,EVERTON,26.0,1995,2021,2,0,13,0.1,0,0,0,0,0,0,0,0,0.0,0.0,0.0,0.0,0.0,0.0002,31,5,Fringe/Backup
Cenk Tosun,9a104dee,tr TUR,FWMF,Everton,EVERTON,30.0,1991,2021,1,0,7,0.1,0,0,0,0,0,0,0,0,0.0,0.0,0.0,0.0,0.0,0.0002,32,5,Fringe/Backup
Moise Kean,3d50bcdb,it ITA,FW,Everton,EVERTON,21.0,2000,2021,1,0,1,0.0,0,0,0,0,0,0,0,0,0.0,0.0,0.0,0.0,0.0,0.0,33,5,Fringe/Backup
Illan Meslier,6b625ac2,fr FRA,GK,Leeds United,LEEDSUNITED,21.0,2000,2021,38,38,3384,37.6,0,0,0,0,0,0,2,0,0.0,0.0,0.0,0.0,0.0,0.0904,1,1,Talisman
Raphinha,3423f250,br BRA,MFFW,Leeds United,LEEDSUNITED,24.0,1996,2021,35,34,2915,32.4,11,3,14,7,4,4,7,0,0.34,0.09,0.43,0.22,0.31,0.09,2,1,Talisman
Jack Harrison,aa849a12,eng ENG,MF,Leeds United,LEEDSUNITED,24.0,1996,2021,35,32,2639,29.3,8,1,9,8,0,0,3,0,0.27,0.03,0.31,0.27,0.31,0.0813,3,1,Talisman
Stuart Dallas,67ca8566,nir NIR,DFMF,Leeds United,LEEDSUNITED,30.0,1991,2021,34,34,2919,32.4,1,1,2,1,0,0,5,0,0.03,0.03,0.06,0.03,0.06,0.0802,4,1,Talisman
Daniel James,c931d9f9,wls WAL,FWMF,Leeds United,LEEDSUNITED,23.0,1997,2021,32,29,2366,26.3,4,4,8,4,0,0,7,1,0.15,0.15,0.3,0.15,0.3,0.0727,5,1,Talisman
Rodrigo,1fb1c435,es ESP,MFFW,Leeds United,LEEDSUNITED,30.0,1991,2021,31,27,2265,25.2,6,1,7,5,1,1,9,0,0.24,0.04,0.28,0.2,0.24,0.0678,6,2,Key Player
Diego Llorente,bba30585,es ESP,DF,Leeds United,LEEDSUNITED,27.0,1993,2021,28,28,2340,26.0,3,0,3,3,0,0,7,0,0.12,0.0,0.12,0.12,0.12,0.0662,7,2,Key Player
Luke Ayling,420d7c7d,eng ENG,DF,Leeds United,LEEDSUNITED,29.0,1991,2021,26,26,2272,25.2,2,2,4,2,0,0,4,1,0.08,0.08,0.16,0.08,0.16,0.0654,8,2,Key Player
Mateusz Klich,282679b4,pl POL,MF,Leeds United,LEEDSUNITED,31.0,1990,2021,33,26,2073,23.0,1,2,3,1,0,0,5,0,0.04,0.09,0.13,0.04,0.13,0.0589,9,2,Key Player
Pascal Struijk,f4d296e4,nl NED,DF,Leeds United,LEEDSUNITED,21.0,1999,2021,29,22,2055,22.8,1,0,1,1,0,0,6,1,0.04,0.0,0.04,0.04,0.04,0.0559,10,2,Key Player
Liam Cooper,dc64b8b3,sct SCO,DF,Leeds United,LEEDSUNITED,29.0,1991,2021,21,21,1814,20.2,0,1,1,0,0,0,5,0,0.0,0.05,0.05,0.0,0.05,0.0498,11,2,Key Player
Junior Firpo,24f59bb2,do DOM,DFMF,Leeds United,LEEDSUNITED,24.0,1996,2021,24,19,1711,19.0,0,2,2,0,0,0,11,0,0.0,0.11,0.11,0.0,0.11,0.0482,12,3,Regular Starter
Kalvin Phillips,4f565d77,eng ENG,MF,Leeds United,LEEDSUNITED,25.0,1995,2021,20,18,1596,17.7,0,1,1,0,0,0,4,0,0.0,0.06,0.06,0.0,0.06,0.0438,13,3,Regular Starter
Adam Forshaw,9f1938ab,eng ENG,MF,Leeds United,LEEDSUNITED,29.0,1991,2021,22,17,1530,17.0,0,1,1,0,0,0,5,0,0.0,0.06,0.06,0.0,0.06,0.0421,14,3,Regular Starter
Robin Koch,ea6bc03a,de GER,MFDF,Leeds United,LEEDSUNITED,25.0,1996,2021,20,17,1574,17.5,0,0,0,0,0,0,3,0,0.0,0.0,0.0,0.0,0.0,0.0421,15,3,Regular Starter
Tyler Roberts,6c17e046,wls WAL,MFFW,Leeds United,LEEDSUNITED,22.0,1999,2021,23,7,987,11.0,1,1,2,1,0,0,5,0,0.09,0.09,0.18,0.09,0.18,0.0288,16,3,Regular Starter
Joe Gelhardt,01962d0d,eng ENG,FW,Leeds United,LEEDSUNITED,19.0,2002,2021,20,5,746,8.3,2,2,4,2,0,0,4,0,0.24,0.24,0.48,0.24,0.48,0.0247,17,3,Regular Starter
Patrick Bamford,93feac6e,eng ENG,FW,Leeds United,LEEDSUNITED,27.0,1993,2021,9,7,559,6.2,2,2,4,2,0,0,2,0,0.32,0.32,0.64,0.32,0.64,0.0197,18,4,Squad Rotation
Jamie Shackleton,8d03ca5a,eng ENG,DFMF,Leeds United,LEEDSUNITED,21.0,1999,2021,14,7,709,7.9,0,0,0,0,0,0,4,0,0.0,0.0,0.0,0.0,0.0,0.019,19,4,Squad Rotation
Sam Greenwood,f3354c07,eng ENG,MF,Leeds United,LEEDSUNITED,19.0,2002,2021,7,1,237,2.6,0,2,2,0,0,0,0,0,0.0,0.76,0.76,0.0,0.76,0.0086,20,4,Squad Rotation
Leo Fuhr Hjelde,d102b8a2,no NOR,DF,Leeds United,LEEDSUNITED,17.0,2003,2021,2,0,150,1.7,0,0,0,0,0,0,0,0,0.0,0.0,0.0,0.0,0.0,0.0041,21,4,Squad Rotation
Lewis Bate,cd4256d3,eng ENG,MF,Leeds United,LEEDSUNITED,18.0,2002,2021,3,1,146,1.6,0,0,0,0,0,0,0,0,0.0,0.0,0.0,0.0,0.0,0.0038,22,4,Squad Rotation
Charlie Cresswell,4654e5f5,eng ENG,DF,Leeds United,LEEDSUNITED,18.0,2002,2021,5,1,141,1.6,0,0,0,0,0,0,1,0,0.0,0.0,0.0,0.0,0.0,0.0038,23,4,Squad Rotation
Cody Drameh,e0d1510a,eng ENG,DF,Leeds United,LEEDSUNITED,19.0,2001,2021,3,1,128,1.4,0,0,0,0,0,0,1,0,0.0,0.0,0.0,0.0,0.0,0.0034,24,5,Fringe/Backup
Crysencio Summerville,df04eb4b,nl NED,FWMF,Leeds United,LEEDSUNITED,19.0,2001,2021,6,0,130,1.4,0,0,0,0,0,0,0,0,0.0,0.0,0.0,0.0,0.0,0.0034,25,5,Fringe/Backup
Kristoffer Klaesson,3f70db80,no NOR,GK,Leeds United,LEEDSUNITED,20.0,2000,2021,1,0,36,0.4,0,0,0,0,0,0,0,0,0.0,0.0,0.0,0.0,0.0,0.001,26,5,Fringe/Backup
Hélder Costa,f13d02a6,ao ANG,FWMF,Leeds United,LEEDSUNITED,27.0,1994,2021,1,0,22,0.2,0,0,0,0,0,0,0,0,0.0,0.0,0.0,0.0,0.0,0.0005,27,5,Fringe/Backup
Liam McCarron,076bb352,sct SCO,DF,Leeds United,LEEDSUNITED,20.0,2001,2021,1,0,10,0.1,0,0,0,0,0,0,0,0,0.0,0.0,0.0,0.0,0.0,0.0002,28,5,Fringe/Backup
Stuart McKinstry,1000a059,sct SCO,MF,Leeds United,LEEDSUNITED,18.0,2002,2021,1,0,4,0.0,0,0,0,0,0,0,0,0,0.0,0.0,0.0,0.0,0.0,0.0,29,5,Fringe/Backup
James Maddison,ee38d9c5,eng ENG,MFFW,Leicester City,LEICESTERCITY,24.0,1996,2021,35,28,2459,27.3,12,8,20,12,0,0,3,0,0.44,0.29,0.73,0.44,0.73,0.0893,1,1,Talisman
Kasper Schmeichel,53af52f3,dk DEN,GK,Leicester City,LEICESTERCITY,34.0,1986,2021,37,37,3330,37.0,0,0,0,0,0,0,2,0,0.0,0.0,0.0,0.0,0.0,0.0887,2,1,Talisman
Youri Tielemans,56f7a928,be BEL,MF,Leicester City,LEICESTERCITY,24.0,1997,2021,32,29,2631,29.2,6,4,10,4,2,2,3,0,0.21,0.14,0.34,0.14,0.27,0.0794,3,1,Talisman
Harvey Barnes,3ea50f67,eng ENG,MFFW,Leicester City,LEICESTERCITY,23.0,1997,2021,32,24,2101,23.3,6,10,16,6,0,0,2,0,0.26,0.43,0.69,0.26,0.69,0.0751,4,1,Talisman
Jamie Vardy,45963054,eng ENG,FW,Leicester City,LEICESTERCITY,34.0,1987,2021,25,20,1806,20.1,15,2,17,15,0,0,2,0,0.75,0.1,0.85,0.75,0.85,0.0687,5,1,Talisman
Çağlar Söyüncü,21166ff4,tr TUR,DF,Leicester City,LEICESTERCITY,25.0,1996,2021,28,28,2497,27.7,1,0,1,1,0,0,5,0,0.04,0.0,0.04,0.04,0.04,0.0677,6,2,Key Player
Kiernan Dewsbury-Hall,5c74c0f5,eng ENG,MF,Leicester City,LEICESTERCITY,22.0,1998,2021,28,23,2105,23.4,1,2,3,1,0,0,4,0,0.04,0.09,0.13,0.04,0.13,0.0597,7,2,Key Player
Timothy Castagne,197640fd,be BEL,DFMF,Leicester City,LEICESTERCITY,25.0,1995,2021,27,22,2127,23.6,1,0,1,1,0,0,1,0,0.04,0.0,0.04,0.04,0.04,0.0577,8,2,Key Player
Daniel Amartey,1a4ef233,gh GHA,DF,Leicester City,LEICESTERCITY,26.0,1994,2021,28,23,2123,23.6,0,0,0,0,0,0,4,0,0.0,0.0,0.0,0.0,0.0,0.0566,9,2,Key Player
Luke Thomas,fc027d02,eng ENG,DFMF,Leicester City,LEICESTERCITY,20.0,2001,2021,22,21,1912,21.2,0,1,1,0,0,0,2,0,0.0,0.05,0.05,0.0,0.05,0.0521,10,2,Key Player
Ademola Lookman,7c104bb7,ng NGA,MFFW,Leicester City,LEICESTERCITY,23.0,1997,2021,26,16,1453,16.1,6,0,6,6,0,0,2,0,0.37,0.0,0.37,0.37,0.37,0.0457,11,2,Key Player
Kelechi Iheanacho,c92e1a31,ng NGA,FW,Leicester City,LEICESTERCITY,24.0,1996,2021,26,13,1264,14.0,4,5,9,4,0,0,1,0,0.28,0.36,0.64,0.28,0.64,0.0443,12,3,Regular Starter
Wilfred Ndidi,6b47c5db,ng NGA,MFDF,Leicester City,LEICESTERCITY,24.0,1996,2021,19,18,1618,18.0,0,0,0,0,0,0,4,0,0.0,0.0,0.0,0.0,0.0,0.0431,13,3,Regular Starter
Patson Daka,ca45605e,zm ZAM,FW,Leicester City,LEICESTERCITY,22.0,1998,2021,23,13,1159,12.9,5,3,8,5,0,0,2,0,0.39,0.23,0.62,0.39,0.62,0.0405,14,3,Regular Starter
Jonny Evans,f8fcd2a5,nir NIR,DF,Leicester City,LEICESTERCITY,33.0,1988,2021,18,16,1348,15.0,1,1,2,1,0,0,3,0,0.07,0.07,0.13,0.07,0.13,0.0383,15,3,Regular Starter
Marc Albrighton,b827d5b3,eng ENG,MFFW,Leicester City,LEICESTERCITY,31.0,1989,2021,17,11,1132,12.6,1,2,3,1,0,0,3,0,0.08,0.16,0.24,0.08,0.24,0.0338,16,3,Regular Starter
Ricardo Pereira,75a72a99,pt POR,DFMF,Leicester City,LEICESTERCITY,27.0,1993,2021,14,13,991,11.0,1,3,4,1,0,0,3,0,0.09,0.27,0.36,0.09,0.36,0.0311,17,4,Squad Rotation
Boubakary Soumaré,ae59b359,fr FRA,MF,Leicester City,LEICESTERCITY,22.0,1999,2021,19,12,1102,12.2,0,1,1,0,0,0,0,0,0.0,0.08,0.08,0.0,0.08,0.0304,18,4,Squad Rotation
Nampalys Mendy,1598599e,sn SEN,MF,Leicester City,LEICESTERCITY,29.0,1992,2021,14,12,1032,11.5,0,0,0,0,0,0,3,0,0.0,0.0,0.0,0.0,0.0,0.0276,19,4,Squad Rotation
James Justin,fb614c44,eng ENG,DF,Leicester City,LEICESTERCITY,23.0,1998,2021,13,11,998,11.1,0,0,0,0,0,0,0,0,0.0,0.0,0.0,0.0,0.0,0.0266,20,4,Squad Rotation
Ayoze Pérez,819aa8e7,es ESP,MF,Leicester City,LEICESTERCITY,28.0,1993,2021,14,6,445,4.9,2,3,5,2,0,0,0,1,0.4,0.61,1.01,0.4,1.01,0.0177,21,4,Squad Rotation
Wesley Fofana,132a82f1,fr FRA,DF,Leicester City,LEICESTERCITY,20.0,2000,2021,7,7,630,7.0,0,0,0,0,0,0,2,0,0.0,0.0,0.0,0.0,0.0,0.0168,22,4,Squad Rotation
Jannik Vestergaard,1900032e,dk DEN,DF,Leicester City,LEICESTERCITY,28.0,1992,2021,10,6,567,6.3,0,0,0,0,0,0,2,0,0.0,0.0,0.0,0.0,0.0,0.0151,23,5,Fringe/Backup
Ryan Bertrand,01226327,eng ENG,DF,Leicester City,LEICESTERCITY,31.0,1989,2021,4,4,337,3.7,0,0,0,0,0,0,1,0,0.0,0.0,0.0,0.0,0.0,0.0089,24,5,Fringe/Backup
Hamza Choudhury,7d2d3329,bd BAN,MFDF,Leicester City,LEICESTERCITY,23.0,1997,2021,6,4,285,3.2,0,0,0,0,0,0,1,0,0.0,0.0,0.0,0.0,0.0,0.0077,25,5,Fringe/Backup
Danny Ward,d3ce0e89,wls WAL,GK,Leicester City,LEICESTERCITY,28.0,1993,2021,1,1,90,1.0,0,0,0,0,0,0,0,0,0.0,0.0,0.0,0.0,0.0,0.0024,26,5,Fringe/Backup
Lewis Brunt,a2081c6b,eng ENG,DFMF,Leicester City,LEICESTERCITY,20.0,2000,2021,1,0,24,0.3,0,0,0,0,0,0,0,0,0.0,0.0,0.0,0.0,0.0,0.0007,27,5,Fringe/Backup
Kasey McAteer,b2c66859,ie IRL,MF,Leicester City,LEICESTERCITY,19.0,2001,2021,1,0,3,0.0,0,0,0,0,0,0,0,0,0.0,0.0,0.0,0.0,0.0,0.0,28,5,Fringe/Backup
Mohamed Salah,e342ad68,eg EGY,FW,Liverpool,LIVERPOOL,29.0,1992,2021,35,30,2762,30.7,23,13,36,18,5,6,1,0,0.75,0.42,1.17,0.59,1.01,0.1106,1,1,Talisman
Sadio Mané,c691bfe2,sn SEN,FW,Liverpool,LIVERPOOL,29.0,1992,2021,34,32,2819,31.3,16,2,18,16,0,0,5,0,0.51,0.06,0.57,0.51,0.57,0.0963,2,1,Talisman
Trent Alexander-Arnold,cd1acf9d,eng ENG,DF,Liverpool,LIVERPOOL,22.0,1998,2021,32,32,2853,31.7,2,12,14,2,0,0,2,0,0.06,0.38,0.44,0.06,0.44,0.0926,3,1,Talisman
Alisson,7a2e46a8,br BRA,GK,Liverpool,LIVERPOOL,28.0,1992,2021,36,36,3240,36.0,0,1,1,0,0,0,0,0,0.0,0.03,0.03,0.0,0.03,0.0875,4,1,Talisman
Virgil van Dijk,e06683ca,nl NED,DF,Liverpool,LIVERPOOL,30.0,1991,2021,34,34,3060,34.0,3,1,4,3,0,0,3,0,0.09,0.03,0.12,0.09,0.12,0.0863,5,1,Talisman
Diogo Jota,178ae8f8,pt POR,FW,Liverpool,LIVERPOOL,24.0,1996,2021,35,27,2364,26.3,15,4,19,15,0,0,3,0,0.57,0.15,0.72,0.57,0.72,0.0856,6,2,Key Player
Andy Robertson,2e4f5f03,sct SCO,DF,Liverpool,LIVERPOOL,27.0,1994,2021,29,29,2537,28.2,3,10,13,3,0,0,5,1,0.11,0.35,0.46,0.11,0.46,0.083,7,2,Key Player
Joël Matip,b217ef29,cm CMR,DF,Liverpool,LIVERPOOL,29.0,1991,2021,31,31,2790,31.0,3,3,6,3,0,0,2,0,0.1,0.1,0.19,0.1,0.19,0.0812,8,2,Key Player
Jordan Henderson,935e6b8f,eng ENG,MF,Liverpool,LIVERPOOL,31.0,1990,2021,35,29,2597,28.9,2,5,7,2,0,0,3,0,0.07,0.17,0.24,0.07,0.24,0.0775,9,2,Key Player
Fabinho,7f3b388c,br BRA,MF,Liverpool,LIVERPOOL,27.0,1993,2021,29,26,2314,25.7,5,1,6,3,2,2,7,0,0.19,0.04,0.23,0.12,0.16,0.0664,10,2,Key Player
Thiago Alcántara,77e84962,es ESP,MF,Liverpool,LIVERPOOL,30.0,1991,2021,25,17,1534,17.0,1,4,5,1,0,0,2,0,0.06,0.23,0.29,0.06,0.29,0.0466,11,3,Regular Starter
Roberto Firmino,4c370d81,br BRA,FW,Liverpool,LIVERPOOL,29.0,1991,2021,20,10,990,11.0,5,4,9,5,0,0,3,0,0.45,0.36,0.82,0.45,0.82,0.0371,12,3,Regular Starter
Naby Keïta,f25c8e3a,gn GUI,MF,Liverpool,LIVERPOOL,26.0,1995,2021,23,14,1173,13.0,3,1,4,3,0,0,3,0,0.23,0.08,0.31,0.23,0.31,0.0359,13,3,Regular Starter
Luis Díaz,4a1a9578,co COL,FW,Liverpool,LIVERPOOL,24.0,1997,2021,13,11,958,10.6,4,3,7,4,0,0,0,0,0.38,0.28,0.66,0.38,0.66,0.0337,14,3,Regular Starter
Ibrahima Konaté,5ed9b537,fr FRA,DF,Liverpool,LIVERPOOL,22.0,1999,2021,11,11,990,11.0,0,0,0,0,0,0,2,0,0.0,0.0,0.0,0.0,0.0,0.0263,15,3,Regular Starter
Kostas Tsimikas,f315ca93,gr GRE,DF,Liverpool,LIVERPOOL,25.0,1996,2021,13,9,877,9.7,0,2,2,0,0,0,3,0,0.0,0.21,0.21,0.0,0.21,0.0257,16,3,Regular Starter
Curtis Jones,4fb9c88f,eng ENG,MF,Liverpool,LIVERPOOL,20.0,2001,2021,15,10,851,9.5,1,1,2,1,0,0,0,0,0.11,0.11,0.21,0.11,0.21,0.0251,17,4,Squad Rotation
Alex Oxlade-Chamberlain,38c7feef,eng ENG,MFFW,Liverpool,LIVERPOOL,27.0,1993,2021,17,9,785,8.7,2,1,3,2,0,0,0,0,0.23,0.11,0.34,0.23,0.34,0.0244,18,4,Squad Rotation
James Milner,2f90f6b8,eng ENG,MFDF,Liverpool,LIVERPOOL,35.0,1986,2021,24,9,853,9.5,0,1,1,0,0,0,2,0,0.0,0.11,0.11,0.0,0.11,0.024,19,4,Squad Rotation
Joe Gomez,7a11550b,eng ENG,DF,Liverpool,LIVERPOOL,24.0,1997,2021,8,4,331,3.7,0,1,1,0,0,0,2,0,0.0,0.27,0.27,0.0,0.27,0.0101,20,4,Squad Rotation
Harvey Elliott,b9e1436c,eng ENG,MF,Liverpool,LIVERPOOL,18.0,2003,2021,6,4,346,3.8,0,0,0,0,0,0,0,0,0.0,0.0,0.0,0.0,0.0,0.0091,21,4,Squad Rotation
Takumi Minamino,f833a830,jp JPN,FW,Liverpool,LIVERPOOL,26.0,1995,2021,11,1,186,2.1,3,0,3,3,0,0,1,0,1.45,0.0,1.45,1.45,1.45,0.0087,22,5,Fringe/Backup
Divock Origi,43a166b4,be BEL,FWMF,Liverpool,LIVERPOOL,26.0,1995,2021,7,0,133,1.5,3,0,3,3,0,0,0,0,2.03,0.0,2.03,2.03,2.03,0.0072,23,5,Fringe/Backup
Caoimhín Kelleher,62d7ef38,ie IRL,GK,Liverpool,LIVERPOOL,22.0,1998,2021,2,2,180,2.0,0,0,0,0,0,0,0,0,0.0,0.0,0.0,0.0,0.0,0.0048,24,5,Fringe/Backup
Tyler Morton,2bc28bb9,eng ENG,MF,Liverpool,LIVERPOOL,18.0,2002,2021,2,1,66,0.7,0,0,0,0,0,0,1,0,0.0,0.0,0.0,0.0,0.0,0.0017,25,5,Fringe/Backup
Neco Williams,dd323728,wls WAL,DFMF,Liverpool,LIVERPOOL,20.0,2001,2021,1,0,8,0.1,0,1,1,0,0,0,0,0,0.0,11.25,11.25,0.0,11.25,0.0016,26,5,Fringe/Backup
Kaide Gordon,19a9cb70,eng ENG,FW,Liverpool,LIVERPOOL,16.0,2004,2021,1,0,9,0.1,0,0,0,0,0,0,0,0,0.0,0.0,0.0,0.0,0.0,0.0002,27,5,Fringe/Backup
João Cancelo,bd6351cd,pt POR,DF,Manchester City,MANCHESTERCITY,27.0,1994,2021,36,36,3227,35.9,1,7,8,1,0,0,7,0,0.03,0.2,0.22,0.03,0.22,0.0955,1,1,Talisman
Bernardo Silva,3eb22ec9,pt POR,MFFW,Manchester City,MANCHESTERCITY,26.0,1994,2021,35,33,2857,31.7,8,4,12,8,0,0,6,0,0.25,0.13,0.38,0.25,0.38,0.0904,2,1,Talisman
Ederson Moraes,3bb7b8b4,br BRA,GK,Manchester City,MANCHESTERCITY,27.0,1993,2021,37,37,3330,37.0,0,0,0,0,0,0,3,0,0.0,0.0,0.0,0.0,0.0,0.0886,3,1,Talisman
Rodri,6434f10d,es ESP,MF,Manchester City,MANCHESTERCITY,25.0,1996,2021,33,33,2884,32.0,7,2,9,7,0,0,5,0,0.22,0.06,0.28,0.22,0.28,0.0874,4,1,Talisman
Kevin De Bruyne,e46012d4,be BEL,MF,Manchester City,MANCHESTERCITY,30.0,1991,2021,30,25,2201,24.5,15,8,23,15,0,0,2,0,0.61,0.33,0.94,0.61,0.94,0.0863,5,1,Talisman
Aymeric Laporte,119b9a8e,es ESP,DF,Manchester City,MANCHESTERCITY,27.0,1994,2021,33,33,2828,31.4,4,0,4,4,0,0,5,1,0.13,0.0,0.13,0.13,0.13,0.0801,6,2,Key Player
Raheem Sterling,b400bde0,eng ENG,FWMF,Manchester City,MANCHESTERCITY,26.0,1994,2021,30,23,2128,23.6,13,5,18,11,2,3,1,0,0.55,0.21,0.76,0.47,0.68,0.0758,7,2,Key Player
Phil Foden,ed1e53f3,eng ENG,FW,Manchester City,MANCHESTERCITY,21.0,2000,2021,28,24,2128,23.6,9,5,14,9,0,0,1,0,0.38,0.21,0.59,0.38,0.59,0.0732,8,2,Key Player
Rúben Dias,31c69ef1,pt POR,DF,Manchester City,MANCHESTERCITY,24.0,1997,2021,29,27,2402,26.7,2,4,6,2,0,0,5,0,0.07,0.15,0.22,0.07,0.22,0.071,9,2,Key Player
Gabriel Jesus,b66315ae,br BRA,FW,Manchester City,MANCHESTERCITY,24.0,1997,2021,28,21,1877,20.9,8,8,16,7,1,1,1,0,0.38,0.38,0.77,0.34,0.72,0.0681,10,2,Key Player
İlkay Gündoğan,819b3158,de GER,MF,Manchester City,MANCHESTERCITY,30.0,1990,2021,27,20,1857,20.6,8,4,12,8,0,0,1,0,0.39,0.19,0.58,0.39,0.58,0.0637,11,3,Regular Starter
Jack Grealish,b0b4fd3e,eng ENG,FWMF,Manchester City,MANCHESTERCITY,25.0,1995,2021,26,22,1914,21.3,3,3,6,3,0,0,3,0,0.14,0.14,0.28,0.14,0.28,0.0582,12,3,Regular Starter
Riyad Mahrez,892d5bb1,dz ALG,FW,Manchester City,MANCHESTERCITY,30.0,1991,2021,28,15,1498,16.6,11,5,16,7,4,5,0,0,0.66,0.3,0.96,0.42,0.72,0.0541,13,3,Regular Starter
Kyle Walker,86dd77d1,eng ENG,DF,Manchester City,MANCHESTERCITY,31.0,1990,2021,20,20,1755,19.5,0,2,2,0,0,0,1,0,0.0,0.1,0.1,0.0,0.1,0.0491,14,3,Regular Starter
Oleksandr Zinchenko,51cf8561,ua UKR,DF,Manchester City,MANCHESTERCITY,24.0,1996,2021,15,10,1047,11.6,0,4,4,0,0,0,0,0,0.0,0.34,0.34,0.0,0.34,0.0325,15,3,Regular Starter
John Stones,5eecec3d,eng ENG,DF,Manchester City,MANCHESTERCITY,27.0,1994,2021,14,12,1119,12.4,1,0,1,1,0,0,0,0,0.08,0.0,0.08,0.08,0.08,0.0309,16,4,Squad Rotation
Fernandinho,101da2b5,br BRA,MFDF,Manchester City,MANCHESTERCITY,36.0,1985,2021,19,10,964,10.7,2,1,3,2,0,0,1,0,0.19,0.09,0.28,0.19,0.28,0.0292,17,4,Squad Rotation
Nathan Aké,eaeca114,nl NED,DF,Manchester City,MANCHESTERCITY,26.0,1995,2021,14,10,923,10.3,2,0,2,2,0,0,0,0,0.2,0.0,0.2,0.2,0.2,0.0271,18,4,Squad Rotation
Ferran Torres,9e1035f8,es ESP,FW,Manchester City,MANCHESTERCITY,21.0,2000,2021,4,4,303,3.4,2,1,3,2,0,0,0,0,0.59,0.3,0.89,0.59,0.89,0.0118,19,4,Squad Rotation
Cole Palmer,dc7f8a28,eng ENG,FW,Manchester City,MANCHESTERCITY,19.0,2002,2021,4,1,123,1.4,0,0,0,0,0,0,0,0,0.0,0.0,0.0,0.0,0.0,0.0034,20,4,Squad Rotation
Zack Steffen,42130443,us USA,GK,Manchester City,MANCHESTERCITY,26.0,1995,2021,1,1,90,1.0,0,0,0,0,0,0,0,0,0.0,0.0,0.0,0.0,0.0,0.0024,21,5,Fringe/Backup
Benjamin Mendy,5271c8f1,fr FRA,DF,Manchester City,MANCHESTERCITY,27.0,1994,2021,1,1,78,0.9,0,0,0,0,0,0,0,0,0.0,0.0,0.0,0.0,0.0,0.0022,22,5,Fringe/Backup
James Mcatee,96593e89,eng ENG,MF,Manchester City,MANCHESTERCITY,18.0,2002,2021,2,0,20,0.2,0,0,0,0,0,0,0,0,0.0,0.0,0.0,0.0,0.0,0.0005,23,5,Fringe/Backup
Kayky Chagas,17734ea0,br BRA,MF,Manchester City,MANCHESTERCITY,18.0,2003,2021,1,0,7,0.1,0,0,0,0,0,0,0,0,0.0,0.0,0.0,0.0,0.0,0.0002,24,5,Fringe/Backup
Liam Delap,dd897ee7,eng ENG,FW,Manchester City,MANCHESTERCITY,18.0,2003,2021,1,0,10,0.1,0,0,0,0,0,0,0,0,0.0,0.0,0.0,0.0,0.0,0.0002,25,5,Fringe/Backup
CJ Egan-Riley,d313e8ff,eng ENG,DF,Manchester City,MANCHESTERCITY,18.0,2003,2021,1,0,4,0.0,0,0,0,0,0,0,0,0,0.0,0.0,0.0,0.0,0.0,0.0,26,5,Fringe/Backup
Bruno Fernandes,507c7bdf,pt POR,MF,Manchester Utd,MANCHESTERUNITED,26.0,1994,2021,36,35,3111,34.6,10,6,16,10,0,2,10,0,0.29,0.17,0.46,0.29,0.46,0.102,1,1,Talisman
David de Gea,7ba6d84e,es ESP,GK,Manchester Utd,MANCHESTERUNITED,30.0,1990,2021,38,38,3420,38.0,0,0,0,0,0,0,0,0,0.0,0.0,0.0,0.0,0.0,0.0911,2,1,Talisman
Cristiano Ronaldo,dea698d9,pt POR,FW,Manchester Utd,MANCHESTERUNITED,36.0,1985,2021,30,27,2456,27.3,18,3,21,15,3,3,8,0,0.66,0.11,0.77,0.55,0.66,0.087,3,1,Talisman
Harry Maguire,d8931174,eng ENG,DF,Manchester Utd,MANCHESTERUNITED,28.0,1993,2021,30,28,2515,27.9,1,0,1,1,0,0,9,1,0.04,0.0,0.04,0.04,0.04,0.0682,4,1,Talisman
Scott McTominay,d93c2511,sct SCO,MF,Manchester Utd,MANCHESTERUNITED,24.0,1996,2021,30,28,2387,26.5,1,1,2,1,0,0,9,0,0.04,0.04,0.08,0.04,0.08,0.066,5,1,Talisman
Victor Lindelöf,f5deef4c,se SWE,DF,Manchester Utd,MANCHESTERUNITED,27.0,1994,2021,28,26,2355,26.2,0,2,2,0,0,0,4,0,0.0,0.08,0.08,0.0,0.08,0.0653,6,2,Key Player
Fred,b853e0ad,br BRA,MF,Manchester Utd,MANCHESTERUNITED,28.0,1993,2021,28,24,2028,22.5,4,4,8,4,0,0,5,0,0.18,0.18,0.36,0.18,0.36,0.0636,7,2,Key Player
Jadon Sancho,dbf053da,eng ENG,MFFW,Manchester Utd,MANCHESTERUNITED,21.0,2000,2021,29,20,1900,21.1,3,3,6,3,0,0,0,0,0.14,0.14,0.28,0.14,0.28,0.0576,8,2,Key Player
Raphaël Varane,9f8e9423,fr FRA,DF,Manchester Utd,MANCHESTERUNITED,28.0,1993,2021,22,20,1831,20.3,1,1,2,1,0,0,0,0,0.05,0.05,0.1,0.05,0.1,0.0511,9,2,Key Player
Alex Telles,e73c9bb2,br BRA,DF,Manchester Utd,MANCHESTERUNITED,28.0,1992,2021,21,18,1660,18.4,0,4,4,0,0,0,1,0,0.0,0.22,0.22,0.0,0.22,0.0489,10,2,Key Player
Paul Pogba,867239d3,fr FRA,MF,Manchester Utd,MANCHESTERUNITED,28.0,1993,2021,20,16,1349,15.0,1,9,10,1,0,0,7,1,0.07,0.6,0.67,0.07,0.67,0.048,11,2,Key Player
Diogo Dalot,d9565625,pt POR,DF,Manchester Utd,MANCHESTERUNITED,22.0,1999,2021,24,19,1801,20.0,0,0,0,0,0,0,4,0,0.0,0.0,0.0,0.0,0.0,0.0479,12,3,Regular Starter
Aaron Wan-Bissaka,9e525177,cd COD,DFMF,Manchester Utd,MANCHESTERUNITED,23.0,1997,2021,20,20,1793,19.9,0,0,0,0,0,0,2,0,0.0,0.0,0.0,0.0,0.0,0.0477,13,3,Regular Starter
Luke Shaw,9c94165b,eng ENG,DFMF,Manchester Utd,MANCHESTERUNITED,26.0,1995,2021,20,19,1601,17.8,0,3,3,0,0,0,8,0,0.0,0.17,0.17,0.0,0.17,0.0463,14,3,Regular Starter
Nemanja Matić,eb7822d7,rs SRB,MF,Manchester Utd,MANCHESTERUNITED,32.0,1988,2021,23,16,1382,15.4,0,4,4,0,0,0,3,0,0.0,0.26,0.26,0.0,0.26,0.0417,15,3,Regular Starter
Mason Greenwood,58eee997,eng ENG,MFFW,Manchester Utd,MANCHESTERUNITED,19.0,2001,2021,18,16,1271,14.1,5,1,6,5,0,0,1,0,0.35,0.07,0.42,0.35,0.42,0.0409,16,3,Regular Starter
Marcus Rashford,a1d5bd30,eng ENG,MFFW,Manchester Utd,MANCHESTERUNITED,23.0,1997,2021,25,13,1235,13.7,4,2,6,4,0,0,2,0,0.29,0.15,0.44,0.29,0.44,0.0401,17,3,Regular Starter
Anthony Elanga,2fba6108,se SWE,MF,Manchester Utd,MANCHESTERUNITED,19.0,2002,2021,21,14,1214,13.5,2,2,4,2,0,0,0,0,0.15,0.15,0.3,0.15,0.3,0.0372,18,4,Squad Rotation
Edinson Cavani,527f063d,uy URU,FW,Manchester Utd,MANCHESTERUNITED,34.0,1987,2021,15,7,766,8.5,2,1,3,2,0,0,0,0,0.23,0.12,0.35,0.23,0.35,0.0239,19,4,Squad Rotation
Jesse Lingard,810e3c74,eng ENG,MF,Manchester Utd,MANCHESTERUNITED,28.0,1992,2021,16,2,367,4.1,2,0,2,2,0,0,1,0,0.49,0.0,0.49,0.49,0.49,0.0122,20,4,Squad Rotation
Anthony Martial,8b788c01,fr FRA,MFFW,Manchester Utd,MANCHESTERUNITED,25.0,1995,2021,8,2,212,2.4,1,0,1,1,0,0,0,0,0.42,0.0,0.42,0.42,0.42,0.007,21,4,Squad Rotation
Juan Mata,29733c72,es ESP,MF,Manchester Utd,MANCHESTERUNITED,33.0,1988,2021,7,2,235,2.6,0,0,0,0,0,0,0,0,0.0,0.0,0.0,0.0,0.0,0.0062,22,4,Squad Rotation
Eric Bailly,a1232f4e,ci CIV,DF,Manchester Utd,MANCHESTERUNITED,27.0,1994,2021,4,3,217,2.4,0,0,0,0,0,0,1,0,0.0,0.0,0.0,0.0,0.0,0.0058,23,4,Squad Rotation
Phil Jones,def899bd,eng ENG,DF,Manchester Utd,MANCHESTERUNITED,29.0,1992,2021,4,2,163,1.8,0,0,0,0,0,0,0,0,0.0,0.0,0.0,0.0,0.0,0.0043,24,5,Fringe/Backup
Daniel James,c931d9f9,wls WAL,MF,Manchester Utd,MANCHESTERUNITED,23.0,1997,2021,2,2,126,1.4,0,0,0,0,0,0,0,0,0.0,0.0,0.0,0.0,0.0,0.0034,25,5,Fringe/Backup
Donny van de Beek,50dc94ce,nl NED,MF,Manchester Utd,MANCHESTERUNITED,24.0,1997,2021,8,0,75,0.8,1,0,1,1,0,0,0,0,1.2,0.0,1.2,1.2,1.2,0.0031,26,5,Fringe/Backup
Hannibal Mejbri,ca22ccb0,tn TUN,MF,Manchester Utd,MANCHESTERUNITED,18.0,2003,2021,2,1,68,0.8,0,0,0,0,0,0,2,0,0.0,0.0,0.0,0.0,0.0,0.0019,27,5,Fringe/Backup
Shola Shoretire,00f0482f,eng ENG,FWMF,Manchester Utd,MANCHESTERUNITED,17.0,2004,2021,1,0,16,0.2,0,0,0,0,0,0,0,0,0.0,0.0,0.0,0.0,0.0,0.0005,28,5,Fringe/Backup
Alejandro Garnacho,7aa8adfe,ar ARG,MF,Manchester Utd,MANCHESTERUNITED,17.0,2004,2021,2,0,13,0.1,0,0,0,0,0,0,0,0,0.0,0.0,0.0,0.0,0.0,0.0002,29,5,Fringe/Backup
Allan Saint-Maximin,2b16cb1a,fr FRA,FWMF,Newcastle,NEWCASTLEUNITED,24.0,1997,2021,35,31,2804,31.2,5,5,10,5,0,0,6,0,0.16,0.16,0.32,0.16,0.32,0.0867,1,1,Talisman
Joelinton,c17bfb65,br BRA,MFFW,Newcastle,NEWCASTLEUNITED,24.0,1996,2021,35,30,2558,28.4,4,1,5,4,0,0,8,0,0.14,0.04,0.18,0.14,0.18,0.0742,2,1,Talisman
Fabian Schär,c8aa95da,ch SUI,DF,Newcastle,NEWCASTLEUNITED,29.0,1991,2021,25,25,2158,24.0,2,2,4,2,0,0,4,0,0.08,0.08,0.17,0.08,0.17,0.0624,3,1,Talisman
Martin Dúbravka,3a949a25,sk SVK,GK,Newcastle,NEWCASTLEUNITED,32.0,1989,2021,26,26,2340,26.0,0,0,0,0,0,0,1,0,0.0,0.0,0.0,0.0,0.0,0.0623,4,1,Talisman
Joe Willock,a3b03921,eng ENG,MF,Newcastle,NEWCASTLEUNITED,21.0,1999,2021,29,24,2038,22.6,2,0,2,2,0,0,0,0,0.09,0.0,0.09,0.09,0.09,0.0566,5,1,Talisman
Jonjo Shelvey,3727dd3c,eng ENG,MF,Newcastle,NEWCASTLEUNITED,29.0,1992,2021,24,22,1983,22.0,2,1,3,2,0,0,7,1,0.09,0.05,0.14,0.09,0.14,0.0564,6,2,Key Player
Jamaal Lascelles,450ab6fc,eng ENG,DF,Newcastle,NEWCASTLEUNITED,27.0,1993,2021,26,22,2058,22.9,1,0,1,1,0,0,5,0,0.04,0.0,0.04,0.04,0.04,0.056,7,2,Key Player
Miguel Almirón,862a1c15,py PAR,MFFW,Newcastle,NEWCASTLEUNITED,27.0,1994,2021,30,19,1716,19.1,1,0,1,1,0,0,2,0,0.05,0.0,0.05,0.05,0.05,0.0469,8,2,Key Player
Ryan Fraser,d56543a0,sct SCO,FWMF,Newcastle,NEWCASTLEUNITED,27.0,1994,2021,27,18,1465,16.3,2,3,5,2,0,0,3,0,0.12,0.18,0.31,0.12,0.31,0.0451,9,2,Key Player
Emil Krafth,77cf6852,se SWE,DF,Newcastle,NEWCASTLEUNITED,26.0,1994,2021,20,18,1634,18.2,0,1,1,0,0,0,5,0,0.0,0.06,0.06,0.0,0.06,0.0449,10,2,Key Player
Callum Wilson,c596fcb0,eng ENG,FW,Newcastle,NEWCASTLEUNITED,29.0,1992,2021,18,16,1386,15.4,8,0,8,6,2,2,4,0,0.52,0.0,0.52,0.39,0.39,0.0441,11,2,Key Player
Jacob Murphy,de112b84,eng ENG,FWMF,Newcastle,NEWCASTLEUNITED,26.0,1995,2021,33,13,1473,16.4,1,2,3,1,0,0,4,0,0.06,0.12,0.18,0.06,0.18,0.0428,12,3,Regular Starter
Sean Longstaff,a2b105e0,eng ENG,MF,Newcastle,NEWCASTLEUNITED,23.0,1997,2021,24,15,1464,16.3,1,1,2,1,0,0,1,0,0.06,0.06,0.12,0.06,0.12,0.0414,13,3,Regular Starter
Dan Burn,b2d31e83,eng ENG,DF,Newcastle,NEWCASTLEUNITED,29.0,1992,2021,16,16,1440,16.0,0,1,1,0,0,0,4,0,0.0,0.06,0.06,0.0,0.06,0.0395,14,3,Regular Starter
Matt Targett,e514ab62,eng ENG,DF,Newcastle,NEWCASTLEUNITED,25.0,1995,2021,16,16,1440,16.0,0,0,0,0,0,0,1,0,0.0,0.0,0.0,0.0,0.0,0.0384,15,3,Regular Starter
Matt Ritchie,71ef519e,sct SCO,DFMF,Newcastle,NEWCASTLEUNITED,31.0,1989,2021,18,14,1337,14.9,0,2,2,0,0,0,5,0,0.0,0.13,0.13,0.0,0.13,0.038,16,3,Regular Starter
Javier Manquillo,758dd7f0,es ESP,DF,Newcastle,NEWCASTLEUNITED,27.0,1994,2021,19,15,1257,14.0,1,2,3,1,0,0,5,0,0.07,0.14,0.21,0.07,0.21,0.0371,17,3,Regular Starter
Chris Wood,4e9a0555,nz NZL,FW,Newcastle,NEWCASTLEUNITED,29.0,1991,2021,17,15,1327,14.7,2,0,2,1,1,1,0,0,0.14,0.0,0.14,0.07,0.07,0.0365,18,4,Squad Rotation
Bruno Guimarães,82518f62,br BRA,MF,Newcastle,NEWCASTLEUNITED,23.0,1997,2021,17,11,1034,11.5,5,1,6,5,0,0,4,0,0.44,0.09,0.52,0.44,0.52,0.0347,19,4,Squad Rotation
Ciaran Clark,2b91cf8e,ie IRL,DF,Newcastle,NEWCASTLEUNITED,31.0,1989,2021,13,12,1014,11.3,0,1,1,0,0,0,2,1,0.0,0.09,0.09,0.0,0.09,0.0283,20,4,Squad Rotation
Isaac Hayden,c951a6df,jm JAM,MFDF,Newcastle,NEWCASTLEUNITED,26.0,1995,2021,14,12,1002,11.1,1,0,1,1,0,0,5,0,0.09,0.0,0.09,0.09,0.09,0.0278,21,4,Squad Rotation
Karl Darlow,cde3309f,wls WAL,GK,Newcastle,NEWCASTLEUNITED,30.0,1990,2021,8,8,720,8.0,0,0,0,0,0,0,1,0,0.0,0.0,0.0,0.0,0.0,0.0192,22,4,Squad Rotation
Federico Fernández,f25b010f,ar ARG,DF,Newcastle,NEWCASTLEUNITED,32.0,1989,2021,7,5,523,5.8,0,0,0,0,0,0,0,0,0.0,0.0,0.0,0.0,0.0,0.0139,23,4,Squad Rotation
Kieran Trippier,21512407,eng ENG,DF,Newcastle,NEWCASTLEUNITED,30.0,1990,2021,6,5,429,4.8,2,0,2,2,0,0,0,0,0.42,0.0,0.42,0.42,0.42,0.0139,24,5,Fringe/Backup
Freddie Woodman,19e50035,eng ENG,GK,Newcastle,NEWCASTLEUNITED,24.0,1997,2021,4,4,360,4.0,0,0,0,0,0,0,0,0,0.0,0.0,0.0,0.0,0.0,0.0096,25,5,Fringe/Backup
Jamal Lewis,efb9215a,nir NIR,DF,Newcastle,NEWCASTLEUNITED,23.0,1998,2021,5,4,262,2.9,0,0,0,0,0,0,1,0,0.0,0.0,0.0,0.0,0.0,0.007,26,5,Fringe/Backup
Paul Dummett,3fe6bd8c,wls WAL,DF,Newcastle,NEWCASTLEUNITED,29.0,1991,2021,3,2,198,2.2,0,0,0,0,0,0,2,0,0.0,0.0,0.0,0.0,0.0,0.0053,27,5,Fringe/Backup
Jeff Hendrick,989d5705,ie IRL,MF,Newcastle,NEWCASTLEUNITED,29.0,1992,2021,3,0,72,0.8,1,0,1,1,0,0,0,0,1.25,0.0,1.25,1.25,1.25,0.0031,28,5,Fringe/Backup
Dwight Gayle,e58a03c6,eng ENG,FW,Newcastle,NEWCASTLEUNITED,30.0,1990,2021,8,0,38,0.4,0,0,0,0,0,0,1,0,0.0,0.0,0.0,0.0,0.0,0.001,29,5,Fringe/Backup
Teemu Pukki,0745b37d,fi FIN,FW,Norwich City,NORWICHCITY,31.0,1990,2021,37,37,3253,36.1,11,3,14,8,3,3,4,0,0.3,0.08,0.39,0.22,0.3,0.0994,1,1,Talisman
Max Aarons,774cf58b,eng ENG,DF,Norwich City,NORWICHCITY,21.0,2000,2021,34,32,2881,32.0,0,2,2,0,0,0,8,0,0.0,0.06,0.06,0.0,0.06,0.0789,2,1,Talisman
Grant Hanley,e9254eec,sct SCO,DF,Norwich City,NORWICHCITY,29.0,1991,2021,33,33,2897,32.2,1,0,1,1,0,0,2,0,0.03,0.0,0.03,0.03,0.03,0.0783,3,1,Talisman
Kenny McLean,471f16b3,sct SCO,MF,Norwich City,NORWICHCITY,29.0,1992,2021,31,29,2706,30.1,1,0,1,1,0,0,3,0,0.03,0.0,0.03,0.03,0.03,0.0732,4,1,Talisman
Tim Krul,f23f9d20,nl NED,GK,Norwich City,NORWICHCITY,33.0,1988,2021,29,29,2610,29.0,0,0,0,0,0,0,1,0,0.0,0.0,0.0,0.0,0.0,0.0694,5,1,Talisman
Ben Gibson,bcfb0142,eng ENG,DF,Norwich City,NORWICHCITY,28.0,1993,2021,28,28,2494,27.7,0,0,0,0,0,0,5,1,0.0,0.0,0.0,0.0,0.0,0.0663,6,2,Key Player
Milot Rashica,6c6a3300,xk KVX,MFFW,Norwich City,NORWICHCITY,25.0,1996,2021,31,25,2229,24.8,1,2,3,1,0,0,0,0,0.04,0.08,0.12,0.04,0.12,0.063,7,2,Key Player
Pierre Lees-Melou,f5044e54,fr FRA,MF,Norwich City,NORWICHCITY,28.0,1993,2021,33,27,2265,25.2,1,0,1,1,0,0,5,0,0.04,0.0,0.04,0.04,0.04,0.0616,8,2,Key Player
Brandon Williams,5e74d6c8,eng ENG,DF,Norwich City,NORWICHCITY,20.0,2000,2021,26,23,2120,23.6,0,1,1,0,0,0,8,0,0.0,0.04,0.04,0.0,0.04,0.0576,9,2,Key Player
Billy Gilmour,df10e27c,sct SCO,MF,Norwich City,NORWICHCITY,20.0,2001,2021,24,21,1855,20.6,0,1,1,0,0,0,2,0,0.0,0.05,0.05,0.0,0.05,0.0506,10,2,Key Player
Mathias Normann,8996350d,no NOR,MF,Norwich City,NORWICHCITY,25.0,1996,2021,23,20,1645,18.3,1,2,3,1,0,0,6,0,0.05,0.11,0.16,0.05,0.16,0.0473,11,2,Key Player
Josh Sargent,a8d4428b,us USA,FWMF,Norwich City,NORWICHCITY,21.0,2000,2021,26,18,1572,17.5,2,1,3,2,0,0,1,0,0.11,0.06,0.17,0.11,0.17,0.0455,12,3,Regular Starter
Dimitris Giannoulis,112c495e,gr GRE,DFMF,Norwich City,NORWICHCITY,25.0,1995,2021,18,14,1169,13.0,0,1,1,0,0,0,2,0,0.0,0.08,0.08,0.0,0.08,0.0324,13,3,Regular Starter
Sam Byram,1bf811d4,eng ENG,DF,Norwich City,NORWICHCITY,27.0,1993,2021,15,11,1027,11.4,0,0,0,0,0,0,3,0,0.0,0.0,0.0,0.0,0.0,0.0273,14,3,Regular Starter
Kieran Dowell,2f6ec02a,eng ENG,MF,Norwich City,NORWICHCITY,23.0,1997,2021,19,11,912,10.1,1,1,2,1,0,0,0,0,0.1,0.1,0.2,0.1,0.2,0.0266,15,3,Regular Starter
Ozan Kabak,2d61d13a,tr TUR,DF,Norwich City,NORWICHCITY,21.0,2000,2021,11,11,922,10.2,0,0,0,0,0,0,2,0,0.0,0.0,0.0,0.0,0.0,0.0244,16,3,Regular Starter
Angus Gunn,e082af5b,sct SCO,GK,Norwich City,NORWICHCITY,25.0,1996,2021,9,9,810,9.0,0,0,0,0,0,0,0,0,0.0,0.0,0.0,0.0,0.0,0.0216,17,4,Squad Rotation
Lukas Rupp,3faa1780,de GER,MF,Norwich City,NORWICHCITY,30.0,1991,2021,19,7,769,8.5,0,0,0,0,0,0,0,0,0.0,0.0,0.0,0.0,0.0,0.0204,18,4,Squad Rotation
Adam Idah,291e3ec3,ie IRL,FWMF,Norwich City,NORWICHCITY,20.0,2001,2021,17,6,625,6.9,1,1,2,1,0,0,0,0,0.14,0.14,0.29,0.14,0.29,0.0189,19,4,Squad Rotation
Jakob Sørensen,953c30b0,dk DEN,MFDF,Norwich City,NORWICHCITY,23.0,1998,2021,10,6,604,6.7,0,0,0,0,0,0,0,0,0.0,0.0,0.0,0.0,0.0,0.016,20,4,Squad Rotation
Przemysław Płacheta,3c33f9d9,pl POL,MFFW,Norwich City,NORWICHCITY,23.0,1998,2021,12,6,504,5.6,0,0,0,0,0,0,1,0,0.0,0.0,0.0,0.0,0.0,0.0134,21,4,Squad Rotation
Todd Cantwell,f63d8a4b,eng ENG,FWMF,Norwich City,NORWICHCITY,23.0,1998,2021,8,5,441,4.9,0,0,0,0,0,0,2,0,0.0,0.0,0.0,0.0,0.0,0.0117,22,4,Squad Rotation
Andrew Omobamidele,c393a6c4,ie IRL,DF,Norwich City,NORWICHCITY,19.0,2002,2021,5,4,382,4.2,1,0,1,1,0,0,1,0,0.24,0.0,0.24,0.24,0.24,0.0113,23,5,Fringe/Backup
Christos Tzolis,9f333379,gr GRE,MFFW,Norwich City,NORWICHCITY,19.0,2002,2021,14,3,336,3.7,0,0,0,0,0,0,0,0,0.0,0.0,0.0,0.0,0.0,0.0089,24,5,Fringe/Backup
Jonathan Rowe,8c12f884,eng ENG,FWMF,Norwich City,NORWICHCITY,18.0,2003,2021,13,0,223,2.5,0,1,1,0,0,0,0,0,0.0,0.4,0.4,0.0,0.4,0.0072,25,5,Fringe/Backup
Christoph Zimmermann,2d5f03bf,de GER,DF,Norwich City,NORWICHCITY,28.0,1993,2021,3,2,157,1.7,0,0,0,0,0,0,0,0,0.0,0.0,0.0,0.0,0.0,0.0041,26,5,Fringe/Backup
Tony Springett,35be8087,ie IRL,MF,Norwich City,NORWICHCITY,18.0,2002,2021,3,1,141,1.6,0,0,0,0,0,0,1,0,0.0,0.0,0.0,0.0,0.0,0.0038,27,5,Fringe/Backup
Bali Mumba,2d760d7b,eng ENG,DFMF,Norwich City,NORWICHCITY,19.0,2001,2021,1,0,45,0.5,0,0,0,0,0,0,0,0,0.0,0.0,0.0,0.0,0.0,0.0012,28,5,Fringe/Backup
James Ward-Prowse,3515d404,eng ENG,MF,Southampton,SOUTHAMPTON,26.0,1994,2021,36,36,3215,35.7,10,5,15,6,4,4,3,1,0.28,0.14,0.42,0.17,0.31,0.0988,1,1,Talisman
Oriol Romeu,4b511457,es ESP,MF,Southampton,SOUTHAMPTON,29.0,1991,2021,36,34,2889,32.1,2,2,4,2,0,0,9,0,0.06,0.06,0.12,0.06,0.12,0.0815,2,1,Talisman
Mohammed Salisu,0b33f6ad,gh GHA,DF,Southampton,SOUTHAMPTON,22.0,1999,2021,34,33,2972,33.0,0,0,0,0,0,0,10,1,0.0,0.0,0.0,0.0,0.0,0.0791,3,1,Talisman
Jan Bednarek,4115ce4e,pl POL,DF,Southampton,SOUTHAMPTON,25.0,1996,2021,31,30,2629,29.2,4,0,4,4,0,0,10,0,0.14,0.0,0.14,0.14,0.14,0.0749,4,1,Talisman
Kyle Walker-Peters,984a5a64,eng ENG,DF,Southampton,SOUTHAMPTON,24.0,1997,2021,32,29,2633,29.3,1,2,3,1,0,0,5,0,0.03,0.07,0.1,0.03,0.1,0.0737,5,1,Talisman
Ché Adams,f2bf1b0f,sct SCO,FW,Southampton,SOUTHAMPTON,25.0,1996,2021,30,23,2039,22.7,7,3,10,7,0,0,0,0,0.31,0.13,0.44,0.31,0.44,0.0664,6,2,Key Player
Mohamed Elyounoussi,68dc0dac,no NOR,MF,Southampton,SOUTHAMPTON,26.0,1994,2021,30,23,2042,22.7,4,2,6,4,0,0,4,0,0.18,0.09,0.26,0.18,0.26,0.0615,7,2,Key Player
Tino Livramento,afed6722,eng ENG,DF,Southampton,SOUTHAMPTON,18.0,2002,2021,28,25,2202,24.5,1,1,2,1,0,0,2,0,0.04,0.04,0.08,0.04,0.08,0.0611,8,2,Key Player
Armando Broja,97220da2,al ALB,FW,Southampton,SOUTHAMPTON,19.0,2001,2021,32,21,1975,21.9,6,0,6,6,0,0,2,0,0.27,0.0,0.27,0.27,0.27,0.0596,9,2,Key Player
Nathan Redmond,ab651565,eng ENG,MFFW,Southampton,SOUTHAMPTON,27.0,1994,2021,27,20,1833,20.4,1,5,6,1,0,0,0,0,0.05,0.25,0.29,0.05,0.29,0.056,10,2,Key Player
Fraser Forster,c3e39f12,eng ENG,GK,Southampton,SOUTHAMPTON,33.0,1988,2021,19,19,1710,19.0,0,0,0,0,0,0,1,0,0.0,0.0,0.0,0.0,0.0,0.0455,11,3,Regular Starter
Romain Perraud,6dfd8f05,fr FRA,DFMF,Southampton,SOUTHAMPTON,23.0,1997,2021,20,18,1623,18.0,0,1,1,0,0,0,3,0,0.0,0.06,0.06,0.0,0.06,0.0444,12,3,Regular Starter
Adam Armstrong,68c720b5,eng ENG,FW,Southampton,SOUTHAMPTON,24.0,1997,2021,23,17,1413,15.7,2,2,4,2,0,0,1,0,0.13,0.13,0.25,0.13,0.25,0.0423,13,3,Regular Starter
Stuart Armstrong,97333cf5,sct SCO,MFFW,Southampton,SOUTHAMPTON,29.0,1992,2021,25,15,1473,16.4,2,0,2,2,0,0,1,0,0.12,0.0,0.12,0.12,0.12,0.0417,14,3,Regular Starter
Alex McCarthy,36c2ca73,eng ENG,GK,Southampton,SOUTHAMPTON,31.0,1989,2021,17,17,1530,17.0,0,0,0,0,0,0,1,0,0.0,0.0,0.0,0.0,0.0,0.0407,15,3,Regular Starter
Ibrahima Diallo,11ff3d56,fr FRA,MF,Southampton,SOUTHAMPTON,22.0,1999,2021,23,10,1023,11.4,0,2,2,0,0,0,1,0,0.0,0.18,0.18,0.0,0.18,0.0298,16,4,Squad Rotation
Lyanco,b5bf1770,br BRA,DF,Southampton,SOUTHAMPTON,24.0,1997,2021,15,9,911,10.1,0,0,0,0,0,0,2,0,0.0,0.0,0.0,0.0,0.0,0.0242,17,4,Squad Rotation
Nathan Tella,f1e94cd6,ng NGA,MFFW,Southampton,SOUTHAMPTON,22.0,1999,2021,14,10,804,8.9,0,1,1,0,0,0,2,0,0.0,0.11,0.11,0.0,0.11,0.0225,18,4,Squad Rotation
Jack Stephens,6adbc307,eng ENG,DF,Southampton,SOUTHAMPTON,27.0,1994,2021,11,9,811,9.0,0,0,0,0,0,0,3,0,0.0,0.0,0.0,0.0,0.0,0.0216,19,4,Squad Rotation
Moussa Djenepo,254147d4,ml MLI,MF,Southampton,SOUTHAMPTON,23.0,1998,2021,12,5,457,5.1,0,0,0,0,0,0,3,0,0.0,0.0,0.0,0.0,0.0,0.0122,20,4,Squad Rotation
Theo Walcott,1ecb65be,eng ENG,MF,Southampton,SOUTHAMPTON,32.0,1989,2021,9,5,379,4.2,0,0,0,0,0,0,0,0,0.0,0.0,0.0,0.0,0.0,0.0101,21,5,Fringe/Backup
Yan Valery,531a4aa8,tn TUN,DF,Southampton,SOUTHAMPTON,22.0,1999,2021,5,3,370,4.1,0,0,0,0,0,0,0,0,0.0,0.0,0.0,0.0,0.0,0.0098,22,5,Fringe/Backup
Shane Long,9f472354,ie IRL,FW,Southampton,SOUTHAMPTON,34.0,1987,2021,13,3,308,3.4,1,0,1,1,0,0,1,0,0.29,0.0,0.29,0.29,0.29,0.0093,23,5,Fringe/Backup
Willy Caballero,a179d516,ar ARG,GK,Southampton,SOUTHAMPTON,39.0,1981,2021,2,2,180,2.0,0,0,0,0,0,0,1,0,0.0,0.0,0.0,0.0,0.0,0.0048,24,5,Fringe/Backup
William Smallbone,5e105217,ie IRL,MFFW,Southampton,SOUTHAMPTON,21.0,2000,2021,4,2,133,1.5,0,0,0,0,0,0,0,0,0.0,0.0,0.0,0.0,0.0,0.0036,25,5,Fringe/Backup
Son Heung-min,92e7e919,kr KOR,MFFW,Tottenham,TOTTENHAMHOTSPUR,29.0,1992,2021,35,35,3006,33.4,23,7,30,23,0,0,2,0,0.69,0.21,0.9,0.69,0.9,0.116,1,1,Talisman
Harry Kane,21a66f6a,eng ENG,FW,Tottenham,TOTTENHAMHOTSPUR,28.0,1993,2021,37,36,3232,35.9,17,9,26,13,4,4,5,0,0.47,0.25,0.72,0.36,0.61,0.1122,2,1,Talisman
Hugo Lloris,8f62b6ee,fr FRA,GK,Tottenham,TOTTENHAMHOTSPUR,34.0,1986,2021,38,38,3420,38.0,0,0,0,0,0,0,2,0,0.0,0.0,0.0,0.0,0.0,0.091,3,1,Talisman
Pierre Højbjerg,8b04d6c1,dk DEN,MF,Tottenham,TOTTENHAMHOTSPUR,25.0,1995,2021,36,36,3196,35.5,2,2,4,2,0,0,3,0,0.06,0.06,0.11,0.06,0.11,0.0897,4,1,Talisman
Eric Dier,ac861941,eng ENG,DF,Tottenham,TOTTENHAMHOTSPUR,27.0,1994,2021,35,35,3071,34.1,0,0,0,0,0,0,1,0,0.0,0.0,0.0,0.0,0.0,0.0817,5,1,Talisman
Ben Davies,44781702,wls WAL,DF,Tottenham,TOTTENHAMHOTSPUR,28.0,1993,2021,29,28,2538,28.2,1,1,2,1,0,0,6,0,0.04,0.04,0.07,0.04,0.07,0.0699,6,2,Key Player
Emerson,df8b52a5,br BRA,MFDF,Tottenham,TOTTENHAMHOTSPUR,22.0,1999,2021,31,26,2286,25.4,1,1,2,1,0,0,5,0,0.04,0.04,0.08,0.04,0.08,0.0633,7,2,Key Player
Lucas Moura,2b622f01,br BRA,MFFW,Tottenham,TOTTENHAMHOTSPUR,28.0,1992,2021,34,19,1775,19.7,2,6,8,2,0,0,4,0,0.1,0.3,0.41,0.1,0.41,0.0569,8,2,Key Player
Sergio Reguilón,3353737a,es ESP,MFDF,Tottenham,TOTTENHAMHOTSPUR,24.0,1996,2021,25,22,1916,21.3,2,3,5,2,0,0,4,0,0.09,0.14,0.23,0.09,0.23,0.0569,9,2,Key Player
Cristian Romero,a3d94a58,ar ARG,DF,Tottenham,TOTTENHAMHOTSPUR,23.0,1998,2021,22,21,1844,20.5,1,0,1,1,0,0,8,0,0.05,0.0,0.05,0.05,0.05,0.0503,10,2,Key Player
Dejan Kulusevski,df3cda47,se SWE,MFFW,Tottenham,TOTTENHAMHOTSPUR,21.0,2000,2021,18,14,1261,14.0,5,8,13,5,0,0,3,0,0.36,0.57,0.93,0.36,0.93,0.0491,11,3,Regular Starter
Davinson Sánchez,da7b447d,co COL,DF,Tottenham,TOTTENHAMHOTSPUR,25.0,1996,2021,23,17,1631,18.1,2,0,2,2,0,0,4,0,0.11,0.0,0.11,0.11,0.11,0.0457,12,3,Regular Starter
Rodrigo Bentancur,3b8674e6,uy URU,MF,Tottenham,TOTTENHAMHOTSPUR,24.0,1997,2021,17,16,1361,15.1,0,4,4,0,0,0,5,0,0.0,0.26,0.26,0.0,0.26,0.0409,13,3,Regular Starter
Oliver Skipp,6250083a,eng ENG,MF,Tottenham,TOTTENHAMHOTSPUR,20.0,2000,2021,18,14,1350,15.0,0,0,0,0,0,0,6,0,0.0,0.0,0.0,0.0,0.0,0.0359,14,3,Regular Starter
Matt Doherty,d557d734,ie IRL,MF,Tottenham,TOTTENHAMHOTSPUR,29.0,1992,2021,15,9,875,9.7,2,4,6,2,0,0,0,0,0.21,0.41,0.62,0.21,0.62,0.0304,15,3,Regular Starter
Ryan Sessegnon,6aa3e78b,eng ENG,MF,Tottenham,TOTTENHAMHOTSPUR,21.0,2000,2021,15,13,1047,11.6,0,2,2,0,0,0,2,0,0.0,0.17,0.17,0.0,0.17,0.0302,16,4,Squad Rotation
Harry Winks,2f7acede,eng ENG,MF,Tottenham,TOTTENHAMHOTSPUR,25.0,1996,2021,19,9,912,10.1,0,1,1,0,0,0,2,0,0.0,0.1,0.1,0.0,0.1,0.0254,17,4,Squad Rotation
Steven Bergwijn,a29b1131,nl NED,MFFW,Tottenham,TOTTENHAMHOTSPUR,23.0,1997,2021,25,4,565,6.3,3,1,4,3,0,0,1,0,0.48,0.16,0.64,0.48,0.64,0.0199,18,4,Squad Rotation
Japhet Tanganga,e9971f2d,eng ENG,DFMF,Tottenham,TOTTENHAMHOTSPUR,22.0,1999,2021,11,10,735,8.2,0,0,0,0,0,0,4,1,0.0,0.0,0.0,0.0,0.0,0.0196,19,4,Squad Rotation
Dele Alli,cea4ee8f,eng ENG,MF,Tottenham,TOTTENHAMHOTSPUR,25.0,1996,2021,10,8,657,7.3,1,0,1,0,1,1,1,0,0.14,0.0,0.14,0.0,0.0,0.0175,20,4,Squad Rotation
Tanguy Ndombele,5cdddffa,fr FRA,MF,Tottenham,TOTTENHAMHOTSPUR,24.0,1996,2021,9,6,484,5.4,1,1,2,1,0,0,1,0,0.19,0.19,0.37,0.19,0.37,0.0153,21,5,Fringe/Backup
Giovani Lo Celso,d7553721,ar ARG,MF,Tottenham,TOTTENHAMHOTSPUR,25.0,1996,2021,9,2,238,2.6,0,0,0,0,0,0,0,0,0.0,0.0,0.0,0.0,0.0,0.0062,22,5,Fringe/Backup
Bryan Gil,7b5ab7f2,es ESP,FWMF,Tottenham,TOTTENHAMHOTSPUR,20.0,2001,2021,9,0,94,1.0,0,0,0,0,0,0,0,0,0.0,0.0,0.0,0.0,0.0,0.0024,23,5,Fringe/Backup
Joe Rodon,8d62d31a,wls WAL,DF,Tottenham,TOTTENHAMHOTSPUR,23.0,1997,2021,3,0,89,1.0,0,0,0,0,0,0,0,0,0.0,0.0,0.0,0.0,0.0,0.0024,24,5,Fringe/Backup
Dane Scarlett,21945a9e,eng ENG,FW,Tottenham,TOTTENHAMHOTSPUR,17.0,2004,2021,1,0,4,0.0,0,0,0,0,0,0,0,0,0.0,0.0,0.0,0.0,0.0,0.0,25,5,Fringe/Backup
Moussa Sissoko,2acd49b9,fr FRA,MF,Watford,WATFORD,31.0,1989,2021,36,36,3220,35.8,2,1,3,2,0,0,5,0,0.06,0.03,0.08,0.06,0.08,0.0891,1,1,Talisman
Emmanuel Dennis,2c44a35d,ng NGA,FWMF,Watford,WATFORD,23.0,1997,2021,33,30,2581,28.7,10,6,16,10,0,0,9,1,0.35,0.21,0.56,0.35,0.56,0.0879,2,1,Talisman
Joshua King,43458538,no NOR,FWMF,Watford,WATFORD,29.0,1992,2021,32,27,2248,25.0,5,3,8,4,1,1,5,0,0.2,0.12,0.32,0.16,0.28,0.0682,3,1,Talisman
Craig Cathcart,89e4b358,nir NIR,DF,Watford,WATFORD,32.0,1989,2021,31,27,2396,26.6,0,1,1,0,0,0,3,0,0.0,0.04,0.04,0.0,0.04,0.065,4,1,Talisman
Ben Foster,d0b3ceb9,eng ENG,GK,Watford,WATFORD,38.0,1983,2021,26,26,2340,26.0,0,1,1,0,0,0,0,0,0.0,0.04,0.04,0.0,0.04,0.0635,5,1,Talisman
Kiko Femenía,e5d01ecf,es ESP,DF,Watford,WATFORD,30.0,1991,2021,27,26,2142,23.8,0,5,5,0,0,0,2,0,0.0,0.21,0.21,0.0,0.21,0.063,6,1,Talisman
Ismaila Sarr,bfdb33aa,sn SEN,MFFW,Watford,WATFORD,23.0,1998,2021,22,21,1861,20.7,5,2,7,5,0,1,2,0,0.24,0.1,0.34,0.24,0.34,0.058,7,2,Key Player
Juraj Kucka,5aaef9ef,sk SVK,MF,Watford,WATFORD,34.0,1987,2021,26,22,1920,21.3,1,1,2,1,0,0,5,1,0.05,0.05,0.09,0.05,0.09,0.0533,8,2,Key Player
João Pedro,e8832875,br BRA,FWMF,Watford,WATFORD,19.0,2001,2021,28,15,1644,18.3,3,1,4,3,0,0,1,0,0.16,0.05,0.22,0.16,0.22,0.0486,9,2,Key Player
Tom Cleverley,6cdd8245,eng ENG,MF,Watford,WATFORD,31.0,1989,2021,28,20,1616,18.0,0,2,2,0,0,0,2,0,0.0,0.11,0.11,0.0,0.11,0.0455,10,2,Key Player
Samir Santos,92b4758e,br BRA,DF,Watford,WATFORD,26.0,1994,2021,19,19,1673,18.6,0,0,0,0,0,0,4,0,0.0,0.0,0.0,0.0,0.0,0.0445,11,2,Key Player
Hassane Kamara,19a12bed,ci CIV,DF,Watford,WATFORD,27.0,1994,2021,19,18,1623,18.0,1,0,1,1,0,0,5,1,0.06,0.0,0.06,0.06,0.06,0.0444,12,2,Key Player
Cucho,71b47ab9,co COL,MFFW,Watford,WATFORD,22.0,1999,2021,25,11,1147,12.7,5,2,7,5,0,0,3,0,0.39,0.16,0.55,0.39,0.55,0.0388,13,3,Regular Starter
Imran Louza,e1df6989,ma MAR,MF,Watford,WATFORD,22.0,1999,2021,20,17,1416,15.7,0,0,0,0,0,0,6,0,0.0,0.0,0.0,0.0,0.0,0.0376,14,3,Regular Starter
William Troost-Ekong,7ed4921e,ng NGA,DF,Watford,WATFORD,27.0,1993,2021,17,15,1390,15.4,0,0,0,0,0,0,3,0,0.0,0.0,0.0,0.0,0.0,0.0369,15,3,Regular Starter
Christian Kabasele,914ab9a1,be BEL,DF,Watford,WATFORD,30.0,1991,2021,16,12,1193,13.3,0,0,0,0,0,0,0,0,0.0,0.0,0.0,0.0,0.0,0.0318,16,3,Regular Starter
Adam Masina,de0f152c,ma MAR,DF,Watford,WATFORD,27.0,1994,2021,15,13,1077,12.0,0,1,1,0,0,0,0,0,0.0,0.08,0.08,0.0,0.08,0.0299,17,3,Regular Starter
Daniel Bachmann,1c0eea98,at AUT,GK,Watford,WATFORD,27.0,1994,2021,12,12,1080,12.0,0,0,0,0,0,0,0,0,0.0,0.0,0.0,0.0,0.0,0.0287,18,3,Regular Starter
Jeremy Ngakia,3631ad41,,DF,Watford,WATFORD,20.0,2000,2021,16,9,903,10.0,0,0,0,0,0,0,0,0,0.0,0.0,0.0,0.0,0.0,0.0239,19,4,Squad Rotation
Ken Sema,1770bd68,se SWE,MFFW,Watford,WATFORD,27.0,1993,2021,18,7,852,9.5,0,0,0,0,0,0,1,0,0.0,0.0,0.0,0.0,0.0,0.0227,20,4,Squad Rotation
Edo Kayembe,f99b71de,cd COD,MF,Watford,WATFORD,23.0,1998,2021,13,9,799,8.9,0,0,0,0,0,0,0,0,0.0,0.0,0.0,0.0,0.0,0.0213,21,4,Squad Rotation
Danny Rose,89d10e53,eng ENG,DF,Watford,WATFORD,31.0,1990,2021,8,7,689,7.7,0,0,0,0,0,0,4,0,0.0,0.0,0.0,0.0,0.0,0.0184,22,4,Squad Rotation
Francisco Sierralta,0f933743,cl CHI,DF,Watford,WATFORD,24.0,1997,2021,5,5,427,4.7,0,0,0,0,0,0,0,0,0.0,0.0,0.0,0.0,0.0,0.0113,23,4,Squad Rotation
Oghenekaro Etebo,b579e83d,ng NGA,MF,Watford,WATFORD,25.0,1995,2021,9,4,401,4.5,0,0,0,0,0,0,3,0,0.0,0.0,0.0,0.0,0.0,0.0108,24,4,Squad Rotation
Ozan Tufan,17d45fb2,tr TUR,MF,Watford,WATFORD,26.0,1995,2021,7,4,334,3.7,0,0,0,0,0,0,0,0,0.0,0.0,0.0,0.0,0.0,0.0089,25,5,Fringe/Backup
Samuel Kalu,b8d22478,ng NGA,FW,Watford,WATFORD,23.0,1997,2021,4,2,222,2.5,0,0,0,0,0,0,0,0,0.0,0.0,0.0,0.0,0.0,0.006,26,5,Fringe/Backup
Dan Gosling,7fec31a0,eng ENG,MF,Watford,WATFORD,31.0,1990,2021,4,2,166,1.8,1,0,1,1,0,0,0,0,0.54,0.0,0.54,0.54,0.54,0.0055,27,5,Fringe/Backup
Nicolas Nkoulou,93cf32a8,cm CMR,DF,Watford,WATFORD,31.0,1990,2021,3,2,168,1.9,0,0,0,0,0,0,0,0,0.0,0.0,0.0,0.0,0.0,0.0045,28,5,Fringe/Backup
Troy Deeney,82e34b69,eng ENG,FW,Watford,WATFORD,33.0,1988,2021,2,0,25,0.3,0,0,0,0,0,0,0,0,0.0,0.0,0.0,0.0,0.0,0.0007,29,5,Fringe/Backup
Ashley Fletcher,eeb6551f,eng ENG,FW,Watford,WATFORD,25.0,1995,2021,3,0,30,0.3,0,0,0,0,0,0,0,0,0.0,0.0,0.0,0.0,0.0,0.0007,30,5,Fringe/Backup
Jarrod Bowen,79c84d1c,eng ENG,MF,West Ham,WESTHAMUNITED,24.0,1996,2021,36,34,2983,33.1,12,10,22,12,0,0,6,0,0.36,0.3,0.66,0.36,0.66,0.1055,1,1,Talisman
Michail Antonio,ac05f970,jm JAM,FW,West Ham,WESTHAMUNITED,31.0,1990,2021,36,34,2971,33.0,10,8,18,10,0,1,8,1,0.3,0.24,0.55,0.3,0.55,0.1008,2,1,Talisman
Declan Rice,1c7012b8,eng ENG,MF,West Ham,WESTHAMUNITED,22.0,1999,2021,36,35,3179,35.3,1,4,5,1,0,0,8,0,0.03,0.11,0.14,0.03,0.14,0.0905,3,1,Talisman
Tomáš Souček,6613c819,cz CZE,MF,West Ham,WESTHAMUNITED,26.0,1995,2021,35,34,3062,34.0,5,1,6,5,0,0,3,0,0.15,0.03,0.18,0.15,0.18,0.0888,4,1,Talisman
Łukasz Fabiański,9328b835,pl POL,GK,West Ham,WESTHAMUNITED,36.0,1985,2021,37,37,3330,37.0,0,0,0,0,0,0,2,0,0.0,0.0,0.0,0.0,0.0,0.0886,5,1,Talisman
Pablo Fornals,82927de4,es ESP,MF,West Ham,WESTHAMUNITED,25.0,1996,2021,36,32,2795,31.1,6,3,9,6,0,0,4,0,0.19,0.1,0.29,0.19,0.29,0.0853,6,2,Key Player
Aaron Cresswell,4f974391,eng ENG,DF,West Ham,WESTHAMUNITED,31.0,1989,2021,31,31,2726,30.3,2,3,5,2,0,0,3,0,0.07,0.1,0.17,0.07,0.17,0.0788,7,2,Key Player
Craig Dawson,3e9e06cb,eng ENG,DF,West Ham,WESTHAMUNITED,31.0,1990,2021,34,30,2754,30.6,2,2,4,2,0,0,5,1,0.07,0.07,0.13,0.07,0.13,0.0781,8,2,Key Player
Saïd Benrahma,5a04fd92,dz ALG,MF,West Ham,WESTHAMUNITED,25.0,1995,2021,32,26,2168,24.1,8,6,14,8,0,0,0,0,0.33,0.25,0.58,0.33,0.58,0.0745,9,2,Key Player
Vladimír Coufal,fdf3cb77,cz CZE,DF,West Ham,WESTHAMUNITED,28.0,1992,2021,28,25,2209,24.5,0,4,4,0,0,0,5,1,0.0,0.16,0.16,0.0,0.16,0.0634,10,2,Key Player
Kurt Zouma,ce4246f5,fr FRA,DF,West Ham,WESTHAMUNITED,26.0,1994,2021,24,24,2078,23.1,1,0,1,1,0,0,1,0,0.04,0.0,0.04,0.04,0.04,0.0564,11,3,Regular Starter
Manuel Lanzini,26f6dca8,ar ARG,MF,West Ham,WESTHAMUNITED,28.0,1993,2021,30,19,1786,19.8,5,3,8,2,3,3,2,0,0.25,0.15,0.4,0.1,0.25,0.0534,12,3,Regular Starter
Ben Johnson,9319781b,eng ENG,DFMF,West Ham,WESTHAMUNITED,21.0,2000,2021,20,16,1397,15.5,1,0,1,1,0,0,1,0,0.06,0.0,0.06,0.06,0.06,0.0382,13,3,Regular Starter
Issa Diop,a712ca2b,ma MAR,DF,West Ham,WESTHAMUNITED,24.0,1997,2021,13,10,963,10.7,0,1,1,0,0,0,0,0,0.0,0.09,0.09,0.0,0.09,0.0268,14,3,Regular Starter
Angelo Ogbonna,74b2cd7e,it ITA,DF,West Ham,WESTHAMUNITED,33.0,1988,2021,11,11,921,10.2,1,0,1,1,0,0,1,0,0.1,0.0,0.1,0.1,0.1,0.0257,15,3,Regular Starter
Arthur Masuaku,57df7a11,cd COD,MFDF,West Ham,WESTHAMUNITED,27.0,1993,2021,13,6,650,7.2,1,1,2,1,0,0,1,0,0.14,0.14,0.28,0.14,0.28,0.0197,16,4,Squad Rotation
Nikola Vlašić,aa8e289e,hr CRO,MF,West Ham,WESTHAMUNITED,23.0,1997,2021,19,6,560,6.2,1,0,1,1,0,0,0,0,0.16,0.0,0.16,0.16,0.16,0.016,17,4,Squad Rotation
Andriy Yarmolenko,849c826a,ua UKR,MF,West Ham,WESTHAMUNITED,31.0,1989,2021,19,1,316,3.5,1,0,1,1,0,0,1,0,0.28,0.0,0.28,0.28,0.28,0.0096,18,4,Squad Rotation
Mark Noble,ff527768,eng ENG,MF,West Ham,WESTHAMUNITED,34.0,1987,2021,11,3,332,3.7,1,0,1,0,1,2,0,0,0.27,0.0,0.27,0.0,0.0,0.0089,19,4,Squad Rotation
Ryan Fredericks,c067631c,eng ENG,DF,West Ham,WESTHAMUNITED,28.0,1992,2021,7,3,307,3.4,0,0,0,0,0,0,1,0,0.0,0.0,0.0,0.0,0.0,0.0081,20,4,Squad Rotation
Alphonse Areola,2f965a72,fr FRA,GK,West Ham,WESTHAMUNITED,28.0,1993,2021,1,1,90,1.0,0,0,0,0,0,0,0,0,0.0,0.0,0.0,0.0,0.0,0.0024,21,5,Fringe/Backup
Harrison Ashby,b391383a,sct SCO,DFMF,West Ham,WESTHAMUNITED,19.0,2001,2021,1,0,7,0.1,0,0,0,0,0,0,0,0,0.0,0.0,0.0,0.0,0.0,0.0002,22,5,Fringe/Backup
Daniel Chesters,240c8ab6,eng ENG,MF,West Ham,WESTHAMUNITED,19.0,2002,2021,1,0,1,0.0,0,0,0,0,0,0,0,0,0.0,0.0,0.0,0.0,0.0,0.0,23,5,Fringe/Backup
Alex Král,e717705a,cz CZE,MF,West Ham,WESTHAMUNITED,23.0,1998,2021,1,0,1,0.0,0,0,0,0,0,0,0,0,0.0,0.0,0.0,0.0,0.0,0.0,24,5,Fringe/Backup
Sonny Perkins,87f12e30,eng ENG,FWMF,West Ham,WESTHAMUNITED,17.0,2004,2021,1,0,4,0.0,0,0,0,0,0,0,0,0,0.0,0.0,0.0,0.0,0.0,0.0,25,5,Fringe/Backup
Conor Coady,2928dca2,eng ENG,DF,Wolves,WOLVERHAMPTONWANDERERS,28.0,1993,2021,38,38,3361,37.3,4,0,4,4,0,0,4,0,0.11,0.0,0.11,0.11,0.11,0.0943,1,1,Talisman
José Sá,903b6e8b,pt POR,GK,Wolves,WOLVERHAMPTONWANDERERS,28.0,1993,2021,37,37,3285,36.5,0,1,1,0,0,0,3,0,0.0,0.03,0.03,0.0,0.03,0.0888,2,1,Talisman
João Moutinho,f5a00fa4,pt POR,MF,Wolves,WOLVERHAMPTONWANDERERS,34.0,1986,2021,35,34,2970,33.0,2,1,3,2,0,0,4,0,0.06,0.03,0.09,0.06,0.09,0.0827,3,1,Talisman
Raúl Jiménez,b561db50,mx MEX,FW,Wolves,WOLVERHAMPTONWANDERERS,30.0,1991,2021,34,30,2631,29.2,6,4,10,5,1,1,9,2,0.21,0.14,0.34,0.17,0.31,0.0808,4,1,Talisman
Rúben Neves,44bfb6c5,pt POR,MF,Wolves,WOLVERHAMPTONWANDERERS,24.0,1997,2021,33,31,2661,29.6,4,2,6,4,0,0,9,0,0.14,0.07,0.2,0.14,0.2,0.078,5,1,Talisman
Romain Saïss,9fbbcf39,ma MAR,DF,Wolves,WOLVERHAMPTONWANDERERS,31.0,1990,2021,31,31,2705,30.1,2,0,2,2,0,0,6,0,0.07,0.0,0.07,0.07,0.07,0.0747,6,2,Key Player
Max Kilman,d0f72bf1,eng ENG,DF,Wolves,WOLVERHAMPTONWANDERERS,24.0,1997,2021,30,30,2687,29.9,1,0,1,1,0,0,3,0,0.03,0.0,0.03,0.03,0.03,0.0727,7,2,Key Player
Nélson Semedo,d04b94db,pt POR,MF,Wolves,WOLVERHAMPTONWANDERERS,27.0,1993,2021,25,25,2131,23.7,0,1,1,0,0,0,1,0,0.0,0.04,0.04,0.0,0.04,0.0579,8,2,Key Player
Leander Dendoncker,5a7301ae,be BEL,MF,Wolves,WOLVERHAMPTONWANDERERS,26.0,1995,2021,30,21,1950,21.7,2,2,4,2,0,0,4,0,0.09,0.09,0.18,0.09,0.18,0.0567,9,2,Key Player
Hwang Hee-chan,169fd162,kr KOR,FWMF,Wolves,WOLVERHAMPTONWANDERERS,25.0,1996,2021,30,20,1816,20.2,5,1,6,5,0,0,2,0,0.25,0.05,0.3,0.25,0.3,0.0557,10,2,Key Player
Rayan Aït-Nouri,9b398aea,dz ALG,MF,Wolves,WOLVERHAMPTONWANDERERS,20.0,2001,2021,23,20,1828,20.3,1,2,3,1,0,0,4,0,0.05,0.1,0.15,0.05,0.15,0.0523,11,3,Regular Starter
Daniel Podence,7fcc71d8,pt POR,FWMF,Wolves,WOLVERHAMPTONWANDERERS,25.0,1995,2021,26,15,1484,16.5,2,3,5,2,0,0,2,0,0.12,0.18,0.3,0.12,0.3,0.0455,12,3,Regular Starter
Francisco Trincão,77e39b04,pt POR,FWMF,Wolves,WOLVERHAMPTONWANDERERS,21.0,1999,2021,28,16,1336,14.8,2,1,3,2,0,0,0,0,0.13,0.07,0.2,0.13,0.2,0.039,13,3,Regular Starter
Fernando Marçal,9ae9eaea,br BRA,MF,Wolves,WOLVERHAMPTONWANDERERS,32.0,1989,2021,18,17,1449,16.1,0,0,0,0,0,0,3,0,0.0,0.0,0.0,0.0,0.0,0.0386,14,3,Regular Starter
Jonny Castro,e28868f3,es ESP,MFDF,Wolves,WOLVERHAMPTONWANDERERS,27.0,1994,2021,13,10,1024,11.4,2,0,2,2,0,0,1,0,0.18,0.0,0.18,0.18,0.18,0.0298,15,3,Regular Starter
Adama Traoré,9a28eba4,es ESP,FWMF,Wolves,WOLVERHAMPTONWANDERERS,25.0,1996,2021,20,10,1067,11.9,1,0,1,1,0,0,0,0,0.08,0.0,0.08,0.08,0.08,0.0297,16,4,Squad Rotation
Willy Boly,a4ac4b8f,ci CIV,DF,Wolves,WOLVERHAMPTONWANDERERS,30.0,1991,2021,10,10,900,10.0,0,0,0,0,0,0,1,0,0.0,0.0,0.0,0.0,0.0,0.024,17,4,Squad Rotation
Fábio Silva,e7aa9d7c,pt POR,FW,Wolves,WOLVERHAMPTONWANDERERS,19.0,2002,2021,22,6,572,6.4,0,0,0,0,0,0,0,0,0.0,0.0,0.0,0.0,0.0,0.0153,18,4,Squad Rotation
Pedro Neto,7ba2eaa9,pt POR,FWMF,Wolves,WOLVERHAMPTONWANDERERS,21.0,2000,2021,13,5,466,5.2,1,1,2,1,0,0,3,0,0.19,0.19,0.39,0.19,0.39,0.0149,19,4,Squad Rotation
Toti Gomes,f0caab96,pt POR,DF,Wolves,WOLVERHAMPTONWANDERERS,22.0,1999,2021,4,4,360,4.0,0,0,0,0,0,0,1,0,0.0,0.0,0.0,0.0,0.0,0.0096,20,4,Squad Rotation
Chiquinho,dc6c2f02,pt POR,MF,Wolves,WOLVERHAMPTONWANDERERS,21.0,2000,2021,8,1,208,2.3,0,3,3,0,0,0,0,0,0.0,1.3,1.3,0.0,1.3,0.0091,21,5,Fringe/Backup
Ki-Jana Hoever,9a71e978,nl NED,MF,Wolves,WOLVERHAMPTONWANDERERS,19.0,2002,2021,8,4,308,3.4,0,0,0,0,0,0,1,0,0.0,0.0,0.0,0.0,0.0,0.0081,22,5,Fringe/Backup
Luke Cundle,cc3b8e78,eng ENG,MF,Wolves,WOLVERHAMPTONWANDERERS,19.0,2002,2021,4,2,180,2.0,0,0,0,0,0,0,0,0,0.0,0.0,0.0,0.0,0.0,0.0048,23,5,Fringe/Backup
John Ruddy,da8b19e2,eng ENG,GK,Wolves,WOLVERHAMPTONWANDERERS,34.0,1986,2021,2,1,135,1.5,0,0,0,0,0,0,0,0,0.0,0.0,0.0,0.0,0.0,0.0036,24,5,Fringe/Backup
Chem Campbell,6f711f67,wls WAL,FWMF,Wolves,WOLVERHAMPTONWANDERERS,18.0,2002,2021,1,0,13,0.1,0,0,0,0,0,0,0,0,0.0,0.0,0.0,0.0,0.0,0.0002,25,5,Fringe/Backup
Morgan Gibbs-White,32f60ed8,eng ENG,FWMF,Wolves,WOLVERHAMPTONWANDERERS,21.0,2000,2021,2,0,9,0.1,0,0,0,0,0,0,1,0,0.0,0.0,0.0,0.0,0.0,0.0002,26,5,Fringe/Backup
Jefferson Lerma,9b5ce51a,co COL,MF,Bournemouth,AFCBOURNEMOUTH,27.0,1994,2022,37,37,3252,36.1,5,0,5,5,0,0,7,0,0.14,0.0,0.14,0.14,0.14,0.0924,1,1,Talisman
Dominic Solanke,e77dc3b2,eng ENG,FW,Bournemouth,AFCBOURNEMOUTH,24.0,1997,2022,33,32,2860,31.8,6,7,13,6,0,0,2,0,0.19,0.22,0.41,0.19,0.41,0.0917,2,1,Talisman
Philip Billing,d328a254,dk DEN,MFFW,Bournemouth,AFCBOURNEMOUTH,26.0,1996,2022,36,34,2764,30.7,7,1,8,7,0,0,5,0,0.23,0.03,0.26,0.23,0.26,0.083,3,1,Talisman
Adam Smith,20b104bc,eng ENG,DF,Bournemouth,AFCBOURNEMOUTH,31.0,1991,2022,37,34,2943,32.7,0,1,1,0,0,0,11,0,0.0,0.03,0.03,0.0,0.03,0.0794,4,1,Talisman
Marcos Senesi,35141f4c,ar ARG,DF,Bournemouth,AFCBOURNEMOUTH,25.0,1997,2022,31,29,2491,27.7,2,0,2,2,0,0,7,0,0.07,0.0,0.07,0.07,0.07,0.0686,5,1,Talisman
Neto,a9dc785c,br BRA,GK,Bournemouth,AFCBOURNEMOUTH,33.0,1989,2022,27,27,2385,26.5,0,0,0,0,0,0,4,0,0.0,0.0,0.0,0.0,0.0,0.0634,6,1,Talisman
Chris Mepham,fed96827,wls WAL,DF,Bournemouth,AFCBOURNEMOUTH,24.0,1997,2022,26,24,2199,24.4,0,0,0,0,0,0,7,0,0.0,0.0,0.0,0.0,0.0,0.0584,7,2,Key Player
Marcus Tavernier,5c0da4a4,eng ENG,MF,Bournemouth,AFCBOURNEMOUTH,23.0,1999,2022,23,19,1743,19.4,5,4,9,5,0,0,1,0,0.26,0.21,0.46,0.26,0.46,0.0571,8,2,Key Player
Lloyd Kelly,f31def1e,eng ENG,DF,Bournemouth,AFCBOURNEMOUTH,23.0,1998,2022,23,23,2040,22.7,0,2,2,0,0,0,3,0,0.0,0.09,0.09,0.0,0.09,0.0568,9,2,Key Player
Ryan Christie,26ce2263,sct SCO,MF,Bournemouth,AFCBOURNEMOUTH,27.0,1995,2022,32,22,1834,20.4,1,1,2,1,0,0,2,0,0.05,0.05,0.1,0.05,0.1,0.0512,10,2,Key Player
Lewis Cook,2afc7272,eng ENG,MF,Bournemouth,AFCBOURNEMOUTH,25.0,1997,2022,28,18,1720,19.1,0,2,2,0,0,0,4,0,0.0,0.1,0.1,0.0,0.1,0.048,11,2,Key Player
Jordan Zemura,e8271ad9,zw ZIM,DFMF,Bournemouth,AFCBOURNEMOUTH,22.0,1999,2022,19,17,1454,16.2,0,1,1,0,0,0,1,0,0.0,0.06,0.06,0.0,0.06,0.0399,12,2,Key Player
Kieffer Moore,01ce9e70,wls WAL,FW,Bournemouth,AFCBOURNEMOUTH,29.0,1992,2022,27,12,1279,14.2,4,0,4,4,0,0,1,0,0.28,0.0,0.28,0.28,0.28,0.0387,13,3,Regular Starter
Jaidon Anthony,e4238fb1,eng ENG,MF,Bournemouth,AFCBOURNEMOUTH,22.0,1999,2022,30,11,1257,14.0,3,1,4,3,0,0,2,0,0.21,0.07,0.29,0.21,0.29,0.0383,14,3,Regular Starter
Dango Ouattara,2f9e4435,bf BFA,MF,Bournemouth,AFCBOURNEMOUTH,20.0,2002,2022,19,15,1241,13.8,1,3,4,1,0,0,1,0,0.07,0.22,0.29,0.07,0.29,0.0378,15,3,Regular Starter
Jack Stephens,6adbc307,eng ENG,DF,Bournemouth,AFCBOURNEMOUTH,28.0,1994,2022,15,13,1173,13.0,0,0,0,0,0,0,3,0,0.0,0.0,0.0,0.0,0.0,0.0311,16,3,Regular Starter
Joe Rothwell,10a10454,eng ENG,MF,Bournemouth,AFCBOURNEMOUTH,27.0,1995,2022,20,12,1016,11.3,0,1,1,0,0,0,1,0,0.0,0.09,0.09,0.0,0.09,0.0282,17,3,Regular Starter
Mark Travers,fe558029,ie IRL,GK,Bournemouth,AFCBOURNEMOUTH,23.0,1999,2022,12,11,1035,11.5,0,0,0,0,0,0,0,0,0.0,0.0,0.0,0.0,0.0,0.0275,18,3,Regular Starter
Matías Viña,08eb3b58,uy URU,DFMF,Bournemouth,AFCBOURNEMOUTH,24.0,1997,2022,12,5,458,5.1,2,0,2,2,0,0,1,0,0.39,0.0,0.39,0.39,0.39,0.0146,19,4,Squad Rotation
Ryan Fredericks,c067631c,eng ENG,DF,Bournemouth,AFCBOURNEMOUTH,29.0,1992,2022,12,5,533,5.9,0,0,0,0,0,0,1,0,0.0,0.0,0.0,0.0,0.0,0.0141,20,4,Squad Rotation
Hamed Junior Traorè,570bb4b9,ci CIV,MF,Bournemouth,AFCBOURNEMOUTH,22.0,2000,2022,7,5,427,4.7,0,0,0,0,0,0,0,0,0.0,0.0,0.0,0.0,0.0,0.0112,21,4,Squad Rotation
Antoine Semenyo,efd2ec23,gh GHA,MFFW,Bournemouth,AFCBOURNEMOUTH,22.0,2000,2022,11,2,258,2.9,1,0,1,1,0,0,0,0,0.35,0.0,0.35,0.35,0.35,0.0082,22,4,Squad Rotation
Jack Stacey,558807c0,eng ENG,DFMF,Bournemouth,AFCBOURNEMOUTH,26.0,1996,2022,10,3,299,3.3,0,0,0,0,0,0,2,0,0.0,0.0,0.0,0.0,0.0,0.0079,23,4,Squad Rotation
Illia Zabarnyi,88968486,ua UKR,DF,Bournemouth,AFCBOURNEMOUTH,19.0,2002,2022,5,3,299,3.3,0,0,0,0,0,0,0,0,0.0,0.0,0.0,0.0,0.0,0.0079,24,4,Squad Rotation
Ben Pearson,a6b461e7,eng ENG,MF,Bournemouth,AFCBOURNEMOUTH,27.0,1995,2022,7,3,286,3.2,0,0,0,0,0,0,1,0,0.0,0.0,0.0,0.0,0.0,0.0077,25,5,Fringe/Backup
David Brooks,dc4cae05,wls WAL,MF,Bournemouth,AFCBOURNEMOUTH,25.0,1997,2022,6,2,173,1.9,0,0,0,0,0,0,1,0,0.0,0.0,0.0,0.0,0.0,0.0045,26,5,Fringe/Backup
Siriki Dembélé,11f54bd5,ci CIV,FWMF,Bournemouth,AFCBOURNEMOUTH,25.0,1996,2022,6,0,110,1.2,0,0,0,0,0,0,0,0,0.0,0.0,0.0,0.0,0.0,0.0029,27,5,Fringe/Backup
Junior Stanislas,6992791d,eng ENG,MF,Bournemouth,AFCBOURNEMOUTH,32.0,1989,2022,4,0,61,0.7,0,0,0,0,0,0,0,0,0.0,0.0,0.0,0.0,0.0,0.0017,28,5,Fringe/Backup
Owen Bevan,87966294,wls WAL,DF,Bournemouth,AFCBOURNEMOUTH,18.0,2003,2022,1,0,9,0.1,0,0,0,0,0,0,0,0,0.0,0.0,0.0,0.0,0.0,0.0002,29,5,Fringe/Backup
Jamal Lowe,b2856bc0,jm JAM,FWMF,Bournemouth,AFCBOURNEMOUTH,28.0,1994,2022,2,0,12,0.1,0,0,0,0,0,0,0,0,0.0,0.0,0.0,0.0,0.0,0.0002,30,5,Fringe/Backup
Emiliano Marcondes,4d960fc3,dk DEN,FWMF,Bournemouth,AFCBOURNEMOUTH,27.0,1995,2022,1,0,9,0.1,0,0,0,0,0,0,0,0,0.0,0.0,0.0,0.0,0.0,0.0002,31,5,Fringe/Backup
Bukayo Saka,bc7dc64d,eng ENG,FWMF,Arsenal,ARSENAL,20.0,2001,2022,38,37,3181,35.3,14,11,25,12,2,3,6,0,0.4,0.31,0.71,0.34,0.65,0.1119,1,1,Talisman
Martin Ødegaard,79300479,no NOR,MF,Arsenal,ARSENAL,23.0,1998,2022,37,37,3127,34.7,15,7,22,15,0,0,4,0,0.43,0.2,0.63,0.43,0.63,0.1092,2,1,Talisman
Gabriel Martinelli,48a5a5d6,br BRA,FWMF,Arsenal,ARSENAL,21.0,2001,2022,36,34,2789,31.0,15,5,20,15,0,0,3,0,0.48,0.16,0.65,0.48,0.65,0.0983,3,1,Talisman
Granit Xhaka,e61b8aee,ch SUI,MF,Arsenal,ARSENAL,29.0,1992,2022,37,36,2993,33.3,7,7,14,7,0,0,4,0,0.21,0.21,0.42,0.21,0.42,0.0964,4,1,Talisman
Gabriel Magalhães,67ac5bb8,br BRA,DF,Arsenal,ARSENAL,24.0,1997,2022,38,38,3409,37.9,3,0,3,3,0,0,5,0,0.08,0.0,0.08,0.08,0.08,0.0943,5,1,Talisman
Aaron Ramsdale,466fb2c5,eng ENG,GK,Arsenal,ARSENAL,24.0,1998,2022,38,38,3420,38.0,0,0,0,0,0,0,1,0,0.0,0.0,0.0,0.0,0.0,0.091,6,2,Key Player
Ben White,35e413f1,eng ENG,DF,Arsenal,ARSENAL,24.0,1997,2022,38,36,3055,33.9,2,5,7,2,0,0,5,0,0.06,0.15,0.21,0.06,0.21,0.0897,7,2,Key Player
Gabriel Jesus,b66315ae,br BRA,FW,Arsenal,ARSENAL,25.0,1997,2022,26,24,2064,22.9,11,6,17,10,1,1,6,0,0.48,0.26,0.74,0.44,0.7,0.074,8,2,Key Player
Thomas Partey,529f49ab,gh GHA,MF,Arsenal,ARSENAL,29.0,1993,2022,33,28,2483,27.6,3,0,3,3,0,0,5,0,0.11,0.0,0.11,0.11,0.11,0.0697,9,2,Key Player
William Saliba,972aeb2a,fr FRA,DF,Arsenal,ARSENAL,21.0,2001,2022,27,27,2415,26.8,2,1,3,2,0,0,4,0,0.07,0.04,0.11,0.07,0.11,0.0677,10,2,Key Player
Oleksandr Zinchenko,51cf8561,ua UKR,DF,Arsenal,ARSENAL,25.0,1996,2022,27,26,2118,23.5,1,2,3,1,0,0,3,0,0.04,0.08,0.13,0.04,0.13,0.0599,11,3,Regular Starter
Leandro Trossard,38ceb24a,be BEL,FW,Arsenal,ARSENAL,27.0,1994,2022,20,10,931,10.3,1,10,11,1,0,0,0,0,0.1,0.97,1.06,0.1,1.06,0.0377,12,3,Regular Starter
Eddie Nketiah,a53649b7,eng ENG,FW,Arsenal,ARSENAL,23.0,1999,2022,30,9,1089,12.1,4,1,5,4,0,0,3,0,0.33,0.08,0.41,0.33,0.41,0.0349,13,3,Regular Starter
Jorginho,45db685d,it ITA,MF,Arsenal,ARSENAL,30.0,1991,2022,14,9,855,9.5,0,1,1,0,0,0,0,0,0.0,0.11,0.11,0.0,0.11,0.024,14,3,Regular Starter
Kieran Tierney,fce2302c,sct SCO,DF,Arsenal,ARSENAL,25.0,1997,2022,27,6,795,8.8,0,1,1,0,0,0,0,0,0.0,0.11,0.11,0.0,0.11,0.0222,15,3,Regular Starter
Takehiro Tomiyasu,b3af9be1,jp JPN,DF,Arsenal,ARSENAL,23.0,1998,2022,21,6,663,7.4,0,1,1,0,0,0,2,0,0.0,0.14,0.14,0.0,0.14,0.019,16,4,Squad Rotation
Fabio Vieira,6412cc03,pt POR,MF,Arsenal,ARSENAL,22.0,2000,2022,22,3,514,5.7,1,2,3,1,0,0,0,0,0.18,0.35,0.53,0.18,0.53,0.0173,17,4,Squad Rotation
Rob Holding,d79a8c87,eng ENG,DF,Arsenal,ARSENAL,26.0,1995,2022,14,6,566,6.3,1,0,1,1,0,0,0,0,0.16,0.0,0.16,0.16,0.16,0.0163,18,4,Squad Rotation
Jakub Kiwior,dc3e663e,pl POL,DF,Arsenal,ARSENAL,22.0,2000,2022,7,5,427,4.7,1,0,1,1,0,0,0,0,0.21,0.0,0.21,0.21,0.21,0.0124,19,4,Squad Rotation
Reiss Nelson,c5bdb6e3,eng ENG,FWMF,Arsenal,ARSENAL,22.0,1999,2022,11,0,212,2.4,3,2,5,3,0,0,0,0,1.27,0.85,2.12,1.27,2.12,0.0118,20,4,Squad Rotation
Emile Smith Rowe,17695062,eng ENG,MF,Arsenal,ARSENAL,22.0,2000,2022,12,0,172,1.9,0,2,2,0,0,0,0,0,0.0,1.05,1.05,0.0,1.05,0.0069,21,5,Fringe/Backup
Albert Sambi Lokonga,1b4f1169,be BEL,MF,Arsenal,ARSENAL,22.0,1999,2022,6,2,198,2.2,0,0,0,0,0,0,0,0,0.0,0.0,0.0,0.0,0.0,0.0053,22,5,Fringe/Backup
Mohamed Elneny,47a34c4f,eg EGY,MF,Arsenal,ARSENAL,30.0,1992,2022,5,1,113,1.3,0,0,0,0,0,0,0,0,0.0,0.0,0.0,0.0,0.0,0.0031,23,5,Fringe/Backup
Cédric Soares,839c14e1,pt POR,DFMF,Arsenal,ARSENAL,30.0,1991,2022,2,0,29,0.3,0,0,0,0,0,0,0,0,0.0,0.0,0.0,0.0,0.0,0.0007,24,5,Fringe/Backup
Marquinhos,59878425,br BRA,MF,Arsenal,ARSENAL,19.0,2003,2022,1,0,1,0.0,0,0,0,0,0,0,0,0,0.0,0.0,0.0,0.0,0.0,0.0,25,5,Fringe/Backup
Ethan Nwaneri,7f94982c,eng ENG,MF,Arsenal,ARSENAL,15.0,2007,2022,1,0,1,0.0,0,0,0,0,0,0,0,0,0.0,0.0,0.0,0.0,0.0,0.0,26,5,Fringe/Backup
Ollie Watkins,aed3a70f,eng ENG,FW,Aston Villa,ASTONVILLA,26.0,1995,2022,37,36,3127,34.7,15,6,21,14,1,2,4,0,0.43,0.17,0.6,0.4,0.58,0.1072,1,1,Talisman
Douglas Luiz,6f7d826d,br BRA,MF,Aston Villa,ASTONVILLA,24.0,1998,2022,37,33,2927,32.5,6,6,12,6,0,0,6,1,0.18,0.18,0.37,0.18,0.37,0.0922,2,1,Talisman
Ezri Konsa,0313a347,eng ENG,DF,Aston Villa,ASTONVILLA,24.0,1997,2022,38,37,3322,36.9,0,0,0,0,0,0,6,0,0.0,0.0,0.0,0.0,0.0,0.0884,3,1,Talisman
Tyrone Mings,8397a50c,eng ENG,DF,Aston Villa,ASTONVILLA,29.0,1993,2022,35,35,3150,35.0,1,2,3,1,0,0,7,0,0.03,0.06,0.09,0.03,0.09,0.0876,4,1,Talisman
Jacob Ramsey,1544f145,eng ENG,MF,Aston Villa,ASTONVILLA,21.0,2001,2022,35,31,2636,29.3,6,7,13,6,0,0,5,0,0.2,0.24,0.44,0.2,0.44,0.0856,5,1,Talisman
Emiliano Martínez,7956236f,ar ARG,GK,Aston Villa,ASTONVILLA,29.0,1992,2022,36,36,3139,34.9,0,0,0,0,0,0,7,0,0.0,0.0,0.0,0.0,0.0,0.0836,6,2,Key Player
John McGinn,90f91999,sct SCO,MF,Aston Villa,ASTONVILLA,27.0,1994,2022,34,30,2693,29.9,1,3,4,1,0,0,7,0,0.03,0.1,0.13,0.03,0.13,0.0763,7,2,Key Player
Emi Buendía,66b76d44,ar ARG,MFFW,Aston Villa,ASTONVILLA,25.0,1996,2022,38,27,2412,26.8,5,2,7,5,0,0,0,0,0.19,0.07,0.26,0.19,0.26,0.0725,8,2,Key Player
Leon Bailey,3a233281,jm JAM,FWMF,Aston Villa,ASTONVILLA,24.0,1997,2022,33,26,1967,21.9,4,4,8,4,0,0,4,0,0.18,0.18,0.37,0.18,0.37,0.0621,9,2,Key Player
Ashley Young,be927d03,eng ENG,DF,Aston Villa,ASTONVILLA,37.0,1985,2022,29,23,2036,22.6,1,0,1,1,0,0,7,0,0.04,0.0,0.04,0.04,0.04,0.0552,10,2,Key Player
Matty Cash,2389cdc2,pl POL,DF,Aston Villa,ASTONVILLA,24.0,1997,2022,26,20,1820,20.2,0,1,1,0,0,0,4,0,0.0,0.05,0.05,0.0,0.05,0.0496,11,3,Regular Starter
Boubacar Kamara,cc77354e,fr FRA,MF,Aston Villa,ASTONVILLA,22.0,1999,2022,24,21,1777,19.7,0,1,1,0,0,0,4,0,0.0,0.05,0.05,0.0,0.05,0.0484,12,3,Regular Starter
Lucas Digne,1b84dbe1,fr FRA,DF,Aston Villa,ASTONVILLA,29.0,1993,2022,28,18,1502,16.7,1,0,1,1,0,0,5,0,0.06,0.0,0.06,0.06,0.06,0.0412,13,3,Regular Starter
Álex Moreno,16e9d0ea,es ESP,DF,Aston Villa,ASTONVILLA,29.0,1993,2022,19,14,1329,14.8,0,3,3,0,0,0,3,0,0.0,0.2,0.2,0.0,0.2,0.039,14,3,Regular Starter
Danny Ings,07802f7f,eng ENG,FW,Aston Villa,ASTONVILLA,30.0,1992,2022,18,8,824,9.2,6,0,6,4,2,2,3,0,0.66,0.0,0.66,0.44,0.44,0.0269,15,3,Regular Starter
Philippe Coutinho,0ef89a37,br BRA,FWMF,Aston Villa,ASTONVILLA,30.0,1992,2022,20,7,788,8.8,1,0,1,1,0,0,3,0,0.11,0.0,0.11,0.11,0.11,0.0222,16,4,Squad Rotation
Leander Dendoncker,5a7301ae,be BEL,MF,Aston Villa,ASTONVILLA,27.0,1995,2022,20,7,697,7.7,0,0,0,0,0,0,0,0,0.0,0.0,0.0,0.0,0.0,0.0184,17,4,Squad Rotation
Calum Chambers,dc6f5bdd,eng ENG,DF,Aston Villa,ASTONVILLA,27.0,1995,2022,14,2,353,3.9,0,0,0,0,0,0,2,0,0.0,0.0,0.0,0.0,0.0,0.0093,18,4,Squad Rotation
Bertrand Traoré,c47541e0,bf BFA,MF,Aston Villa,ASTONVILLA,26.0,1995,2022,8,1,233,2.6,2,0,2,2,0,0,1,0,0.77,0.0,0.77,0.77,0.77,0.0086,19,4,Squad Rotation
Robin Olsen,e7ee38c3,se SWE,GK,Aston Villa,ASTONVILLA,32.0,1990,2022,4,2,281,3.1,0,0,0,0,0,0,0,0,0.0,0.0,0.0,0.0,0.0,0.0074,20,4,Squad Rotation
Diego Carlos,b4a014b1,br BRA,DF,Aston Villa,ASTONVILLA,29.0,1993,2022,3,2,205,2.3,0,0,0,0,0,0,0,0,0.0,0.0,0.0,0.0,0.0,0.0055,21,5,Fringe/Backup
Jáder Durán,414184f7,co COL,FW,Aston Villa,ASTONVILLA,18.0,2003,2022,12,0,136,1.5,0,0,0,0,0,0,1,0,0.0,0.0,0.0,0.0,0.0,0.0036,22,5,Fringe/Backup
Jan Bednarek,4115ce4e,pl POL,DF,Aston Villa,ASTONVILLA,26.0,1996,2022,3,1,100,1.1,0,0,0,0,0,0,0,0,0.0,0.0,0.0,0.0,0.0,0.0026,23,5,Fringe/Backup
Ludwig Augustinsson,9fec8860,se SWE,DF,Aston Villa,ASTONVILLA,28.0,1994,2022,3,1,77,0.9,0,0,0,0,0,0,1,0,0.0,0.0,0.0,0.0,0.0,0.0022,24,5,Fringe/Backup
Cameron Archer,05e8ca6d,eng ENG,FWMF,Aston Villa,ASTONVILLA,21.0,2001,2022,6,0,49,0.5,0,0,0,0,0,0,0,0,0.0,0.0,0.0,0.0,0.0,0.0012,25,5,Fringe/Backup
Morgan Sanson,6e7f1353,fr FRA,MF,Aston Villa,ASTONVILLA,27.0,1994,2022,2,0,11,0.1,0,0,0,0,0,0,0,0,0.0,0.0,0.0,0.0,0.0,0.0002,26,5,Fringe/Backup
Ivan Toney,e09f279b,eng ENG,FW,Brentford,BRENTFORD,26.0,1996,2022,33,33,2951,32.8,20,4,24,14,6,7,9,0,0.61,0.12,0.73,0.43,0.55,0.1001,1,1,Talisman
Bryan Mbeumo,6afaebf2,cm CMR,FW,Brentford,BRENTFORD,22.0,1999,2022,38,36,2906,32.3,9,8,17,8,1,1,5,0,0.28,0.25,0.53,0.25,0.5,0.0966,2,1,Talisman
Ben Mee,8df7a2fb,eng ENG,DF,Brentford,BRENTFORD,32.0,1989,2022,37,37,3269,36.3,3,2,5,3,0,0,2,0,0.08,0.06,0.14,0.08,0.14,0.0929,3,1,Talisman
David Raya,98ea5115,es ESP,GK,Brentford,BRENTFORD,26.0,1995,2022,38,38,3420,38.0,0,0,0,0,0,0,1,0,0.0,0.0,0.0,0.0,0.0,0.0909,4,1,Talisman
Rico Henry,8a3c1dc7,jm JAM,DFMF,Brentford,BRENTFORD,25.0,1997,2022,37,37,3238,36.0,0,2,2,0,0,0,4,0,0.0,0.06,0.06,0.0,0.06,0.0887,5,1,Talisman
Mathias Jensen,0f134faf,dk DEN,MF,Brentford,BRENTFORD,26.0,1996,2022,37,37,2803,31.1,5,6,11,5,0,0,5,0,0.16,0.19,0.35,0.16,0.35,0.0874,6,2,Key Player
Ethan Pinnock,e541326e,jm JAM,DF,Brentford,BRENTFORD,29.0,1993,2022,30,30,2700,30.0,3,0,3,3,0,0,0,0,0.1,0.0,0.1,0.1,0.1,0.0754,7,2,Key Player
Vitaly Janelt,8449d35e,de GER,MF,Brentford,BRENTFORD,24.0,1998,2022,35,24,2208,24.5,3,1,4,3,0,0,3,0,0.12,0.04,0.16,0.12,0.16,0.0633,8,2,Key Player
Yoane Wissa,2500cef9,cd COD,FW,Brentford,BRENTFORD,25.0,1996,2022,38,16,1606,17.8,7,3,10,7,0,0,3,0,0.39,0.17,0.56,0.39,0.56,0.0545,9,2,Key Player
Aaron Hickey,1780bb4a,sct SCO,DF,Brentford,BRENTFORD,20.0,2002,2022,26,23,1916,21.3,0,1,1,0,0,0,7,0,0.0,0.05,0.05,0.0,0.05,0.0522,10,2,Key Player
Christian Nørgaard,df0a4c90,dk DEN,MF,Brentford,BRENTFORD,28.0,1994,2022,22,21,1763,19.6,1,3,4,1,0,0,6,0,0.05,0.15,0.2,0.05,0.2,0.0516,11,3,Regular Starter
Josh Dasilva,60344e4f,eng ENG,MF,Brentford,BRENTFORD,23.0,1998,2022,36,14,1389,15.4,4,2,6,4,0,0,1,0,0.26,0.13,0.39,0.26,0.39,0.044,12,3,Regular Starter
Mathias Jørgensen,0db5d2c8,dk DEN,DF,Brentford,BRENTFORD,32.0,1990,2022,18,11,1103,12.3,0,0,0,0,0,0,2,0,0.0,0.0,0.0,0.0,0.0,0.0294,13,3,Regular Starter
Mads Roerslev,57c94db2,dk DEN,MFDF,Brentford,BRENTFORD,23.0,1999,2022,20,12,1108,12.3,0,0,0,0,0,0,0,0,0.0,0.0,0.0,0.0,0.0,0.0294,14,3,Regular Starter
Mikkel Damsgaard,215f3907,dk DEN,MFFW,Brentford,BRENTFORD,22.0,2000,2022,26,9,988,11.0,0,0,0,0,0,0,4,0,0.0,0.0,0.0,0.0,0.0,0.0263,15,3,Regular Starter
Frank Onyeka,2944f86f,ng NGA,MF,Brentford,BRENTFORD,24.0,1998,2022,21,8,848,9.4,0,2,2,0,0,0,0,0,0.0,0.21,0.21,0.0,0.21,0.0249,16,4,Squad Rotation
Kevin Schade,52afb588,de GER,FW,Brentford,BRENTFORD,20.0,2001,2022,18,7,732,8.1,0,1,1,0,0,0,2,0,0.0,0.12,0.12,0.0,0.12,0.0205,17,4,Squad Rotation
Kristoffer Ajer,a8c0acb7,no NOR,DF,Brentford,BRENTFORD,24.0,1998,2022,9,9,763,8.5,0,0,0,0,0,0,0,0,0.0,0.0,0.0,0.0,0.0,0.0203,18,4,Squad Rotation
Pontus Jansson,172e52d8,se SWE,DF,Brentford,BRENTFORD,31.0,1991,2022,12,9,724,8.0,1,0,1,1,0,0,0,0,0.12,0.0,0.12,0.12,0.12,0.0203,19,4,Squad Rotation
Shandon Baptiste,2886c9b5,gd GRN,MF,Brentford,BRENTFORD,24.0,1998,2022,23,4,618,6.9,0,1,1,0,0,0,3,1,0.0,0.15,0.15,0.0,0.15,0.0177,20,4,Squad Rotation
Keane Lewis-Potter,41f08ac8,eng ENG,FW,Brentford,BRENTFORD,21.0,2001,2022,10,3,321,3.6,0,1,1,0,0,0,0,0,0.0,0.28,0.28,0.0,0.28,0.0098,21,5,Fringe/Backup
Saman Ghoddos,f7b1d4e0,ir IRN,FWMF,Brentford,BRENTFORD,28.0,1993,2022,15,0,139,1.5,0,0,0,0,0,0,0,0,0.0,0.0,0.0,0.0,0.0,0.0036,22,5,Fringe/Backup
Sergi Canós,1137759d,es ESP,FWMF,Brentford,BRENTFORD,25.0,1997,2022,5,0,77,0.9,0,0,0,0,0,0,0,0,0.0,0.0,0.0,0.0,0.0,0.0022,23,5,Fringe/Backup
Mads Bech Sørensen,30db8574,dk DEN,DF,Brentford,BRENTFORD,23.0,1999,2022,4,0,21,0.2,0,0,0,0,0,0,0,0,0.0,0.0,0.0,0.0,0.0,0.0005,24,5,Fringe/Backup
Halil Dervişoğlu,9d8cf204,tr TUR,FW,Brentford,BRENTFORD,22.0,1999,2022,1,0,8,0.1,0,0,0,0,0,0,0,0,0.0,0.0,0.0,0.0,0.0,0.0002,25,5,Fringe/Backup
Pascal Groß,8aec0537,de GER,MFDF,Brighton,BRIGHTONHOVEALBION,31.0,1991,2022,37,37,3239,36.0,9,8,17,9,0,0,6,0,0.25,0.22,0.47,0.25,0.47,0.1063,1,1,Talisman
Solly March,bb5fbd2b,eng ENG,MF,Brighton,BRIGHTONHOVEALBION,28.0,1994,2022,33,31,2715,30.2,6,7,13,6,0,0,2,0,0.2,0.23,0.43,0.2,0.43,0.0877,2,1,Talisman
Lewis Dunk,282f75f3,eng ENG,DF,Brighton,BRIGHTONHOVEALBION,30.0,1991,2022,36,36,3239,36.0,1,0,1,1,0,0,4,0,0.03,0.0,0.03,0.03,0.03,0.0874,3,1,Talisman
Moisés Caicedo,16264a81,ec ECU,MF,Brighton,BRIGHTONHOVEALBION,20.0,2001,2022,37,34,3139,34.9,1,1,2,1,0,0,10,0,0.03,0.03,0.06,0.03,0.06,0.0859,4,1,Talisman
Alexis Mac Allister,83d074ff,ar ARG,MF,Brighton,BRIGHTONHOVEALBION,23.0,1998,2022,35,31,2886,32.1,10,2,12,4,6,6,8,0,0.31,0.06,0.37,0.12,0.19,0.084,5,1,Talisman
Pervis Estupiñán,d38fdf53,ec ECU,DFMF,Brighton,BRIGHTONHOVEALBION,24.0,1998,2022,35,31,2675,29.7,1,5,6,1,0,0,4,0,0.03,0.17,0.2,0.03,0.2,0.0781,6,2,Key Player
Kaoru Mitoma,74618572,jp JPN,MF,Brighton,BRIGHTONHOVEALBION,25.0,1997,2022,33,24,2318,25.8,7,5,12,7,0,0,0,0,0.27,0.19,0.47,0.27,0.47,0.0762,7,2,Key Player
Joël Veltman,dad4b285,nl NED,DF,Brighton,BRIGHTONHOVEALBION,30.0,1992,2022,31,25,2188,24.3,1,1,2,1,0,0,6,0,0.04,0.04,0.08,0.04,0.08,0.0604,8,2,Key Player
Danny Welbeck,ce5143da,eng ENG,FW,Brighton,BRIGHTONHOVEALBION,31.0,1990,2022,31,21,1854,20.6,6,3,9,6,0,0,0,0,0.29,0.15,0.44,0.29,0.44,0.0601,9,2,Key Player
Robert Sánchez,6a713852,es ESP,GK,Brighton,BRIGHTONHOVEALBION,24.0,1997,2022,23,23,2070,23.0,0,0,0,0,0,0,2,0,0.0,0.0,0.0,0.0,0.0,0.055,10,2,Key Player
Adam Webster,c40b6180,eng ENG,DF,Brighton,BRIGHTONHOVEALBION,27.0,1995,2022,27,23,1985,22.1,0,0,0,0,0,0,2,0,0.0,0.0,0.0,0.0,0.0,0.0528,11,2,Key Player
Leandro Trossard,38ceb24a,be BEL,MFFW,Brighton,BRIGHTONHOVEALBION,27.0,1994,2022,16,16,1315,14.6,7,2,9,7,0,0,1,0,0.48,0.14,0.62,0.48,0.62,0.0457,12,3,Regular Starter
Jason Steele,28300a16,eng ENG,GK,Brighton,BRIGHTONHOVEALBION,31.0,1990,2022,15,15,1350,15.0,0,1,1,0,0,0,1,0,0.0,0.07,0.07,0.0,0.07,0.0371,13,3,Regular Starter
Levi Colwill,700783e7,eng ENG,DF,Brighton,BRIGHTONHOVEALBION,19.0,2003,2022,17,13,1220,13.6,0,2,2,0,0,0,1,0,0.0,0.15,0.15,0.0,0.15,0.035,14,3,Regular Starter
Evan Ferguson,4596da74,ie IRL,FW,Brighton,BRIGHTONHOVEALBION,17.0,2004,2022,19,10,950,10.6,6,2,8,6,0,0,1,0,0.57,0.19,0.76,0.57,0.76,0.035,15,3,Regular Starter
Julio Enciso,9cfbad36,py PAR,MFFW,Brighton,BRIGHTONHOVEALBION,18.0,2004,2022,20,7,806,9.0,4,2,6,4,0,0,1,0,0.45,0.22,0.67,0.45,0.67,0.0287,16,3,Regular Starter
Deniz Undav,dd549382,de GER,MFFW,Brighton,BRIGHTONHOVEALBION,26.0,1996,2022,22,6,628,7.0,5,0,5,5,0,0,2,0,0.72,0.0,0.72,0.72,0.72,0.0228,17,3,Regular Starter
Adam Lallana,99813635,eng ENG,MF,Brighton,BRIGHTONHOVEALBION,34.0,1988,2022,16,12,722,8.0,2,1,3,2,0,0,0,0,0.25,0.12,0.37,0.25,0.37,0.0227,18,4,Squad Rotation
Facundo Buonanotte,468a7a91,ar ARG,MF,Brighton,BRIGHTONHOVEALBION,17.0,2004,2022,13,6,565,6.3,1,1,2,1,0,0,2,0,0.16,0.16,0.32,0.16,0.32,0.0175,19,4,Squad Rotation
Billy Gilmour,df10e27c,sct SCO,MF,Brighton,BRIGHTONHOVEALBION,21.0,2001,2022,14,7,507,5.6,0,1,1,0,0,0,1,0,0.0,0.18,0.18,0.0,0.18,0.0146,20,4,Squad Rotation
Tariq Lamptey,f4e433d4,gh GHA,DFMF,Brighton,BRIGHTONHOVEALBION,21.0,2000,2022,20,3,453,5.0,0,0,0,0,0,0,1,0,0.0,0.0,0.0,0.0,0.0,0.012,21,4,Squad Rotation
Jan Paul van Hecke,4fd08daa,nl NED,DF,Brighton,BRIGHTONHOVEALBION,22.0,2000,2022,8,3,295,3.3,0,0,0,0,0,0,2,0,0.0,0.0,0.0,0.0,0.0,0.0079,22,4,Squad Rotation
Enock Mwepu,1d5cab82,zm ZAM,MFFW,Brighton,BRIGHTONHOVEALBION,24.0,1998,2022,6,2,213,2.4,0,1,1,0,0,0,0,0,0.0,0.42,0.42,0.0,0.42,0.0069,23,4,Squad Rotation
Jeremy Sarmiento,ac0d576d,ec ECU,MF,Brighton,BRIGHTONHOVEALBION,20.0,2002,2022,9,1,176,2.0,0,1,1,0,0,0,1,0,0.0,0.51,0.51,0.0,0.51,0.006,24,5,Fringe/Backup
Yasin Ayari,f173303a,se SWE,MF,Brighton,BRIGHTONHOVEALBION,18.0,2003,2022,3,1,67,0.7,0,0,0,0,0,0,0,0,0.0,0.0,0.0,0.0,0.0,0.0017,25,5,Fringe/Backup
Odeluga Offiah,65c3efa2,eng ENG,DF,Brighton,BRIGHTONHOVEALBION,19.0,2002,2022,2,0,25,0.3,0,0,0,0,0,0,0,0,0.0,0.0,0.0,0.0,0.0,0.0007,26,5,Fringe/Backup
Andrew Moran,c4720845,ie IRL,MF,Brighton,BRIGHTONHOVEALBION,18.0,2003,2022,1,0,12,0.1,0,0,0,0,0,0,0,0,0.0,0.0,0.0,0.0,0.0,0.0002,27,5,Fringe/Backup
Cameron Peupion,0bdeb013,au AUS,MF,Brighton,BRIGHTONHOVEALBION,19.0,2002,2022,1,0,6,0.1,0,0,0,0,0,0,0,0,0.0,0.0,0.0,0.0,0.0,0.0002,28,5,Fringe/Backup
Jack Hinshelwood,e98211e7,eng ENG,DFMF,Brighton,BRIGHTONHOVEALBION,17.0,2005,2022,1,0,2,0.0,0,0,0,0,0,0,0,0,0.0,0.0,0.0,0.0,0.0,0.0,29,5,Fringe/Backup
Kai Havertz,fed7cb61,de GER,FWMF,Chelsea,CHELSEA,23.0,1999,2022,35,30,2569,28.5,7,1,8,6,1,1,5,0,0.25,0.04,0.28,0.21,0.25,0.0769,1,1,Talisman
Kepa Arrizabalaga,28d596a0,es ESP,GK,Chelsea,CHELSEA,27.0,1994,2022,29,29,2565,28.5,0,0,0,0,0,0,1,0,0.0,0.0,0.0,0.0,0.0,0.0683,2,1,Talisman
Thiago Silva,86e7deaf,br BRA,DF,Chelsea,CHELSEA,37.0,1984,2022,27,26,2352,26.1,0,2,2,0,0,0,2,0,0.0,0.08,0.08,0.0,0.08,0.0651,3,1,Talisman
Raheem Sterling,b400bde0,eng ENG,FWMF,Chelsea,CHELSEA,27.0,1994,2022,28,23,1891,21.0,6,3,9,6,0,0,4,0,0.29,0.14,0.43,0.29,0.43,0.0612,4,1,Talisman
Kalidou Koulibaly,da974c7b,sn SEN,DF,Chelsea,CHELSEA,31.0,1991,2022,23,20,1800,20.0,2,1,3,2,0,0,7,1,0.1,0.05,0.15,0.1,0.15,0.0516,5,1,Talisman
Mason Mount,9674002f,eng ENG,MF,Chelsea,CHELSEA,23.0,1999,2022,24,20,1648,18.3,3,2,5,3,0,0,4,0,0.16,0.11,0.27,0.16,0.27,0.0498,6,1,Talisman
Mateo Kovačić,79c0821a,hr CRO,MF,Chelsea,CHELSEA,28.0,1994,2022,27,17,1707,19.0,1,2,3,1,0,0,8,0,0.05,0.11,0.16,0.05,0.16,0.0492,7,2,Key Player
Conor Gallagher,c2731c10,eng ENG,MF,Chelsea,CHELSEA,22.0,2000,2022,35,18,1621,18.0,3,1,4,3,0,0,11,1,0.17,0.06,0.22,0.17,0.22,0.0479,8,2,Key Player
Marc Cucurella,1daec722,es ESP,DFMF,Chelsea,CHELSEA,24.0,1998,2022,24,21,1671,18.6,0,2,2,0,0,0,4,0,0.0,0.11,0.11,0.0,0.11,0.0471,9,2,Key Player
Enzo Fernández,5ff4ab71,ar ARG,MF,Chelsea,CHELSEA,21.0,2001,2022,18,18,1547,17.2,0,2,2,0,0,0,3,0,0.0,0.12,0.12,0.0,0.12,0.0437,10,2,Key Player
Trevoh Chalobah,5515376c,eng ENG,DF,Chelsea,CHELSEA,23.0,1999,2022,25,18,1608,17.9,0,0,0,0,0,0,4,0,0.0,0.0,0.0,0.0,0.0,0.0429,11,2,Key Player
Ben Chilwell,d2424d1b,eng ENG,MFDF,Chelsea,CHELSEA,25.0,1996,2022,23,15,1408,15.6,2,2,4,2,0,0,3,0,0.13,0.13,0.26,0.13,0.26,0.0423,12,2,Key Player
Ruben Loftus-Cheek,e97fd090,eng ENG,MF,Chelsea,CHELSEA,26.0,1996,2022,25,19,1536,17.1,0,1,1,0,0,0,1,0,0.0,0.06,0.06,0.0,0.06,0.0422,13,3,Regular Starter
César Azpilicueta,53cad200,es ESP,DFMF,Chelsea,CHELSEA,32.0,1989,2022,25,16,1527,17.0,0,0,0,0,0,0,3,0,0.0,0.0,0.0,0.0,0.0,0.0408,14,3,Regular Starter
Reece James,1265a93a,eng ENG,DFMF,Chelsea,CHELSEA,22.0,1999,2022,16,14,1244,13.8,1,1,2,1,0,0,4,0,0.07,0.07,0.14,0.07,0.14,0.0354,15,3,Regular Starter
Jorginho,45db685d,it ITA,MF,Chelsea,CHELSEA,30.0,1991,2022,18,15,1279,14.2,2,0,2,0,2,2,4,0,0.14,0.0,0.14,0.0,0.0,0.0341,16,3,Regular Starter
Wesley Fofana,132a82f1,fr FRA,DF,Chelsea,CHELSEA,21.0,2000,2022,15,12,1183,13.1,1,0,1,1,0,0,3,0,0.08,0.0,0.08,0.08,0.08,0.0327,17,3,Regular Starter
João Félix,8aafd64f,pt POR,FWMF,Chelsea,CHELSEA,22.0,1999,2022,16,11,941,10.5,4,0,4,4,0,0,1,1,0.38,0.0,0.38,0.38,0.38,0.03,18,3,Regular Starter
Benoît Badiashile,06df8256,fr FRA,DF,Chelsea,CHELSEA,21.0,2001,2022,11,10,905,10.1,1,0,1,1,0,0,2,0,0.1,0.0,0.1,0.1,0.1,0.0254,19,3,Regular Starter
Christian Pulisic,1bf33a9a,us USA,MFFW,Chelsea,CHELSEA,23.0,1998,2022,24,8,821,9.1,1,1,2,1,0,0,1,0,0.11,0.11,0.22,0.11,0.22,0.0242,20,4,Squad Rotation
Édouard Mendy,33887998,sn SEN,GK,Chelsea,CHELSEA,30.0,1992,2022,10,9,855,9.5,0,0,0,0,0,0,1,0,0.0,0.0,0.0,0.0,0.0,0.0228,21,4,Squad Rotation
Hakim Ziyech,6622454d,ma MAR,MFFW,Chelsea,CHELSEA,29.0,1993,2022,18,6,661,7.3,0,3,3,0,0,0,1,0,0.0,0.41,0.41,0.0,0.41,0.0211,22,4,Squad Rotation
Mykhailo Mudryk,049a888d,ua UKR,FWMF,Chelsea,CHELSEA,21.0,2001,2022,15,7,657,7.3,0,2,2,0,0,0,1,0,0.0,0.27,0.27,0.0,0.27,0.0199,23,4,Squad Rotation
Noni Madueke,bf34eebd,eng ENG,FWMF,Chelsea,CHELSEA,20.0,2002,2022,12,7,643,7.1,1,0,1,1,0,0,0,0,0.14,0.0,0.14,0.14,0.14,0.0182,24,4,Squad Rotation
Lewis Hall,da011f18,eng ENG,MFDF,Chelsea,CHELSEA,17.0,2004,2022,9,8,654,7.3,0,0,0,0,0,0,1,0,0.0,0.0,0.0,0.0,0.0,0.0175,25,4,Squad Rotation
Pierre-Emerick Aubameyang,d5dd5f1f,ga GAB,FW,Chelsea,CHELSEA,33.0,1989,2022,15,5,554,6.2,1,0,1,1,0,0,1,0,0.16,0.0,0.16,0.16,0.16,0.0161,26,5,Fringe/Backup
N'Golo Kanté,b9fbae28,fr FRA,MF,Chelsea,CHELSEA,31.0,1991,2022,7,6,518,5.8,0,1,1,0,0,0,1,0,0.0,0.17,0.17,0.0,0.17,0.0151,27,5,Fringe/Backup
Denis Zakaria,384d58d9,ch SUI,MF,Chelsea,CHELSEA,25.0,1996,2022,7,5,411,4.6,0,0,0,0,0,0,0,0,0.0,0.0,0.0,0.0,0.0,0.011,28,5,Fringe/Backup
Carney Chukwuemeka,b2f9c73e,at AUT,MF,Chelsea,CHELSEA,18.0,2003,2022,14,2,354,3.9,0,0,0,0,0,0,0,0,0.0,0.0,0.0,0.0,0.0,0.0094,29,5,Fringe/Backup
Armando Broja,97220da2,al ALB,FW,Chelsea,CHELSEA,20.0,2001,2022,12,2,294,3.3,1,0,1,1,0,0,0,0,0.31,0.0,0.31,0.31,0.31,0.0091,30,5,Fringe/Backup
David Datro Fofana,e82900ef,ci CIV,FW,Chelsea,CHELSEA,19.0,2002,2022,3,1,70,0.8,0,0,0,0,0,0,0,0,0.0,0.0,0.0,0.0,0.0,0.0019,31,5,Fringe/Backup
Omari Hutchinson,bd9553e6,eng ENG,MF,Chelsea,CHELSEA,18.0,2003,2022,1,0,23,0.3,0,0,0,0,0,0,0,0,0.0,0.0,0.0,0.0,0.0,0.0007,32,5,Fringe/Backup
Marc Guéhi,d0706b27,eng ENG,DF,Crystal Palace,CRYSTALPALACE,22.0,2000,2022,37,37,3329,37.0,1,0,1,1,0,0,8,0,0.03,0.0,0.03,0.03,0.03,0.0901,1,1,Talisman
Michael Olise,c4486bac,fr FRA,MFFW,Crystal Palace,CRYSTALPALACE,20.0,2001,2022,37,31,2749,30.5,2,11,13,2,0,0,2,0,0.07,0.36,0.43,0.07,0.43,0.0889,2,1,Talisman
Eberechi Eze,ae4fc6a4,eng ENG,MFFW,Crystal Palace,CRYSTALPALACE,24.0,1998,2022,38,30,2636,29.3,10,4,14,9,1,1,3,0,0.34,0.14,0.48,0.31,0.44,0.0858,3,1,Talisman
Jordan Ayew,da052c14,gh GHA,FWMF,Crystal Palace,CRYSTALPALACE,30.0,1991,2022,38,31,2714,30.2,4,3,7,4,0,0,5,0,0.13,0.1,0.23,0.13,0.23,0.0808,4,1,Talisman
Tyrick Mitchell,5cbd1eb0,eng ENG,DF,Crystal Palace,CRYSTALPALACE,22.0,1999,2022,36,34,2891,32.1,0,2,2,0,0,0,5,1,0.0,0.06,0.06,0.0,0.06,0.0793,5,1,Talisman
Cheick Doucouré,ce4f40c7,ml MLI,MF,Crystal Palace,CRYSTALPALACE,22.0,2000,2022,34,34,2769,30.8,0,3,3,0,0,0,10,1,0.0,0.1,0.1,0.0,0.1,0.0776,6,2,Key Player
Joachim Andersen,e34fc66d,dk DEN,DF,Crystal Palace,CRYSTALPALACE,26.0,1996,2022,32,32,2782,30.9,1,0,1,1,0,0,8,0,0.03,0.0,0.03,0.03,0.03,0.0752,7,2,Key Player
Jeffrey Schlupp,3312f911,gh GHA,MF,Crystal Palace,CRYSTALPALACE,29.0,1992,2022,34,30,2531,28.1,3,1,4,3,0,0,7,0,0.11,0.04,0.14,0.11,0.14,0.0721,8,2,Key Player
Wilfried Zaha,b2bc3b1f,ci CIV,FWMF,Crystal Palace,CRYSTALPALACE,29.0,1992,2022,27,27,2288,25.4,7,2,9,7,0,2,5,0,0.28,0.08,0.35,0.28,0.35,0.0716,9,2,Key Player
Vicente Guaita,ab13a5aa,es ESP,GK,Crystal Palace,CRYSTALPALACE,35.0,1987,2022,27,27,2430,27.0,0,0,0,0,0,0,1,0,0.0,0.0,0.0,0.0,0.0,0.0648,10,2,Key Player
Joel Ward,8a7ff278,eng ENG,DF,Crystal Palace,CRYSTALPALACE,32.0,1989,2022,28,24,2256,25.1,1,0,1,1,0,0,6,0,0.04,0.0,0.04,0.04,0.04,0.0614,11,3,Regular Starter
Odsonne Édouard,0562b7f1,fr FRA,FW,Crystal Palace,CRYSTALPALACE,24.0,1998,2022,35,20,1803,20.0,5,2,7,5,0,0,3,0,0.25,0.1,0.35,0.25,0.35,0.0564,12,3,Regular Starter
Nathaniel Clyne,0442183b,eng ENG,DF,Crystal Palace,CRYSTALPALACE,31.0,1991,2022,22,19,1640,18.2,0,0,0,0,0,0,3,0,0.0,0.0,0.0,0.0,0.0,0.0437,13,3,Regular Starter
Will Hughes,a0666d3e,eng ENG,MF,Crystal Palace,CRYSTALPALACE,27.0,1995,2022,27,7,842,9.4,1,1,2,1,0,0,4,0,0.11,0.11,0.21,0.11,0.21,0.0249,14,3,Regular Starter
Jean-Philippe Mateta,50e6dc35,fr FRA,FW,Crystal Palace,CRYSTALPALACE,25.0,1997,2022,29,6,770,8.6,2,0,2,2,0,0,3,0,0.23,0.0,0.23,0.23,0.23,0.023,15,3,Regular Starter
Sam Johnstone,9e5708be,eng ENG,GK,Crystal Palace,CRYSTALPALACE,29.0,1993,2022,9,9,810,9.0,0,0,0,0,0,0,1,0,0.0,0.0,0.0,0.0,0.0,0.0216,16,4,Squad Rotation
Albert Sambi Lokonga,1b4f1169,be BEL,MF,Crystal Palace,CRYSTALPALACE,22.0,1999,2022,9,6,536,6.0,0,0,0,0,0,0,2,0,0.0,0.0,0.0,0.0,0.0,0.0144,17,4,Squad Rotation
Luka Milivojević,2ce2508a,rs SRB,MF,Crystal Palace,CRYSTALPALACE,31.0,1991,2022,18,5,512,5.7,0,0,0,0,0,0,2,0,0.0,0.0,0.0,0.0,0.0,0.0137,18,4,Squad Rotation
Chris Richards,0a3d6d2b,us USA,DF,Crystal Palace,CRYSTALPALACE,22.0,2000,2022,9,4,447,5.0,0,0,0,0,0,0,0,0,0.0,0.0,0.0,0.0,0.0,0.012,19,4,Squad Rotation
James Tomkins,e7ca0439,eng ENG,DF,Crystal Palace,CRYSTALPALACE,33.0,1989,2022,6,3,338,3.8,1,0,1,1,0,0,3,1,0.27,0.0,0.27,0.27,0.27,0.0103,20,4,Squad Rotation
Joseph Whitworth,3f847d95,eng ENG,GK,Crystal Palace,CRYSTALPALACE,18.0,2004,2022,2,2,180,2.0,0,0,0,0,0,0,0,0,0.0,0.0,0.0,0.0,0.0,0.0048,21,5,Fringe/Backup
Naouirou Ahamada,a6c58494,fr FRA,MF,Crystal Palace,CRYSTALPALACE,20.0,2002,2022,8,0,94,1.0,0,0,0,0,0,0,1,0,0.0,0.0,0.0,0.0,0.0,0.0024,22,5,Fringe/Backup
Jaïro Riedewald,7a1f2c08,nl NED,DFMF,Crystal Palace,CRYSTALPALACE,25.0,1996,2022,6,0,64,0.7,0,0,0,0,0,0,0,0,0.0,0.0,0.0,0.0,0.0,0.0017,23,5,Fringe/Backup
James McArthur,cee31595,sct SCO,MF,Crystal Palace,CRYSTALPALACE,34.0,1987,2022,4,0,54,0.6,0,0,0,0,0,0,0,0,0.0,0.0,0.0,0.0,0.0,0.0014,24,5,Fringe/Backup
Malcolm Ebiowei,fa9fa773,eng ENG,MF,Crystal Palace,CRYSTALPALACE,18.0,2003,2022,3,0,34,0.4,0,0,0,0,0,0,0,0,0.0,0.0,0.0,0.0,0.0,0.001,25,5,Fringe/Backup
David Ozoh,d00d45ab,eng ENG,MF,Crystal Palace,CRYSTALPALACE,17.0,2005,2022,1,0,1,0.0,0,0,0,0,0,0,0,0,0.0,0.0,0.0,0.0,0.0,0.0,26,5,Fringe/Backup
Alex Iwobi,6ca5ec4b,ng NGA,MF,Everton,EVERTON,26.0,1996,2022,38,38,3378,37.5,2,7,9,2,0,0,2,0,0.05,0.19,0.24,0.05,0.24,0.1006,1,1,Talisman
James Tarkowski,15ea812b,eng ENG,DF,Everton,EVERTON,29.0,1992,2022,38,38,3420,38.0,1,1,2,1,0,0,6,0,0.03,0.03,0.05,0.03,0.05,0.0933,2,1,Talisman
Jordan Pickford,4806ec67,eng ENG,GK,Everton,EVERTON,28.0,1994,2022,37,37,3330,37.0,0,1,1,0,0,0,6,0,0.0,0.03,0.03,0.0,0.03,0.09,3,1,Talisman
Dwight McNeil,fc15fb84,eng ENG,MFFW,Everton,EVERTON,22.0,1999,2022,36,28,2498,27.8,7,3,10,7,0,0,5,0,0.25,0.11,0.36,0.25,0.36,0.0786,4,1,Talisman
Vitaliy Mykolenko,30d4a2e5,ua UKR,DFMF,Everton,EVERTON,23.0,1999,2022,34,30,2655,29.5,0,0,0,0,0,0,4,0,0.0,0.0,0.0,0.0,0.0,0.0707,5,1,Talisman
Demarai Gray,4468ec10,jm JAM,FWMF,Everton,EVERTON,26.0,1996,2022,33,27,2507,27.9,4,1,5,2,2,2,3,0,0.14,0.04,0.18,0.07,0.11,0.0705,6,2,Key Player
Amadou Onana,828657ff,be BEL,MF,Everton,EVERTON,20.0,2001,2022,33,29,2488,27.6,1,2,3,1,0,0,9,0,0.04,0.07,0.11,0.04,0.11,0.0698,7,2,Key Player
Idrissa Gueye,72c812f3,sn SEN,MF,Everton,EVERTON,32.0,1989,2022,33,32,2577,28.6,0,1,1,0,0,0,7,0,0.0,0.03,0.03,0.0,0.03,0.0696,8,2,Key Player
Conor Coady,2928dca2,eng ENG,DF,Everton,EVERTON,29.0,1993,2022,24,23,2096,23.3,1,1,2,1,0,0,2,0,0.04,0.04,0.09,0.04,0.09,0.0583,9,2,Key Player
Abdoulaye Doucouré,02b29014,ml MLI,MF,Everton,EVERTON,29.0,1993,2022,25,17,1533,17.0,5,2,7,5,0,0,6,1,0.29,0.12,0.41,0.29,0.41,0.0491,10,2,Key Player
Séamus Coleman,0420d84f,ie IRL,DFMF,Everton,EVERTON,33.0,1988,2022,23,20,1656,18.4,1,0,1,1,0,0,1,0,0.05,0.0,0.05,0.05,0.05,0.0452,11,2,Key Player
Nathan Patterson,230f0471,sct SCO,DFMF,Everton,EVERTON,20.0,2001,2022,19,14,1279,14.2,0,0,0,0,0,0,3,0,0.0,0.0,0.0,0.0,0.0,0.034,12,3,Regular Starter
Dominic Calvert-Lewin,59e6e5bf,eng ENG,FW,Everton,EVERTON,25.0,1997,2022,17,15,1165,12.9,2,1,3,1,1,1,3,0,0.15,0.08,0.23,0.08,0.15,0.0332,13,3,Regular Starter
Anthony Gordon,2bd83368,eng ENG,FWMF,Everton,EVERTON,21.0,2001,2022,16,12,1095,12.2,3,0,3,3,0,0,6,0,0.25,0.0,0.25,0.25,0.25,0.0329,14,3,Regular Starter
Neal Maupay,4bcf39f6,fr FRA,FW,Everton,EVERTON,25.0,1996,2022,27,11,1118,12.4,1,0,1,1,0,0,4,0,0.08,0.0,0.08,0.08,0.08,0.0309,15,3,Regular Starter
Michael Keane,c5b7c315,eng ENG,DF,Everton,EVERTON,29.0,1993,2022,12,10,985,10.9,1,2,3,1,0,0,0,0,0.09,0.18,0.27,0.09,0.27,0.0296,16,3,Regular Starter
James Garner,4e015693,eng ENG,MF,Everton,EVERTON,21.0,2001,2022,16,7,804,8.9,0,1,1,0,0,0,3,0,0.0,0.11,0.11,0.0,0.11,0.0225,17,4,Squad Rotation
Ben Godfrey,9f7c837d,eng ENG,DF,Everton,EVERTON,24.0,1998,2022,13,10,802,8.9,0,1,1,0,0,0,2,0,0.0,0.11,0.11,0.0,0.11,0.0225,18,4,Squad Rotation
Yerry Mina,6d5701f2,co COL,DF,Everton,EVERTON,27.0,1994,2022,7,7,594,6.6,2,0,2,2,0,0,2,0,0.3,0.0,0.3,0.3,0.3,0.0182,19,4,Squad Rotation
Tom Davies,9228b07c,eng ENG,MF,Everton,EVERTON,24.0,1998,2022,19,4,538,6.0,0,0,0,0,0,0,3,0,0.0,0.0,0.0,0.0,0.0,0.0144,20,4,Squad Rotation
Mason Holgate,d0042ab9,jm JAM,DF,Everton,EVERTON,25.0,1996,2022,8,5,507,5.6,0,0,0,0,0,0,3,1,0.0,0.0,0.0,0.0,0.0,0.0134,21,4,Squad Rotation
Ellis Simms,26d3b5be,eng ENG,FW,Everton,EVERTON,21.0,2001,2022,11,2,228,2.5,1,0,1,1,0,0,0,0,0.39,0.0,0.39,0.39,0.39,0.0072,22,4,Squad Rotation
Salomón Rondón,b318a643,ve VEN,FW,Everton,EVERTON,32.0,1989,2022,7,1,109,1.2,0,0,0,0,0,0,0,0,0.0,0.0,0.0,0.0,0.0,0.0029,23,5,Fringe/Backup
Asmir Begović,7b4de647,ba BIH,GK,Everton,EVERTON,35.0,1987,2022,1,1,90,1.0,0,0,0,0,0,0,0,0,0.0,0.0,0.0,0.0,0.0,0.0024,24,5,Fringe/Backup
Dele Alli,cea4ee8f,eng ENG,FWMF,Everton,EVERTON,26.0,1996,2022,2,0,40,0.4,0,0,0,0,0,0,0,0,0.0,0.0,0.0,0.0,0.0,0.001,25,5,Fringe/Backup
Isaac Price,b9403c99,nir NIR,MF,Everton,EVERTON,18.0,2003,2022,1,0,33,0.4,0,0,0,0,0,0,1,0,0.0,0.0,0.0,0.0,0.0,0.001,26,5,Fringe/Backup
Tom Cannon,4506aec5,ie IRL,FW,Everton,EVERTON,19.0,2002,2022,2,0,25,0.3,0,0,0,0,0,0,0,0,0.0,0.0,0.0,0.0,0.0,0.0007,27,5,Fringe/Backup
Rúben Vinagre,b937e490,pt POR,DFMF,Everton,EVERTON,23.0,1999,2022,2,0,26,0.3,0,0,0,0,0,0,0,0,0.0,0.0,0.0,0.0,0.0,0.0007,28,5,Fringe/Backup
João Palhinha,a78ff07f,pt POR,MF,Fulham,FULHAM,27.0,1995,2022,35,35,3108,34.5,3,0,3,3,0,0,14,0,0.09,0.0,0.09,0.09,0.09,0.0865,1,1,Talisman
Bernd Leno,2628fd2b,de GER,GK,Fulham,FULHAM,30.0,1992,2022,36,36,3240,36.0,0,0,0,0,0,0,3,0,0.0,0.0,0.0,0.0,0.0,0.0863,2,1,Talisman
Harrison Reed,803ae100,eng ENG,MF,Fulham,FULHAM,27.0,1995,2022,37,35,2866,31.8,3,4,7,3,0,0,5,0,0.09,0.13,0.22,0.09,0.22,0.0846,3,1,Talisman
Antonee Robinson,289601e6,us USA,DF,Fulham,FULHAM,24.0,1997,2022,35,35,3088,34.3,0,1,1,0,0,0,8,0,0.0,0.03,0.03,0.0,0.03,0.0835,4,1,Talisman
Andreas Pereira,6639e500,br BRA,MF,Fulham,FULHAM,26.0,1996,2022,33,33,2692,29.9,4,6,10,3,1,1,8,0,0.13,0.2,0.33,0.1,0.3,0.0825,5,1,Talisman
Tim Ream,28b40c9c,us USA,DF,Fulham,FULHAM,34.0,1987,2022,33,33,2897,32.2,1,0,1,1,0,0,2,0,0.03,0.0,0.03,0.03,0.03,0.0784,6,2,Key Player
Kenny Tete,77d7c96f,nl NED,DF,Fulham,FULHAM,26.0,1995,2022,31,29,2569,28.5,1,5,6,1,0,0,8,0,0.04,0.18,0.21,0.04,0.21,0.0755,7,2,Key Player
Bobby De Cordova-Reid,0f7533cd,jm JAM,MFDF,Fulham,FULHAM,29.0,1993,2022,36,29,2475,27.5,4,1,5,4,0,0,8,0,0.15,0.04,0.18,0.15,0.18,0.0719,8,2,Key Player
Willian,8b9ebd03,br BRA,MF,Fulham,FULHAM,33.0,1988,2022,27,25,2126,23.6,5,5,10,5,0,0,2,0,0.21,0.21,0.42,0.21,0.42,0.0685,9,2,Key Player
Aleksandar Mitrović,3925dbd6,rs SRB,FW,Fulham,FULHAM,27.0,1994,2022,24,23,2008,22.3,14,1,15,10,4,8,7,0,0.63,0.04,0.67,0.45,0.49,0.0666,10,2,Key Player
Tosin Adarabioyo,c81d773d,eng ENG,DF,Fulham,FULHAM,24.0,1997,2022,25,23,2085,23.2,1,0,1,1,0,0,4,0,0.04,0.0,0.04,0.04,0.04,0.0567,11,2,Key Player
Issa Diop,a712ca2b,ma MAR,DF,Fulham,FULHAM,25.0,1997,2022,25,21,2012,22.4,1,0,1,1,0,0,2,0,0.04,0.0,0.04,0.04,0.04,0.0548,12,3,Regular Starter
Carlos Vinícius,8b529245,br BRA,FW,Fulham,FULHAM,27.0,1995,2022,28,11,1109,12.3,5,2,7,5,0,0,3,0,0.41,0.16,0.57,0.41,0.57,0.0379,13,3,Regular Starter
Harry Wilson,c6dc9ecd,wls WAL,MF,Fulham,FULHAM,25.0,1997,2022,29,13,1100,12.2,2,3,5,2,0,0,1,0,0.16,0.25,0.41,0.16,0.41,0.0353,14,3,Regular Starter
Tom Cairney,a8748947,sct SCO,MF,Fulham,FULHAM,31.0,1991,2022,33,6,988,11.0,2,0,2,2,0,0,2,0,0.18,0.0,0.18,0.18,0.18,0.0288,15,3,Regular Starter
Neeskens Kebano,18b999f4,cd COD,MF,Fulham,FULHAM,30.0,1992,2022,17,9,764,8.5,0,3,3,0,0,0,0,0,0.0,0.35,0.35,0.0,0.35,0.024,16,3,Regular Starter
Manor Solomon,886f9aac,il ISR,MF,Fulham,FULHAM,23.0,1999,2022,19,4,572,6.4,4,0,4,4,0,0,0,0,0.63,0.0,0.63,0.63,0.63,0.0202,17,3,Regular Starter
Daniel James,c931d9f9,wls WAL,MFFW,Fulham,FULHAM,24.0,1997,2022,20,5,621,6.9,2,1,3,2,0,0,0,0,0.29,0.14,0.43,0.29,0.43,0.0201,18,4,Squad Rotation
Saša Lukić,c6e8cf1f,rs SRB,MF,Fulham,FULHAM,25.0,1996,2022,12,4,412,4.6,0,0,0,0,0,0,1,0,0.0,0.0,0.0,0.0,0.0,0.011,19,4,Squad Rotation
Cédric Soares,839c14e1,pt POR,DF,Fulham,FULHAM,30.0,1991,2022,6,2,198,2.2,0,0,0,0,0,0,0,0,0.0,0.0,0.0,0.0,0.0,0.0053,20,4,Squad Rotation
Kevin Mbabu,493924a7,ch SUI,DF,Fulham,FULHAM,27.0,1995,2022,6,1,144,1.6,0,1,1,0,0,0,1,0,0.0,0.62,0.62,0.0,0.62,0.005,21,4,Squad Rotation
Marek Rodák,17acc2ed,sk SVK,GK,Fulham,FULHAM,25.0,1996,2022,2,2,180,2.0,0,0,0,0,0,0,0,0,0.0,0.0,0.0,0.0,0.0,0.0048,22,4,Squad Rotation
Layvin Kurzawa,41e7ef1c,fr FRA,DF,Fulham,FULHAM,29.0,1992,2022,3,2,135,1.5,0,0,0,0,0,0,1,0,0.0,0.0,0.0,0.0,0.0,0.0036,23,4,Squad Rotation
Jay Stansfield,b2626673,eng ENG,MF,Fulham,FULHAM,19.0,2002,2022,3,1,87,1.0,0,0,0,0,0,0,0,0,0.0,0.0,0.0,0.0,0.0,0.0024,24,5,Fringe/Backup
Shane Duffy,7314bba4,ie IRL,DFMF,Fulham,FULHAM,30.0,1992,2022,5,0,20,0.2,0,0,0,0,0,0,0,0,0.0,0.0,0.0,0.0,0.0,0.0005,25,5,Fringe/Backup
Josh Onomah,6612cd8c,eng ENG,FWMF,Fulham,FULHAM,25.0,1997,2022,2,0,15,0.2,0,0,0,0,0,0,0,0,0.0,0.0,0.0,0.0,0.0,0.0005,26,5,Fringe/Backup
Nathaniel Chalobah,422862ea,eng ENG,MF,Fulham,FULHAM,27.0,1994,2022,4,1,12,0.1,0,0,0,0,0,0,0,1,0.0,0.0,0.0,0.0,0.0,0.0002,27,5,Fringe/Backup
Luke Harris,8c3078cd,wls WAL,MF,Fulham,FULHAM,17.0,2005,2022,3,0,13,0.1,0,0,0,0,0,0,0,0,0.0,0.0,0.0,0.0,0.0,0.0002,28,5,Fringe/Backup
Tyrese Francois,6722d4f0,au AUS,MF,Fulham,FULHAM,22.0,2000,2022,1,0,1,0.0,0,0,0,0,0,0,0,0,0.0,0.0,0.0,0.0,0.0,0.0,29,5,Fringe/Backup
Jack Harrison,aa849a12,eng ENG,MF,Leeds United,LEEDSUNITED,25.0,1996,2022,36,34,2708,30.1,5,7,12,5,0,0,2,0,0.17,0.23,0.4,0.17,0.4,0.0865,1,1,Talisman
Robin Koch,ea6bc03a,de GER,DF,Leeds United,LEEDSUNITED,26.0,1996,2022,36,36,3175,35.3,0,0,0,0,0,0,7,0,0.0,0.0,0.0,0.0,0.0,0.0846,2,1,Talisman
Illan Meslier,6b625ac2,fr FRA,GK,Leeds United,LEEDSUNITED,22.0,2000,2022,34,34,3060,34.0,0,0,0,0,0,0,3,0,0.0,0.0,0.0,0.0,0.0,0.0815,3,1,Talisman
Brenden Aaronson,5bc43860,us USA,MF,Leeds United,LEEDSUNITED,21.0,2000,2022,36,28,2372,26.4,1,3,4,1,0,0,2,0,0.04,0.11,0.15,0.04,0.15,0.068,4,1,Talisman
Rodrigo,1fb1c435,es ESP,FWMF,Leeds United,LEEDSUNITED,31.0,1991,2022,31,23,1935,21.5,13,1,14,12,1,1,6,0,0.6,0.05,0.65,0.56,0.6,0.067,5,1,Talisman
Marc Roca,da27e268,es ESP,MF,Leeds United,LEEDSUNITED,25.0,1996,2022,32,29,2315,25.7,1,2,3,1,0,0,7,0,0.04,0.08,0.12,0.04,0.12,0.0653,6,2,Key Player
Pascal Struijk,f4d296e4,nl NED,DF,Leeds United,LEEDSUNITED,22.0,1999,2022,29,26,2200,24.4,2,1,3,2,0,0,5,0,0.08,0.04,0.12,0.08,0.12,0.062,7,2,Key Player
Luke Ayling,420d7c7d,eng ENG,DF,Leeds United,LEEDSUNITED,30.0,1991,2022,29,22,2054,22.8,2,1,3,2,0,0,3,0,0.09,0.04,0.13,0.09,0.13,0.0582,8,2,Key Player
Tyler Adams,2b09d998,us USA,MF,Leeds United,LEEDSUNITED,23.0,1999,2022,24,24,2156,24.0,0,0,0,0,0,0,6,1,0.0,0.0,0.0,0.0,0.0,0.0575,9,2,Key Player
Rasmus Kristensen,39769cff,dk DEN,DF,Leeds United,LEEDSUNITED,25.0,1997,2022,26,21,1960,21.8,3,1,4,3,0,0,4,0,0.14,0.05,0.18,0.14,0.18,0.0569,10,2,Key Player
Patrick Bamford,93feac6e,eng ENG,FW,Leeds United,LEEDSUNITED,28.0,1993,2022,28,18,1515,16.8,4,2,6,4,0,2,3,0,0.24,0.12,0.36,0.24,0.36,0.0475,11,2,Key Player
Crysencio Summerville,df04eb4b,nl NED,MFFW,Leeds United,LEEDSUNITED,20.0,2001,2022,28,12,1426,15.8,4,2,6,4,0,0,4,0,0.25,0.13,0.38,0.25,0.38,0.045,12,3,Regular Starter
Wilfried Gnonto,75fdd638,it ITA,MFFW,Leeds United,LEEDSUNITED,18.0,2003,2022,24,14,1354,15.0,2,4,6,2,0,0,7,0,0.13,0.27,0.4,0.13,0.4,0.0431,13,3,Regular Starter
Weston McKennie,01c3aff5,us USA,MF,Leeds United,LEEDSUNITED,23.0,1998,2022,19,16,1437,16.0,0,1,1,0,0,0,7,0,0.0,0.06,0.06,0.0,0.06,0.0395,14,3,Regular Starter
Liam Cooper,dc64b8b3,sct SCO,DF,Leeds United,LEEDSUNITED,30.0,1991,2022,18,16,1426,15.8,1,0,1,1,0,0,5,0,0.06,0.0,0.06,0.06,0.06,0.039,15,3,Regular Starter
Junior Firpo,24f59bb2,do DOM,DF,Leeds United,LEEDSUNITED,25.0,1996,2022,19,14,1368,15.2,1,1,2,1,0,0,6,1,0.07,0.07,0.13,0.07,0.13,0.0388,16,3,Regular Starter
Maximilian Wöber,4b803b3c,at AUT,DF,Leeds United,LEEDSUNITED,24.0,1998,2022,16,14,1266,14.1,0,0,0,0,0,0,3,0,0.0,0.0,0.0,0.0,0.0,0.0338,17,3,Regular Starter
Luis Sinisterra,8e16dd48,co COL,MF,Leeds United,LEEDSUNITED,23.0,1999,2022,19,13,867,9.6,5,0,5,5,0,0,3,1,0.52,0.0,0.52,0.52,0.52,0.029,18,4,Squad Rotation
Diego Llorente,bba30585,es ESP,DF,Leeds United,LEEDSUNITED,28.0,1993,2022,8,7,649,7.2,0,0,0,0,0,0,1,0,0.0,0.0,0.0,0.0,0.0,0.0172,19,4,Squad Rotation
Sam Greenwood,f3354c07,eng ENG,MF,Leeds United,LEEDSUNITED,20.0,2002,2022,18,3,424,4.7,1,2,3,1,0,0,1,0,0.21,0.42,0.64,0.21,0.64,0.0149,20,4,Squad Rotation
Adam Forshaw,9f1938ab,eng ENG,MF,Leeds United,LEEDSUNITED,30.0,1991,2022,12,5,479,5.3,0,0,0,0,0,0,0,0,0.0,0.0,0.0,0.0,0.0,0.0127,21,4,Squad Rotation
Joel Robles,cda0b317,es ESP,GK,Leeds United,LEEDSUNITED,32.0,1990,2022,4,4,360,4.0,0,0,0,0,0,0,1,0,0.0,0.0,0.0,0.0,0.0,0.0096,22,4,Squad Rotation
Georginio Rutter,c64c01fc,fr FRA,FW,Leeds United,LEEDSUNITED,20.0,2002,2022,11,1,273,3.0,0,1,1,0,0,0,0,0,0.0,0.33,0.33,0.0,0.33,0.0084,23,4,Squad Rotation
Joe Gelhardt,01962d0d,eng ENG,FW,Leeds United,LEEDSUNITED,20.0,2002,2022,15,1,212,2.4,0,2,2,0,0,0,1,0,0.0,0.85,0.85,0.0,0.85,0.0082,24,5,Fringe/Backup
Mateusz Klich,282679b4,pl POL,MF,Leeds United,LEEDSUNITED,32.0,1990,2022,14,0,280,3.1,0,0,0,0,0,0,2,0,0.0,0.0,0.0,0.0,0.0,0.0074,25,5,Fringe/Backup
Daniel James,c931d9f9,wls WAL,MF,Leeds United,LEEDSUNITED,24.0,1997,2022,4,2,198,2.2,0,0,0,0,0,0,0,0,0.0,0.0,0.0,0.0,0.0,0.0053,26,5,Fringe/Backup
Cody Drameh,e0d1510a,eng ENG,DF,Leeds United,LEEDSUNITED,20.0,2001,2022,1,1,69,0.8,0,0,0,0,0,0,0,0,0.0,0.0,0.0,0.0,0.0,0.0019,27,5,Fringe/Backup
Mateo Joseph,6ad43f9a,es ESP,FW,Leeds United,LEEDSUNITED,18.0,2003,2022,3,0,26,0.3,0,0,0,0,0,0,0,0,0.0,0.0,0.0,0.0,0.0,0.0007,28,5,Fringe/Backup
Darko Gyabi,56d838f7,eng ENG,MF,Leeds United,LEEDSUNITED,18.0,2004,2022,1,0,8,0.1,0,0,0,0,0,0,0,0,0.0,0.0,0.0,0.0,0.0,0.0002,29,5,Fringe/Backup
Timothy Castagne,197640fd,be BEL,DFMF,Leicester City,LEICESTERCITY,26.0,1995,2022,37,36,3254,36.2,2,3,5,2,0,0,3,0,0.06,0.08,0.14,0.06,0.14,0.0927,1,1,Talisman
Harvey Barnes,3ea50f67,eng ENG,MFFW,Leicester City,LEICESTERCITY,24.0,1997,2022,34,32,2711,30.1,13,1,14,13,0,0,3,0,0.43,0.03,0.46,0.43,0.46,0.0886,2,1,Talisman
James Maddison,ee38d9c5,eng ENG,MFFW,Leicester City,LEICESTERCITY,25.0,1996,2022,30,28,2480,27.6,10,9,19,9,1,2,10,0,0.36,0.33,0.69,0.33,0.65,0.0876,3,1,Talisman
Wout Faes,9c221d14,be BEL,DF,Leicester City,LEICESTERCITY,24.0,1998,2022,31,31,2786,31.0,1,2,3,1,0,0,6,1,0.03,0.06,0.1,0.03,0.1,0.0779,4,1,Talisman
Youri Tielemans,56f7a928,be BEL,MF,Leicester City,LEICESTERCITY,25.0,1997,2022,31,27,2344,26.0,3,2,5,2,1,2,4,0,0.12,0.08,0.19,0.08,0.15,0.0669,5,1,Talisman
Kiernan Dewsbury-Hall,5c74c0f5,eng ENG,MF,Leicester City,LEICESTERCITY,23.0,1998,2022,31,28,2306,25.6,2,2,4,2,0,0,5,1,0.08,0.08,0.16,0.08,0.16,0.0662,6,2,Key Player
Danny Ward,d3ce0e89,wls WAL,GK,Leicester City,LEICESTERCITY,29.0,1993,2022,26,26,2340,26.0,0,0,0,0,0,0,0,0,0.0,0.0,0.0,0.0,0.0,0.0622,7,2,Key Player
Jamie Vardy,45963054,eng ENG,FW,Leicester City,LEICESTERCITY,35.0,1987,2022,37,19,1857,20.6,3,4,7,3,0,1,1,0,0.15,0.19,0.34,0.15,0.34,0.0577,8,2,Key Player
Wilfred Ndidi,6b47c5db,ng NGA,MFDF,Leicester City,LEICESTERCITY,25.0,1996,2022,27,19,1679,18.7,0,0,0,0,0,0,4,0,0.0,0.0,0.0,0.0,0.0,0.0448,9,2,Key Player
Boubakary Soumaré,ae59b359,fr FRA,MF,Leicester City,LEICESTERCITY,23.0,1999,2022,26,20,1629,18.1,0,0,0,0,0,0,9,0,0.0,0.0,0.0,0.0,0.0,0.0433,10,2,Key Player
Daniel Amartey,1a4ef233,gh GHA,DF,Leicester City,LEICESTERCITY,27.0,1994,2022,20,18,1610,17.9,0,0,0,0,0,0,1,0,0.0,0.0,0.0,0.0,0.0,0.0429,11,2,Key Player
Patson Daka,ca45605e,zm ZAM,FW,Leicester City,LEICESTERCITY,23.0,1998,2022,30,13,1187,13.2,4,4,8,4,0,0,2,0,0.3,0.3,0.61,0.3,0.61,0.0412,12,3,Regular Starter
Kelechi Iheanacho,c92e1a31,ng NGA,FW,Leicester City,LEICESTERCITY,25.0,1996,2022,28,11,1127,12.5,5,5,10,4,1,1,0,0,0.4,0.4,0.8,0.32,0.72,0.0407,13,3,Regular Starter
James Justin,fb614c44,eng ENG,DFMF,Leicester City,LEICESTERCITY,24.0,1998,2022,14,14,1252,13.9,0,0,0,0,0,0,0,0,0.0,0.0,0.0,0.0,0.0,0.0333,14,3,Regular Starter
Daniel Iversen,10d221cd,dk DEN,GK,Leicester City,LEICESTERCITY,25.0,1997,2022,12,12,1080,12.0,0,0,0,0,0,0,0,0,0.0,0.0,0.0,0.0,0.0,0.0287,15,3,Regular Starter
Luke Thomas,fc027d02,eng ENG,DF,Leicester City,LEICESTERCITY,21.0,2001,2022,17,11,1073,11.9,0,0,0,0,0,0,3,0,0.0,0.0,0.0,0.0,0.0,0.0285,16,3,Regular Starter
Jonny Evans,f8fcd2a5,nir NIR,DF,Leicester City,LEICESTERCITY,34.0,1988,2022,13,12,1051,11.7,0,0,0,0,0,0,1,0,0.0,0.0,0.0,0.0,0.0,0.028,17,4,Squad Rotation
Harry Souttar,0a6cb1b1,au AUS,DF,Leicester City,LEICESTERCITY,23.0,1998,2022,12,11,992,11.0,0,1,1,0,0,0,2,0,0.0,0.09,0.09,0.0,0.09,0.0275,18,4,Squad Rotation
Victor Bernth Kristiansen,505486d6,dk DEN,DF,Leicester City,LEICESTERCITY,19.0,2002,2022,12,11,892,9.9,0,1,1,0,0,0,2,0,0.0,0.1,0.1,0.0,0.1,0.0249,19,4,Squad Rotation
Nampalys Mendy,1598599e,sn SEN,MF,Leicester City,LEICESTERCITY,30.0,1992,2022,19,7,757,8.4,1,0,1,1,0,0,1,0,0.12,0.0,0.12,0.12,0.12,0.0213,20,4,Squad Rotation
Tetê,7120a04d,br BRA,MFFW,Leicester City,LEICESTERCITY,22.0,2000,2022,13,9,734,8.2,1,0,1,1,0,0,0,0,0.12,0.0,0.12,0.12,0.12,0.0208,21,4,Squad Rotation
Dennis Praet,86695068,be BEL,MF,Leicester City,LEICESTERCITY,28.0,1994,2022,22,6,649,7.2,1,0,1,1,0,0,1,0,0.14,0.0,0.14,0.14,0.14,0.0184,22,4,Squad Rotation
Çağlar Söyüncü,21166ff4,tr TUR,DF,Leicester City,LEICESTERCITY,26.0,1996,2022,7,6,529,5.9,1,0,1,1,0,0,2,0,0.17,0.0,0.17,0.17,0.17,0.0153,23,5,Fringe/Backup
Ricardo Pereira,75a72a99,pt POR,DFMF,Leicester City,LEICESTERCITY,28.0,1993,2022,10,5,454,5.0,1,1,2,1,0,0,2,0,0.2,0.2,0.4,0.2,0.4,0.0144,24,5,Fringe/Backup
Ayoze Pérez,819aa8e7,es ESP,MF,Leicester City,LEICESTERCITY,29.0,1993,2022,8,3,382,4.2,0,1,1,0,0,0,0,0,0.0,0.24,0.24,0.0,0.24,0.0113,25,5,Fringe/Backup
Marc Albrighton,b827d5b3,eng ENG,MF,Leicester City,LEICESTERCITY,32.0,1989,2022,6,1,237,2.6,1,0,1,1,0,0,0,0,0.38,0.0,0.38,0.38,0.38,0.0074,26,5,Fringe/Backup
Wesley Fofana,132a82f1,fr FRA,DF,Leicester City,LEICESTERCITY,21.0,2000,2022,2,2,180,2.0,0,0,0,0,0,0,1,0,0.0,0.0,0.0,0.0,0.0,0.0048,27,5,Fringe/Backup
Lewis Brunt,a2081c6b,eng ENG,DFMF,Leicester City,LEICESTERCITY,21.0,2000,2022,1,0,23,0.3,0,0,0,0,0,0,0,0,0.0,0.0,0.0,0.0,0.0,0.0007,28,5,Fringe/Backup
Mohamed Salah,e342ad68,eg EGY,FW,Liverpool,LIVERPOOL,30.0,1992,2022,38,37,3290,36.6,19,12,31,17,2,4,2,0,0.52,0.33,0.85,0.47,0.79,0.1223,1,1,Talisman
Trent Alexander-Arnold,cd1acf9d,eng ENG,DF,Liverpool,LIVERPOOL,23.0,1998,2022,37,34,2923,32.5,2,9,11,2,0,0,5,0,0.06,0.28,0.34,0.06,0.34,0.0911,2,1,Talisman
Alisson,7a2e46a8,br BRA,GK,Liverpool,LIVERPOOL,29.0,1992,2022,37,37,3330,37.0,0,1,1,0,0,0,1,0,0.0,0.03,0.03,0.0,0.03,0.0899,3,1,Talisman
Virgil van Dijk,e06683ca,nl NED,DF,Liverpool,LIVERPOOL,31.0,1991,2022,32,32,2835,31.5,3,1,4,3,0,0,3,0,0.1,0.03,0.13,0.1,0.13,0.0803,4,1,Talisman
Andy Robertson,2e4f5f03,sct SCO,DF,Liverpool,LIVERPOOL,28.0,1994,2022,34,29,2583,28.7,0,8,8,0,0,0,3,0,0.0,0.28,0.28,0.0,0.28,0.0783,5,1,Talisman
Fabinho,7f3b388c,br BRA,MF,Liverpool,LIVERPOOL,28.0,1993,2022,36,31,2671,29.7,0,2,2,0,0,0,11,0,0.0,0.07,0.07,0.0,0.07,0.0736,6,2,Key Player
Darwin Núñez,4d77b365,uy URU,FW,Liverpool,LIVERPOOL,23.0,1999,2022,29,19,1695,18.8,9,3,12,9,0,0,1,1,0.48,0.16,0.64,0.48,0.64,0.0594,7,2,Key Player
Jordan Henderson,935e6b8f,eng ENG,MF,Liverpool,LIVERPOOL,32.0,1990,2022,35,23,2074,23.0,0,2,2,0,0,0,2,0,0.0,0.09,0.09,0.0,0.09,0.0576,8,2,Key Player
Roberto Firmino,4c370d81,br BRA,FW,Liverpool,LIVERPOOL,30.0,1991,2022,25,13,1213,13.5,11,4,15,11,0,0,0,0,0.82,0.3,1.11,0.82,1.11,0.0503,9,2,Key Player
Cody Gakpo,1971591f,nl NED,FW,Liverpool,LIVERPOOL,23.0,1999,2022,21,17,1458,16.2,7,2,9,7,0,0,0,0,0.43,0.12,0.56,0.43,0.56,0.0497,10,2,Key Player
Harvey Elliott,b9e1436c,eng ENG,MF,Liverpool,LIVERPOOL,19.0,2003,2022,32,18,1613,17.9,1,2,3,1,0,0,2,0,0.06,0.11,0.17,0.06,0.17,0.0465,11,2,Key Player
Diogo Jota,178ae8f8,pt POR,FWMF,Liverpool,LIVERPOOL,25.0,1996,2022,22,12,1131,12.6,7,4,11,7,0,0,2,0,0.56,0.32,0.88,0.56,0.88,0.0434,12,3,Regular Starter
Ibrahima Konaté,5ed9b537,fr FRA,DF,Liverpool,LIVERPOOL,23.0,1999,2022,18,17,1552,17.2,0,0,0,0,0,0,5,0,0.0,0.0,0.0,0.0,0.0,0.0412,13,3,Regular Starter
Joe Gomez,7a11550b,eng ENG,DF,Liverpool,LIVERPOOL,25.0,1997,2022,21,15,1466,16.3,0,0,0,0,0,0,3,0,0.0,0.0,0.0,0.0,0.0,0.039,14,3,Regular Starter
Luis Díaz,4a1a9578,co COL,FW,Liverpool,LIVERPOOL,25.0,1997,2022,17,11,996,11.1,4,2,6,4,0,0,2,0,0.36,0.18,0.54,0.36,0.54,0.0338,15,3,Regular Starter
Thiago Alcántara,77e84962,es ESP,MF,Liverpool,LIVERPOOL,31.0,1991,2022,18,14,1254,13.9,0,0,0,0,0,0,2,0,0.0,0.0,0.0,0.0,0.0,0.0333,16,3,Regular Starter
Curtis Jones,4fb9c88f,eng ENG,MF,Liverpool,LIVERPOOL,21.0,2001,2022,18,12,1035,11.5,3,1,4,3,0,0,2,0,0.26,0.09,0.35,0.26,0.35,0.0324,17,4,Squad Rotation
Joël Matip,b217ef29,cm CMR,DF,Liverpool,LIVERPOOL,30.0,1991,2022,14,12,1092,12.1,1,0,1,1,0,0,3,0,0.08,0.0,0.08,0.08,0.08,0.0301,18,4,Squad Rotation
James Milner,2f90f6b8,eng ENG,MFDF,Liverpool,LIVERPOOL,36.0,1986,2022,31,7,913,10.1,0,1,1,0,0,0,2,0,0.0,0.1,0.1,0.0,0.1,0.0254,19,4,Squad Rotation
Kostas Tsimikas,f315ca93,gr GRE,DF,Liverpool,LIVERPOOL,26.0,1996,2022,20,9,771,8.6,0,4,4,0,0,0,3,0,0.0,0.47,0.47,0.0,0.47,0.0254,20,4,Squad Rotation
Stefan Bajcetic,32e8417f,es ESP,MF,Liverpool,LIVERPOOL,17.0,2004,2022,11,6,526,5.8,1,0,1,1,0,0,2,0,0.17,0.0,0.17,0.17,0.17,0.0151,21,4,Squad Rotation
Fabio Carvalho,966e28d0,pt POR,MFFW,Liverpool,LIVERPOOL,19.0,2002,2022,13,4,347,3.9,2,0,2,2,0,0,0,0,0.52,0.0,0.52,0.52,0.52,0.0118,22,4,Squad Rotation
Alex Oxlade-Chamberlain,38c7feef,eng ENG,FW,Liverpool,LIVERPOOL,28.0,1993,2022,9,4,335,3.7,1,0,1,1,0,0,0,0,0.27,0.0,0.27,0.27,0.27,0.0101,23,5,Fringe/Backup
Naby Keïta,f25c8e3a,gn GUI,MF,Liverpool,LIVERPOOL,27.0,1995,2022,8,3,293,3.3,0,0,0,0,0,0,1,0,0.0,0.0,0.0,0.0,0.0,0.0079,24,5,Fringe/Backup
Caoimhín Kelleher,62d7ef38,ie IRL,GK,Liverpool,LIVERPOOL,23.0,1998,2022,1,1,90,1.0,0,0,0,0,0,0,0,0,0.0,0.0,0.0,0.0,0.0,0.0024,25,5,Fringe/Backup
Nathaniel Phillips,515ebe8d,eng ENG,DF,Liverpool,LIVERPOOL,25.0,1997,2022,2,1,66,0.7,0,0,0,0,0,0,0,0,0.0,0.0,0.0,0.0,0.0,0.0017,26,5,Fringe/Backup
Ben Gannon-Doak,733f1a7d,sct SCO,MF,Liverpool,LIVERPOOL,16.0,2005,2022,2,0,26,0.3,0,0,0,0,0,0,0,0,0.0,0.0,0.0,0.0,0.0,0.0007,27,5,Fringe/Backup
Bobby Clark,73341ace,eng ENG,MF,Liverpool,LIVERPOOL,17.0,2005,2022,1,0,8,0.1,0,0,0,0,0,0,0,0,0.0,0.0,0.0,0.0,0.0,0.0002,28,5,Fringe/Backup
Erling Haaland,1f44ac21,no NOR,FWMF,Manchester City,MANCHESTERCITY,22.0,2000,2022,35,33,2769,30.8,36,8,44,29,7,7,5,0,1.17,0.26,1.43,0.94,1.2,0.1181,1,1,Talisman
Kevin De Bruyne,e46012d4,be BEL,MF,Manchester City,MANCHESTERCITY,31.0,1991,2022,32,28,2417,26.9,7,16,23,7,0,0,1,0,0.26,0.6,0.86,0.26,0.86,0.0922,2,1,Talisman
Rodri,6434f10d,es ESP,MFDF,Manchester City,MANCHESTERCITY,26.0,1996,2022,36,34,2911,32.3,2,6,8,2,0,0,5,0,0.06,0.19,0.25,0.06,0.25,0.0871,3,1,Talisman
Ederson Moraes,3bb7b8b4,br BRA,GK,Manchester City,MANCHESTERCITY,28.0,1993,2022,35,35,3150,35.0,0,1,1,0,0,0,3,0,0.0,0.03,0.03,0.0,0.03,0.0852,4,1,Talisman
İlkay Gündoğan,819b3158,de GER,MF,Manchester City,MANCHESTERCITY,31.0,1990,2022,31,27,2353,26.1,8,4,12,8,0,1,0,0,0.31,0.15,0.46,0.31,0.46,0.0769,5,2,Key Player
Bernardo Silva,3eb22ec9,pt POR,MFFW,Manchester City,MANCHESTERCITY,27.0,1994,2022,34,24,2205,24.5,4,5,9,4,0,0,5,0,0.16,0.2,0.37,0.16,0.37,0.0696,6,2,Key Player
Phil Foden,ed1e53f3,eng ENG,FWMF,Manchester City,MANCHESTERCITY,22.0,2000,2022,32,22,1842,20.5,11,6,17,11,0,0,1,0,0.54,0.29,0.83,0.54,0.83,0.0695,7,2,Key Player
Jack Grealish,b0b4fd3e,eng ENG,FWMF,Manchester City,MANCHESTERCITY,26.0,1995,2022,28,23,2055,22.8,5,7,12,5,0,0,4,0,0.22,0.31,0.53,0.22,0.53,0.0691,8,2,Key Player
Riyad Mahrez,892d5bb1,dz ALG,MFFW,Manchester City,MANCHESTERCITY,31.0,1991,2022,30,22,1920,21.3,5,10,15,4,1,1,2,0,0.23,0.47,0.7,0.19,0.66,0.0679,9,2,Key Player
Manuel Akanji,89ac64a6,ch SUI,DFMF,Manchester City,MANCHESTERCITY,27.0,1995,2022,29,24,2287,25.4,0,1,1,0,0,0,2,0,0.0,0.04,0.04,0.0,0.04,0.0621,10,3,Regular Starter
John Stones,5eecec3d,eng ENG,DFMF,Manchester City,MANCHESTERCITY,28.0,1994,2022,23,21,1846,20.5,2,2,4,2,0,0,2,0,0.1,0.1,0.2,0.1,0.2,0.0541,11,3,Regular Starter
Rúben Dias,31c69ef1,pt POR,DFMF,Manchester City,MANCHESTERCITY,25.0,1997,2022,26,22,1998,22.2,0,0,0,0,0,0,3,0,0.0,0.0,0.0,0.0,0.0,0.0532,12,3,Regular Starter
Kyle Walker,86dd77d1,eng ENG,DFMF,Manchester City,MANCHESTERCITY,32.0,1990,2022,27,22,1958,21.8,0,0,0,0,0,0,3,0,0.0,0.0,0.0,0.0,0.0,0.0523,13,3,Regular Starter
Nathan Aké,eaeca114,nl NED,DF,Manchester City,MANCHESTERCITY,27.0,1995,2022,26,22,1873,20.8,1,0,1,1,0,0,2,0,0.05,0.0,0.05,0.05,0.05,0.0511,14,3,Regular Starter
Julián Álvarez,15ab5a2b,ar ARG,MFFW,Manchester City,MANCHESTERCITY,22.0,2000,2022,31,13,1465,16.3,9,0,9,8,1,1,0,0,0.55,0.0,0.55,0.49,0.49,0.0486,15,4,Squad Rotation
João Cancelo,bd6351cd,pt POR,DF,Manchester City,MANCHESTERCITY,28.0,1994,2022,17,16,1274,14.2,2,1,3,2,0,0,3,1,0.14,0.07,0.21,0.14,0.21,0.0376,16,4,Squad Rotation
Aymeric Laporte,119b9a8e,es ESP,DFMF,Manchester City,MANCHESTERCITY,28.0,1994,2022,12,11,993,11.0,0,0,0,0,0,0,0,0,0.0,0.0,0.0,0.0,0.0,0.0264,17,4,Squad Rotation
Rico Lewis,b57e066e,eng ENG,DFMF,Manchester City,MANCHESTERCITY,17.0,2004,2022,14,10,903,10.0,0,0,0,0,0,0,1,0,0.0,0.0,0.0,0.0,0.0,0.024,18,4,Squad Rotation
Cole Palmer,dc7f8a28,eng ENG,MFFW,Manchester City,MANCHESTERCITY,20.0,2002,2022,14,2,370,4.1,0,1,1,0,0,0,1,0,0.0,0.24,0.24,0.0,0.24,0.011,19,4,Squad Rotation
Sergio Gómez,01e5f06e,es ESP,MFFW,Manchester City,MANCHESTERCITY,21.0,2000,2022,12,2,349,3.9,0,1,1,0,0,0,0,0,0.0,0.26,0.26,0.0,0.26,0.0106,20,5,Fringe/Backup
Kalvin Phillips,4f565d77,eng ENG,MFDF,Manchester City,MANCHESTERCITY,26.0,1995,2022,12,2,300,3.3,0,0,0,0,0,0,1,0,0.0,0.0,0.0,0.0,0.0,0.0079,21,5,Fringe/Backup
Stefan Ortega,c1242d4e,de GER,GK,Manchester City,MANCHESTERCITY,29.0,1992,2022,3,3,270,3.0,0,0,0,0,0,0,0,0,0.0,0.0,0.0,0.0,0.0,0.0072,22,5,Fringe/Backup
Shea Charles,5cc3ce65,nir NIR,DFMF,Manchester City,MANCHESTERCITY,18.0,2003,2022,1,0,28,0.3,0,0,0,0,0,0,0,0,0.0,0.0,0.0,0.0,0.0,0.0007,23,5,Fringe/Backup
Máximo Perrone,53552942,ar ARG,MF,Manchester City,MANCHESTERCITY,19.0,2003,2022,1,0,19,0.2,0,0,0,0,0,0,0,0,0.0,0.0,0.0,0.0,0.0,0.0005,24,5,Fringe/Backup
Bruno Fernandes,507c7bdf,pt POR,MF,Manchester Utd,MANCHESTERUNITED,27.0,1994,2022,37,37,3316,36.8,8,8,16,6,2,2,6,0,0.22,0.22,0.43,0.16,0.38,0.105,1,1,Talisman
Marcus Rashford,a1d5bd30,eng ENG,FWMF,Manchester Utd,MANCHESTERUNITED,24.0,1997,2022,35,32,2879,32.0,17,5,22,17,0,0,2,0,0.53,0.16,0.69,0.53,0.69,0.1032,2,1,Talisman
David de Gea,7ba6d84e,es ESP,GK,Manchester Utd,MANCHESTERUNITED,31.0,1990,2022,38,38,3420,38.0,0,0,0,0,0,0,0,0,0.0,0.0,0.0,0.0,0.0,0.0911,3,1,Talisman
Luke Shaw,9c94165b,eng ENG,DF,Manchester Utd,MANCHESTERUNITED,27.0,1995,2022,31,30,2552,28.4,1,2,3,1,0,0,8,0,0.04,0.07,0.11,0.04,0.11,0.0718,4,1,Talisman
Christian Eriksen,980522ec,dk DEN,MF,Manchester Utd,MANCHESTERUNITED,30.0,1992,2022,28,25,2048,22.8,1,8,9,1,0,0,3,0,0.04,0.35,0.4,0.04,0.4,0.0656,5,1,Talisman
Casemiro,4d224fe8,br BRA,MF,Manchester Utd,MANCHESTERUNITED,30.0,1992,2022,28,24,2124,23.6,4,3,7,4,0,0,7,2,0.17,0.13,0.3,0.17,0.3,0.0651,6,2,Key Player
Diogo Dalot,d9565625,pt POR,DF,Manchester Utd,MANCHESTERUNITED,23.0,1999,2022,26,24,2154,23.9,1,2,3,1,0,0,6,0,0.04,0.08,0.13,0.04,0.13,0.061,7,2,Key Player
Lisandro Martínez,bac46a10,ar ARG,DF,Manchester Utd,MANCHESTERUNITED,24.0,1998,2022,27,24,2114,23.5,1,0,1,1,0,0,6,0,0.04,0.0,0.04,0.04,0.04,0.0575,8,2,Key Player
Jadon Sancho,dbf053da,eng ENG,MF,Manchester Utd,MANCHESTERUNITED,22.0,2000,2022,26,21,1686,18.7,6,3,9,6,0,0,0,0,0.32,0.16,0.48,0.32,0.48,0.0556,9,2,Key Player
Antony,99127249,br BRA,MF,Manchester Utd,MANCHESTERUNITED,22.0,2000,2022,25,23,1802,20.0,4,2,6,4,0,0,5,0,0.2,0.1,0.3,0.2,0.3,0.0551,10,2,Key Player
Raphaël Varane,9f8e9423,fr FRA,DF,Manchester Utd,MANCHESTERUNITED,29.0,1993,2022,24,22,1911,21.2,0,0,0,0,0,0,1,0,0.0,0.0,0.0,0.0,0.0,0.0508,11,3,Regular Starter
Fred,b853e0ad,br BRA,MF,Manchester Utd,MANCHESTERUNITED,29.0,1993,2022,35,12,1249,13.9,2,2,4,2,0,0,6,0,0.14,0.14,0.29,0.14,0.29,0.0382,12,3,Regular Starter
Aaron Wan-Bissaka,9e525177,cd COD,DF,Manchester Utd,MANCHESTERUNITED,24.0,1997,2022,19,16,1435,15.9,0,0,0,0,0,0,2,0,0.0,0.0,0.0,0.0,0.0,0.0381,13,3,Regular Starter
Tyrell Malacia,6b6c793c,nl NED,DF,Manchester Utd,MANCHESTERUNITED,22.0,1999,2022,22,14,1396,15.5,0,0,0,0,0,0,6,0,0.0,0.0,0.0,0.0,0.0,0.0372,14,3,Regular Starter
Victor Lindelöf,f5deef4c,se SWE,DF,Manchester Utd,MANCHESTERUNITED,28.0,1994,2022,20,14,1365,15.2,0,0,0,0,0,0,1,0,0.0,0.0,0.0,0.0,0.0,0.0364,15,3,Regular Starter
Anthony Martial,8b788c01,fr FRA,FW,Manchester Utd,MANCHESTERUNITED,26.0,1995,2022,21,11,978,10.9,6,2,8,5,1,1,0,0,0.55,0.18,0.74,0.46,0.64,0.0345,16,4,Squad Rotation
Scott McTominay,d93c2511,sct SCO,MF,Manchester Utd,MANCHESTERUNITED,25.0,1996,2022,24,10,1160,12.9,1,0,1,1,0,0,8,0,0.08,0.0,0.08,0.08,0.08,0.0322,17,4,Squad Rotation
Wout Weghorst,c4e87b8b,nl NED,FWMF,Manchester Utd,MANCHESTERUNITED,29.0,1992,2022,17,10,797,8.9,0,1,1,0,0,0,1,0,0.0,0.11,0.11,0.0,0.11,0.0225,18,4,Squad Rotation
Alejandro Garnacho,7aa8adfe,ar ARG,MF,Manchester Utd,MANCHESTERUNITED,18.0,2004,2022,19,5,569,6.3,3,2,5,3,0,0,3,0,0.47,0.32,0.79,0.47,0.79,0.0211,19,4,Squad Rotation
Harry Maguire,d8931174,eng ENG,DF,Manchester Utd,MANCHESTERUNITED,29.0,1993,2022,16,8,767,8.5,0,0,0,0,0,0,4,0,0.0,0.0,0.0,0.0,0.0,0.0204,20,4,Squad Rotation
Marcel Sabitzer,e280527c,at AUT,MF,Manchester Utd,MANCHESTERUNITED,28.0,1994,2022,11,7,627,7.0,0,1,1,0,0,0,1,0,0.0,0.14,0.14,0.0,0.14,0.018,21,5,Fringe/Backup
Cristiano Ronaldo,dea698d9,pt POR,FW,Manchester Utd,MANCHESTERUNITED,37.0,1985,2022,10,4,525,5.8,1,0,1,1,0,0,2,0,0.17,0.0,0.17,0.17,0.17,0.0151,22,5,Fringe/Backup
Anthony Elanga,2fba6108,se SWE,MF,Manchester Utd,MANCHESTERUNITED,20.0,2002,2022,16,5,426,4.7,0,1,1,0,0,0,0,0,0.0,0.21,0.21,0.0,0.21,0.0125,23,5,Fringe/Backup
Donny van de Beek,50dc94ce,nl NED,MF,Manchester Utd,MANCHESTERUNITED,25.0,1997,2022,7,2,167,1.9,0,0,0,0,0,0,0,0,0.0,0.0,0.0,0.0,0.0,0.0046,24,5,Fringe/Backup
Facundo Pellistri,ac7e7b1c,uy URU,FWMF,Manchester Utd,MANCHESTERUNITED,20.0,2001,2022,4,0,64,0.7,0,0,0,0,0,0,0,0,0.0,0.0,0.0,0.0,0.0,0.0017,25,5,Fringe/Backup
Kobbie Mainoo,c6220452,eng ENG,MF,Manchester Utd,MANCHESTERUNITED,17.0,2005,2022,1,0,11,0.1,0,0,0,0,0,0,0,0,0.0,0.0,0.0,0.0,0.0,0.0002,26,5,Fringe/Backup
Kieran Trippier,21512407,eng ENG,DF,Newcastle,NEWCASTLEUNITED,31.0,1990,2022,38,38,3341,37.1,1,7,8,1,0,0,5,0,0.03,0.19,0.22,0.03,0.22,0.0987,1,1,Talisman
Fabian Schär,c8aa95da,ch SUI,DF,Newcastle,NEWCASTLEUNITED,30.0,1991,2022,36,36,3206,35.6,1,3,4,1,0,0,7,0,0.03,0.08,0.11,0.03,0.11,0.09,2,1,Talisman
Nick Pope,4b40d9ca,eng ENG,GK,Newcastle,NEWCASTLEUNITED,30.0,1992,2022,37,37,3261,36.2,0,0,0,0,0,0,3,1,0.0,0.0,0.0,0.0,0.0,0.0868,3,1,Talisman
Dan Burn,b2d31e83,eng ENG,DF,Newcastle,NEWCASTLEUNITED,30.0,1992,2022,38,35,3111,34.6,1,0,1,1,0,0,5,0,0.03,0.0,0.03,0.03,0.03,0.0842,4,1,Talisman
Bruno Guimarães,82518f62,br BRA,MF,Newcastle,NEWCASTLEUNITED,24.0,1997,2022,32,32,2726,30.3,4,5,9,4,0,0,7,0,0.13,0.17,0.3,0.13,0.3,0.0835,5,1,Talisman
Sven Botman,ccce7025,nl NED,DF,Newcastle,NEWCASTLEUNITED,22.0,2000,2022,36,35,3127,34.7,0,0,0,0,0,0,2,0,0.0,0.0,0.0,0.0,0.0,0.0832,6,2,Key Player
Miguel Almirón,862a1c15,py PAR,FW,Newcastle,NEWCASTLEUNITED,28.0,1994,2022,34,29,2491,27.7,11,2,13,11,0,0,2,0,0.4,0.07,0.47,0.4,0.47,0.082,7,2,Key Player
Joelinton,c17bfb65,br BRA,MFFW,Newcastle,NEWCASTLEUNITED,25.0,1996,2022,32,30,2661,29.6,6,1,7,6,0,0,12,0,0.2,0.03,0.24,0.2,0.24,0.0795,8,2,Key Player
Joe Willock,a3b03921,eng ENG,MF,Newcastle,NEWCASTLEUNITED,22.0,1999,2022,35,31,2558,28.4,3,6,9,3,0,0,1,0,0.11,0.21,0.32,0.11,0.32,0.079,9,2,Key Player
Callum Wilson,c596fcb0,eng ENG,FW,Newcastle,NEWCASTLEUNITED,30.0,1992,2022,31,21,1877,20.9,18,5,23,15,3,3,4,0,0.86,0.24,1.1,0.72,0.96,0.0741,10,2,Key Player
Sean Longstaff,a2b105e0,eng ENG,MF,Newcastle,NEWCASTLEUNITED,24.0,1997,2022,33,28,2518,28.0,1,4,5,1,0,0,2,0,0.04,0.14,0.18,0.04,0.18,0.0732,11,3,Regular Starter
Alexander Isak,8e92be30,se SWE,FW,Newcastle,NEWCASTLEUNITED,22.0,1999,2022,22,17,1522,16.9,10,1,11,8,2,2,3,0,0.59,0.06,0.65,0.47,0.53,0.0512,12,3,Regular Starter
Jacob Murphy,de112b84,eng ENG,FW,Newcastle,NEWCASTLEUNITED,27.0,1995,2022,36,14,1251,13.9,4,2,6,4,0,0,0,0,0.29,0.14,0.43,0.29,0.43,0.0405,13,3,Regular Starter
Allan Saint-Maximin,2b16cb1a,fr FRA,FW,Newcastle,NEWCASTLEUNITED,25.0,1997,2022,25,12,1120,12.4,1,5,6,1,0,0,1,0,0.08,0.4,0.48,0.08,0.48,0.0369,14,3,Regular Starter
Matt Targett,e514ab62,eng ENG,DF,Newcastle,NEWCASTLEUNITED,26.0,1995,2022,17,6,610,6.8,0,0,0,0,0,0,1,0,0.0,0.0,0.0,0.0,0.0,0.0163,15,3,Regular Starter
Anthony Gordon,2bd83368,eng ENG,FWMF,Newcastle,NEWCASTLEUNITED,21.0,2001,2022,16,4,487,5.4,1,0,1,1,0,0,1,0,0.18,0.0,0.18,0.18,0.18,0.0141,16,3,Regular Starter
Chris Wood,4e9a0555,nz NZL,FW,Newcastle,NEWCASTLEUNITED,30.0,1991,2022,18,4,446,5.0,2,0,2,1,1,1,0,0,0.4,0.0,0.4,0.2,0.2,0.0132,17,4,Squad Rotation
Elliot Anderson,de31038e,eng ENG,MF,Newcastle,NEWCASTLEUNITED,19.0,2002,2022,22,3,410,4.6,0,1,1,0,0,0,0,0,0.0,0.22,0.22,0.0,0.22,0.0122,18,4,Squad Rotation
Ryan Fraser,d56543a0,sct SCO,FW,Newcastle,NEWCASTLEUNITED,28.0,1994,2022,8,3,313,3.5,0,0,0,0,0,0,1,0,0.0,0.0,0.0,0.0,0.0,0.0084,19,4,Squad Rotation
Jamaal Lascelles,450ab6fc,eng ENG,DF,Newcastle,NEWCASTLEUNITED,28.0,1993,2022,7,2,218,2.4,0,0,0,0,0,0,4,0,0.0,0.0,0.0,0.0,0.0,0.0058,20,4,Squad Rotation
Martin Dúbravka,3a949a25,sk SVK,GK,Newcastle,NEWCASTLEUNITED,33.0,1989,2022,2,1,157,1.7,0,0,0,0,0,0,0,0,0.0,0.0,0.0,0.0,0.0,0.0041,21,4,Squad Rotation
Javier Manquillo,758dd7f0,es ESP,DF,Newcastle,NEWCASTLEUNITED,28.0,1994,2022,4,0,37,0.4,0,0,0,0,0,0,0,0,0.0,0.0,0.0,0.0,0.0,0.001,22,5,Fringe/Backup
Matt Ritchie,71ef519e,sct SCO,DFMF,Newcastle,NEWCASTLEUNITED,32.0,1989,2022,7,0,39,0.4,0,0,0,0,0,0,0,0,0.0,0.0,0.0,0.0,0.0,0.001,23,5,Fringe/Backup
Jonjo Shelvey,3727dd3c,eng ENG,MF,Newcastle,NEWCASTLEUNITED,30.0,1992,2022,3,0,37,0.4,0,0,0,0,0,0,0,0,0.0,0.0,0.0,0.0,0.0,0.001,24,5,Fringe/Backup
Lewis Miley,2c6835e5,eng ENG,MF,Newcastle,NEWCASTLEUNITED,16.0,2006,2022,1,0,15,0.2,0,0,0,0,0,0,0,0,0.0,0.0,0.0,0.0,0.0,0.0005,25,5,Fringe/Backup
Jamal Lewis,efb9215a,nir NIR,DFMF,Newcastle,NEWCASTLEUNITED,24.0,1998,2022,2,0,11,0.1,0,0,0,0,0,0,0,0,0.0,0.0,0.0,0.0,0.0,0.0002,26,5,Fringe/Backup
Emil Krafth,77cf6852,se SWE,DF,Newcastle,NEWCASTLEUNITED,27.0,1994,2022,1,0,1,0.0,0,0,0,0,0,0,0,0,0.0,0.0,0.0,0.0,0.0,0.0,27,5,Fringe/Backup
Morgan Gibbs-White,32f60ed8,eng ENG,MFFW,Nottingham,NOTTINGHAMFOREST,22.0,2000,2022,35,34,2971,33.0,5,8,13,3,2,2,5,0,0.15,0.24,0.39,0.09,0.33,0.092,1,1,Talisman
Brennan Johnson,0cd31129,wls WAL,FWMF,Nottingham,NOTTINGHAMFOREST,21.0,2001,2022,38,33,2934,32.6,8,3,11,7,1,3,6,0,0.25,0.09,0.34,0.21,0.31,0.0901,2,1,Talisman
Joe Worrall,a5212312,eng ENG,DF,Nottingham,NOTTINGHAMFOREST,25.0,1997,2022,30,21,2224,24.7,1,0,1,1,0,0,6,0,0.04,0.0,0.04,0.04,0.04,0.0603,3,1,Talisman
Renan Lodi,ed9f7cfe,br BRA,DFMF,Nottingham,NOTTINGHAMFOREST,24.0,1998,2022,28,26,2214,24.6,0,1,1,0,0,0,7,0,0.0,0.04,0.04,0.0,0.04,0.06,4,1,Talisman
Remo Freuler,98d2c2c4,ch SUI,MF,Nottingham,NOTTINGHAMFOREST,30.0,1992,2022,28,24,2161,24.0,0,0,0,0,0,0,4,0,0.0,0.0,0.0,0.0,0.0,0.0574,5,1,Talisman
Serge Aurier,5c2b4f07,ci CIV,DFMF,Nottingham,NOTTINGHAMFOREST,29.0,1992,2022,24,22,1943,21.6,1,0,1,1,0,0,2,0,0.05,0.0,0.05,0.05,0.05,0.053,6,1,Talisman
Neco Williams,dd323728,wls WAL,DFMF,Nottingham,NOTTINGHAMFOREST,21.0,2001,2022,31,20,1882,20.9,1,0,1,1,0,0,7,0,0.05,0.0,0.05,0.05,0.05,0.0513,7,2,Key Player
Ryan Yates,c1fe2a48,eng ENG,MF,Nottingham,NOTTINGHAMFOREST,24.0,1997,2022,26,21,1837,20.4,0,2,2,0,0,0,5,0,0.0,0.1,0.1,0.0,0.1,0.0513,8,2,Key Player
Taiwo Awoniyi,e5478b87,ng NGA,FW,Nottingham,NOTTINGHAMFOREST,24.0,1997,2022,27,17,1404,15.6,10,1,11,10,0,0,2,0,0.64,0.06,0.71,0.64,0.71,0.0506,9,2,Key Player
Orel Mangala,a572e291,be BEL,MF,Nottingham,NOTTINGHAMFOREST,24.0,1998,2022,27,20,1550,17.2,1,1,2,1,0,0,3,0,0.06,0.06,0.12,0.06,0.12,0.0436,10,2,Key Player
Dean Henderson,e5a76dfe,eng ENG,GK,Nottingham,NOTTINGHAMFOREST,25.0,1997,2022,18,18,1620,18.0,0,0,0,0,0,0,2,0,0.0,0.0,0.0,0.0,0.0,0.0431,11,2,Key Player
Scott McKenna,4e5a4cbc,sct SCO,DF,Nottingham,NOTTINGHAMFOREST,25.0,1996,2022,20,19,1571,17.5,0,0,0,0,0,0,4,0,0.0,0.0,0.0,0.0,0.0,0.0419,12,2,Key Player
Keylor Navas,ecada4fc,cr CRC,GK,Nottingham,NOTTINGHAMFOREST,35.0,1986,2022,17,17,1529,17.0,0,0,0,0,0,0,2,0,0.0,0.0,0.0,0.0,0.0,0.0407,13,2,Key Player
Felipe,51a3c4c8,br BRA,DF,Nottingham,NOTTINGHAMFOREST,33.0,1989,2022,16,15,1418,15.8,0,1,1,0,0,0,4,0,0.0,0.06,0.06,0.0,0.06,0.0389,14,3,Regular Starter
Danilo Santos,a816dbfb,br BRA,MF,Nottingham,NOTTINGHAMFOREST,21.0,2001,2022,13,12,976,10.8,3,2,5,3,0,0,1,0,0.28,0.18,0.46,0.28,0.46,0.0318,15,3,Regular Starter
Moussa Niakhaté,00242715,sn SEN,DF,Nottingham,NOTTINGHAMFOREST,26.0,1996,2022,14,14,1163,12.9,0,0,0,0,0,0,1,0,0.0,0.0,0.0,0.0,0.0,0.0309,16,3,Regular Starter
Steve Cook,3e5e4e63,eng ENG,DF,Nottingham,NOTTINGHAMFOREST,31.0,1991,2022,12,11,957,10.6,0,0,0,0,0,0,4,0,0.0,0.0,0.0,0.0,0.0,0.0254,17,3,Regular Starter
Harry Toffolo,a105d46a,eng ENG,DFMF,Nottingham,NOTTINGHAMFOREST,26.0,1995,2022,19,9,940,10.4,0,0,0,0,0,0,2,0,0.0,0.0,0.0,0.0,0.0,0.0249,18,3,Regular Starter
Cheikhou Kouyaté,8d3c902d,sn SEN,MFDF,Nottingham,NOTTINGHAMFOREST,32.0,1989,2022,21,10,882,9.8,1,0,1,1,0,0,3,0,0.1,0.0,0.1,0.1,0.1,0.0246,19,3,Regular Starter
Jesse Lingard,810e3c74,eng ENG,MFFW,Nottingham,NOTTINGHAMFOREST,29.0,1992,2022,17,12,923,10.3,0,0,0,0,0,0,1,0,0.0,0.0,0.0,0.0,0.0,0.0246,20,4,Squad Rotation
Emmanuel Dennis,2c44a35d,ng NGA,MFFW,Nottingham,NOTTINGHAMFOREST,24.0,1997,2022,19,6,720,8.0,2,2,4,2,0,0,3,0,0.25,0.25,0.5,0.25,0.5,0.0239,21,4,Squad Rotation
Willy Boly,a4ac4b8f,ci CIV,DF,Nottingham,NOTTINGHAMFOREST,31.0,1991,2022,11,9,685,7.6,0,1,1,0,0,0,2,0,0.0,0.13,0.13,0.0,0.13,0.0194,22,4,Squad Rotation
Lewis O'Brien,089667a5,eng ENG,MF,Nottingham,NOTTINGHAMFOREST,23.0,1998,2022,13,6,584,6.5,1,0,1,1,0,0,2,0,0.15,0.0,0.15,0.15,0.15,0.0167,23,4,Squad Rotation
Jonjo Shelvey,3727dd3c,eng ENG,MF,Nottingham,NOTTINGHAMFOREST,30.0,1992,2022,8,6,540,6.0,0,0,0,0,0,0,2,0,0.0,0.0,0.0,0.0,0.0,0.0144,24,4,Squad Rotation
Jack Colback,963a9201,eng ENG,MF,Nottingham,NOTTINGHAMFOREST,32.0,1989,2022,11,4,497,5.5,0,0,0,0,0,0,0,0,0.0,0.0,0.0,0.0,0.0,0.0132,25,4,Squad Rotation
Chris Wood,4e9a0555,nz NZL,FW,Nottingham,NOTTINGHAMFOREST,30.0,1991,2022,7,5,372,4.1,1,0,1,1,0,0,0,0,0.24,0.0,0.24,0.24,0.24,0.011,26,4,Squad Rotation
Sam Surridge,b017b770,eng ENG,FW,Nottingham,NOTTINGHAMFOREST,24.0,1998,2022,20,1,323,3.6,1,0,1,1,0,0,2,0,0.28,0.0,0.28,0.28,0.28,0.0098,27,5,Fringe/Backup
André Ayew,5dbefa9d,gh GHA,FW,Nottingham,NOTTINGHAMFOREST,32.0,1989,2022,13,1,316,3.5,0,0,0,0,0,1,1,0,0.0,0.0,0.0,0.0,0.0,0.0084,28,5,Fringe/Backup
Wayne Hennessey,76eca7e2,wls WAL,GK,Nottingham,NOTTINGHAMFOREST,35.0,1987,2022,4,3,271,3.0,0,0,0,0,0,0,0,0,0.0,0.0,0.0,0.0,0.0,0.0072,29,5,Fringe/Backup
Gustavo Scarpa,2964fd20,br BRA,MF,Nottingham,NOTTINGHAMFOREST,28.0,1994,2022,6,2,181,2.0,0,0,0,0,0,0,1,0,0.0,0.0,0.0,0.0,0.0,0.0048,30,5,Fringe/Backup
Giulian Biancone,de40e38c,fr FRA,DFMF,Nottingham,NOTTINGHAMFOREST,22.0,2000,2022,2,0,17,0.2,0,0,0,0,0,0,0,0,0.0,0.0,0.0,0.0,0.0,0.0005,31,5,Fringe/Backup
Cafú,85322440,pt POR,MF,Nottingham,NOTTINGHAMFOREST,29.0,1993,2022,1,0,7,0.1,0,0,0,0,0,0,0,0,0.0,0.0,0.0,0.0,0.0,0.0002,32,5,Fringe/Backup
Alex Mighten,10ec4169,eng ENG,FWMF,Nottingham,NOTTINGHAMFOREST,20.0,2002,2022,1,0,8,0.1,0,0,0,0,0,0,0,0,0.0,0.0,0.0,0.0,0.0,0.0002,33,5,Fringe/Backup
James Ward-Prowse,3515d404,eng ENG,MF,Southampton,SOUTHAMPTON,27.0,1994,2022,38,38,3371,37.5,9,4,13,7,2,4,6,0,0.24,0.11,0.35,0.19,0.29,0.1028,1,1,Talisman
Gavin Bazunu,c91441dc,ie IRL,GK,Southampton,SOUTHAMPTON,20.0,2002,2022,32,32,2880,32.0,0,0,0,0,0,0,0,0,0.0,0.0,0.0,0.0,0.0,0.0766,2,1,Talisman
Kyle Walker-Peters,984a5a64,eng ENG,DFMF,Southampton,SOUTHAMPTON,25.0,1997,2022,31,30,2650,29.4,1,0,1,1,0,0,4,0,0.03,0.0,0.03,0.03,0.03,0.0714,3,1,Talisman
Ché Adams,f2bf1b0f,sct SCO,FW,Southampton,SOUTHAMPTON,26.0,1996,2022,28,23,1992,22.1,5,3,8,5,0,0,1,0,0.23,0.14,0.36,0.23,0.36,0.0624,4,1,Talisman
Roméo Lavia,ecad9aa5,be BEL,MF,Southampton,SOUTHAMPTON,18.0,2004,2022,29,26,2221,24.7,1,0,1,1,0,0,9,0,0.04,0.0,0.04,0.04,0.04,0.0603,5,1,Talisman
Mohamed Elyounoussi,68dc0dac,no NOR,MF,Southampton,SOUTHAMPTON,27.0,1994,2022,33,27,2168,24.1,1,1,2,1,0,0,4,0,0.04,0.04,0.08,0.04,0.08,0.06,6,1,Talisman
Romain Perraud,6dfd8f05,fr FRA,DF,Southampton,SOUTHAMPTON,24.0,1997,2022,29,22,1835,20.4,2,2,4,2,0,0,4,0,0.1,0.1,0.2,0.1,0.2,0.0537,7,1,Talisman
Mohammed Salisu,0b33f6ad,gh GHA,DF,Southampton,SOUTHAMPTON,23.0,1999,2022,22,21,1973,21.9,0,1,1,0,0,0,5,0,0.0,0.05,0.05,0.0,0.05,0.0537,8,2,Key Player
Armel Bella Kotchap,a39d11bc,de GER,DF,Southampton,SOUTHAMPTON,20.0,2001,2022,24,24,1879,20.9,0,2,2,0,0,0,4,0,0.0,0.1,0.1,0.0,0.1,0.0525,9,2,Key Player
Jan Bednarek,4115ce4e,pl POL,DF,Southampton,SOUTHAMPTON,26.0,1996,2022,20,20,1672,18.6,0,0,0,0,0,0,5,0,0.0,0.0,0.0,0.0,0.0,0.0445,10,2,Key Player
Stuart Armstrong,97333cf5,sct SCO,MF,Southampton,SOUTHAMPTON,30.0,1992,2022,32,14,1408,15.6,2,1,3,2,0,0,6,0,0.13,0.06,0.19,0.13,0.19,0.0409,11,2,Key Player
Adam Armstrong,68c720b5,eng ENG,MFFW,Southampton,SOUTHAMPTON,25.0,1997,2022,30,14,1335,14.8,2,1,3,2,0,0,2,0,0.13,0.07,0.2,0.13,0.2,0.039,12,2,Key Player
Ainsley Maitland-Niles,e3a5814e,eng ENG,DFMF,Southampton,SOUTHAMPTON,24.0,1997,2022,22,13,1407,15.6,0,0,0,0,0,0,3,0,0.0,0.0,0.0,0.0,0.0,0.0373,13,2,Key Player
Joe Aribo,328f7d51,ng NGA,MFFW,Southampton,SOUTHAMPTON,26.0,1996,2022,21,13,1224,13.6,2,0,2,2,0,0,2,0,0.15,0.0,0.15,0.15,0.15,0.035,14,2,Key Player
Theo Walcott,1ecb65be,eng ENG,MFFW,Southampton,SOUTHAMPTON,33.0,1989,2022,20,13,1129,12.5,2,2,4,2,0,0,1,0,0.16,0.16,0.32,0.16,0.32,0.0347,15,3,Regular Starter
Carlos Alcaraz,4abac767,ar ARG,MFFW,Southampton,SOUTHAMPTON,19.0,2002,2022,18,13,1029,11.4,4,2,6,4,0,0,3,0,0.35,0.17,0.52,0.35,0.52,0.0344,16,3,Regular Starter
Lyanco,b5bf1770,br BRA,DF,Southampton,SOUTHAMPTON,25.0,1997,2022,21,11,1180,13.1,1,1,2,1,0,0,4,0,0.08,0.08,0.15,0.08,0.15,0.0337,17,3,Regular Starter
Kamaldeen Sulemana,a62f8bf1,gh GHA,FWMF,Southampton,SOUTHAMPTON,20.0,2002,2022,18,10,966,10.7,2,1,3,2,0,0,1,0,0.19,0.09,0.28,0.19,0.28,0.0292,18,3,Regular Starter
Duje Ćaleta-Car,94f8d10c,hr CRO,DF,Southampton,SOUTHAMPTON,25.0,1996,2022,13,9,946,10.5,1,0,1,1,0,0,2,0,0.1,0.0,0.1,0.1,0.1,0.0264,19,3,Regular Starter
Ibrahima Diallo,11ff3d56,fr FRA,MF,Southampton,SOUTHAMPTON,23.0,1999,2022,18,11,819,9.1,0,0,0,0,0,0,4,0,0.0,0.0,0.0,0.0,0.0,0.0218,20,3,Regular Starter
Moussa Djenepo,254147d4,ml MLI,DFMF,Southampton,SOUTHAMPTON,24.0,1998,2022,16,7,710,7.9,0,2,2,0,0,0,1,0,0.0,0.25,0.25,0.0,0.25,0.0213,21,3,Regular Starter
Sekou Mara,3544641e,fr FRA,FW,Southampton,SOUTHAMPTON,20.0,2002,2022,22,4,555,6.2,1,2,3,1,0,0,1,0,0.16,0.32,0.49,0.16,0.49,0.0185,22,4,Squad Rotation
Samuel Edozie,007414dd,eng ENG,MFFW,Southampton,SOUTHAMPTON,19.0,2003,2022,17,5,567,6.3,0,0,0,0,0,0,0,0,0.0,0.0,0.0,0.0,0.0,0.0151,23,4,Squad Rotation
Alex McCarthy,36c2ca73,eng ENG,GK,Southampton,SOUTHAMPTON,32.0,1989,2022,6,6,540,6.0,0,0,0,0,0,0,0,0,0.0,0.0,0.0,0.0,0.0,0.0144,24,4,Squad Rotation
Paul Onuachu,c06d1086,ng NGA,FW,Southampton,SOUTHAMPTON,28.0,1994,2022,11,4,407,4.5,0,0,0,0,0,0,0,0,0.0,0.0,0.0,0.0,0.0,0.0108,25,4,Squad Rotation
James Bree,c07b7c5c,eng ENG,DF,Southampton,SOUTHAMPTON,24.0,1997,2022,5,4,367,4.1,0,0,0,0,0,0,1,0,0.0,0.0,0.0,0.0,0.0,0.0098,26,4,Squad Rotation
Juan Larios,cf7fb13a,es ESP,DF,Southampton,SOUTHAMPTON,18.0,2004,2022,5,2,152,1.7,0,0,0,0,0,0,0,0,0.0,0.0,0.0,0.0,0.0,0.0041,27,4,Squad Rotation
Oriol Romeu,4b511457,es ESP,MF,Southampton,SOUTHAMPTON,30.0,1991,2022,1,1,74,0.8,0,0,0,0,0,0,0,0,0.0,0.0,0.0,0.0,0.0,0.0019,28,4,Squad Rotation
Jack Stephens,6adbc307,eng ENG,DF,Southampton,SOUTHAMPTON,28.0,1994,2022,2,0,46,0.5,0,0,0,0,0,0,0,0,0.0,0.0,0.0,0.0,0.0,0.0012,29,5,Fringe/Backup
Yan Valery,531a4aa8,tn TUN,DF,Southampton,SOUTHAMPTON,23.0,1999,2022,1,1,45,0.5,0,0,0,0,0,0,0,0,0.0,0.0,0.0,0.0,0.0,0.0012,30,5,Fringe/Backup
Dominic Ballard,ed8d597c,eng ENG,FW,Southampton,SOUTHAMPTON,17.0,2005,2022,2,0,26,0.3,0,0,0,0,0,0,0,0,0.0,0.0,0.0,0.0,0.0,0.0007,31,5,Fringe/Backup
Tino Livramento,afed6722,eng ENG,DFMF,Southampton,SOUTHAMPTON,19.0,2002,2022,2,0,28,0.3,0,0,0,0,0,0,0,0,0.0,0.0,0.0,0.0,0.0,0.0007,32,5,Fringe/Backup
Kami Doyle,65983e4d,eng ENG,MF,Southampton,SOUTHAMPTON,16.0,2005,2022,1,0,7,0.1,0,0,0,0,0,0,0,0,0.0,0.0,0.0,0.0,0.0,0.0002,33,5,Fringe/Backup
Mislav Oršić,ee950928,hr CRO,FWMF,Southampton,SOUTHAMPTON,29.0,1992,2022,1,0,7,0.1,0,0,0,0,0,0,0,0,0.0,0.0,0.0,0.0,0.0,0.0002,34,5,Fringe/Backup
Samuel Amo-Ameyaw,9eedf0e0,eng ENG,FWMF,Southampton,SOUTHAMPTON,16.0,2006,2022,1,0,4,0.0,0,0,0,0,0,0,0,0,0.0,0.0,0.0,0.0,0.0,0.0,35,5,Fringe/Backup
Nathan Redmond,ab651565,eng ENG,FWMF,Southampton,SOUTHAMPTON,28.0,1994,2022,1,0,1,0.0,0,0,0,0,0,0,0,0,0.0,0.0,0.0,0.0,0.0,0.0,36,5,Fringe/Backup
Harry Kane,21a66f6a,eng ENG,FW,Tottenham,TOTTENHAMHOTSPUR,29.0,1993,2022,38,38,3405,37.8,30,3,33,25,5,6,6,0,0.79,0.08,0.87,0.66,0.74,0.124,1,1,Talisman
Son Heung-min,92e7e919,kr KOR,MFFW,Tottenham,TOTTENHAMHOTSPUR,30.0,1992,2022,36,33,2888,32.1,10,6,16,10,0,0,2,0,0.31,0.19,0.5,0.31,0.5,0.0961,2,1,Talisman
Pierre Højbjerg,8b04d6c1,dk DEN,MF,Tottenham,TOTTENHAMHOTSPUR,26.0,1995,2022,35,35,3131,34.8,4,5,9,4,0,0,5,0,0.11,0.14,0.26,0.11,0.26,0.0942,3,1,Talisman
Eric Dier,ac861941,eng ENG,DF,Tottenham,TOTTENHAMHOTSPUR,28.0,1994,2022,33,31,2818,31.3,2,1,3,2,0,0,3,0,0.06,0.03,0.1,0.06,0.1,0.0787,4,1,Talisman
Ivan Perišić,6fe90922,hr CRO,MF,Tottenham,TOTTENHAMHOTSPUR,33.0,1989,2022,34,23,2108,23.4,1,8,9,1,0,0,6,0,0.04,0.34,0.38,0.04,0.38,0.0667,5,1,Talisman
Dejan Kulusevski,df3cda47,se SWE,MFFW,Tottenham,TOTTENHAMHOTSPUR,22.0,2000,2022,30,23,2067,23.0,2,7,9,2,0,0,2,0,0.09,0.3,0.39,0.09,0.39,0.0658,6,2,Key Player
Ben Davies,44781702,wls WAL,DFMF,Tottenham,TOTTENHAMHOTSPUR,29.0,1993,2022,31,26,2288,25.4,2,2,4,2,0,0,4,0,0.08,0.08,0.16,0.08,0.16,0.0657,7,2,Key Player
Cristian Romero,a3d94a58,ar ARG,DF,Tottenham,TOTTENHAMHOTSPUR,24.0,1998,2022,27,26,2364,26.3,0,1,1,0,0,0,11,1,0.0,0.04,0.04,0.0,0.04,0.0642,8,2,Key Player
Hugo Lloris,8f62b6ee,fr FRA,GK,Tottenham,TOTTENHAMHOTSPUR,35.0,1986,2022,25,25,2205,24.5,0,0,0,0,0,0,0,0,0.0,0.0,0.0,0.0,0.0,0.0587,9,2,Key Player
Clément Lenglet,4f28a6ff,fr FRA,DF,Tottenham,TOTTENHAMHOTSPUR,27.0,1995,2022,26,24,2019,22.4,0,2,2,0,0,0,4,0,0.0,0.09,0.09,0.0,0.09,0.0561,10,2,Key Player
Emerson,df8b52a5,br BRA,MFDF,Tottenham,TOTTENHAMHOTSPUR,23.0,1999,2022,26,20,1735,19.3,2,1,3,2,0,0,2,1,0.1,0.05,0.16,0.1,0.16,0.0499,11,2,Key Player
Rodrigo Bentancur,3b8674e6,uy URU,MF,Tottenham,TOTTENHAMHOTSPUR,25.0,1997,2022,18,17,1500,16.7,5,2,7,5,0,0,8,0,0.3,0.12,0.42,0.3,0.42,0.0484,12,3,Regular Starter
Oliver Skipp,6250083a,eng ENG,MF,Tottenham,TOTTENHAMHOTSPUR,21.0,2000,2022,23,18,1491,16.6,1,0,1,1,0,0,7,0,0.06,0.0,0.06,0.06,0.06,0.0409,13,3,Regular Starter
Pedro Porro,27d0a506,es ESP,MF,Tottenham,TOTTENHAMHOTSPUR,22.0,1999,2022,15,13,1131,12.6,3,3,6,3,0,0,0,0,0.24,0.24,0.48,0.24,0.48,0.0374,14,3,Regular Starter
Fraser Forster,c3e39f12,eng ENG,GK,Tottenham,TOTTENHAMHOTSPUR,34.0,1988,2022,14,13,1215,13.5,0,0,0,0,0,0,1,0,0.0,0.0,0.0,0.0,0.0,0.0323,15,3,Regular Starter
Richarlison,fa031b34,br BRA,MFFW,Tottenham,TOTTENHAMHOTSPUR,25.0,1997,2022,27,12,1010,11.2,1,3,4,1,0,0,3,0,0.09,0.27,0.36,0.09,0.36,0.0316,16,3,Regular Starter
Yves Bissouma,6c203af0,ml MLI,MF,Tottenham,TOTTENHAMHOTSPUR,25.0,1996,2022,23,10,1010,11.2,0,0,0,0,0,0,6,0,0.0,0.0,0.0,0.0,0.0,0.0268,17,3,Regular Starter
Ryan Sessegnon,6aa3e78b,eng ENG,MFDF,Tottenham,TOTTENHAMHOTSPUR,22.0,2000,2022,17,9,813,9.0,2,0,2,2,0,0,4,0,0.22,0.0,0.22,0.22,0.22,0.0239,18,4,Squad Rotation
Davinson Sánchez,da7b447d,co COL,DF,Tottenham,TOTTENHAMHOTSPUR,26.0,1996,2022,18,8,858,9.5,0,0,0,0,0,0,1,0,0.0,0.0,0.0,0.0,0.0,0.0227,19,4,Squad Rotation
Matt Doherty,d557d734,ie IRL,MF,Tottenham,TOTTENHAMHOTSPUR,30.0,1992,2022,12,7,667,7.4,1,0,1,1,0,0,0,0,0.13,0.0,0.13,0.13,0.13,0.0189,20,4,Squad Rotation
Pape Matar Sarr,feb5d972,sn SEN,MF,Tottenham,TOTTENHAMHOTSPUR,19.0,2002,2022,11,2,218,2.4,0,1,1,0,0,0,1,0,0.0,0.41,0.41,0.0,0.41,0.0069,21,4,Squad Rotation
Arnaut Danjuma,f08490a6,nl NED,MF,Tottenham,TOTTENHAMHOTSPUR,25.0,1997,2022,9,1,169,1.9,1,0,1,1,0,0,0,0,0.53,0.0,0.53,0.53,0.53,0.0058,22,4,Squad Rotation
Lucas Moura,2b622f01,br BRA,FWMF,Tottenham,TOTTENHAMHOTSPUR,29.0,1992,2022,15,0,153,1.7,1,0,1,1,0,0,0,1,0.59,0.0,0.59,0.59,0.59,0.0053,23,4,Squad Rotation
Bryan Gil,7b5ab7f2,es ESP,MFFW,Tottenham,TOTTENHAMHOTSPUR,21.0,2001,2022,4,2,148,1.6,0,1,1,0,0,0,1,0,0.0,0.61,0.61,0.0,0.61,0.005,24,5,Fringe/Backup
Japhet Tanganga,e9971f2d,eng ENG,DF,Tottenham,TOTTENHAMHOTSPUR,23.0,1999,2022,4,2,146,1.6,0,0,0,0,0,0,0,0,0.0,0.0,0.0,0.0,0.0,0.0038,25,5,Fringe/Backup
Matthew Craig,bc914523,sct SCO,MF,Tottenham,TOTTENHAMHOTSPUR,19.0,2003,2022,1,0,14,0.2,0,0,0,0,0,0,0,0,0.0,0.0,0.0,0.0,0.0,0.0005,26,5,Fringe/Backup
Djed Spence,9bc9a519,eng ENG,DFMF,Tottenham,TOTTENHAMHOTSPUR,21.0,2000,2022,4,0,7,0.1,0,0,0,0,0,0,0,0,0.0,0.0,0.0,0.0,0.0,0.0002,27,5,Fringe/Backup
Harvey White,4d90ce8c,eng ENG,MF,Tottenham,TOTTENHAMHOTSPUR,20.0,2001,2022,1,0,5,0.1,0,0,0,0,0,0,0,0,0.0,0.0,0.0,0.0,0.0,0.0002,28,5,Fringe/Backup
George Abbott,56628958,eng ENG,MF,Tottenham,TOTTENHAMHOTSPUR,16.0,2005,2022,1,0,1,0.0,0,0,0,0,0,0,0,0,0.0,0.0,0.0,0.0,0.0,0.0,29,5,Fringe/Backup
Jarrod Bowen,79c84d1c,eng ENG,MFFW,West Ham,WESTHAMUNITED,25.0,1996,2022,38,36,3233,35.9,6,5,11,5,1,2,2,0,0.17,0.14,0.31,0.14,0.28,0.0979,1,1,Talisman
Declan Rice,1c7012b8,eng ENG,MF,West Ham,WESTHAMUNITED,23.0,1999,2022,37,36,3273,36.4,4,2,6,4,0,1,5,0,0.11,0.05,0.16,0.11,0.16,0.0941,2,1,Talisman
Łukasz Fabiański,9328b835,pl POL,GK,West Ham,WESTHAMUNITED,37.0,1985,2022,36,36,3111,34.6,0,0,0,0,0,0,1,0,0.0,0.0,0.0,0.0,0.0,0.0828,3,1,Talisman
Tomáš Souček,6613c819,cz CZE,MF,West Ham,WESTHAMUNITED,27.0,1995,2022,36,32,2815,31.3,2,3,5,2,0,0,3,0,0.06,0.1,0.16,0.06,0.16,0.0809,4,1,Talisman
Lucas Paquetá,9b6f7fd5,br BRA,MF,West Ham,WESTHAMUNITED,24.0,1997,2022,28,27,2151,23.9,4,3,7,3,1,1,5,0,0.17,0.13,0.29,0.13,0.25,0.0643,5,1,Talisman
Thilo Kehrer,51dbeea9,de GER,DF,West Ham,WESTHAMUNITED,25.0,1996,2022,27,25,2230,24.8,0,2,2,0,0,0,4,0,0.0,0.08,0.08,0.0,0.08,0.0617,6,2,Key Player
Saïd Benrahma,5a04fd92,dz ALG,MFFW,West Ham,WESTHAMUNITED,26.0,1995,2022,35,22,2069,23.0,6,3,9,2,4,4,0,0,0.26,0.13,0.39,0.09,0.22,0.0611,7,2,Key Player
Aaron Cresswell,4f974391,eng ENG,DF,West Ham,WESTHAMUNITED,32.0,1989,2022,28,24,2235,24.8,0,1,1,0,0,0,3,0,0.0,0.04,0.04,0.0,0.04,0.0605,8,2,Key Player
Michail Antonio,ac05f970,jm JAM,FW,West Ham,WESTHAMUNITED,32.0,1990,2022,33,21,1829,20.3,5,3,8,5,0,0,2,0,0.25,0.15,0.39,0.25,0.39,0.058,9,2,Key Player
Vladimír Coufal,fdf3cb77,cz CZE,DFMF,West Ham,WESTHAMUNITED,29.0,1992,2022,27,24,2136,23.7,0,1,1,0,0,0,5,0,0.0,0.04,0.04,0.0,0.04,0.0578,10,2,Key Player
Kurt Zouma,ce4246f5,fr FRA,DF,West Ham,WESTHAMUNITED,27.0,1994,2022,25,24,1989,22.1,2,0,2,2,0,0,0,0,0.09,0.0,0.09,0.09,0.09,0.0553,11,3,Regular Starter
Pablo Fornals,82927de4,es ESP,MF,West Ham,WESTHAMUNITED,26.0,1996,2022,32,17,1503,16.7,3,1,4,3,0,0,0,0,0.18,0.06,0.24,0.18,0.24,0.0448,12,3,Regular Starter
Nayef Aguerd,288e1e13,ma MAR,DF,West Ham,WESTHAMUNITED,26.0,1996,2022,18,17,1595,17.7,2,0,2,2,0,0,4,0,0.11,0.0,0.11,0.11,0.11,0.0447,13,3,Regular Starter
Emerson Palmieri,e0bc6fdc,it ITA,MFDF,West Ham,WESTHAMUNITED,27.0,1994,2022,22,16,1320,14.7,1,0,1,1,0,0,2,0,0.07,0.0,0.07,0.07,0.07,0.0364,14,3,Regular Starter
Angelo Ogbonna,74b2cd7e,it ITA,DF,West Ham,WESTHAMUNITED,34.0,1988,2022,16,13,1237,13.7,0,0,0,0,0,0,0,0,0.0,0.0,0.0,0.0,0.0,0.0328,15,3,Regular Starter
Gianluca Scamacca,8790f988,it ITA,FW,West Ham,WESTHAMUNITED,23.0,1999,2022,16,11,926,10.3,3,0,3,3,0,0,3,0,0.29,0.0,0.29,0.29,0.29,0.0282,16,4,Squad Rotation
Danny Ings,07802f7f,eng ENG,FW,West Ham,WESTHAMUNITED,30.0,1992,2022,17,7,775,8.6,2,2,4,2,0,0,1,0,0.23,0.23,0.46,0.23,0.46,0.0253,17,4,Squad Rotation
Ben Johnson,9319781b,eng ENG,DFMF,West Ham,WESTHAMUNITED,22.0,2000,2022,17,9,866,9.6,0,0,0,0,0,0,0,0,0.0,0.0,0.0,0.0,0.0,0.023,18,4,Squad Rotation
Flynn Downes,69fdb896,eng ENG,MF,West Ham,WESTHAMUNITED,23.0,1999,2022,21,7,762,8.5,0,0,0,0,0,0,2,0,0.0,0.0,0.0,0.0,0.0,0.0203,19,4,Squad Rotation
Craig Dawson,3e9e06cb,eng ENG,DF,West Ham,WESTHAMUNITED,32.0,1990,2022,8,8,720,8.0,0,0,0,0,0,0,2,0,0.0,0.0,0.0,0.0,0.0,0.0191,20,4,Squad Rotation
Alphonse Areola,2f965a72,fr FRA,GK,West Ham,WESTHAMUNITED,29.0,1993,2022,5,2,309,3.4,0,0,0,0,0,0,0,0,0.0,0.0,0.0,0.0,0.0,0.0081,21,5,Fringe/Backup
Manuel Lanzini,26f6dca8,ar ARG,MF,West Ham,WESTHAMUNITED,29.0,1993,2022,10,2,252,2.8,1,0,1,1,0,0,0,0,0.36,0.0,0.36,0.36,0.36,0.0079,22,5,Fringe/Backup
Maxwel Cornet,beb391dd,ci CIV,MF,West Ham,WESTHAMUNITED,25.0,1996,2022,14,2,245,2.7,0,0,0,0,0,0,0,0,0.0,0.0,0.0,0.0,0.0,0.0065,23,5,Fringe/Backup
Divin Mubama,92868cb5,eng ENG,FW,West Ham,WESTHAMUNITED,17.0,2004,2022,3,0,38,0.4,0,0,0,0,0,0,0,0,0.0,0.0,0.0,0.0,0.0,0.001,24,5,Fringe/Backup
Conor Coventry,a5ca9127,ie IRL,MF,West Ham,WESTHAMUNITED,22.0,2000,2022,1,0,1,0.0,0,0,0,0,0,0,0,0,0.0,0.0,0.0,0.0,0.0,0.0,25,5,Fringe/Backup
Max Kilman,d0f72bf1,eng ENG,DF,Wolves,WOLVERHAMPTONWANDERERS,25.0,1997,2022,37,37,3307,36.7,0,0,0,0,0,0,3,0,0.0,0.0,0.0,0.0,0.0,0.0882,1,1,Talisman
José Sá,903b6e8b,pt POR,GK,Wolves,WOLVERHAMPTONWANDERERS,29.0,1993,2022,36,36,3240,36.0,0,0,0,0,0,0,2,0,0.0,0.0,0.0,0.0,0.0,0.0865,2,1,Talisman
Rúben Neves,44bfb6c5,pt POR,MF,Wolves,WOLVERHAMPTONWANDERERS,25.0,1997,2022,35,33,3019,33.5,6,1,7,3,3,3,12,0,0.18,0.03,0.21,0.09,0.12,0.0853,3,1,Talisman
Nélson Semedo,d04b94db,pt POR,DF,Wolves,WOLVERHAMPTONWANDERERS,28.0,1993,2022,36,31,2632,29.2,0,1,1,0,0,0,11,1,0.0,0.03,0.03,0.0,0.03,0.0712,4,1,Talisman
Matheus Nunes,e6af02e0,pt POR,MF,Wolves,WOLVERHAMPTONWANDERERS,23.0,1998,2022,34,30,2467,27.4,1,1,2,1,0,0,2,1,0.04,0.04,0.07,0.04,0.07,0.0682,5,1,Talisman
Daniel Podence,7fcc71d8,pt POR,MFFW,Wolves,WOLVERHAMPTONWANDERERS,26.0,1995,2022,32,20,1771,19.7,6,0,6,6,0,0,5,0,0.3,0.0,0.3,0.3,0.3,0.0544,6,1,Talisman
João Moutinho,f5a00fa4,pt POR,MF,Wolves,WOLVERHAMPTONWANDERERS,35.0,1986,2022,31,20,1780,19.8,0,2,2,0,0,0,3,0,0.0,0.1,0.1,0.0,0.1,0.05,7,2,Key Player
Nathan Collins,a8c19eb8,ie IRL,DF,Wolves,WOLVERHAMPTONWANDERERS,21.0,2001,2022,26,19,1814,20.2,0,0,0,0,0,0,2,1,0.0,0.0,0.0,0.0,0.0,0.0485,8,2,Key Player
Adama Traoré,9a28eba4,es ESP,MFFW,Wolves,WOLVERHAMPTONWANDERERS,26.0,1996,2022,34,12,1496,16.6,2,1,3,2,0,0,2,0,0.12,0.06,0.18,0.12,0.18,0.0435,9,2,Key Player
Craig Dawson,3e9e06cb,eng ENG,DF,Wolves,WOLVERHAMPTONWANDERERS,32.0,1990,2022,17,17,1414,15.7,1,0,1,1,0,0,4,0,0.06,0.0,0.06,0.06,0.06,0.0389,10,2,Key Player
Hugo Bueno,bfc3b3a0,es ESP,DF,Wolves,WOLVERHAMPTONWANDERERS,19.0,2002,2022,21,16,1310,14.6,0,1,1,0,0,0,1,0,0.0,0.07,0.07,0.0,0.07,0.0363,11,2,Key Player
Mario Lemina,2b471f99,ga GAB,MF,Wolves,WOLVERHAMPTONWANDERERS,28.0,1993,2022,19,17,1299,14.4,0,1,1,0,0,0,4,1,0.0,0.07,0.07,0.0,0.07,0.0358,12,2,Key Player
Hwang Hee-chan,169fd162,kr KOR,FWMF,Wolves,WOLVERHAMPTONWANDERERS,26.0,1996,2022,27,12,1130,12.6,3,1,4,3,0,0,1,0,0.24,0.08,0.32,0.24,0.32,0.0351,13,3,Regular Starter
Jonny Castro,e28868f3,es ESP,DF,Wolves,WOLVERHAMPTONWANDERERS,28.0,1994,2022,18,14,1261,14.0,1,0,1,1,0,0,3,1,0.07,0.0,0.07,0.07,0.07,0.0348,14,3,Regular Starter
Diego Costa,a190d597,es ESP,FW,Wolves,WOLVERHAMPTONWANDERERS,33.0,1988,2022,23,16,1241,13.8,1,0,1,1,0,0,5,1,0.07,0.0,0.07,0.07,0.07,0.0343,15,3,Regular Starter
Rayan Aït-Nouri,9b398aea,dz ALG,DFMF,Wolves,WOLVERHAMPTONWANDERERS,21.0,2001,2022,21,9,1076,12.0,1,0,1,1,0,0,4,0,0.08,0.0,0.08,0.08,0.08,0.03,16,3,Regular Starter
Matheus Cunha,dc62b55d,br BRA,FW,Wolves,WOLVERHAMPTONWANDERERS,23.0,1999,2022,17,12,965,10.7,2,0,2,2,0,0,1,0,0.19,0.0,0.19,0.19,0.19,0.0282,17,3,Regular Starter
Toti Gomes,f0caab96,pt POR,DF,Wolves,WOLVERHAMPTONWANDERERS,23.0,1999,2022,17,10,984,10.9,1,0,1,1,0,0,6,0,0.09,0.0,0.09,0.09,0.09,0.0274,18,3,Regular Starter
Pedro Neto,7ba2eaa9,pt POR,MFFW,Wolves,WOLVERHAMPTONWANDERERS,22.0,2000,2022,18,13,964,10.7,0,0,0,0,0,0,1,0,0.0,0.0,0.0,0.0,0.0,0.0257,19,3,Regular Starter
Raúl Jiménez,b561db50,mx MEX,FW,Wolves,WOLVERHAMPTONWANDERERS,31.0,1991,2022,15,8,846,9.4,0,1,1,0,0,0,0,0,0.0,0.11,0.11,0.0,0.11,0.0238,20,4,Squad Rotation
Pablo Sarabia,9744ff80,es ESP,MFFW,Wolves,WOLVERHAMPTONWANDERERS,30.0,1992,2022,13,9,765,8.5,1,0,1,1,0,0,3,0,0.12,0.0,0.12,0.12,0.12,0.0217,21,4,Squad Rotation
Gonçalo Guedes,e6bc67d7,pt POR,FWMF,Wolves,WOLVERHAMPTONWANDERERS,25.0,1996,2022,13,8,707,7.9,1,1,2,1,0,0,1,0,0.13,0.13,0.25,0.13,0.25,0.0214,22,4,Squad Rotation
João Gomes,8b57ad2c,br BRA,MF,Wolves,WOLVERHAMPTONWANDERERS,21.0,2001,2022,11,7,653,7.3,1,0,1,1,0,0,5,0,0.14,0.0,0.14,0.14,0.14,0.0188,23,4,Squad Rotation
Boubacar Traoré,999ceb5f,ml MLI,MF,Wolves,WOLVERHAMPTONWANDERERS,20.0,2001,2022,10,4,411,4.6,0,1,1,0,0,0,2,0,0.0,0.22,0.22,0.0,0.22,0.0123,24,4,Squad Rotation
Leander Dendoncker,5a7301ae,be BEL,MF,Wolves,WOLVERHAMPTONWANDERERS,27.0,1995,2022,4,2,214,2.4,0,0,0,0,0,0,0,0,0.0,0.0,0.0,0.0,0.0,0.0058,25,4,Squad Rotation
Daniel Bentley,68db6358,eng ENG,GK,Wolves,WOLVERHAMPTONWANDERERS,29.0,1993,2022,2,2,180,2.0,0,0,0,0,0,0,0,0,0.0,0.0,0.0,0.0,0.0,0.0048,26,5,Fringe/Backup
Morgan Gibbs-White,32f60ed8,eng ENG,MF,Wolves,WOLVERHAMPTONWANDERERS,22.0,2000,2022,2,2,180,2.0,0,0,0,0,0,0,1,0,0.0,0.0,0.0,0.0,0.0,0.0048,27,5,Fringe/Backup
Joe Hodge,bd8a5d95,ie IRL,MF,Wolves,WOLVERHAMPTONWANDERERS,19.0,2002,2022,6,1,175,1.9,0,0,0,0,0,0,1,0,0.0,0.0,0.0,0.0,0.0,0.0046,28,5,Fringe/Backup
Chem Campbell,6f711f67,wls WAL,FWMF,Wolves,WOLVERHAMPTONWANDERERS,19.0,2002,2022,5,0,74,0.8,0,0,0,0,0,0,0,0,0.0,0.0,0.0,0.0,0.0,0.0019,29,5,Fringe/Backup
Saša Kalajdžić,15f24fe7,at AUT,FW,Wolves,WOLVERHAMPTONWANDERERS,25.0,1997,2022,1,1,45,0.5,0,0,0,0,0,0,0,0,0.0,0.0,0.0,0.0,0.0,0.0012,30,5,Fringe/Backup
Dexter Lembikisa,0bdda685,jm JAM,DFMF,Wolves,WOLVERHAMPTONWANDERERS,18.0,2003,2022,1,0,23,0.3,0,0,0,0,0,0,0,0,0.0,0.0,0.0,0.0,0.0,0.0007,31,5,Fringe/Backup
Connor Ronan,1b804500,ie IRL,MF,Wolves,WOLVERHAMPTONWANDERERS,24.0,1998,2022,1,0,1,0.0,0,0,0,0,0,0,0,0,0.0,0.0,0.0,0.0,0.0,0.0,32,5,Fringe/Backup
Dominic Solanke,e77dc3b2,eng ENG,FW,Bournemouth,AFCBOURNEMOUTH,25.0,1997,2023,38,37,3325,36.9,19,3,22,17,2,3,3,0,0.51,0.08,0.6,0.46,0.54,0.1123,1,1,Talisman
Illia Zabarnyi,88968486,ua UKR,DF,Bournemouth,AFCBOURNEMOUTH,20.0,2002,2023,37,37,3330,37.0,1,0,1,1,0,0,5,0,0.03,0.0,0.03,0.03,0.03,0.09,2,1,Talisman
Ryan Christie,26ce2263,sct SCO,MF,Bournemouth,AFCBOURNEMOUTH,28.0,1995,2023,37,35,2907,32.3,0,5,5,0,0,0,6,0,0.0,0.15,0.15,0.0,0.15,0.0832,3,1,Talisman
Lewis Cook,2afc7272,eng ENG,MF,Bournemouth,AFCBOURNEMOUTH,26.0,1997,2023,33,32,2786,31.0,0,3,3,0,0,0,5,1,0.0,0.1,0.1,0.0,0.1,0.078,4,1,Talisman
Neto,a9dc785c,br BRA,GK,Bournemouth,AFCBOURNEMOUTH,34.0,1989,2023,32,32,2880,32.0,0,0,0,0,0,0,5,0,0.0,0.0,0.0,0.0,0.0,0.0767,5,1,Talisman
Marcos Senesi,35141f4c,ar ARG,DF,Bournemouth,AFCBOURNEMOUTH,26.0,1997,2023,31,26,2242,24.9,4,5,9,4,0,0,13,0,0.16,0.2,0.36,0.16,0.36,0.0704,6,1,Talisman
Antoine Semenyo,efd2ec23,gh GHA,MF,Bournemouth,AFCBOURNEMOUTH,23.0,2000,2023,33,25,2105,23.4,8,2,10,8,0,0,6,0,0.34,0.09,0.43,0.34,0.43,0.0681,7,2,Key Player
Marcus Tavernier,5c0da4a4,eng ENG,MF,Bournemouth,AFCBOURNEMOUTH,24.0,1999,2023,30,25,2118,23.5,3,4,7,3,0,0,3,0,0.13,0.17,0.3,0.13,0.3,0.0648,8,2,Key Player
Justin Kluivert,4c3a6744,nl NED,MF,Bournemouth,AFCBOURNEMOUTH,24.0,1999,2023,32,26,1916,21.3,7,1,8,7,0,0,5,0,0.33,0.05,0.38,0.33,0.38,0.0607,9,2,Key Player
Adam Smith,20b104bc,eng ENG,DF,Bournemouth,AFCBOURNEMOUTH,32.0,1991,2023,28,25,2150,23.9,0,2,2,0,0,0,6,0,0.0,0.08,0.08,0.0,0.08,0.0596,10,2,Key Player
Milos Kerkez,0ad53bdc,hu HUN,DF,Bournemouth,AFCBOURNEMOUTH,19.0,2003,2023,28,22,1970,21.9,0,1,1,0,0,0,4,1,0.0,0.05,0.05,0.0,0.05,0.0538,11,2,Key Player
Lloyd Kelly,f31def1e,eng ENG,DF,Bournemouth,AFCBOURNEMOUTH,24.0,1998,2023,23,17,1559,17.3,0,1,1,0,0,0,2,0,0.0,0.06,0.06,0.0,0.06,0.0427,12,2,Key Player
Philip Billing,d328a254,dk DEN,MF,Bournemouth,AFCBOURNEMOUTH,27.0,1996,2023,29,13,1398,15.5,2,2,4,2,0,0,3,1,0.13,0.13,0.26,0.13,0.26,0.042,13,3,Regular Starter
Dango Ouattara,2f9e4435,bf BFA,DFMF,Bournemouth,AFCBOURNEMOUTH,21.0,2002,2023,30,12,1229,13.7,1,2,3,1,0,0,3,0,0.07,0.15,0.22,0.07,0.22,0.0364,14,3,Regular Starter
Max Aarons,774cf58b,eng ENG,DF,Bournemouth,AFCBOURNEMOUTH,23.0,2000,2023,20,13,1237,13.7,0,1,1,0,0,0,1,0,0.0,0.07,0.07,0.0,0.07,0.034,15,3,Regular Starter
Alex Scott,104d0bb8,eng ENG,MF,Bournemouth,AFCBOURNEMOUTH,19.0,2003,2023,23,11,1014,11.3,1,1,2,1,0,0,3,0,0.09,0.09,0.18,0.09,0.18,0.0295,16,3,Regular Starter
Luis Sinisterra,8e16dd48,co COL,MF,Bournemouth,AFCBOURNEMOUTH,24.0,1999,2023,20,7,699,7.8,2,2,4,2,0,0,0,0,0.26,0.26,0.52,0.26,0.52,0.0236,17,3,Regular Starter
Chris Mepham,fed96827,wls WAL,DF,Bournemouth,AFCBOURNEMOUTH,25.0,1997,2023,10,6,617,6.9,0,1,1,0,0,0,2,0,0.0,0.15,0.15,0.0,0.15,0.0178,18,3,Regular Starter
Enes Ünal,f8eca1b6,tr TUR,FW,Bournemouth,AFCBOURNEMOUTH,26.0,1997,2023,16,2,328,3.6,2,2,4,2,0,0,1,0,0.55,0.55,1.1,0.55,1.1,0.0134,19,4,Squad Rotation
Joe Rothwell,10a10454,eng ENG,MF,Bournemouth,AFCBOURNEMOUTH,28.0,1995,2023,11,3,386,4.3,0,0,0,0,0,0,0,0,0.0,0.0,0.0,0.0,0.0,0.0103,20,4,Squad Rotation
David Brooks,dc4cae05,wls WAL,MF,Bournemouth,AFCBOURNEMOUTH,26.0,1997,2023,13,2,282,3.1,1,1,2,1,0,0,1,0,0.32,0.32,0.64,0.32,0.64,0.0098,21,4,Squad Rotation
Mark Travers,fe558029,ie IRL,GK,Bournemouth,AFCBOURNEMOUTH,24.0,1999,2023,4,4,360,4.0,0,0,0,0,0,0,0,0,0.0,0.0,0.0,0.0,0.0,0.0096,22,4,Squad Rotation
Ionuț Radu,67f649be,ro ROU,GK,Bournemouth,AFCBOURNEMOUTH,26.0,1997,2023,2,2,180,2.0,0,0,0,0,0,0,0,0,0.0,0.0,0.0,0.0,0.0,0.0048,23,4,Squad Rotation
Jaidon Anthony,e4238fb1,eng ENG,MF,Bournemouth,AFCBOURNEMOUTH,23.0,1999,2023,3,2,152,1.7,0,0,0,0,0,0,1,0,0.0,0.0,0.0,0.0,0.0,0.0041,24,4,Squad Rotation
Kieffer Moore,01ce9e70,wls WAL,DFFW,Bournemouth,AFCBOURNEMOUTH,30.0,1992,2023,8,0,108,1.2,1,0,1,1,0,0,0,0,0.83,0.0,0.83,0.83,0.83,0.0041,25,5,Fringe/Backup
Tyler Adams,2b09d998,us USA,MF,Bournemouth,AFCBOURNEMOUTH,24.0,1999,2023,3,1,121,1.3,0,0,0,0,0,0,0,0,0.0,0.0,0.0,0.0,0.0,0.0031,26,5,Fringe/Backup
James Hill,69942fb3,eng ENG,DF,Bournemouth,AFCBOURNEMOUTH,21.0,2002,2023,5,1,76,0.8,0,0,0,0,0,0,0,0,0.0,0.0,0.0,0.0,0.0,0.0019,27,5,Fringe/Backup
Romain Faivre,745ca0a3,fr FRA,MF,Bournemouth,AFCBOURNEMOUTH,25.0,1998,2023,5,0,41,0.5,0,0,0,0,0,0,1,0,0.0,0.0,0.0,0.0,0.0,0.0012,28,5,Fringe/Backup
Hamed Junior Traorè,570bb4b9,ci CIV,MF,Bournemouth,AFCBOURNEMOUTH,23.0,2000,2023,3,0,47,0.5,0,0,0,0,0,0,0,0,0.0,0.0,0.0,0.0,0.0,0.0012,29,5,Fringe/Backup
Dominic Sadi,54778940,eng ENG,MF,Bournemouth,AFCBOURNEMOUTH,19.0,2003,2023,1,0,1,0.0,0,0,0,0,0,0,0,0,0.0,0.0,0.0,0.0,0.0,0.0,30,5,Fringe/Backup
Declan Rice,1c7012b8,eng ENG,MF,Arsenal,ARSENAL,24.0,1999,2023,38,37,3225,35.8,7,8,15,7,0,0,5,0,0.2,0.22,0.42,0.2,0.42,0.1038,1,1,Talisman
Martin Ødegaard,79300479,no NOR,MF,Arsenal,ARSENAL,24.0,1998,2023,35,35,3091,34.3,8,10,18,6,2,2,2,0,0.23,0.29,0.52,0.17,0.47,0.1015,2,1,Talisman
Bukayo Saka,bc7dc64d,eng ENG,FW,Arsenal,ARSENAL,21.0,2001,2023,35,35,2919,32.4,16,9,25,10,6,6,4,0,0.49,0.28,0.77,0.31,0.59,0.1005,3,1,Talisman
William Saliba,972aeb2a,fr FRA,DF,Arsenal,ARSENAL,22.0,2001,2023,38,38,3420,38.0,2,1,3,2,0,0,4,0,0.05,0.03,0.08,0.05,0.08,0.0947,4,1,Talisman
Kai Havertz,fed7cb61,de GER,MFFW,Arsenal,ARSENAL,24.0,1999,2023,37,30,2634,29.3,13,7,20,12,1,1,11,0,0.44,0.24,0.68,0.41,0.65,0.093,5,1,Talisman
Ben White,35e413f1,eng ENG,DF,Arsenal,ARSENAL,25.0,1997,2023,37,35,2988,33.2,4,4,8,4,0,0,8,0,0.12,0.12,0.24,0.12,0.24,0.0891,6,2,Key Player
Gabriel Magalhães,67ac5bb8,br BRA,DF,Arsenal,ARSENAL,25.0,1997,2023,36,34,3044,33.8,4,0,4,4,0,0,4,0,0.12,0.0,0.12,0.12,0.12,0.0858,7,2,Key Player
David Raya,98ea5115,es ESP,GK,Arsenal,ARSENAL,27.0,1995,2023,32,32,2880,32.0,0,0,0,0,0,0,2,0,0.0,0.0,0.0,0.0,0.0,0.0766,8,2,Key Player
Gabriel Martinelli,48a5a5d6,br BRA,FW,Arsenal,ARSENAL,22.0,2001,2023,35,24,2019,22.4,6,4,10,6,0,0,1,0,0.27,0.18,0.45,0.27,0.45,0.0657,9,2,Key Player
Leandro Trossard,38ceb24a,be BEL,FWMF,Arsenal,ARSENAL,28.0,1994,2023,34,18,1649,18.3,12,1,13,12,0,0,2,0,0.65,0.05,0.71,0.65,0.71,0.0594,10,2,Key Player
Gabriel Jesus,b66315ae,br BRA,FW,Arsenal,ARSENAL,26.0,1997,2023,27,17,1478,16.4,4,5,9,4,0,0,6,0,0.24,0.3,0.55,0.24,0.55,0.0501,11,3,Regular Starter
Oleksandr Zinchenko,51cf8561,ua UKR,DF,Arsenal,ARSENAL,26.0,1996,2023,27,20,1722,19.1,1,2,3,1,0,0,2,0,0.05,0.1,0.16,0.05,0.16,0.0494,12,3,Regular Starter
Eddie Nketiah,a53649b7,eng ENG,FW,Arsenal,ARSENAL,24.0,1999,2023,27,10,1082,12.0,5,2,7,5,0,0,3,0,0.42,0.17,0.58,0.42,0.58,0.0371,13,3,Regular Starter
Takehiro Tomiyasu,b3af9be1,jp JPN,DF,Arsenal,ARSENAL,24.0,1998,2023,22,10,1149,12.8,2,1,3,2,0,0,2,1,0.16,0.08,0.23,0.16,0.23,0.0342,14,3,Regular Starter
Jakub Kiwior,dc3e663e,pl POL,DF,Arsenal,ARSENAL,23.0,2000,2023,20,11,946,10.5,1,3,4,1,0,0,1,0,0.1,0.29,0.38,0.1,0.38,0.0299,15,3,Regular Starter
Jorginho,45db685d,it ITA,MF,Arsenal,ARSENAL,31.0,1991,2023,24,10,921,10.2,0,2,2,0,0,0,1,0,0.0,0.2,0.2,0.0,0.2,0.0269,16,4,Squad Rotation
Thomas Partey,529f49ab,gh GHA,MFDF,Arsenal,ARSENAL,30.0,1993,2023,14,9,788,8.8,0,0,0,0,0,0,3,0,0.0,0.0,0.0,0.0,0.0,0.0211,17,4,Squad Rotation
Aaron Ramsdale,466fb2c5,eng ENG,GK,Arsenal,ARSENAL,25.0,1998,2023,6,6,540,6.0,0,0,0,0,0,0,0,0,0.0,0.0,0.0,0.0,0.0,0.0144,18,4,Squad Rotation
Emile Smith Rowe,17695062,eng ENG,MF,Arsenal,ARSENAL,23.0,2000,2023,13,3,353,3.9,0,1,1,0,0,0,0,0,0.0,0.25,0.25,0.0,0.25,0.0105,19,4,Squad Rotation
Fabio Vieira,6412cc03,pt POR,MF,Arsenal,ARSENAL,23.0,2000,2023,11,2,297,3.3,1,2,3,0,1,1,0,1,0.3,0.61,0.91,0.0,0.61,0.0103,20,4,Squad Rotation
Reiss Nelson,c5bdb6e3,eng ENG,FW,Arsenal,ARSENAL,23.0,1999,2023,15,1,268,3.0,0,0,0,0,0,0,1,0,0.0,0.0,0.0,0.0,0.0,0.0072,21,5,Fringe/Backup
Jurriën Timber,41034650,nl NED,DF,Arsenal,ARSENAL,22.0,2001,2023,2,1,71,0.8,0,0,0,0,0,0,2,0,0.0,0.0,0.0,0.0,0.0,0.0019,22,5,Fringe/Backup
Cédric Soares,839c14e1,pt POR,DFMF,Arsenal,ARSENAL,31.0,1991,2023,3,0,62,0.7,0,0,0,0,0,0,0,0,0.0,0.0,0.0,0.0,0.0,0.0017,23,5,Fringe/Backup
Mohamed Elneny,47a34c4f,eg EGY,MF,Arsenal,ARSENAL,31.0,1992,2023,3,0,28,0.3,0,0,0,0,0,0,0,0,0.0,0.0,0.0,0.0,0.0,0.0007,24,5,Fringe/Backup
Ethan Nwaneri,7f94982c,eng ENG,MF,Arsenal,ARSENAL,16.0,2007,2023,1,0,14,0.2,0,0,0,0,0,0,0,0,0.0,0.0,0.0,0.0,0.0,0.0005,25,5,Fringe/Backup
Ollie Watkins,aed3a70f,eng ENG,FW,Aston Villa,ASTONVILLA,27.0,1995,2023,37,37,3217,35.7,19,13,32,19,0,0,4,0,0.53,0.36,0.9,0.53,0.9,0.1239,1,1,Talisman
Douglas Luiz,6f7d826d,br BRA,MF,Aston Villa,ASTONVILLA,25.0,1998,2023,35,35,2993,33.3,9,5,14,5,4,4,12,0,0.27,0.15,0.42,0.15,0.3,0.0917,2,1,Talisman
John McGinn,90f91999,sct SCO,MF,Aston Villa,ASTONVILLA,28.0,1994,2023,35,35,2999,33.3,6,4,10,6,0,0,9,1,0.18,0.12,0.3,0.18,0.3,0.0917,3,1,Talisman
Ezri Konsa,0313a347,eng ENG,DF,Aston Villa,ASTONVILLA,25.0,1997,2023,35,35,3069,34.1,1,0,1,1,0,0,5,0,0.03,0.0,0.03,0.03,0.03,0.0828,4,1,Talisman
Emiliano Martínez,7956236f,ar ARG,GK,Aston Villa,ASTONVILLA,30.0,1992,2023,34,34,3015,33.5,0,0,0,0,0,0,4,0,0.0,0.0,0.0,0.0,0.0,0.0802,5,1,Talisman
Leon Bailey,3a233281,jm JAM,MF,Aston Villa,ASTONVILLA,25.0,1997,2023,35,22,2068,23.0,10,9,19,10,0,0,5,0,0.44,0.39,0.83,0.44,0.83,0.0779,6,1,Talisman
Moussa Diaby,aeed5c06,fr FRA,MFFW,Aston Villa,ASTONVILLA,24.0,1999,2023,38,25,2174,24.2,6,8,14,6,0,0,1,0,0.25,0.33,0.58,0.25,0.58,0.0747,7,2,Key Player
Lucas Digne,1b84dbe1,fr FRA,DF,Aston Villa,ASTONVILLA,30.0,1993,2023,33,27,2410,26.8,1,3,4,1,0,0,7,0,0.04,0.11,0.15,0.04,0.15,0.069,8,2,Key Player
Pau Torres,532e1e4f,es ESP,DF,Aston Villa,ASTONVILLA,26.0,1997,2023,29,27,2464,27.4,2,0,2,2,0,0,1,0,0.07,0.0,0.07,0.07,0.07,0.0679,9,2,Key Player
Matty Cash,2389cdc2,pl POL,DFMF,Aston Villa,ASTONVILLA,25.0,1997,2023,29,23,2142,23.8,2,2,4,2,0,0,8,0,0.08,0.08,0.17,0.08,0.17,0.0618,10,2,Key Player
Youri Tielemans,56f7a928,be BEL,MFFW,Aston Villa,ASTONVILLA,26.0,1997,2023,32,17,1622,18.0,2,6,8,2,0,0,3,0,0.11,0.33,0.44,0.11,0.44,0.0526,11,2,Key Player
Diego Carlos,b4a014b1,br BRA,DF,Aston Villa,ASTONVILLA,30.0,1993,2023,27,20,1816,20.2,0,0,0,0,0,0,4,0,0.0,0.0,0.0,0.0,0.0,0.0483,12,2,Key Player
Boubacar Kamara,cc77354e,fr FRA,MF,Aston Villa,ASTONVILLA,23.0,1999,2023,20,20,1652,18.4,0,1,1,0,0,0,7,1,0.0,0.05,0.05,0.0,0.05,0.0451,13,3,Regular Starter
Clément Lenglet,4f28a6ff,fr FRA,DF,Aston Villa,ASTONVILLA,28.0,1995,2023,14,14,1153,12.8,0,1,1,0,0,0,3,0,0.0,0.08,0.08,0.0,0.08,0.0319,14,3,Regular Starter
Álex Moreno,16e9d0ea,es ESP,DF,Aston Villa,ASTONVILLA,30.0,1993,2023,21,11,1031,11.5,2,0,2,2,0,0,2,0,0.17,0.0,0.17,0.17,0.17,0.0299,15,3,Regular Starter
Jacob Ramsey,1544f145,eng ENG,MF,Aston Villa,ASTONVILLA,22.0,2001,2023,16,8,853,9.5,1,1,2,1,0,0,2,0,0.11,0.11,0.21,0.11,0.21,0.0251,16,3,Regular Starter
Nicolò Zaniolo,9907b1c8,it ITA,MFFW,Aston Villa,ASTONVILLA,24.0,1999,2023,25,9,839,9.3,2,0,2,2,0,0,7,0,0.21,0.0,0.21,0.21,0.21,0.0246,17,3,Regular Starter
Morgan Rogers,2e5915f1,eng ENG,MF,Aston Villa,ASTONVILLA,21.0,2002,2023,11,8,638,7.1,3,1,4,3,0,0,3,0,0.42,0.14,0.56,0.42,0.56,0.0218,18,3,Regular Starter
Jáder Durán,414184f7,co COL,FW,Aston Villa,ASTONVILLA,19.0,2003,2023,23,3,475,5.3,5,0,5,5,0,0,5,0,0.95,0.0,0.95,0.95,0.95,0.0187,19,4,Squad Rotation
Robin Olsen,e7ee38c3,se SWE,GK,Aston Villa,ASTONVILLA,33.0,1990,2023,5,4,405,4.5,0,0,0,0,0,0,0,0,0.0,0.0,0.0,0.0,0.0,0.0108,20,4,Squad Rotation
Calum Chambers,dc6f5bdd,eng ENG,MF,Aston Villa,ASTONVILLA,28.0,1995,2023,5,1,152,1.7,0,1,1,0,0,0,1,0,0.0,0.59,0.59,0.0,0.59,0.0053,21,4,Squad Rotation
Leander Dendoncker,5a7301ae,be BEL,MF,Aston Villa,ASTONVILLA,28.0,1995,2023,8,1,119,1.3,1,0,1,1,0,0,0,0,0.76,0.0,0.76,0.76,0.76,0.0043,22,4,Squad Rotation
Tim Iroegbunam,84c5ceea,eng ENG,MF,Aston Villa,ASTONVILLA,20.0,2003,2023,9,1,164,1.8,0,0,0,0,0,0,0,0,0.0,0.0,0.0,0.0,0.0,0.0043,23,4,Squad Rotation
Omari Kellyman,aa888da7,eng ENG,FWMF,Aston Villa,ASTONVILLA,17.0,2005,2023,2,0,37,0.4,0,0,0,0,0,0,0,0,0.0,0.0,0.0,0.0,0.0,0.001,24,4,Squad Rotation
Philippe Coutinho,0ef89a37,br BRA,FWMF,Aston Villa,ASTONVILLA,31.0,1992,2023,2,0,25,0.3,0,0,0,0,0,0,0,0,0.0,0.0,0.0,0.0,0.0,0.0007,25,5,Fringe/Backup
Tyrone Mings,8397a50c,eng ENG,DF,Aston Villa,ASTONVILLA,30.0,1993,2023,1,1,30,0.3,0,0,0,0,0,0,0,0,0.0,0.0,0.0,0.0,0.0,0.0007,26,5,Fringe/Backup
Cameron Archer,05e8ca6d,eng ENG,FWMF,Aston Villa,ASTONVILLA,22.0,2001,2023,1,0,6,0.1,0,0,0,0,0,0,1,0,0.0,0.0,0.0,0.0,0.0,0.0002,27,5,Fringe/Backup
Kaine Kesler-Hayden,9b066938,eng ENG,DFMF,Aston Villa,ASTONVILLA,20.0,2002,2023,3,0,6,0.1,0,0,0,0,0,0,0,0,0.0,0.0,0.0,0.0,0.0,0.0002,28,5,Fringe/Backup
Bertrand Traoré,c47541e0,bf BFA,FWMF,Aston Villa,ASTONVILLA,27.0,1995,2023,2,0,11,0.1,0,0,0,0,0,0,0,0,0.0,0.0,0.0,0.0,0.0,0.0002,29,5,Fringe/Backup
Finley Munroe,36625c27,eng ENG,DF,Aston Villa,ASTONVILLA,18.0,2005,2023,1,0,4,0.0,0,0,0,0,0,0,0,0,0.0,0.0,0.0,0.0,0.0,0.0,30,5,Fringe/Backup
Jaden Philogene Bidace,19f4d211,eng ENG,FWMF,Aston Villa,ASTONVILLA,21.0,2002,2023,1,0,4,0.0,0,0,0,0,0,0,0,0,0.0,0.0,0.0,0.0,0.0,0.0,31,5,Fringe/Backup
Mark Flekken,a92ab7be,nl NED,GK,Brentford,BRENTFORD,30.0,1993,2023,37,37,3285,36.5,0,1,1,0,0,0,3,0,0.0,0.03,0.03,0.0,0.03,0.0889,1,1,Talisman
Vitaly Janelt,8449d35e,de GER,MFDF,Brentford,BRENTFORD,25.0,1998,2023,38,37,3054,33.9,1,3,4,1,0,0,8,0,0.03,0.09,0.12,0.03,0.12,0.0862,2,1,Talisman
Yoane Wissa,2500cef9,cd COD,FW,Brentford,BRENTFORD,26.0,1996,2023,34,29,2493,27.7,12,3,15,12,0,0,7,0,0.43,0.11,0.54,0.43,0.54,0.0844,3,1,Talisman
Nathan Collins,a8c19eb8,ie IRL,DF,Brentford,BRENTFORD,22.0,2001,2023,32,29,2652,29.5,1,1,2,1,0,0,3,0,0.03,0.03,0.07,0.03,0.07,0.0732,4,1,Talisman
Christian Nørgaard,df0a4c90,dk DEN,MF,Brentford,BRENTFORD,29.0,1994,2023,31,30,2505,27.8,2,1,3,2,0,0,8,0,0.07,0.04,0.11,0.07,0.11,0.0704,5,1,Talisman
Ethan Pinnock,e541326e,jm JAM,DF,Brentford,BRENTFORD,30.0,1993,2023,29,28,2521,28.0,2,0,2,2,0,0,1,0,0.07,0.0,0.07,0.07,0.07,0.0695,6,2,Key Player
Bryan Mbeumo,6afaebf2,cm CMR,FW,Brentford,BRENTFORD,23.0,1999,2023,25,22,1960,21.8,9,6,15,6,3,3,2,0,0.41,0.28,0.69,0.28,0.55,0.0667,7,2,Key Player
Mathias Jensen,0f134faf,dk DEN,MF,Brentford,BRENTFORD,27.0,1996,2023,32,27,2204,24.5,3,3,6,3,0,0,5,0,0.12,0.12,0.25,0.12,0.25,0.0661,8,2,Key Player
Mads Roerslev,57c94db2,dk DEN,MFDF,Brentford,BRENTFORD,24.0,1999,2023,34,22,1985,22.1,1,2,3,1,0,0,1,0,0.05,0.09,0.14,0.05,0.14,0.0567,9,2,Key Player
Kristoffer Ajer,a8c0acb7,no NOR,DF,Brentford,BRENTFORD,25.0,1998,2023,28,21,1832,20.4,2,1,3,2,0,0,5,0,0.1,0.05,0.15,0.1,0.15,0.0526,10,2,Key Player
Neal Maupay,4bcf39f6,fr FRA,FW,Brentford,BRENTFORD,26.0,1996,2023,29,13,1321,14.7,6,3,9,6,0,0,8,0,0.41,0.2,0.61,0.41,0.61,0.046,11,2,Key Player
Ivan Toney,e09f279b,eng ENG,FW,Brentford,BRENTFORD,27.0,1996,2023,17,16,1450,16.1,4,2,6,4,0,0,5,0,0.25,0.12,0.37,0.25,0.37,0.0458,12,3,Regular Starter
Keane Lewis-Potter,41f08ac8,eng ENG,FWMF,Brentford,BRENTFORD,22.0,2001,2023,30,15,1441,16.0,3,1,4,3,0,0,0,0,0.19,0.06,0.25,0.19,0.25,0.0432,13,3,Regular Starter
Ben Mee,8df7a2fb,eng ENG,DF,Brentford,BRENTFORD,33.0,1989,2023,16,15,1272,14.1,2,0,2,2,0,0,1,1,0.14,0.0,0.14,0.14,0.14,0.0362,14,3,Regular Starter
Frank Onyeka,2944f86f,ng NGA,MF,Brentford,BRENTFORD,25.0,1998,2023,26,11,1161,12.9,1,2,3,1,0,0,8,0,0.08,0.16,0.23,0.08,0.23,0.0345,15,3,Regular Starter
Sergio Reguilón,3353737a,es ESP,MFDF,Brentford,BRENTFORD,26.0,1996,2023,16,14,1118,12.4,0,4,4,0,0,0,4,1,0.0,0.32,0.32,0.0,0.32,0.0345,16,3,Regular Starter
Mathias Jørgensen,0db5d2c8,dk DEN,DF,Brentford,BRENTFORD,33.0,1990,2023,14,12,1087,12.1,1,0,1,1,0,0,4,0,0.08,0.0,0.08,0.08,0.08,0.0302,17,4,Squad Rotation
Mikkel Damsgaard,215f3907,dk DEN,MF,Brentford,BRENTFORD,23.0,2000,2023,23,7,842,9.4,0,2,2,0,0,0,2,0,0.0,0.21,0.21,0.0,0.21,0.0249,18,4,Squad Rotation
Saman Ghoddos,f7b1d4e0,ir IRN,DFMF,Brentford,BRENTFORD,29.0,1993,2023,19,7,739,8.2,1,0,1,1,0,0,5,0,0.12,0.0,0.12,0.12,0.12,0.0208,19,4,Squad Rotation
Aaron Hickey,1780bb4a,sct SCO,DFMF,Brentford,BRENTFORD,21.0,2002,2023,9,9,713,7.9,0,0,0,0,0,0,5,0,0.0,0.0,0.0,0.0,0.0,0.0189,20,4,Squad Rotation
Yehor Yarmoliuk,907a5d7c,ua UKR,MF,Brentford,BRENTFORD,19.0,2004,2023,27,6,688,7.6,0,0,0,0,0,0,2,0,0.0,0.0,0.0,0.0,0.0,0.0182,21,4,Squad Rotation
Kevin Schade,52afb588,de GER,FW,Brentford,BRENTFORD,21.0,2001,2023,11,3,333,3.7,2,1,3,2,0,0,0,0,0.54,0.27,0.81,0.54,0.81,0.0125,22,4,Squad Rotation
Rico Henry,8a3c1dc7,jm JAM,DF,Brentford,BRENTFORD,26.0,1997,2023,5,5,401,4.5,0,1,1,0,0,0,1,0,0.0,0.22,0.22,0.0,0.22,0.012,23,5,Fringe/Backup
Shandon Baptiste,2886c9b5,gd GRN,MF,Brentford,BRENTFORD,25.0,1998,2023,10,2,229,2.5,1,1,2,1,0,0,1,0,0.39,0.39,0.79,0.39,0.79,0.0084,24,5,Fringe/Backup
Thomas Strakosha,339fe0e8,al ALB,GK,Brentford,BRENTFORD,28.0,1995,2023,2,1,135,1.5,0,0,0,0,0,0,0,0,0.0,0.0,0.0,0.0,0.0,0.0036,25,5,Fringe/Backup
Michael Olakigbe,cdd70dc0,eng ENG,MF,Brentford,BRENTFORD,19.0,2004,2023,8,0,59,0.7,0,0,0,0,0,0,0,0,0.0,0.0,0.0,0.0,0.0,0.0017,26,5,Fringe/Backup
Josh Dasilva,60344e4f,eng ENG,MF,Brentford,BRENTFORD,24.0,1998,2023,3,0,24,0.3,0,0,0,0,0,0,0,0,0.0,0.0,0.0,0.0,0.0,0.0007,27,5,Fringe/Backup
Myles Peart-Harris,ea1a5662,eng ENG,MF,Brentford,BRENTFORD,20.0,2002,2023,3,0,13,0.1,0,0,0,0,0,0,0,0,0.0,0.0,0.0,0.0,0.0,0.0002,28,5,Fringe/Backup
Pascal Groß,8aec0537,de GER,MFDF,Brighton,BRIGHTONHOVEALBION,32.0,1991,2023,36,34,3114,34.6,4,10,14,3,1,1,6,0,0.12,0.29,0.4,0.09,0.38,0.0986,1,1,Talisman
Lewis Dunk,282f75f3,eng ENG,DF,Brighton,BRIGHTONHOVEALBION,31.0,1991,2023,33,33,2869,31.9,3,1,4,3,0,0,7,1,0.09,0.03,0.13,0.09,0.13,0.0814,2,1,Talisman
Simon Adingra,4dcec659,ci CIV,MF,Brighton,BRIGHTONHOVEALBION,21.0,2002,2023,31,25,2222,24.7,6,1,7,6,0,0,3,0,0.24,0.04,0.28,0.24,0.28,0.0674,3,1,Talisman
João Pedro,e8832875,br BRA,MFFW,Brighton,BRIGHTONHOVEALBION,21.0,2001,2023,31,19,2045,22.7,9,3,12,5,4,5,2,0,0.4,0.13,0.53,0.22,0.35,0.0639,4,1,Talisman
Jan Paul van Hecke,4fd08daa,nl NED,DF,Brighton,BRIGHTONHOVEALBION,23.0,2000,2023,28,26,2369,26.3,0,0,0,0,0,0,4,0,0.0,0.0,0.0,0.0,0.0,0.063,5,1,Talisman
Billy Gilmour,df10e27c,sct SCO,MF,Brighton,BRIGHTONHOVEALBION,22.0,2001,2023,30,24,2120,23.6,0,1,1,0,0,0,8,1,0.0,0.04,0.04,0.0,0.04,0.0577,6,1,Talisman
Danny Welbeck,ce5143da,eng ENG,FWMF,Brighton,BRIGHTONHOVEALBION,32.0,1990,2023,29,21,1693,18.8,5,1,6,5,0,0,4,0,0.27,0.05,0.32,0.27,0.32,0.0522,7,2,Key Player
Bart Verbruggen,cf134113,nl NED,GK,Brighton,BRIGHTONHOVEALBION,20.0,2002,2023,21,21,1890,21.0,0,0,0,0,0,0,3,0,0.0,0.0,0.0,0.0,0.0,0.0503,8,2,Key Player
Kaoru Mitoma,74618572,jp JPN,MFFW,Brighton,BRIGHTONHOVEALBION,26.0,1997,2023,19,15,1486,16.5,3,4,7,3,0,0,4,0,0.18,0.24,0.42,0.18,0.42,0.0478,9,2,Key Player
Joël Veltman,dad4b285,nl NED,DF,Brighton,BRIGHTONHOVEALBION,31.0,1992,2023,27,17,1588,17.6,1,1,2,1,0,0,4,0,0.06,0.06,0.11,0.06,0.11,0.0445,10,2,Key Player
Evan Ferguson,4596da74,ie IRL,FW,Brighton,BRIGHTONHOVEALBION,18.0,2004,2023,27,15,1367,15.2,6,0,6,6,0,0,1,0,0.4,0.0,0.4,0.4,0.4,0.0437,11,2,Key Player
Igor,a4e85758,br BRA,DF,Brighton,BRIGHTONHOVEALBION,25.0,1998,2023,24,17,1637,18.2,0,0,0,0,0,0,4,0,0.0,0.0,0.0,0.0,0.0,0.0436,12,2,Key Player
Facundo Buonanotte,468a7a91,ar ARG,MFFW,Brighton,BRIGHTONHOVEALBION,18.0,2004,2023,27,17,1364,15.2,3,1,4,3,0,0,7,0,0.2,0.07,0.26,0.2,0.26,0.0411,13,3,Regular Starter
Jason Steele,28300a16,eng ENG,GK,Brighton,BRIGHTONHOVEALBION,32.0,1990,2023,17,17,1530,17.0,0,0,0,0,0,0,0,0,0.0,0.0,0.0,0.0,0.0,0.0407,14,3,Regular Starter
Pervis Estupiñán,d38fdf53,ec ECU,DFMF,Brighton,BRIGHTONHOVEALBION,25.0,1998,2023,19,15,1243,13.8,2,3,5,2,0,0,4,0,0.14,0.22,0.36,0.14,0.36,0.039,15,3,Regular Starter
Carlos Baleba,a1390d2f,cm CMR,MF,Brighton,BRIGHTONHOVEALBION,19.0,2004,2023,27,15,1325,14.7,0,0,0,0,0,0,7,0,0.0,0.0,0.0,0.0,0.0,0.0352,16,3,Regular Starter
Adam Webster,c40b6180,eng ENG,DF,Brighton,BRIGHTONHOVEALBION,28.0,1995,2023,15,13,1144,12.7,0,0,0,0,0,0,2,0,0.0,0.0,0.0,0.0,0.0,0.0304,17,3,Regular Starter
Tariq Lamptey,f4e433d4,gh GHA,DFMF,Brighton,BRIGHTONHOVEALBION,22.0,2000,2023,19,10,914,10.2,0,3,3,0,0,0,3,0,0.0,0.3,0.3,0.0,0.3,0.0281,18,3,Regular Starter
Jack Hinshelwood,e98211e7,eng ENG,DFMF,Brighton,BRIGHTONHOVEALBION,18.0,2005,2023,12,8,869,9.7,3,0,3,3,0,0,1,0,0.31,0.0,0.31,0.31,0.31,0.0268,19,4,Squad Rotation
Adam Lallana,99813635,eng ENG,MF,Brighton,BRIGHTONHOVEALBION,35.0,1988,2023,25,13,850,9.4,0,1,1,0,0,0,2,0,0.0,0.11,0.11,0.0,0.11,0.0238,20,4,Squad Rotation
James Milner,2f90f6b8,eng ENG,DFMF,Brighton,BRIGHTONHOVEALBION,37.0,1986,2023,15,11,773,8.6,0,2,2,0,0,0,3,0,0.0,0.23,0.23,0.0,0.23,0.023,21,4,Squad Rotation
Solly March,bb5fbd2b,eng ENG,MFDF,Brighton,BRIGHTONHOVEALBION,29.0,1994,2023,7,7,554,6.2,3,1,4,3,0,0,1,0,0.49,0.16,0.65,0.49,0.65,0.0197,22,4,Squad Rotation
Jakub Moder,f230bc30,pl POL,MFDF,Brighton,BRIGHTONHOVEALBION,24.0,1999,2023,17,6,618,6.9,0,0,0,0,0,0,2,0,0.0,0.0,0.0,0.0,0.0,0.0165,23,4,Squad Rotation
Ansu Fati,0ba976e4,es ESP,MFFW,Brighton,BRIGHTONHOVEALBION,20.0,2002,2023,19,3,521,5.8,2,0,2,2,0,0,2,0,0.35,0.0,0.35,0.35,0.35,0.0163,24,4,Squad Rotation
Julio Enciso,9cfbad36,py PAR,MF,Brighton,BRIGHTONHOVEALBION,19.0,2004,2023,12,5,475,5.3,0,2,2,0,0,0,2,0,0.0,0.38,0.38,0.0,0.38,0.0151,25,5,Fringe/Backup
Mahmoud Dahoud,db4ed67b,de GER,MF,Brighton,BRIGHTONHOVEALBION,27.0,1996,2023,9,6,452,5.0,0,1,1,0,0,0,1,1,0.0,0.2,0.2,0.0,0.2,0.0132,26,5,Fringe/Backup
Valentín Barco,b9f282ec,ar ARG,DF,Brighton,BRIGHTONHOVEALBION,19.0,2004,2023,6,3,307,3.4,0,0,0,0,0,0,1,0,0.0,0.0,0.0,0.0,0.0,0.0081,27,5,Fringe/Backup
Odeluga Offiah,65c3efa2,eng ENG,DF,Brighton,BRIGHTONHOVEALBION,20.0,2002,2023,4,1,128,1.4,0,0,0,0,0,0,0,0,0.0,0.0,0.0,0.0,0.0,0.0034,28,5,Fringe/Backup
Mark O'Mahony,a3afdd69,ie IRL,FW,Brighton,BRIGHTONHOVEALBION,18.0,2005,2023,3,1,63,0.7,0,0,0,0,0,0,1,0,0.0,0.0,0.0,0.0,0.0,0.0017,29,5,Fringe/Backup
Benicio Boaitey,4c5835e6,eng ENG,FW,Brighton,BRIGHTONHOVEALBION,19.0,2004,2023,5,0,40,0.4,0,0,0,0,0,0,1,0,0.0,0.0,0.0,0.0,0.0,0.001,30,5,Fringe/Backup
Dara O'Shea,1d042188,ie IRL,DF,Burnley,BURNLEY,24.0,1999,2023,33,32,2892,32.1,3,4,7,3,0,0,5,1,0.09,0.12,0.22,0.09,0.22,0.0857,1,1,Talisman
Sander Berge,d0b6129f,no NOR,MF,Burnley,BURNLEY,25.0,1998,2023,37,34,3005,33.4,1,2,3,1,0,0,10,1,0.03,0.06,0.09,0.03,0.09,0.0839,2,1,Talisman
Josh Brownhill,47369df8,eng ENG,MF,Burnley,BURNLEY,27.0,1995,2023,33,23,2252,25.0,4,2,6,4,0,0,4,1,0.16,0.08,0.24,0.16,0.24,0.0673,3,1,Talisman
James Trafford,259fea27,eng ENG,GK,Burnley,BURNLEY,20.0,2002,2023,28,28,2520,28.0,0,0,0,0,0,0,2,0,0.0,0.0,0.0,0.0,0.0,0.0673,4,1,Talisman
Charlie Taylor,cc2d7ad5,eng ENG,DF,Burnley,BURNLEY,29.0,1993,2023,28,25,2331,25.9,1,1,2,1,0,0,8,0,0.04,0.04,0.08,0.04,0.08,0.0648,5,1,Talisman
Vitinho,9295dc1c,br BRA,DFMF,Burnley,BURNLEY,24.0,1999,2023,32,26,2314,25.7,0,2,2,0,0,0,1,0,0.0,0.08,0.08,0.0,0.08,0.0643,6,1,Talisman
Wilson Odobert,35516eac,fr FRA,MFFW,Burnley,BURNLEY,18.0,2004,2023,29,25,2098,23.3,3,2,5,3,0,0,3,0,0.13,0.09,0.21,0.13,0.21,0.0619,7,2,Key Player
Josh Cullen,f6d7d690,ie IRL,MF,Burnley,BURNLEY,27.0,1996,2023,25,23,2057,22.9,2,3,5,2,0,0,9,0,0.09,0.13,0.22,0.09,0.22,0.0611,8,2,Key Player
Lyle Foster,f84a807c,za RSA,FWMF,Burnley,BURNLEY,22.0,2000,2023,24,22,1899,21.1,5,3,8,5,0,0,0,1,0.24,0.14,0.38,0.24,0.38,0.0604,9,2,Key Player
Zeki Amdouni,2ee5b0c9,ch SUI,FW,Burnley,BURNLEY,22.0,2000,2023,34,27,1953,21.7,5,1,6,4,1,1,2,0,0.23,0.05,0.28,0.18,0.23,0.0582,10,2,Key Player
Jacob Bruun Larsen,4e204552,dk DEN,MF,Burnley,BURNLEY,24.0,1998,2023,32,16,1249,13.9,6,0,6,5,1,1,1,0,0.43,0.0,0.43,0.36,0.36,0.0394,11,2,Key Player
Lorenz Assignon,b026bbf6,tg TOG,DF,Burnley,BURNLEY,23.0,2000,2023,15,15,1234,13.7,1,2,3,1,0,0,5,1,0.07,0.15,0.22,0.07,0.22,0.0366,12,2,Key Player
Jóhann Berg Guðmundsson,f72293fc,is ISL,MF,Burnley,BURNLEY,32.0,1990,2023,26,12,1192,13.2,1,3,4,1,0,0,2,0,0.08,0.23,0.3,0.08,0.3,0.0365,13,3,Regular Starter
Maxime Estève,1a066e69,fr FRA,DF,Burnley,BURNLEY,21.0,2002,2023,16,15,1309,14.5,0,0,0,0,0,0,6,0,0.0,0.0,0.0,0.0,0.0,0.0349,14,3,Regular Starter
Jordan Beyer,9af1f9ff,de GER,DF,Burnley,BURNLEY,23.0,2000,2023,15,15,1234,13.7,0,1,1,0,0,0,6,0,0.0,0.07,0.07,0.0,0.07,0.0341,15,3,Regular Starter
David Datro Fofana,e82900ef,ci CIV,FW,Burnley,BURNLEY,20.0,2002,2023,15,10,879,9.8,4,1,5,4,0,0,1,0,0.41,0.1,0.51,0.41,0.51,0.0296,16,3,Regular Starter
Ameen Al-Dakhil,93e08bce,be BEL,DF,Burnley,BURNLEY,21.0,2002,2023,13,12,1056,11.7,1,0,1,1,0,0,1,0,0.09,0.0,0.09,0.09,0.09,0.0294,17,3,Regular Starter
Luca Koleosho,fc076f78,it ITA,MFFW,Burnley,BURNLEY,18.0,2004,2023,15,13,974,10.8,1,1,2,1,0,0,0,0,0.09,0.09,0.18,0.09,0.18,0.0283,18,3,Regular Starter
Jay Rodriguez,4ab53cdb,eng ENG,FW,Burnley,BURNLEY,34.0,1989,2023,21,7,822,9.1,2,1,3,1,1,1,0,0,0.22,0.11,0.33,0.11,0.22,0.0243,19,4,Squad Rotation
Arijanet Muric,99aa1a84,xk KVX,GK,Burnley,BURNLEY,24.0,1998,2023,10,10,900,10.0,0,0,0,0,0,0,0,0,0.0,0.0,0.0,0.0,0.0,0.024,20,4,Squad Rotation
Connor Roberts,24fae784,wls WAL,DF,Burnley,BURNLEY,27.0,1995,2023,14,8,823,9.1,0,1,1,0,0,0,5,1,0.0,0.11,0.11,0.0,0.11,0.0231,21,4,Squad Rotation
Hannes Delcroix,b737f944,ht HAI,DF,Burnley,BURNLEY,24.0,1999,2023,12,5,589,6.5,0,0,0,0,0,0,2,0,0.0,0.0,0.0,0.0,0.0,0.0156,22,4,Squad Rotation
Aaron Ramsey,e1618c22,eng ENG,MF,Burnley,BURNLEY,20.0,2003,2023,14,5,527,5.9,0,0,0,0,0,0,1,0,0.0,0.0,0.0,0.0,0.0,0.0142,23,4,Squad Rotation
Hjalmar Ekdal,3d554589,se SWE,DF,Burnley,BURNLEY,24.0,1998,2023,8,5,437,4.9,0,0,0,0,0,0,2,0,0.0,0.0,0.0,0.0,0.0,0.0118,24,4,Squad Rotation
Mike Trésor,b2a81fc6,be BEL,MFFW,Burnley,BURNLEY,24.0,1999,2023,16,3,420,4.7,0,0,0,0,0,0,0,0,0.0,0.0,0.0,0.0,0.0,0.0113,25,5,Fringe/Backup
Anass Zaroury,07d65234,ma MAR,FW,Burnley,BURNLEY,22.0,2000,2023,6,1,152,1.7,0,0,0,0,0,0,0,1,0.0,0.0,0.0,0.0,0.0,0.0041,26,5,Fringe/Backup
Nathan Redmond,ab651565,eng ENG,FWMF,Burnley,BURNLEY,29.0,1994,2023,12,0,142,1.6,0,0,0,0,0,0,1,0,0.0,0.0,0.0,0.0,0.0,0.0038,27,5,Fringe/Backup
Benson Manuel,d7f99582,ao ANG,MF,Burnley,BURNLEY,26.0,1997,2023,8,1,116,1.3,0,0,0,0,0,0,0,0,0.0,0.0,0.0,0.0,0.0,0.0031,28,5,Fringe/Backup
Jack Cork,74e12f1e,eng ENG,DFMF,Burnley,BURNLEY,34.0,1989,2023,4,0,27,0.3,0,0,0,0,0,0,0,0,0.0,0.0,0.0,0.0,0.0,0.0007,29,5,Fringe/Backup
Han-Noah Massengo,eba1e557,fr FRA,MF,Burnley,BURNLEY,22.0,2001,2023,3,0,16,0.2,0,0,0,0,0,0,0,0,0.0,0.0,0.0,0.0,0.0,0.0005,30,5,Fringe/Backup
Michael Obafemi,caa1a7f0,ie IRL,FW,Burnley,BURNLEY,23.0,2000,2023,2,0,20,0.2,0,0,0,0,0,0,0,0,0.0,0.0,0.0,0.0,0.0,0.0005,31,5,Fringe/Backup
Cole Palmer,dc7f8a28,eng ENG,MFFW,Chelsea,CHELSEA,21.0,2002,2023,33,29,2607,29.0,22,11,33,13,9,9,7,0,0.76,0.38,1.14,0.45,0.83,0.0984,1,1,Talisman
Conor Gallagher,c2731c10,eng ENG,MF,Chelsea,CHELSEA,23.0,2000,2023,37,37,3128,34.8,5,7,12,5,0,0,9,1,0.14,0.2,0.35,0.14,0.35,0.0981,2,1,Talisman
Nicolas Jackson,9c36ed83,sn SEN,FW,Chelsea,CHELSEA,22.0,2001,2023,35,31,2799,31.1,14,5,19,14,0,0,10,0,0.45,0.16,0.61,0.45,0.61,0.0973,3,1,Talisman
Moisés Caicedo,16264a81,ec ECU,MF,Chelsea,CHELSEA,21.0,2001,2023,35,33,2866,31.8,1,3,4,1,0,0,11,0,0.03,0.09,0.13,0.03,0.13,0.0812,4,1,Talisman
Thiago Silva,86e7deaf,br BRA,DF,Chelsea,CHELSEA,38.0,1984,2023,31,28,2527,28.1,3,1,4,3,0,0,4,0,0.11,0.04,0.14,0.11,0.14,0.0721,5,1,Talisman
Axel Disasi,ad82197c,fr FRA,DF,Chelsea,CHELSEA,25.0,1998,2023,31,29,2579,28.7,2,0,2,2,0,0,6,0,0.07,0.0,0.07,0.07,0.07,0.0712,6,1,Talisman
Raheem Sterling,b400bde0,eng ENG,MF,Chelsea,CHELSEA,28.0,1994,2023,31,22,1978,22.0,8,4,12,8,0,0,7,0,0.36,0.18,0.55,0.36,0.55,0.0673,7,2,Key Player
Enzo Fernández,5ff4ab71,ar ARG,MF,Chelsea,CHELSEA,22.0,2001,2023,28,26,2209,24.5,3,2,5,2,1,2,7,0,0.12,0.08,0.2,0.08,0.16,0.0635,8,2,Key Player
Malo Gusto,d56b9520,fr FRA,DFMF,Chelsea,CHELSEA,20.0,2003,2023,27,19,1751,19.5,0,6,6,0,0,0,7,1,0.0,0.31,0.31,0.0,0.31,0.054,9,2,Key Player
Đorđe Petrović,0cf321c8,rs SRB,GK,Chelsea,CHELSEA,23.0,1999,2023,23,22,1987,22.1,0,0,0,0,0,0,2,0,0.0,0.0,0.0,0.0,0.0,0.053,10,2,Key Player
Levi Colwill,700783e7,eng ENG,DF,Chelsea,CHELSEA,20.0,2003,2023,23,20,1797,20.0,1,1,2,1,0,0,2,0,0.05,0.05,0.1,0.05,0.1,0.0504,11,2,Key Player
Mykhailo Mudryk,049a888d,ua UKR,MF,Chelsea,CHELSEA,22.0,2001,2023,31,18,1576,17.5,5,2,7,5,0,0,5,0,0.29,0.11,0.4,0.29,0.4,0.0504,12,2,Key Player
Marc Cucurella,1daec722,es ESP,DF,Chelsea,CHELSEA,25.0,1998,2023,21,20,1782,19.8,0,2,2,0,0,0,10,0,0.0,0.1,0.1,0.0,0.1,0.0499,13,3,Regular Starter
Robert Sánchez,6a713852,es ESP,GK,Chelsea,CHELSEA,25.0,1997,2023,16,16,1433,15.9,0,0,0,0,0,0,2,0,0.0,0.0,0.0,0.0,0.0,0.0381,14,3,Regular Starter
Benoît Badiashile,06df8256,fr FRA,DF,Chelsea,CHELSEA,22.0,2001,2023,18,15,1338,14.9,0,1,1,0,0,0,3,0,0.0,0.07,0.07,0.0,0.07,0.037,15,3,Regular Starter
Noni Madueke,bf34eebd,eng ENG,MF,Chelsea,CHELSEA,21.0,2002,2023,23,13,1053,11.7,5,2,7,4,1,1,2,0,0.43,0.17,0.6,0.34,0.51,0.0352,16,3,Regular Starter
Trevoh Chalobah,5515376c,eng ENG,DF,Chelsea,CHELSEA,24.0,1999,2023,13,10,952,10.6,1,0,1,1,0,0,1,0,0.09,0.0,0.09,0.09,0.09,0.0266,17,3,Regular Starter
Ben Chilwell,d2424d1b,eng ENG,MFDF,Chelsea,CHELSEA,26.0,1996,2023,13,9,756,8.4,0,1,1,0,0,0,5,0,0.0,0.12,0.12,0.0,0.12,0.0214,18,3,Regular Starter
Christopher Nkunku,7c56da38,fr FRA,MFFW,Chelsea,CHELSEA,25.0,1997,2023,11,2,443,4.9,3,0,3,3,0,0,0,0,0.61,0.0,0.61,0.61,0.61,0.0153,19,3,Regular Starter
Reece James,1265a93a,eng ENG,DFMF,Chelsea,CHELSEA,23.0,1999,2023,10,5,419,4.7,0,2,2,0,0,0,2,2,0.0,0.43,0.43,0.0,0.43,0.0137,20,4,Squad Rotation
Armando Broja,97220da2,al ALB,FW,Chelsea,CHELSEA,21.0,2001,2023,13,6,454,5.0,1,0,1,1,0,0,0,0,0.2,0.0,0.2,0.2,0.2,0.0132,21,4,Squad Rotation
Carney Chukwuemeka,b2f9c73e,at AUT,MF,Chelsea,CHELSEA,19.0,2003,2023,9,2,227,2.5,1,1,2,1,0,0,2,0,0.4,0.4,0.79,0.4,0.79,0.0084,22,4,Squad Rotation
Lesley Ugochukwu,1df4a109,fr FRA,MF,Chelsea,CHELSEA,19.0,2004,2023,12,3,301,3.3,0,0,0,0,0,0,2,0,0.0,0.0,0.0,0.0,0.0,0.0079,23,4,Squad Rotation
Alfie Gilchrist,d91f104d,eng ENG,DF,Chelsea,CHELSEA,19.0,2003,2023,11,2,207,2.3,1,0,1,1,0,0,1,0,0.43,0.0,0.43,0.43,0.43,0.0067,24,4,Squad Rotation
Ian Maatsen,cab9634e,nl NED,MF,Chelsea,CHELSEA,21.0,2002,2023,12,1,209,2.3,0,0,0,0,0,0,1,0,0.0,0.0,0.0,0.0,0.0,0.0055,25,4,Squad Rotation
Cesare Casadei,fb920f3a,it ITA,MF,Chelsea,CHELSEA,20.0,2003,2023,11,0,79,0.9,0,0,0,0,0,0,0,0,0.0,0.0,0.0,0.0,0.0,0.0022,26,5,Fringe/Backup
Roméo Lavia,ecad9aa5,be BEL,MF,Chelsea,CHELSEA,19.0,2004,2023,1,0,33,0.4,0,0,0,0,0,0,0,0,0.0,0.0,0.0,0.0,0.0,0.001,27,5,Fringe/Backup
Joshua Acheampong,b7e62e1d,eng ENG,DF,Chelsea,CHELSEA,17.0,2006,2023,1,0,6,0.1,0,0,0,0,0,0,0,0,0.0,0.0,0.0,0.0,0.0,0.0002,28,5,Fringe/Backup
Mason Burstow,dab84ad2,eng ENG,FW,Chelsea,CHELSEA,19.0,2003,2023,2,0,9,0.1,0,0,0,0,0,0,0,0,0.0,0.0,0.0,0.0,0.0,0.0002,29,5,Fringe/Backup
Deivid Washington,95bd120d,br BRA,FW,Chelsea,CHELSEA,18.0,2005,2023,2,0,13,0.1,0,0,0,0,0,0,0,0,0.0,0.0,0.0,0.0,0.0,0.0002,30,5,Fringe/Backup
Alex Matos,ed383e43,eng ENG,MF,Chelsea,CHELSEA,18.0,2004,2023,1,0,1,0.0,0,0,0,0,0,0,0,0,0.0,0.0,0.0,0.0,0.0,0.0,31,5,Fringe/Backup
Jimi Tauriainen,cac9e583,eng ENG,FW,Chelsea,CHELSEA,19.0,2004,2023,1,0,1,0.0,0,0,0,0,0,0,0,0,0.0,0.0,0.0,0.0,0.0,0.0,32,5,Fringe/Backup
Joachim Andersen,e34fc66d,dk DEN,DF,Crystal Palace,CRYSTALPALACE,27.0,1996,2023,38,38,3415,37.9,2,3,5,2,0,0,7,0,0.05,0.08,0.13,0.05,0.13,0.0966,1,1,Talisman
Tyrick Mitchell,5cbd1eb0,eng ENG,DFMF,Crystal Palace,CRYSTALPALACE,23.0,1999,2023,37,37,3204,35.6,2,3,5,2,0,0,6,0,0.06,0.08,0.14,0.06,0.14,0.0912,2,1,Talisman
Jean-Philippe Mateta,50e6dc35,fr FRA,FW,Crystal Palace,CRYSTALPALACE,26.0,1997,2023,35,25,2282,25.4,16,5,21,14,2,2,3,0,0.63,0.2,0.83,0.55,0.75,0.0836,3,1,Talisman
Jordan Ayew,da052c14,gh GHA,MFFW,Crystal Palace,CRYSTALPALACE,31.0,1991,2023,35,30,2543,28.3,4,7,11,4,0,0,9,1,0.14,0.25,0.39,0.14,0.39,0.0809,4,1,Talisman
Eberechi Eze,ae4fc6a4,eng ENG,MFFW,Crystal Palace,CRYSTALPALACE,25.0,1998,2023,27,24,2055,22.8,11,4,15,10,1,1,3,0,0.48,0.18,0.66,0.44,0.61,0.0712,5,1,Talisman
Jefferson Lerma,9b5ce51a,co COL,MFDF,Crystal Palace,CRYSTALPALACE,28.0,1994,2023,28,27,2400,26.7,1,1,2,1,0,0,8,0,0.04,0.04,0.07,0.04,0.07,0.0661,6,2,Key Player
Chris Richards,0a3d6d2b,us USA,DFMF,Crystal Palace,CRYSTALPALACE,23.0,2000,2023,26,23,2094,23.3,1,1,2,1,0,0,3,0,0.04,0.04,0.09,0.04,0.09,0.0583,7,2,Key Player
Marc Guéhi,d0706b27,eng ENG,DF,Crystal Palace,CRYSTALPALACE,23.0,2000,2023,25,23,2021,22.5,0,1,1,0,0,0,2,0,0.0,0.04,0.04,0.0,0.04,0.0549,8,2,Key Player
Joel Ward,8a7ff278,eng ENG,DF,Crystal Palace,CRYSTALPALACE,33.0,1989,2023,26,23,1980,22.0,0,1,1,0,0,0,4,0,0.0,0.05,0.05,0.0,0.05,0.054,9,2,Key Player
Michael Olise,c4486bac,fr FRA,MFFW,Crystal Palace,CRYSTALPALACE,21.0,2001,2023,19,14,1275,14.2,10,6,16,9,1,1,0,0,0.71,0.42,1.13,0.64,1.06,0.052,10,2,Key Player
Will Hughes,a0666d3e,eng ENG,MF,Crystal Palace,CRYSTALPALACE,28.0,1995,2023,30,23,1891,21.0,0,1,1,0,0,0,6,0,0.0,0.05,0.05,0.0,0.05,0.0515,11,3,Regular Starter
Odsonne Édouard,0562b7f1,fr FRA,FWMF,Crystal Palace,CRYSTALPALACE,25.0,1998,2023,30,17,1555,17.3,7,0,7,7,0,0,4,0,0.41,0.0,0.41,0.41,0.41,0.0499,12,3,Regular Starter
Sam Johnstone,9e5708be,eng ENG,GK,Crystal Palace,CRYSTALPALACE,30.0,1993,2023,20,20,1796,20.0,0,0,0,0,0,0,1,0,0.0,0.0,0.0,0.0,0.0,0.0479,13,3,Regular Starter
Dean Henderson,e5a76dfe,eng ENG,GK,Crystal Palace,CRYSTALPALACE,26.0,1997,2023,18,18,1620,18.0,0,0,0,0,0,0,2,0,0.0,0.0,0.0,0.0,0.0,0.0431,14,3,Regular Starter
Daniel Muñoz,778ef829,co COL,MFDF,Crystal Palace,CRYSTALPALACE,27.0,1996,2023,16,16,1439,16.0,0,4,4,0,0,0,4,0,0.0,0.25,0.25,0.0,0.25,0.0431,15,3,Regular Starter
Jeffrey Schlupp,3312f911,gh GHA,MFFW,Crystal Palace,CRYSTALPALACE,30.0,1992,2023,29,17,1352,15.0,2,2,4,2,0,0,1,0,0.13,0.13,0.27,0.13,0.27,0.0407,16,4,Squad Rotation
Adam Wharton,4b542852,eng ENG,MF,Crystal Palace,CRYSTALPALACE,19.0,2004,2023,16,15,1297,14.4,0,3,3,0,0,0,2,0,0.0,0.21,0.21,0.0,0.21,0.0381,17,4,Squad Rotation
Nathaniel Clyne,0442183b,eng ENG,DF,Crystal Palace,CRYSTALPALACE,32.0,1991,2023,19,14,1338,14.9,0,0,0,0,0,0,0,0,0.0,0.0,0.0,0.0,0.0,0.0357,18,4,Squad Rotation
Cheick Doucouré,ce4f40c7,ml MLI,MF,Crystal Palace,CRYSTALPALACE,23.0,2000,2023,11,11,919,10.2,0,0,0,0,0,0,2,0,0.0,0.0,0.0,0.0,0.0,0.0244,19,4,Squad Rotation
Naouirou Ahamada,a6c58494,fr FRA,MF,Crystal Palace,CRYSTALPALACE,21.0,2002,2023,20,0,349,3.9,0,0,0,0,0,0,4,1,0.0,0.0,0.0,0.0,0.0,0.0093,20,4,Squad Rotation
Matheus França,077faf72,br BRA,MF,Crystal Palace,CRYSTALPALACE,19.0,2004,2023,10,1,232,2.6,0,1,1,0,0,0,1,0,0.0,0.39,0.39,0.0,0.39,0.0074,21,5,Fringe/Backup
Jaïro Riedewald,7a1f2c08,nl NED,MF,Crystal Palace,CRYSTALPALACE,26.0,1996,2023,9,2,235,2.6,0,0,0,0,0,0,0,0,0.0,0.0,0.0,0.0,0.0,0.0062,22,5,Fringe/Backup
David Ozoh,d00d45ab,eng ENG,MF,Crystal Palace,CRYSTALPALACE,18.0,2005,2023,9,0,156,1.7,0,0,0,0,0,0,1,0,0.0,0.0,0.0,0.0,0.0,0.0041,23,5,Fringe/Backup
Jesurun Rak Sakyi,45685411,gh GHA,FWMF,Crystal Palace,CRYSTALPALACE,20.0,2002,2023,6,0,136,1.5,0,0,0,0,0,0,0,0,0.0,0.0,0.0,0.0,0.0,0.0036,24,5,Fringe/Backup
James Tomkins,e7ca0439,eng ENG,DFMF,Crystal Palace,CRYSTALPALACE,34.0,1989,2023,4,0,10,0.1,0,0,0,0,0,0,0,0,0.0,0.0,0.0,0.0,0.0,0.0002,25,5,Fringe/Backup
Remi Matthews,27f4f772,eng ENG,GK,Crystal Palace,CRYSTALPALACE,29.0,1994,2023,1,0,4,0.0,0,0,0,0,0,0,0,0,0.0,0.0,0.0,0.0,0.0,0.0,26,5,Fringe/Backup
James Tarkowski,15ea812b,eng ENG,DF,Everton,EVERTON,30.0,1992,2023,38,38,3419,38.0,1,1,2,1,0,0,11,0,0.03,0.03,0.05,0.03,0.05,0.0934,1,1,Talisman
Jordan Pickford,4806ec67,eng ENG,GK,Everton,EVERTON,29.0,1994,2023,38,38,3420,38.0,0,0,0,0,0,0,5,0,0.0,0.0,0.0,0.0,0.0,0.0911,2,1,Talisman
Dwight McNeil,fc15fb84,eng ENG,MF,Everton,EVERTON,23.0,1999,2023,35,33,2892,32.1,3,6,9,3,0,0,2,0,0.09,0.19,0.28,0.09,0.28,0.0877,3,1,Talisman
Jarrad Branthwaite,c1949191,eng ENG,DF,Everton,EVERTON,21.0,2002,2023,35,35,3116,34.6,3,0,3,3,0,0,8,0,0.09,0.0,0.09,0.09,0.09,0.0867,4,1,Talisman
James Garner,4e015693,eng ENG,MF,Everton,EVERTON,22.0,2001,2023,37,34,3004,33.4,1,2,3,1,0,0,7,0,0.03,0.06,0.09,0.03,0.09,0.0837,5,1,Talisman
Abdoulaye Doucouré,02b29014,ml MLI,MF,Everton,EVERTON,30.0,1993,2023,32,32,2629,29.2,7,1,8,7,0,0,7,0,0.24,0.03,0.27,0.24,0.27,0.0794,6,2,Key Player
Vitaliy Mykolenko,30d4a2e5,ua UKR,DF,Everton,EVERTON,24.0,1999,2023,28,28,2469,27.4,2,0,2,2,0,0,1,0,0.07,0.0,0.07,0.07,0.07,0.068,7,2,Key Player
Dominic Calvert-Lewin,59e6e5bf,eng ENG,FW,Everton,EVERTON,26.0,1997,2023,32,26,2171,24.1,7,2,9,5,2,2,2,0,0.29,0.08,0.37,0.21,0.29,0.0661,8,2,Key Player
Jack Harrison,aa849a12,eng ENG,MF,Everton,EVERTON,26.0,1996,2023,29,25,2214,24.6,3,3,6,3,0,0,1,0,0.12,0.12,0.24,0.12,0.24,0.066,9,2,Key Player
Ashley Young,be927d03,eng ENG,DFMF,Everton,EVERTON,38.0,1985,2023,31,27,2280,25.3,0,0,0,0,0,0,7,1,0.0,0.0,0.0,0.0,0.0,0.0606,10,2,Key Player
Amadou Onana,828657ff,be BEL,MF,Everton,EVERTON,21.0,2001,2023,30,23,2091,23.2,2,0,2,2,0,0,5,0,0.09,0.0,0.09,0.09,0.09,0.0581,11,3,Regular Starter
Idrissa Gueye,72c812f3,sn SEN,MF,Everton,EVERTON,33.0,1989,2023,25,24,1884,20.9,4,0,4,4,0,0,8,0,0.19,0.0,0.19,0.19,0.19,0.0549,12,3,Regular Starter
Ben Godfrey,9f7c837d,eng ENG,DF,Everton,EVERTON,25.0,1998,2023,15,13,1120,12.4,0,0,0,0,0,0,2,0,0.0,0.0,0.0,0.0,0.0,0.0297,13,3,Regular Starter
Nathan Patterson,230f0471,sct SCO,DF,Everton,EVERTON,21.0,2001,2023,20,9,1005,11.2,0,2,2,0,0,0,4,0,0.0,0.18,0.18,0.0,0.18,0.0293,14,3,Regular Starter
Beto,ed5c0319,gw GNB,FW,Everton,EVERTON,25.0,1998,2023,30,9,951,10.6,3,0,3,3,0,1,2,0,0.28,0.0,0.28,0.28,0.28,0.029,15,3,Regular Starter
Séamus Coleman,0420d84f,ie IRL,DF,Everton,EVERTON,34.0,1988,2023,12,7,665,7.4,0,0,0,0,0,0,0,0,0.0,0.0,0.0,0.0,0.0,0.0177,16,4,Squad Rotation
Arnaut Danjuma,f08490a6,nl NED,MFFW,Everton,EVERTON,26.0,1997,2023,14,5,595,6.6,1,0,1,1,0,0,0,0,0.15,0.0,0.15,0.15,0.15,0.017,17,4,Squad Rotation
André Gomes,1961b2aa,pt POR,MF,Everton,EVERTON,30.0,1993,2023,12,3,508,5.6,1,0,1,1,0,0,4,0,0.18,0.0,0.18,0.18,0.18,0.0146,18,4,Squad Rotation
Michael Keane,c5b7c315,eng ENG,DF,Everton,EVERTON,30.0,1993,2023,9,4,439,4.9,1,0,1,1,0,0,2,0,0.21,0.0,0.21,0.21,0.21,0.013,19,4,Squad Rotation
Lewis Dobbin,e814e1cf,eng ENG,MF,Everton,EVERTON,20.0,2003,2023,12,1,232,2.6,1,0,1,1,0,0,1,0,0.39,0.0,0.39,0.39,0.39,0.0074,20,4,Squad Rotation
Youssef Chermiti,890f108d,pt POR,FW,Everton,EVERTON,19.0,2004,2023,18,1,208,2.3,0,0,0,0,0,0,3,0,0.0,0.0,0.0,0.0,0.0,0.0055,21,5,Fringe/Backup
Alex Iwobi,6ca5ec4b,ng NGA,MF,Everton,EVERTON,27.0,1996,2023,2,2,140,1.6,0,0,0,0,0,0,0,0,0.0,0.0,0.0,0.0,0.0,0.0038,22,5,Fringe/Backup
Neal Maupay,4bcf39f6,fr FRA,FW,Everton,EVERTON,26.0,1996,2023,2,1,111,1.2,0,0,0,0,0,0,0,0,0.0,0.0,0.0,0.0,0.0,0.0029,23,5,Fringe/Backup
Tom Cannon,4506aec5,ie IRL,FW,Everton,EVERTON,20.0,2002,2023,1,0,1,0.0,0,0,0,0,0,0,0,0,0.0,0.0,0.0,0.0,0.0,0.0,24,5,Fringe/Backup
Tyler Onyango,d86a1f3e,eng ENG,MF,Everton,EVERTON,20.0,2003,2023,1,0,1,0.0,0,0,0,0,0,0,0,0,0.0,0.0,0.0,0.0,0.0,0.0,25,5,Fringe/Backup
Lewis Warrington,8e633970,eng ENG,MF,Everton,EVERTON,20.0,2002,2023,1,0,1,0.0,0,0,0,0,0,0,0,0,0.0,0.0,0.0,0.0,0.0,0.0,26,5,Fringe/Backup
Antonee Robinson,289601e6,us USA,DF,Fulham,FULHAM,25.0,1997,2023,37,37,3265,36.3,0,6,6,0,0,0,6,0,0.0,0.17,0.17,0.0,0.17,0.0945,1,1,Talisman
Bernd Leno,2628fd2b,de GER,GK,Fulham,FULHAM,31.0,1992,2023,38,38,3420,38.0,0,0,0,0,0,0,3,0,0.0,0.0,0.0,0.0,0.0,0.0911,2,1,Talisman
Andreas Pereira,6639e500,br BRA,MF,Fulham,FULHAM,27.0,1996,2023,37,34,2613,29.0,3,7,10,3,0,0,6,0,0.1,0.24,0.34,0.1,0.34,0.0814,3,1,Talisman
João Palhinha,a78ff07f,pt POR,MF,Fulham,FULHAM,28.0,1995,2023,33,31,2699,30.0,4,1,5,4,0,0,13,0,0.13,0.03,0.17,0.13,0.17,0.0781,4,1,Talisman
Timothy Castagne,197640fd,be BEL,DF,Fulham,FULHAM,27.0,1995,2023,34,29,2634,29.3,1,3,4,1,0,0,3,0,0.03,0.1,0.14,0.03,0.14,0.0752,5,1,Talisman
Alex Iwobi,6ca5ec4b,ng NGA,MF,Fulham,FULHAM,27.0,1996,2023,30,25,2192,24.4,5,2,7,5,0,0,2,0,0.21,0.08,0.29,0.21,0.29,0.067,6,2,Key Player
Calvin Bassey,a36524bf,ng NGA,DF,Fulham,FULHAM,23.0,1999,2023,29,25,2303,25.6,1,0,1,1,0,0,6,1,0.04,0.0,0.04,0.04,0.04,0.0626,7,2,Key Player
Willian,8b9ebd03,br BRA,MFFW,Fulham,FULHAM,34.0,1988,2023,31,24,2053,22.8,4,2,6,2,2,2,1,0,0.18,0.09,0.26,0.09,0.18,0.0596,8,2,Key Player
Harry Wilson,c6dc9ecd,wls WAL,MFFW,Fulham,FULHAM,26.0,1997,2023,35,16,1620,18.0,4,6,10,4,0,0,6,0,0.22,0.33,0.56,0.22,0.56,0.0553,9,2,Key Player
Rodrigo Muniz,a755db8c,br BRA,FW,Fulham,FULHAM,22.0,2001,2023,26,18,1593,17.7,9,1,10,9,0,0,1,0,0.51,0.06,0.56,0.51,0.56,0.0543,10,2,Key Player
Bobby De Cordova-Reid,0f7533cd,jm JAM,MFFW,Fulham,FULHAM,30.0,1993,2023,33,17,1423,15.8,6,2,8,6,0,0,4,0,0.38,0.13,0.51,0.38,0.51,0.0476,11,3,Regular Starter
Tosin Adarabioyo,c81d773d,eng ENG,DF,Fulham,FULHAM,25.0,1997,2023,20,18,1617,18.0,2,0,2,2,0,0,2,0,0.11,0.0,0.11,0.11,0.11,0.0456,12,3,Regular Starter
Tom Cairney,a8748947,sct SCO,MF,Fulham,FULHAM,32.0,1991,2023,34,14,1488,16.5,1,4,5,1,0,0,3,0,0.06,0.24,0.3,0.06,0.3,0.0455,13,3,Regular Starter
Raúl Jiménez,b561db50,mx MEX,FW,Fulham,FULHAM,32.0,1991,2023,24,18,1395,15.5,7,0,7,7,0,0,3,1,0.45,0.0,0.45,0.45,0.45,0.0455,14,3,Regular Starter
Tim Ream,28b40c9c,us USA,DF,Fulham,FULHAM,35.0,1987,2023,18,17,1503,16.7,1,0,1,1,0,0,4,1,0.06,0.0,0.06,0.06,0.06,0.0413,15,3,Regular Starter
Issa Diop,a712ca2b,ma MAR,DF,Fulham,FULHAM,26.0,1997,2023,18,16,1424,15.8,0,0,0,0,0,0,4,1,0.0,0.0,0.0,0.0,0.0,0.0379,16,4,Squad Rotation
Harrison Reed,803ae100,eng ENG,MF,Fulham,FULHAM,28.0,1995,2023,27,15,1325,14.7,0,2,2,0,0,0,6,0,0.0,0.14,0.14,0.0,0.14,0.0377,17,4,Squad Rotation
Saša Lukić,c6e8cf1f,rs SRB,MF,Fulham,FULHAM,26.0,1996,2023,24,13,1122,12.5,1,0,1,1,0,0,3,0,0.08,0.0,0.08,0.08,0.08,0.0312,18,4,Squad Rotation
Kenny Tete,77d7c96f,nl NED,DF,Fulham,FULHAM,27.0,1995,2023,14,10,867,9.6,1,0,1,1,0,0,2,0,0.1,0.0,0.1,0.1,0.1,0.0242,19,4,Squad Rotation
Adama Traoré,9a28eba4,es ESP,MF,Fulham,FULHAM,27.0,1996,2023,17,1,377,4.2,2,3,5,2,0,0,2,0,0.48,0.72,1.19,0.48,1.19,0.0161,20,4,Squad Rotation
Carlos Vinícius,8b529245,br BRA,FW,Fulham,FULHAM,28.0,1995,2023,13,2,315,3.5,2,0,2,2,0,0,2,0,0.57,0.0,0.57,0.57,0.57,0.0108,21,5,Fringe/Backup
Armando Broja,97220da2,al ALB,FW,Fulham,FULHAM,21.0,2001,2023,8,0,88,1.0,0,1,1,0,0,0,0,0,0.0,1.02,1.02,0.0,1.02,0.0036,22,5,Fringe/Backup
Fodé Ballo-Touré,f449640d,sn SEN,DFMF,Fulham,FULHAM,26.0,1997,2023,6,0,71,0.8,0,0,0,0,0,0,1,0,0.0,0.0,0.0,0.0,0.0,0.0019,23,5,Fringe/Backup
Luke Harris,8c3078cd,wls WAL,MF,Fulham,FULHAM,18.0,2005,2023,1,0,75,0.8,0,0,0,0,0,0,0,0,0.0,0.0,0.0,0.0,0.0,0.0019,24,5,Fringe/Backup
Aleksandar Mitrović,3925dbd6,rs SRB,FW,Fulham,FULHAM,28.0,1994,2023,1,0,33,0.4,0,0,0,0,0,0,0,0,0.0,0.0,0.0,0.0,0.0,0.001,25,5,Fringe/Backup
Mohamed Salah,e342ad68,eg EGY,FW,Liverpool,LIVERPOOL,31.0,1992,2023,32,28,2534,28.2,18,10,28,13,5,7,2,0,0.64,0.36,0.99,0.46,0.82,0.0956,1,1,Talisman
Virgil van Dijk,e06683ca,nl NED,DF,Liverpool,LIVERPOOL,32.0,1991,2023,36,36,3177,35.3,2,2,4,2,0,0,3,1,0.06,0.06,0.11,0.06,0.11,0.0895,2,1,Talisman
Luis Díaz,4a1a9578,co COL,FW,Liverpool,LIVERPOOL,26.0,1997,2023,37,32,2629,29.2,8,5,13,8,0,0,3,0,0.27,0.17,0.45,0.27,0.45,0.086,3,1,Talisman
Alexis Mac Allister,83d074ff,ar ARG,MF,Liverpool,LIVERPOOL,24.0,1998,2023,33,31,2599,28.9,5,5,10,4,1,1,7,1,0.17,0.17,0.35,0.14,0.31,0.0803,4,1,Talisman
Darwin Núñez,4d77b365,uy URU,FW,Liverpool,LIVERPOOL,24.0,1999,2023,36,22,2047,22.7,11,8,19,11,0,1,9,0,0.48,0.35,0.84,0.48,0.84,0.0775,5,1,Talisman
Alisson,7a2e46a8,br BRA,GK,Liverpool,LIVERPOOL,30.0,1992,2023,28,28,2520,28.0,0,0,0,0,0,0,1,0,0.0,0.0,0.0,0.0,0.0,0.0673,6,1,Talisman
Trent Alexander-Arnold,cd1acf9d,eng ENG,DF,Liverpool,LIVERPOOL,24.0,1998,2023,28,25,2155,23.9,3,4,7,3,0,0,6,0,0.13,0.17,0.29,0.13,0.29,0.0658,7,2,Key Player
Dominik Szoboszlai,934e1968,hu HUN,MF,Liverpool,LIVERPOOL,22.0,2000,2023,33,25,2104,23.4,3,2,5,3,0,0,1,0,0.13,0.09,0.21,0.13,0.21,0.0622,8,2,Key Player
Cody Gakpo,1971591f,nl NED,FWMF,Liverpool,LIVERPOOL,24.0,1999,2023,35,17,1649,18.3,8,5,13,8,0,0,1,0,0.44,0.27,0.71,0.44,0.71,0.0596,9,2,Key Player
Andy Robertson,2e4f5f03,sct SCO,DF,Liverpool,LIVERPOOL,29.0,1994,2023,23,18,1693,18.8,3,2,5,3,0,0,2,0,0.16,0.11,0.27,0.16,0.27,0.0513,10,2,Key Player
Joe Gomez,7a11550b,eng ENG,DF,Liverpool,LIVERPOOL,26.0,1997,2023,32,17,1786,19.8,0,1,1,0,0,0,5,0,0.0,0.05,0.05,0.0,0.05,0.0488,11,2,Key Player
Wataru Endo,c149016b,jp JPN,MF,Liverpool,LIVERPOOL,30.0,1993,2023,29,20,1722,19.1,1,0,1,1,0,0,10,0,0.05,0.0,0.05,0.05,0.05,0.0471,12,2,Key Player
Harvey Elliott,b9e1436c,eng ENG,MFFW,Liverpool,LIVERPOOL,20.0,2003,2023,34,11,1352,15.0,3,6,9,3,0,0,2,0,0.2,0.4,0.6,0.2,0.6,0.0469,13,3,Regular Starter
Diogo Jota,178ae8f8,pt POR,FW,Liverpool,LIVERPOOL,26.0,1996,2023,21,14,1145,12.7,10,3,13,10,0,0,3,1,0.79,0.24,1.02,0.79,1.02,0.0461,14,3,Regular Starter
Ibrahima Konaté,5ed9b537,fr FRA,DF,Liverpool,LIVERPOOL,24.0,1999,2023,22,17,1574,17.5,0,0,0,0,0,0,5,1,0.0,0.0,0.0,0.0,0.0,0.0421,15,3,Regular Starter
Jarell Quansah,4125cb98,eng ENG,DF,Liverpool,LIVERPOOL,20.0,2003,2023,17,13,1190,13.2,2,0,2,2,0,0,1,0,0.15,0.0,0.15,0.15,0.15,0.0341,16,3,Regular Starter
Curtis Jones,4fb9c88f,eng ENG,MF,Liverpool,LIVERPOOL,22.0,2001,2023,23,14,1167,13.0,1,1,2,1,0,0,3,1,0.08,0.08,0.15,0.08,0.15,0.0336,17,3,Regular Starter
Ryan Gravenberch,b8e740fb,nl NED,MF,Liverpool,LIVERPOOL,21.0,2002,2023,26,12,1121,12.5,1,0,1,1,0,0,0,0,0.08,0.0,0.08,0.08,0.08,0.0313,18,3,Regular Starter
Conor Bradley,bbd67769,nir NIR,DF,Liverpool,LIVERPOOL,20.0,2003,2023,11,10,753,8.4,1,3,4,1,0,0,2,0,0.12,0.36,0.48,0.12,0.48,0.025,19,4,Squad Rotation
Caoimhín Kelleher,62d7ef38,ie IRL,GK,Liverpool,LIVERPOOL,24.0,1998,2023,10,10,900,10.0,0,0,0,0,0,0,0,0,0.0,0.0,0.0,0.0,0.0,0.024,20,4,Squad Rotation
Kostas Tsimikas,f315ca93,gr GRE,DF,Liverpool,LIVERPOOL,27.0,1996,2023,13,8,679,7.5,0,3,3,0,0,0,0,0,0.0,0.4,0.4,0.0,0.4,0.0216,21,4,Squad Rotation
Joël Matip,b217ef29,cm CMR,DF,Liverpool,LIVERPOOL,31.0,1991,2023,10,9,781,8.7,0,0,0,0,0,0,2,0,0.0,0.0,0.0,0.0,0.0,0.0209,22,4,Squad Rotation
Bobby Clark,73341ace,eng ENG,MF,Liverpool,LIVERPOOL,18.0,2005,2023,5,1,89,1.0,0,0,0,0,0,0,0,0,0.0,0.0,0.0,0.0,0.0,0.0024,23,4,Squad Rotation
Stefan Bajcetic,32e8417f,es ESP,MF,Liverpool,LIVERPOOL,18.0,2004,2023,1,0,26,0.3,0,0,0,0,0,0,0,0,0.0,0.0,0.0,0.0,0.0,0.0007,24,4,Squad Rotation
Ben Gannon-Doak,733f1a7d,sct SCO,MF,Liverpool,LIVERPOOL,17.0,2005,2023,1,0,14,0.2,0,0,0,0,0,0,0,0,0.0,0.0,0.0,0.0,0.0,0.0005,25,5,Fringe/Backup
Thiago Alcántara,77e84962,es ESP,MF,Liverpool,LIVERPOOL,32.0,1991,2023,1,0,6,0.1,0,0,0,0,0,0,0,0,0.0,0.0,0.0,0.0,0.0,0.0002,26,5,Fringe/Backup
Owen Beck,a011a1e9,wls WAL,DFMF,Liverpool,LIVERPOOL,20.0,2002,2023,1,0,8,0.1,0,0,0,0,0,0,0,0,0.0,0.0,0.0,0.0,0.0,0.0002,27,5,Fringe/Backup
Jayden Danns,003cf4d1,eng ENG,FW,Liverpool,LIVERPOOL,17.0,2006,2023,2,0,9,0.1,0,0,0,0,0,0,1,0,0.0,0.0,0.0,0.0,0.0,0.0002,28,5,Fringe/Backup
Kaide Gordon,19a9cb70,eng ENG,FW,Liverpool,LIVERPOOL,18.0,2004,2023,1,0,1,0.0,0,0,0,0,0,0,0,0,0.0,0.0,0.0,0.0,0.0,0.0,29,5,Fringe/Backup
James McConnell,bf973eeb,eng ENG,MF,Liverpool,LIVERPOOL,18.0,2004,2023,3,0,4,0.0,0,0,0,0,0,0,0,0,0.0,0.0,0.0,0.0,0.0,0.0,30,5,Fringe/Backup
Thomas Kaminski,1caa93a5,be BEL,GK,Luton Town,LUTONTOWN,30.0,1992,2023,38,38,3405,37.8,0,0,0,0,0,0,3,0,0.0,0.0,0.0,0.0,0.0,0.0905,1,1,Talisman
Alfie Doughty,bf33b257,eng ENG,MFDF,Luton Town,LUTONTOWN,23.0,1999,2023,37,34,2925,32.5,2,8,10,2,0,0,5,0,0.06,0.25,0.31,0.06,0.31,0.0898,2,1,Talisman
Carlton Morris,2da834f1,eng ENG,FWMF,Luton Town,LUTONTOWN,27.0,1995,2023,38,32,2862,31.8,11,4,15,6,5,5,4,0,0.35,0.13,0.47,0.19,0.31,0.0879,3,1,Talisman
Ross Barkley,3a24769f,eng ENG,MF,Luton Town,LUTONTOWN,29.0,1993,2023,32,30,2618,29.1,5,4,9,5,0,0,6,0,0.17,0.14,0.31,0.17,0.31,0.0804,4,1,Talisman
Teden Mengi,91748070,eng ENG,DF,Luton Town,LUTONTOWN,21.0,2002,2023,30,28,2469,27.4,1,0,1,1,0,0,3,0,0.04,0.0,0.04,0.04,0.04,0.0669,5,1,Talisman
Chiedozie Ogbene,788c0277,ie IRL,MF,Luton Town,LUTONTOWN,26.0,1997,2023,30,20,1995,22.2,4,1,5,4,0,0,1,0,0.18,0.05,0.23,0.18,0.23,0.0592,6,2,Key Player
Tahith Chong,2696b6a9,cw CUW,MFFW,Luton Town,LUTONTOWN,23.0,1999,2023,33,20,1982,22.0,4,0,4,4,0,0,4,0,0.18,0.0,0.18,0.18,0.18,0.0574,7,2,Key Player
Gabriel Osho,cd889153,ng NGA,DF,Luton Town,LUTONTOWN,24.0,1998,2023,21,21,1846,20.5,2,0,2,2,0,0,3,0,0.1,0.0,0.1,0.1,0.1,0.0515,8,2,Key Player
Elijah Adebayo,0480ebc7,eng ENG,FW,Luton Town,LUTONTOWN,25.0,1998,2023,27,16,1419,15.8,10,0,10,10,0,0,1,0,0.63,0.0,0.63,0.63,0.63,0.0497,9,2,Key Player
Reece Burke,a681b7b7,eng ENG,DF,Luton Town,LUTONTOWN,26.0,1996,2023,22,20,1660,18.4,0,4,4,0,0,0,5,0,0.0,0.22,0.22,0.0,0.22,0.0489,10,2,Key Player
Issa Kaboré,c066d1a5,bf BFA,MFDF,Luton Town,LUTONTOWN,22.0,2001,2023,24,21,1729,19.2,0,2,2,0,0,0,7,0,0.0,0.1,0.1,0.0,0.1,0.0482,11,2,Key Player
Amari'i Bell,399e9474,jm JAM,DF,Luton Town,LUTONTOWN,29.0,1994,2023,21,21,1720,19.1,0,0,0,0,0,0,0,0,0.0,0.0,0.0,0.0,0.0,0.0457,12,3,Regular Starter
Albert Sambi Lokonga,1b4f1169,be BEL,MF,Luton Town,LUTONTOWN,23.0,1999,2023,17,16,1303,14.5,1,3,4,1,0,0,4,0,0.07,0.21,0.28,0.07,0.28,0.0396,13,3,Regular Starter
Jordan Clark,7c5fa6cf,eng ENG,MF,Luton Town,LUTONTOWN,29.0,1993,2023,23,14,1304,14.5,1,1,2,1,0,0,4,0,0.07,0.07,0.14,0.07,0.14,0.0371,14,3,Regular Starter
Andros Townsend,b28bbd58,eng ENG,MFFW,Luton Town,LUTONTOWN,32.0,1991,2023,27,14,1210,13.4,1,3,4,1,0,0,1,0,0.07,0.22,0.3,0.07,0.3,0.0369,15,3,Regular Starter
Tom Lockyer,37118440,wls WAL,DF,Luton Town,LUTONTOWN,28.0,1994,2023,14,14,1169,13.0,1,1,2,1,0,0,4,0,0.08,0.08,0.15,0.08,0.15,0.0334,16,3,Regular Starter
Marvelous Nakamba,de5b5570,zw ZIM,MF,Luton Town,LUTONTOWN,29.0,1994,2023,13,13,1130,12.6,0,0,0,0,0,0,5,0,0.0,0.0,0.0,0.0,0.0,0.0302,17,4,Squad Rotation
Jacob Brown,ca18c8f1,sct SCO,MFFW,Luton Town,LUTONTOWN,25.0,1998,2023,19,12,1019,11.3,2,0,2,2,0,0,4,0,0.18,0.0,0.18,0.18,0.18,0.0295,18,4,Squad Rotation
Pelly Ruddock Mpanzu,a9b1c319,cd COD,MF,Luton Town,LUTONTOWN,30.0,1993,2023,27,11,1101,12.2,0,0,0,0,0,0,1,0,0.0,0.0,0.0,0.0,0.0,0.0292,19,4,Squad Rotation
Daiki Hashioka,10cb48b7,jp JPN,DFMF,Luton Town,LUTONTOWN,24.0,1999,2023,10,6,595,6.6,0,0,0,0,0,0,0,0,0.0,0.0,0.0,0.0,0.0,0.0158,20,4,Squad Rotation
Cauley Woodrow,d3085b49,eng ENG,FW,Luton Town,LUTONTOWN,28.0,1994,2023,24,2,427,4.7,1,1,2,1,0,0,2,0,0.21,0.21,0.42,0.21,0.42,0.0136,21,4,Squad Rotation
Ryan Giles,73b1d65b,eng ENG,MFDF,Luton Town,LUTONTOWN,23.0,2000,2023,11,5,503,5.6,0,0,0,0,0,0,0,0,0.0,0.0,0.0,0.0,0.0,0.0134,22,4,Squad Rotation
Luke Berry,2aaadf33,eng ENG,MF,Luton Town,LUTONTOWN,31.0,1992,2023,17,2,323,3.6,2,1,3,2,0,0,1,0,0.56,0.28,0.84,0.56,0.84,0.0122,23,5,Fringe/Backup
Mads Juel Andersen,f098c03e,dk DEN,DF,Luton Town,LUTONTOWN,25.0,1997,2023,8,4,400,4.4,1,0,1,1,0,0,1,0,0.23,0.0,0.23,0.23,0.23,0.0117,24,5,Fringe/Backup
Fred Onyedinma,387d06b2,eng ENG,MF,Luton Town,LUTONTOWN,26.0,1996,2023,8,4,407,4.5,0,0,0,0,0,0,1,0,0.0,0.0,0.0,0.0,0.0,0.0108,25,5,Fringe/Backup
Joseph Johnson,d9e7c4da,eng ENG,DF,Luton Town,LUTONTOWN,17.0,2006,2023,2,0,77,0.9,0,0,0,0,0,0,1,0,0.0,0.0,0.0,0.0,0.0,0.0022,26,5,Fringe/Backup
James Shea,ee7c0a5e,eng ENG,GK,Luton Town,LUTONTOWN,32.0,1991,2023,1,0,15,0.2,0,0,0,0,0,0,0,0,0.0,0.0,0.0,0.0,0.0,0.0005,27,5,Fringe/Backup
Zack Nelson,de0abf23,eng ENG,MF,Luton Town,LUTONTOWN,18.0,2005,2023,2,0,7,0.1,0,0,0,0,0,0,0,0,0.0,0.0,0.0,0.0,0.0,0.0002,28,5,Fringe/Backup
Phil Foden,ed1e53f3,eng ENG,MF,Manchester City,MANCHESTERCITY,23.0,2000,2023,35,33,2857,31.7,19,8,27,19,0,0,2,0,0.6,0.25,0.85,0.6,0.85,0.1082,1,1,Talisman
Rodri,6434f10d,es ESP,MFDF,Manchester City,MANCHESTERCITY,27.0,1996,2023,34,34,2931,32.6,8,9,17,8,0,0,8,1,0.25,0.28,0.52,0.25,0.52,0.0984,2,1,Talisman
Erling Haaland,1f44ac21,no NOR,FWMF,Manchester City,MANCHESTERCITY,23.0,2000,2023,31,29,2552,28.4,27,5,32,20,7,8,1,0,0.95,0.18,1.13,0.71,0.88,0.098,3,1,Talisman
Julián Álvarez,15ab5a2b,ar ARG,MFFW,Manchester City,MANCHESTERCITY,23.0,2000,2023,36,31,2647,29.4,11,8,19,9,2,2,2,0,0.37,0.27,0.65,0.31,0.58,0.0909,4,1,Talisman
Bernardo Silva,3eb22ec9,pt POR,MF,Manchester City,MANCHESTERCITY,28.0,1994,2023,33,29,2578,28.6,6,9,15,6,0,0,8,0,0.21,0.31,0.52,0.21,0.52,0.0864,5,1,Talisman
Kyle Walker,86dd77d1,eng ENG,DFMF,Manchester City,MANCHESTERCITY,33.0,1990,2023,32,30,2767,30.7,0,4,4,0,0,0,2,0,0.0,0.13,0.13,0.0,0.13,0.0784,6,2,Key Player
Ederson Moraes,3bb7b8b4,br BRA,GK,Manchester City,MANCHESTERCITY,29.0,1993,2023,33,33,2785,30.9,0,0,0,0,0,0,5,0,0.0,0.0,0.0,0.0,0.0,0.074,7,2,Key Player
Manuel Akanji,89ac64a6,ch SUI,DFMF,Manchester City,MANCHESTERCITY,28.0,1995,2023,30,28,2511,27.9,2,0,2,2,0,0,4,1,0.07,0.0,0.07,0.07,0.07,0.0692,8,2,Key Player
Rúben Dias,31c69ef1,pt POR,DFMF,Manchester City,MANCHESTERCITY,26.0,1997,2023,30,28,2559,28.4,0,0,0,0,0,0,0,0,0.0,0.0,0.0,0.0,0.0,0.0681,9,2,Key Player
Joško Gvardiol,5ad50391,hr CRO,DF,Manchester City,MANCHESTERCITY,21.0,2002,2023,28,26,2328,25.9,4,1,5,4,0,0,3,0,0.15,0.04,0.19,0.15,0.19,0.068,10,2,Key Player
Nathan Aké,eaeca114,nl NED,DF,Manchester City,MANCHESTERCITY,28.0,1995,2023,29,24,2042,22.7,2,2,4,2,0,0,0,0,0.09,0.09,0.18,0.09,0.18,0.0593,11,3,Regular Starter
Jeremy Doku,fffea3e5,be BEL,MFFW,Manchester City,MANCHESTERCITY,21.0,2002,2023,29,18,1595,17.7,3,8,11,3,0,0,3,0,0.17,0.45,0.62,0.17,0.62,0.0556,12,3,Regular Starter
Kevin De Bruyne,e46012d4,be BEL,MF,Manchester City,MANCHESTERCITY,32.0,1991,2023,18,15,1221,13.6,4,10,14,4,0,0,2,0,0.29,0.74,1.03,0.29,1.03,0.0494,13,3,Regular Starter
Mateo Kovačić,79c0821a,hr CRO,MF,Manchester City,MANCHESTERCITY,29.0,1994,2023,30,16,1551,17.2,1,0,1,1,0,0,4,0,0.06,0.0,0.06,0.06,0.06,0.0425,14,3,Regular Starter
Jack Grealish,b0b4fd3e,eng ENG,MFFW,Manchester City,MANCHESTERCITY,27.0,1995,2023,20,10,1009,11.2,3,1,4,3,0,0,6,0,0.27,0.09,0.36,0.27,0.36,0.0317,15,3,Regular Starter
John Stones,5eecec3d,eng ENG,DF,Manchester City,MANCHESTERCITY,29.0,1994,2023,16,12,1064,11.8,1,0,1,1,0,0,2,0,0.08,0.0,0.08,0.08,0.08,0.0294,16,4,Squad Rotation
Rico Lewis,b57e066e,eng ENG,DFMF,Manchester City,MANCHESTERCITY,18.0,2004,2023,16,8,809,9.0,2,0,2,2,0,0,1,0,0.22,0.0,0.22,0.22,0.22,0.0239,17,4,Squad Rotation
Matheus Nunes,e6af02e0,pt POR,MFFW,Manchester City,MANCHESTERCITY,24.0,1998,2023,17,7,661,7.3,0,2,2,0,0,0,0,0,0.0,0.27,0.27,0.0,0.27,0.0199,18,4,Squad Rotation
Stefan Ortega,c1242d4e,de GER,GK,Manchester City,MANCHESTERCITY,30.0,1992,2023,9,5,635,7.1,0,0,0,0,0,0,0,0,0.0,0.0,0.0,0.0,0.0,0.017,19,4,Squad Rotation
Oscar Bobb,eed2427e,no NOR,MF,Manchester City,MANCHESTERCITY,20.0,2003,2023,14,2,302,3.4,1,1,2,1,0,0,0,0,0.3,0.3,0.6,0.3,0.6,0.0106,20,4,Squad Rotation
Sergio Gómez,01e5f06e,es ESP,DFMF,Manchester City,MANCHESTERCITY,22.0,2000,2023,6,0,53,0.6,0,1,1,0,0,0,0,0,0.0,1.7,1.7,0.0,1.7,0.0027,21,5,Fringe/Backup
Kalvin Phillips,4f565d77,eng ENG,DFMF,Manchester City,MANCHESTERCITY,27.0,1995,2023,4,0,93,1.0,0,0,0,0,0,0,0,0,0.0,0.0,0.0,0.0,0.0,0.0024,22,5,Fringe/Backup
Aymeric Laporte,119b9a8e,es ESP,DF,Manchester City,MANCHESTERCITY,29.0,1994,2023,1,0,12,0.1,0,0,0,0,0,0,0,0,0.0,0.0,0.0,0.0,0.0,0.0002,23,5,Fringe/Backup
Cole Palmer,dc7f8a28,eng ENG,FWMF,Manchester City,MANCHESTERCITY,21.0,2002,2023,1,0,11,0.1,0,0,0,0,0,0,0,0,0.0,0.0,0.0,0.0,0.0,0.0002,24,5,Fringe/Backup
James Mcatee,96593e89,eng ENG,MF,Manchester City,MANCHESTERCITY,20.0,2002,2023,1,0,1,0.0,0,0,0,0,0,0,0,0,0.0,0.0,0.0,0.0,0.0,0.0,25,5,Fringe/Backup
Bruno Fernandes,507c7bdf,pt POR,MF,Manchester Utd,MANCHESTERUNITED,28.0,1994,2023,35,35,3118,34.6,10,8,18,6,4,5,9,0,0.29,0.23,0.52,0.17,0.4,0.0993,1,1,Talisman
André Onana,e9c0c1b2,cm CMR,GK,Manchester Utd,MANCHESTERUNITED,27.0,1996,2023,38,38,3420,38.0,0,0,0,0,0,0,5,0,0.0,0.0,0.0,0.0,0.0,0.0909,2,1,Talisman
Diogo Dalot,d9565625,pt POR,DF,Manchester Utd,MANCHESTERUNITED,24.0,1999,2023,36,35,3174,35.3,2,3,5,2,0,0,6,1,0.06,0.09,0.14,0.06,0.14,0.0903,3,1,Talisman
Alejandro Garnacho,7aa8adfe,ar ARG,MF,Manchester Utd,MANCHESTERUNITED,19.0,2004,2023,36,30,2565,28.5,7,4,11,7,0,0,4,0,0.25,0.14,0.39,0.25,0.39,0.0814,4,1,Talisman
Rasmus Højlund,491a433d,dk DEN,FW,Manchester Utd,MANCHESTERUNITED,20.0,2003,2023,30,25,2158,24.0,10,2,12,10,0,0,2,0,0.42,0.08,0.5,0.42,0.5,0.0717,5,1,Talisman
Marcus Rashford,a1d5bd30,eng ENG,MFFW,Manchester Utd,MANCHESTERUNITED,25.0,1997,2023,33,26,2271,25.2,7,2,9,5,2,2,2,0,0.28,0.08,0.36,0.2,0.28,0.0687,6,1,Talisman
Scott McTominay,d93c2511,sct SCO,MFFW,Manchester Utd,MANCHESTERUNITED,26.0,1996,2023,32,18,1901,21.1,7,1,8,7,0,0,2,0,0.33,0.05,0.38,0.33,0.38,0.06,7,2,Key Player
Casemiro,4d224fe8,br BRA,MFDF,Manchester Utd,MANCHESTERUNITED,31.0,1992,2023,25,24,1982,22.0,1,2,3,1,0,0,7,0,0.05,0.09,0.14,0.05,0.14,0.0563,8,2,Key Player
Kobbie Mainoo,c6220452,eng ENG,MF,Manchester Utd,MANCHESTERUNITED,18.0,2005,2023,24,24,1924,21.4,3,1,4,3,0,0,3,0,0.14,0.05,0.19,0.14,0.19,0.056,9,2,Key Player
Aaron Wan-Bissaka,9e525177,cd COD,DF,Manchester Utd,MANCHESTERUNITED,25.0,1997,2023,22,20,1780,19.8,0,2,2,0,0,0,4,0,0.0,0.1,0.1,0.0,0.1,0.0497,10,2,Key Player
Harry Maguire,d8931174,eng ENG,DF,Manchester Utd,MANCHESTERUNITED,30.0,1993,2023,22,18,1653,18.4,2,2,4,2,0,0,4,0,0.11,0.11,0.22,0.11,0.22,0.0488,11,2,Key Player
Jonny Evans,f8fcd2a5,nir NIR,DF,Manchester Utd,MANCHESTERUNITED,35.0,1988,2023,23,15,1392,15.5,0,1,1,0,0,0,2,0,0.0,0.06,0.06,0.0,0.06,0.0382,12,2,Key Player
Victor Lindelöf,f5deef4c,se SWE,DF,Manchester Utd,MANCHESTERUNITED,29.0,1994,2023,19,14,1328,14.8,1,1,2,1,0,0,2,0,0.07,0.07,0.14,0.07,0.14,0.0379,13,3,Regular Starter
Raphaël Varane,9f8e9423,fr FRA,DF,Manchester Utd,MANCHESTERUNITED,30.0,1993,2023,22,16,1375,15.3,1,0,1,1,0,0,2,0,0.07,0.0,0.07,0.07,0.07,0.0379,14,3,Regular Starter
Antony,99127249,br BRA,MF,Manchester Utd,MANCHESTERUNITED,23.0,2000,2023,29,15,1324,14.7,1,1,2,1,0,0,5,0,0.07,0.07,0.14,0.07,0.14,0.0376,15,3,Regular Starter
Christian Eriksen,980522ec,dk DEN,MF,Manchester Utd,MANCHESTERUNITED,31.0,1992,2023,22,12,1141,12.7,1,2,3,1,0,0,1,0,0.08,0.16,0.24,0.08,0.24,0.034,16,3,Regular Starter
Luke Shaw,9c94165b,eng ENG,DF,Manchester Utd,MANCHESTERUNITED,28.0,1995,2023,12,12,959,10.7,0,0,0,0,0,0,6,0,0.0,0.0,0.0,0.0,0.0,0.0256,17,3,Regular Starter
Sofyan Amrabat,5a2cb25d,ma MAR,MFDF,Manchester Utd,MANCHESTERUNITED,26.0,1996,2023,21,10,938,10.4,0,0,0,0,0,0,6,0,0.0,0.0,0.0,0.0,0.0,0.0249,18,3,Regular Starter
Lisandro Martínez,bac46a10,ar ARG,DF,Manchester Utd,MANCHESTERUNITED,25.0,1998,2023,11,8,646,7.2,0,1,1,0,0,0,3,0,0.0,0.14,0.14,0.0,0.14,0.0184,19,4,Squad Rotation
Mason Mount,9674002f,eng ENG,MF,Manchester Utd,MANCHESTERUNITED,24.0,1999,2023,14,5,516,5.7,1,0,1,1,0,0,2,0,0.17,0.0,0.17,0.17,0.17,0.0148,20,4,Squad Rotation
Anthony Martial,8b788c01,fr FRA,FW,Manchester Utd,MANCHESTERUNITED,27.0,1995,2023,13,5,448,5.0,1,0,1,1,0,0,0,0,0.2,0.0,0.2,0.2,0.2,0.0132,21,4,Squad Rotation
Amad Diallo,9dc96f10,ci CIV,MF,Manchester Utd,MANCHESTERUNITED,21.0,2002,2023,9,3,390,4.3,1,1,2,1,0,0,1,0,0.23,0.23,0.46,0.23,0.46,0.0126,22,4,Squad Rotation
Sergio Reguilón,3353737a,es ESP,DF,Manchester Utd,MANCHESTERUNITED,26.0,1996,2023,9,4,412,4.6,0,0,0,0,0,0,3,0,0.0,0.0,0.0,0.0,0.0,0.011,23,4,Squad Rotation
Willy Kambwala,6a7353d7,fr FRA,DF,Manchester Utd,MANCHESTERUNITED,18.0,2004,2023,8,3,330,3.7,0,0,0,0,0,0,1,0,0.0,0.0,0.0,0.0,0.0,0.0088,24,4,Squad Rotation
Facundo Pellistri,ac7e7b1c,uy URU,MF,Manchester Utd,MANCHESTERUNITED,21.0,2001,2023,9,1,172,1.9,0,1,1,0,0,0,0,0,0.0,0.52,0.52,0.0,0.52,0.0057,25,5,Fringe/Backup
Hannibal Mejbri,ca22ccb0,tn TUN,MF,Manchester Utd,MANCHESTERUNITED,20.0,2003,2023,5,1,133,1.5,1,0,1,1,0,0,1,0,0.68,0.0,0.68,0.68,0.68,0.0048,26,5,Fringe/Backup
Omari Forson,1b9728b0,eng ENG,MF,Manchester Utd,MANCHESTERUNITED,19.0,2004,2023,4,1,70,0.8,0,1,1,0,0,0,0,0,0.0,1.29,1.29,0.0,1.29,0.0031,27,5,Fringe/Backup
Jadon Sancho,dbf053da,eng ENG,FWMF,Manchester Utd,MANCHESTERUNITED,23.0,2000,2023,3,0,79,0.9,0,0,0,0,0,0,0,0,0.0,0.0,0.0,0.0,0.0,0.0022,28,5,Fringe/Backup
Ethan Wheatley,5c368c88,eng ENG,FW,Manchester Utd,MANCHESTERUNITED,17.0,2006,2023,3,0,16,0.2,0,0,0,0,0,0,0,0,0.0,0.0,0.0,0.0,0.0,0.0005,29,5,Fringe/Backup
Donny van de Beek,50dc94ce,nl NED,MF,Manchester Utd,MANCHESTERUNITED,26.0,1997,2023,1,0,3,0.0,0,0,0,0,0,0,0,0,0.0,0.0,0.0,0.0,0.0,0.0,30,5,Fringe/Backup
Daniel Gore,861e9b3b,eng ENG,MF,Manchester Utd,MANCHESTERUNITED,18.0,2004,2023,1,0,1,0.0,0,0,0,0,0,0,0,0,0.0,0.0,0.0,0.0,0.0,0.0,31,5,Fringe/Backup
Bruno Guimarães,82518f62,br BRA,MF,Newcastle,NEWCASTLEUNITED,25.0,1997,2023,37,37,3263,36.3,7,8,15,7,0,0,9,0,0.19,0.22,0.41,0.19,0.41,0.1047,1,1,Talisman
Anthony Gordon,2bd83368,eng ENG,FW,Newcastle,NEWCASTLEUNITED,22.0,2001,2023,35,34,2890,32.1,11,10,21,10,1,1,12,1,0.34,0.31,0.65,0.31,0.62,0.1006,2,1,Talisman
Fabian Schär,c8aa95da,ch SUI,DF,Newcastle,NEWCASTLEUNITED,31.0,1991,2023,36,35,3054,33.9,4,1,5,4,0,0,5,0,0.12,0.03,0.15,0.12,0.15,0.0872,3,1,Talisman
Sean Longstaff,a2b105e0,eng ENG,MF,Newcastle,NEWCASTLEUNITED,25.0,1997,2023,35,30,2747,30.5,6,2,8,6,0,0,7,0,0.2,0.07,0.26,0.2,0.26,0.0825,4,1,Talisman
Alexander Isak,8e92be30,se SWE,FW,Newcastle,NEWCASTLEUNITED,23.0,1999,2023,30,27,2255,25.1,21,2,23,16,5,6,1,0,0.84,0.08,0.92,0.64,0.72,0.0817,5,1,Talisman
Dan Burn,b2d31e83,eng ENG,DF,Newcastle,NEWCASTLEUNITED,31.0,1992,2023,33,32,2726,30.3,2,2,4,2,0,0,4,0,0.07,0.07,0.13,0.07,0.13,0.0772,6,1,Talisman
Kieran Trippier,21512407,eng ENG,DF,Newcastle,NEWCASTLEUNITED,32.0,1990,2023,28,26,2236,24.8,1,10,11,1,0,0,5,0,0.04,0.4,0.44,0.04,0.44,0.0724,7,2,Key Player
Miguel Almirón,862a1c15,py PAR,FW,Newcastle,NEWCASTLEUNITED,29.0,1994,2023,33,23,1937,21.5,3,1,4,3,0,0,2,0,0.14,0.05,0.19,0.14,0.19,0.0563,8,2,Key Player
Martin Dúbravka,3a949a25,sk SVK,GK,Newcastle,NEWCASTLEUNITED,34.0,1989,2023,23,22,1985,22.1,0,0,0,0,0,0,1,0,0.0,0.0,0.0,0.0,0.0,0.0529,9,2,Key Player
Jacob Murphy,de112b84,eng ENG,FWMF,Newcastle,NEWCASTLEUNITED,28.0,1995,2023,21,14,1189,13.2,3,7,10,3,0,0,1,0,0.23,0.53,0.76,0.23,0.76,0.0436,10,2,Key Player
Sven Botman,ccce7025,nl NED,DF,Newcastle,NEWCASTLEUNITED,23.0,2000,2023,17,15,1377,15.3,2,2,4,2,0,0,2,0,0.13,0.13,0.26,0.13,0.26,0.0414,11,2,Key Player
Joelinton,c17bfb65,br BRA,MFFW,Newcastle,NEWCASTLEUNITED,26.0,1996,2023,20,15,1279,14.2,2,1,3,2,0,0,6,0,0.14,0.07,0.21,0.14,0.21,0.0375,12,2,Key Player
Lewis Miley,2c6835e5,eng ENG,MF,Newcastle,NEWCASTLEUNITED,17.0,2006,2023,17,14,1202,13.4,1,3,4,1,0,0,1,0,0.07,0.22,0.3,0.07,0.3,0.0369,13,3,Regular Starter
Tino Livramento,afed6722,eng ENG,DF,Newcastle,NEWCASTLEUNITED,20.0,2002,2023,26,12,1314,14.6,1,0,1,1,0,0,1,0,0.07,0.0,0.07,0.07,0.07,0.0362,14,3,Regular Starter
Callum Wilson,c596fcb0,eng ENG,FW,Newcastle,NEWCASTLEUNITED,31.0,1992,2023,20,9,991,11.0,9,1,10,7,2,2,3,0,0.82,0.09,0.91,0.64,0.73,0.0359,15,3,Regular Starter
Nick Pope,4b40d9ca,eng ENG,GK,Newcastle,NEWCASTLEUNITED,31.0,1992,2023,15,15,1345,14.9,0,0,0,0,0,0,1,0,0.0,0.0,0.0,0.0,0.0,0.0357,16,3,Regular Starter
Harvey Barnes,3ea50f67,eng ENG,FWMF,Newcastle,NEWCASTLEUNITED,25.0,1997,2023,21,7,802,8.9,5,3,8,5,0,0,2,0,0.56,0.34,0.9,0.56,0.9,0.0309,17,3,Regular Starter
Jamaal Lascelles,450ab6fc,eng ENG,DF,Newcastle,NEWCASTLEUNITED,29.0,1993,2023,16,13,1080,12.0,1,0,1,1,0,0,4,0,0.08,0.0,0.08,0.08,0.08,0.0299,18,3,Regular Starter
Elliot Anderson,de31038e,eng ENG,MFFW,Newcastle,NEWCASTLEUNITED,20.0,2002,2023,21,10,1027,11.4,0,2,2,0,0,0,3,0,0.0,0.18,0.18,0.0,0.18,0.0297,19,3,Regular Starter
Emil Krafth,77cf6852,se SWE,DF,Newcastle,NEWCASTLEUNITED,28.0,1994,2023,17,8,913,10.1,0,0,0,0,0,0,2,0,0.0,0.0,0.0,0.0,0.0,0.0242,20,4,Squad Rotation
Lewis Hall,da011f18,eng ENG,DF,Newcastle,NEWCASTLEUNITED,18.0,2004,2023,18,8,781,8.7,1,0,1,1,0,0,2,0,0.12,0.0,0.12,0.12,0.12,0.0221,21,4,Squad Rotation
Sandro Tonali,0db169ae,it ITA,MF,Newcastle,NEWCASTLEUNITED,23.0,2000,2023,8,5,438,4.9,1,0,1,1,0,0,2,0,0.21,0.0,0.21,0.21,0.21,0.013,22,4,Squad Rotation
Joe Willock,a3b03921,eng ENG,MF,Newcastle,NEWCASTLEUNITED,23.0,1999,2023,9,5,419,4.7,1,0,1,1,0,0,0,0,0.21,0.0,0.21,0.21,0.21,0.0124,23,4,Squad Rotation
Matt Ritchie,71ef519e,sct SCO,DFMF,Newcastle,NEWCASTLEUNITED,33.0,1989,2023,13,0,128,1.4,1,0,1,1,0,0,1,0,0.7,0.0,0.7,0.7,0.7,0.0045,24,4,Squad Rotation
Loris Karius,32e7ce92,de GER,GK,Newcastle,NEWCASTLEUNITED,30.0,1993,2023,1,1,90,1.0,0,0,0,0,0,0,0,0,0.0,0.0,0.0,0.0,0.0,0.0024,25,4,Squad Rotation
Matt Targett,e514ab62,eng ENG,DF,Newcastle,NEWCASTLEUNITED,27.0,1995,2023,3,1,78,0.9,0,0,0,0,0,0,1,0,0.0,0.0,0.0,0.0,0.0,0.0022,26,5,Fringe/Backup
Ben Parkinson,32163807,eng ENG,FW,Newcastle,NEWCASTLEUNITED,18.0,2005,2023,1,0,25,0.3,0,0,0,0,0,0,0,0,0.0,0.0,0.0,0.0,0.0,0.0007,27,5,Fringe/Backup
Paul Dummett,3fe6bd8c,wls WAL,DF,Newcastle,NEWCASTLEUNITED,31.0,1991,2023,5,0,20,0.2,0,0,0,0,0,0,0,0,0.0,0.0,0.0,0.0,0.0,0.0005,28,5,Fringe/Backup
Alex Murphy,f1c42eb3,ie IRL,DF,Newcastle,NEWCASTLEUNITED,19.0,2004,2023,2,0,13,0.1,0,0,0,0,0,0,0,0,0.0,0.0,0.0,0.0,0.0,0.0002,29,5,Fringe/Backup
Joe White,d60c03a9,eng ENG,MF,Newcastle,NEWCASTLEUNITED,20.0,2002,2023,4,0,13,0.1,0,0,0,0,0,0,1,0,0.0,0.0,0.0,0.0,0.0,0.0002,30,5,Fringe/Backup
Amadou Diallo,e31708b2,eng ENG,FW,Newcastle,NEWCASTLEUNITED,20.0,2003,2023,1,0,1,0.0,0,0,0,0,0,0,0,0,0.0,0.0,0.0,0.0,0.0,0.0,31,5,Fringe/Backup
Michael Ndiweni,8aff2b51,eng ENG,MF,Newcastle,NEWCASTLEUNITED,19.0,2003,2023,1,0,1,0.0,0,0,0,0,0,0,0,0,0.0,0.0,0.0,0.0,0.0,0.0,32,5,Fringe/Backup
Morgan Gibbs-White,32f60ed8,eng ENG,MFFW,Nottingham,NOTTINGHAMFOREST,23.0,2000,2023,37,35,3156,35.1,5,10,15,4,1,1,9,0,0.14,0.29,0.43,0.11,0.4,0.1011,1,1,Talisman
Anthony Elanga,2fba6108,se SWE,MFFW,Nottingham,NOTTINGHAMFOREST,21.0,2002,2023,36,25,2433,27.0,5,9,14,5,0,0,1,0,0.18,0.33,0.52,0.18,0.52,0.0816,2,1,Talisman
Murillo,1704b0b8,br BRA,DF,Nottingham,NOTTINGHAMFOREST,21.0,2002,2023,32,32,2789,31.0,0,2,2,0,0,0,5,0,0.0,0.06,0.06,0.0,0.06,0.0766,3,1,Talisman
Chris Wood,4e9a0555,nz NZL,FW,Nottingham,NOTTINGHAMFOREST,31.0,1991,2023,31,20,1812,20.1,14,1,15,14,0,0,0,0,0.7,0.05,0.75,0.7,0.75,0.0663,4,1,Talisman
Callum Hudson-Odoi,15f3ec41,eng ENG,MFFW,Nottingham,NOTTINGHAMFOREST,22.0,2000,2023,29,20,1854,20.6,8,1,9,8,0,0,0,0,0.39,0.05,0.44,0.39,0.44,0.0603,5,1,Talisman
Ryan Yates,c1fe2a48,eng ENG,MF,Nottingham,NOTTINGHAMFOREST,25.0,1997,2023,35,21,1992,22.1,1,1,2,1,0,0,6,0,0.05,0.05,0.09,0.05,0.09,0.0554,6,1,Talisman
Danilo Santos,a816dbfb,br BRA,MF,Nottingham,NOTTINGHAMFOREST,22.0,2001,2023,29,20,1792,19.9,2,2,4,2,0,0,4,0,0.1,0.1,0.2,0.1,0.2,0.0525,7,2,Key Player
Ola Aina,246d153b,ng NGA,DFMF,Nottingham,NOTTINGHAMFOREST,26.0,1996,2023,22,20,1692,18.8,1,1,2,1,0,0,3,0,0.05,0.05,0.11,0.05,0.11,0.0476,8,2,Key Player
Neco Williams,dd323728,wls WAL,DFMF,Nottingham,NOTTINGHAMFOREST,22.0,2001,2023,26,18,1637,18.2,0,1,1,0,0,0,4,0,0.0,0.05,0.05,0.0,0.05,0.0448,9,2,Key Player
Nicolás Domínguez,20b3a502,ar ARG,MF,Nottingham,NOTTINGHAMFOREST,25.0,1998,2023,26,19,1495,16.6,2,2,4,2,0,0,4,0,0.12,0.12,0.24,0.12,0.24,0.0446,10,2,Key Player
Harry Toffolo,a105d46a,eng ENG,DFMF,Nottingham,NOTTINGHAMFOREST,27.0,1995,2023,23,15,1459,16.2,1,3,4,1,0,0,3,0,0.06,0.19,0.25,0.06,0.25,0.0437,11,2,Key Player
Orel Mangala,a572e291,be BEL,MF,Nottingham,NOTTINGHAMFOREST,25.0,1998,2023,20,19,1563,17.4,1,0,1,1,0,0,6,0,0.06,0.0,0.06,0.06,0.06,0.043,12,2,Key Player
Willy Boly,a4ac4b8f,ci CIV,DF,Nottingham,NOTTINGHAMFOREST,32.0,1991,2023,20,18,1438,16.0,2,1,3,2,0,0,3,1,0.13,0.06,0.19,0.13,0.19,0.042,13,2,Key Player
Matt Turner,4a51ba65,us USA,GK,Nottingham,NOTTINGHAMFOREST,29.0,1994,2023,17,17,1530,17.0,0,0,0,0,0,0,2,0,0.0,0.0,0.0,0.0,0.0,0.0408,14,3,Regular Starter
Moussa Niakhaté,00242715,sn SEN,DF,Nottingham,NOTTINGHAMFOREST,27.0,1996,2023,21,15,1460,16.2,1,0,1,1,0,0,5,1,0.06,0.0,0.06,0.06,0.06,0.04,15,3,Regular Starter
Taiwo Awoniyi,e5478b87,ng NGA,FW,Nottingham,NOTTINGHAMFOREST,25.0,1997,2023,20,12,1042,11.6,6,3,9,6,0,0,2,0,0.52,0.26,0.78,0.52,0.78,0.0387,16,3,Regular Starter
Matz Sels,834b5c4c,be BEL,GK,Nottingham,NOTTINGHAMFOREST,31.0,1992,2023,16,16,1440,16.0,0,0,0,0,0,0,1,0,0.0,0.0,0.0,0.0,0.0,0.0384,17,3,Regular Starter
Ibrahim Sangaré,bced0375,ci CIV,MF,Nottingham,NOTTINGHAMFOREST,25.0,1997,2023,17,13,1035,11.5,0,0,0,0,0,0,6,0,0.0,0.0,0.0,0.0,0.0,0.0276,18,3,Regular Starter
Serge Aurier,5c2b4f07,ci CIV,DFMF,Nottingham,NOTTINGHAMFOREST,30.0,1992,2023,12,10,833,9.3,0,2,2,0,0,0,2,0,0.0,0.22,0.22,0.0,0.22,0.0248,19,3,Regular Starter
Gonzalo Montiel,374d5158,ar ARG,DF,Nottingham,NOTTINGHAMFOREST,26.0,1997,2023,14,8,801,8.9,0,2,2,0,0,0,5,0,0.0,0.22,0.22,0.0,0.22,0.0237,20,4,Squad Rotation
Andrew Omobamidele,c393a6c4,ie IRL,DF,Nottingham,NOTTINGHAMFOREST,21.0,2002,2023,11,8,783,8.7,0,0,0,0,0,0,2,0,0.0,0.0,0.0,0.0,0.0,0.0209,21,4,Squad Rotation
Divock Origi,43a166b4,be BEL,MFFW,Nottingham,NOTTINGHAMFOREST,28.0,1995,2023,20,6,606,6.7,0,1,1,0,0,0,1,0,0.0,0.15,0.15,0.0,0.15,0.0173,22,4,Squad Rotation
Nuno Tavares,a65c844b,pt POR,DF,Nottingham,NOTTINGHAMFOREST,23.0,2000,2023,8,5,457,5.1,0,0,0,0,0,0,2,0,0.0,0.0,0.0,0.0,0.0,0.0122,23,4,Squad Rotation
Odysseas Vlachodimos,03df04ff,gr GRE,GK,Nottingham,NOTTINGHAMFOREST,29.0,1994,2023,5,5,450,5.0,0,0,0,0,0,0,0,0,0.0,0.0,0.0,0.0,0.0,0.012,24,4,Squad Rotation
Joe Worrall,a5212312,eng ENG,DF,Nottingham,NOTTINGHAMFOREST,26.0,1997,2023,7,5,439,4.9,0,0,0,0,0,0,0,1,0.0,0.0,0.0,0.0,0.0,0.0118,25,4,Squad Rotation
Scott McKenna,4e5a4cbc,sct SCO,DF,Nottingham,NOTTINGHAMFOREST,26.0,1996,2023,5,5,416,4.6,0,0,0,0,0,0,0,0,0.0,0.0,0.0,0.0,0.0,0.011,26,4,Squad Rotation
Felipe,51a3c4c8,br BRA,DF,Nottingham,NOTTINGHAMFOREST,34.0,1989,2023,7,4,375,4.2,0,0,0,0,0,0,4,0,0.0,0.0,0.0,0.0,0.0,0.0101,27,5,Fringe/Backup
Gio Reyna,7fa4e703,us USA,MF,Nottingham,NOTTINGHAMFOREST,20.0,2002,2023,9,2,235,2.6,0,1,1,0,0,0,0,0,0.0,0.38,0.38,0.0,0.38,0.0074,28,5,Fringe/Backup
Brennan Johnson,0cd31129,wls WAL,FWMF,Nottingham,NOTTINGHAMFOREST,22.0,2001,2023,3,3,237,2.6,0,0,0,0,0,0,0,0,0.0,0.0,0.0,0.0,0.0,0.0062,29,5,Fringe/Backup
Cheikhou Kouyaté,8d3c902d,sn SEN,MF,Nottingham,NOTTINGHAMFOREST,33.0,1989,2023,12,2,212,2.4,0,0,0,0,0,0,2,0,0.0,0.0,0.0,0.0,0.0,0.0058,30,5,Fringe/Backup
Rodrigo Ribeiro,484a3eae,pt POR,FW,Nottingham,NOTTINGHAMFOREST,18.0,2005,2023,4,0,17,0.2,0,0,0,0,0,0,0,0,0.0,0.0,0.0,0.0,0.0,0.0005,31,5,Fringe/Backup
Brandon Aguilera,938fa024,cr CRC,MF,Nottingham,NOTTINGHAMFOREST,20.0,2003,2023,1,0,5,0.1,0,0,0,0,0,0,0,0,0.0,0.0,0.0,0.0,0.0,0.0002,32,5,Fringe/Backup
Andrey Santos,dd745366,br BRA,MF,Nottingham,NOTTINGHAMFOREST,19.0,2004,2023,1,0,8,0.1,0,0,0,0,0,0,0,0,0.0,0.0,0.0,0.0,0.0,0.0002,33,5,Fringe/Backup
Gustavo Hamer,eebacc07,nl NED,MF,Sheffield United,SHEFFIELDUNITED,26.0,1997,2023,36,34,2910,32.3,4,6,10,4,0,0,9,0,0.12,0.19,0.31,0.12,0.31,0.0895,1,1,Talisman
Jack Robinson,7399c7a8,eng ENG,DF,Sheffield United,SHEFFIELDUNITED,29.0,1993,2023,34,31,2885,32.1,1,1,2,1,0,0,10,0,0.03,0.03,0.06,0.03,0.06,0.0794,2,1,Talisman
Jayden Bogle,ae5019e6,eng ENG,MFDF,Sheffield United,SHEFFIELDUNITED,23.0,2000,2023,34,32,2788,31.0,3,0,3,3,0,0,9,0,0.1,0.0,0.1,0.1,0.1,0.0781,3,1,Talisman
Anel Ahmedhodžić,eab957a3,ba BIH,DF,Sheffield United,SHEFFIELDUNITED,24.0,1999,2023,31,29,2649,29.4,2,0,2,2,0,0,11,1,0.07,0.0,0.07,0.07,0.07,0.073,4,1,Talisman
Vinicius Souza,6a8a7af8,br BRA,MF,Sheffield United,SHEFFIELDUNITED,24.0,1999,2023,36,29,2668,29.6,1,0,1,1,0,0,3,0,0.03,0.0,0.03,0.03,0.03,0.0721,5,1,Talisman
Wes Foderingham,96cf7b61,eng ENG,GK,Sheffield United,SHEFFIELDUNITED,32.0,1991,2023,30,29,2649,29.4,0,0,0,0,0,0,2,0,0.0,0.0,0.0,0.0,0.0,0.0706,6,1,Talisman
Auston Trusty,cddf767b,us USA,DF,Sheffield United,SHEFFIELDUNITED,24.0,1998,2023,32,28,2572,28.6,0,0,0,0,0,0,4,0,0.0,0.0,0.0,0.0,0.0,0.0687,7,1,Talisman
Cameron Archer,05e8ca6d,eng ENG,FWMF,Sheffield United,SHEFFIELDUNITED,22.0,2001,2023,29,21,1832,20.4,4,1,5,4,0,0,1,0,0.2,0.05,0.25,0.2,0.25,0.0551,8,2,Key Player
James Mcatee,96593e89,eng ENG,MFFW,Sheffield United,SHEFFIELDUNITED,20.0,2002,2023,30,20,1822,20.2,3,3,6,2,1,1,2,0,0.15,0.15,0.3,0.1,0.25,0.0545,9,2,Key Player
Oliver McBurnie,78b8ac63,sct SCO,FW,Sheffield United,SHEFFIELDUNITED,27.0,1996,2023,21,15,1280,14.2,6,3,9,4,2,2,7,2,0.42,0.21,0.63,0.28,0.49,0.0424,10,2,Key Player
Ben Osborn,79bc4c45,eng ENG,MF,Sheffield United,SHEFFIELDUNITED,28.0,1994,2023,24,14,1367,15.2,0,2,2,0,0,0,3,0,0.0,0.13,0.13,0.0,0.13,0.0389,11,2,Key Player
Oliver Norwood,43439614,nir NIR,MF,Sheffield United,SHEFFIELDUNITED,32.0,1991,2023,27,16,1440,16.0,1,0,1,0,1,1,8,0,0.06,0.0,0.06,0.0,0.0,0.0384,12,2,Key Player
Ben Brereton Díaz,57827369,cl CHI,FWMF,Sheffield United,SHEFFIELDUNITED,24.0,1999,2023,14,14,1105,12.3,6,1,7,5,1,1,3,0,0.49,0.08,0.57,0.41,0.49,0.0368,13,2,Key Player
George Baldock,394854c4,gr GRE,DFMF,Sheffield United,SHEFFIELDUNITED,30.0,1993,2023,13,11,969,10.8,0,1,1,0,0,0,4,0,0.0,0.09,0.09,0.0,0.09,0.0271,14,2,Key Player
Oliver Arblaster,afe1a491,eng ENG,MF,Sheffield United,SHEFFIELDUNITED,19.0,2004,2023,12,11,943,10.5,0,0,0,0,0,0,2,0,0.0,0.0,0.0,0.0,0.0,0.0252,15,3,Regular Starter
Andre Brooks,5f346071,jm JAM,MF,Sheffield United,SHEFFIELDUNITED,19.0,2003,2023,20,12,938,10.4,0,0,0,0,0,0,1,0,0.0,0.0,0.0,0.0,0.0,0.025,16,3,Regular Starter
Luke Thomas,fc027d02,eng ENG,MFDF,Sheffield United,SHEFFIELDUNITED,22.0,2001,2023,12,11,917,10.2,0,0,0,0,0,0,3,0,0.0,0.0,0.0,0.0,0.0,0.0245,17,3,Regular Starter
William Osula,7b355808,dk DEN,FW,Sheffield United,SHEFFIELDUNITED,19.0,2003,2023,21,9,786,8.7,0,0,0,0,0,0,4,0,0.0,0.0,0.0,0.0,0.0,0.0209,18,3,Regular Starter
Ivo Grbić,3f034750,hr CRO,GK,Sheffield United,SHEFFIELDUNITED,27.0,1996,2023,9,9,771,8.6,0,0,0,0,0,0,1,0,0.0,0.0,0.0,0.0,0.0,0.0206,19,3,Regular Starter
Mason Holgate,d0042ab9,jm JAM,DF,Sheffield United,SHEFFIELDUNITED,26.0,1996,2023,10,9,710,7.9,0,0,0,0,0,0,3,1,0.0,0.0,0.0,0.0,0.0,0.019,20,3,Regular Starter
Yasser Larouci,0ed063d6,dz ALG,MF,Sheffield United,SHEFFIELDUNITED,22.0,2001,2023,11,6,531,5.9,0,0,0,0,0,0,1,0,0.0,0.0,0.0,0.0,0.0,0.0142,21,3,Regular Starter
Max Lowe,7af88b33,eng ENG,MFDF,Sheffield United,SHEFFIELDUNITED,26.0,1997,2023,10,4,503,5.6,0,0,0,0,0,0,1,0,0.0,0.0,0.0,0.0,0.0,0.0134,22,4,Squad Rotation
John Egan,debe38a0,ie IRL,DF,Sheffield United,SHEFFIELDUNITED,30.0,1992,2023,6,6,482,5.4,0,0,0,0,0,0,2,0,0.0,0.0,0.0,0.0,0.0,0.013,23,4,Squad Rotation
Anis Ben Slimane,9ade9ce1,tn TUN,MF,Sheffield United,SHEFFIELDUNITED,22.0,2001,2023,15,4,419,4.7,0,0,0,0,0,0,2,0,0.0,0.0,0.0,0.0,0.0,0.0113,24,4,Squad Rotation
Bénie Traoré,77816c91,ci CIV,FWMF,Sheffield United,SHEFFIELDUNITED,20.0,2002,2023,8,3,387,4.3,0,0,0,0,0,0,0,0,0.0,0.0,0.0,0.0,0.0,0.0103,25,4,Squad Rotation
Rhian Brewster,30e81a88,eng ENG,FW,Sheffield United,SHEFFIELDUNITED,23.0,2000,2023,13,3,346,3.8,0,0,0,0,0,0,0,1,0.0,0.0,0.0,0.0,0.0,0.0091,26,4,Squad Rotation
Chris Basham,1aa84968,eng ENG,DFMF,Sheffield United,SHEFFIELDUNITED,35.0,1988,2023,8,3,321,3.6,0,0,0,0,0,0,1,0,0.0,0.0,0.0,0.0,0.0,0.0086,27,4,Squad Rotation
Tom Davies,9228b07c,eng ENG,MF,Sheffield United,SHEFFIELDUNITED,25.0,1998,2023,9,2,221,2.5,0,0,0,0,0,0,2,0,0.0,0.0,0.0,0.0,0.0,0.006,28,4,Squad Rotation
Rhys Norrington-Davies,ca76b087,wls WAL,DF,Sheffield United,SHEFFIELDUNITED,24.0,1999,2023,5,2,110,1.2,0,0,0,0,0,0,1,0,0.0,0.0,0.0,0.0,0.0,0.0029,29,5,Fringe/Backup
John Fleck,b63e789d,sct SCO,MF,Sheffield United,SHEFFIELDUNITED,31.0,1991,2023,4,1,92,1.0,0,0,0,0,0,0,1,0,0.0,0.0,0.0,0.0,0.0,0.0024,30,5,Fringe/Backup
Sam Curtis,7d42865e,ie IRL,DF,Sheffield United,SHEFFIELDUNITED,17.0,2005,2023,1,0,28,0.3,0,0,0,0,0,0,0,0,0.0,0.0,0.0,0.0,0.0,0.0007,31,5,Fringe/Backup
Daniel Jebbison,03edb878,ca CAN,FW,Sheffield United,SHEFFIELDUNITED,19.0,2003,2023,1,0,21,0.2,0,0,0,0,0,0,0,0,0.0,0.0,0.0,0.0,0.0,0.0005,32,5,Fringe/Backup
Antwoine Hackford,a7588cdc,eng ENG,FW,Sheffield United,SHEFFIELDUNITED,19.0,2004,2023,2,0,13,0.1,0,0,0,0,0,0,0,0,0.0,0.0,0.0,0.0,0.0,0.0002,33,5,Fringe/Backup
Ryan One,d4aa4582,sct SCO,MF,Sheffield United,SHEFFIELDUNITED,17.0,2006,2023,1,0,8,0.1,0,0,0,0,0,0,0,0,0.0,0.0,0.0,0.0,0.0,0.0002,34,5,Fringe/Backup
Sydie Peck,767d9605,eng ENG,MF,Sheffield United,SHEFFIELDUNITED,18.0,2004,2023,1,0,10,0.1,0,0,0,0,0,0,0,0,0.0,0.0,0.0,0.0,0.0,0.0002,35,5,Fringe/Backup
Son Heung-min,92e7e919,kr KOR,FWMF,Tottenham,TOTTENHAMHOTSPUR,31.0,1992,2023,35,34,2934,32.6,17,10,27,15,2,2,1,0,0.52,0.31,0.83,0.46,0.77,0.1085,1,1,Talisman
Pedro Porro,27d0a506,es ESP,DF,Tottenham,TOTTENHAMHOTSPUR,23.0,1999,2023,35,35,3089,34.3,3,7,10,3,0,0,3,0,0.09,0.2,0.29,0.09,0.29,0.0943,2,1,Talisman
Guglielmo Vicario,77d6fd4d,it ITA,GK,Tottenham,TOTTENHAMHOTSPUR,26.0,1996,2023,38,38,3420,38.0,0,0,0,0,0,0,2,0,0.0,0.0,0.0,0.0,0.0,0.0913,3,1,Talisman
Dejan Kulusevski,df3cda47,se SWE,MFFW,Tottenham,TOTTENHAMHOTSPUR,23.0,2000,2023,36,31,2762,30.7,8,3,11,8,0,0,7,0,0.26,0.1,0.36,0.26,0.36,0.087,4,1,Talisman
Cristian Romero,a3d94a58,ar ARG,DF,Tottenham,TOTTENHAMHOTSPUR,25.0,1998,2023,33,33,2790,31.0,5,0,5,5,0,0,7,1,0.16,0.0,0.16,0.16,0.16,0.0804,5,1,Talisman
Brennan Johnson,0cd31129,wls WAL,MFFW,Tottenham,TOTTENHAMHOTSPUR,22.0,2001,2023,32,23,2085,23.2,5,10,15,5,0,0,3,0,0.22,0.43,0.65,0.22,0.65,0.0738,6,2,Key Player
James Maddison,ee38d9c5,eng ENG,MF,Tottenham,TOTTENHAMHOTSPUR,26.0,1996,2023,28,26,2135,23.7,4,9,13,4,0,0,5,0,0.17,0.38,0.55,0.17,0.55,0.0726,7,2,Key Player
Destiny Udogie,7cd520e8,it ITA,DF,Tottenham,TOTTENHAMHOTSPUR,20.0,2002,2023,28,28,2391,26.6,2,3,5,2,0,0,7,1,0.08,0.11,0.19,0.08,0.19,0.07,8,2,Key Player
Micky van de Ven,8fe2a392,nl NED,DF,Tottenham,TOTTENHAMHOTSPUR,22.0,2001,2023,27,27,2339,26.0,3,0,3,3,0,0,5,0,0.12,0.0,0.12,0.12,0.12,0.0662,9,2,Key Player
Pape Matar Sarr,feb5d972,sn SEN,MF,Tottenham,TOTTENHAMHOTSPUR,20.0,2002,2023,34,27,2069,23.0,3,3,6,3,0,0,9,0,0.13,0.13,0.26,0.13,0.26,0.0624,10,2,Key Player
Richarlison,fa031b34,br BRA,FWMF,Tottenham,TOTTENHAMHOTSPUR,26.0,1997,2023,28,18,1491,16.6,11,4,15,11,0,0,3,0,0.66,0.24,0.91,0.66,0.91,0.058,11,2,Key Player
Yves Bissouma,6c203af0,ml MLI,MF,Tottenham,TOTTENHAMHOTSPUR,26.0,1996,2023,28,26,2068,23.0,0,0,0,0,0,0,10,2,0.0,0.0,0.0,0.0,0.0,0.0552,12,3,Regular Starter
Pierre Højbjerg,8b04d6c1,dk DEN,MF,Tottenham,TOTTENHAMHOTSPUR,27.0,1995,2023,36,8,1311,14.6,0,0,0,0,0,0,4,0,0.0,0.0,0.0,0.0,0.0,0.0351,13,3,Regular Starter
Emerson,df8b52a5,br BRA,DF,Tottenham,TOTTENHAMHOTSPUR,24.0,1999,2023,22,11,1161,12.9,1,0,1,1,0,0,4,0,0.08,0.0,0.08,0.08,0.08,0.0322,14,3,Regular Starter
Ben Davies,44781702,wls WAL,DF,Tottenham,TOTTENHAMHOTSPUR,30.0,1993,2023,17,12,1090,12.1,1,0,1,1,0,0,2,0,0.08,0.0,0.08,0.08,0.08,0.0302,15,3,Regular Starter
Rodrigo Bentancur,3b8674e6,uy URU,MF,Tottenham,TOTTENHAMHOTSPUR,26.0,1997,2023,23,13,1005,11.2,1,1,2,1,0,0,7,0,0.09,0.09,0.18,0.09,0.18,0.0293,16,3,Regular Starter
Timo Werner,49fe9070,de GER,MFFW,Tottenham,TOTTENHAMHOTSPUR,27.0,1996,2023,13,10,809,9.0,2,3,5,2,0,0,1,0,0.22,0.33,0.56,0.22,0.56,0.0277,17,3,Regular Starter
Oliver Skipp,6250083a,eng ENG,MFDF,Tottenham,TOTTENHAMHOTSPUR,22.0,2000,2023,21,5,707,7.9,0,0,0,0,0,0,3,0,0.0,0.0,0.0,0.0,0.0,0.019,18,4,Squad Rotation
Giovani Lo Celso,d7553721,ar ARG,MF,Tottenham,TOTTENHAMHOTSPUR,27.0,1996,2023,22,4,506,5.6,2,2,4,2,0,0,2,0,0.36,0.36,0.71,0.36,0.71,0.0182,19,4,Squad Rotation
Radu Drăgușin,620922ed,ro ROU,DF,Tottenham,TOTTENHAMHOTSPUR,21.0,2002,2023,9,4,429,4.8,0,0,0,0,0,0,1,0,0.0,0.0,0.0,0.0,0.0,0.0115,20,4,Squad Rotation
Manor Solomon,886f9aac,il ISR,MF,Tottenham,TOTTENHAMHOTSPUR,24.0,1999,2023,5,2,199,2.2,0,2,2,0,0,0,1,0,0.0,0.9,0.9,0.0,0.9,0.0077,21,4,Squad Rotation
Bryan Gil,7b5ab7f2,es ESP,MF,Tottenham,TOTTENHAMHOTSPUR,22.0,2001,2023,11,2,209,2.3,0,0,0,0,0,0,0,0,0.0,0.0,0.0,0.0,0.0,0.0055,22,4,Squad Rotation
Eric Dier,ac861941,eng ENG,DF,Tottenham,TOTTENHAMHOTSPUR,29.0,1994,2023,4,1,201,2.2,0,0,0,0,0,0,0,0,0.0,0.0,0.0,0.0,0.0,0.0053,23,4,Squad Rotation
Ivan Perišić,6fe90922,hr CRO,FWMF,Tottenham,TOTTENHAMHOTSPUR,34.0,1989,2023,5,0,103,1.1,0,1,1,0,0,0,2,0,0.0,0.87,0.87,0.0,0.87,0.0038,24,5,Fringe/Backup
Alejo Véliz,3f7bafbe,ar ARG,FW,Tottenham,TOTTENHAMHOTSPUR,19.0,2003,2023,8,0,50,0.6,1,0,1,1,0,0,1,0,1.8,0.0,1.8,1.8,1.8,0.0027,25,5,Fringe/Backup
Davinson Sánchez,da7b447d,co COL,DF,Tottenham,TOTTENHAMHOTSPUR,27.0,1996,2023,1,0,77,0.9,0,0,0,0,0,0,1,0,0.0,0.0,0.0,0.0,0.0,0.0022,26,5,Fringe/Backup
Dane Scarlett,21945a9e,eng ENG,FW,Tottenham,TOTTENHAMHOTSPUR,19.0,2004,2023,4,0,22,0.2,0,0,0,0,0,0,0,0,0.0,0.0,0.0,0.0,0.0,0.0005,27,5,Fringe/Backup
Jamie Donley,5e4d9b48,nir NIR,MF,Tottenham,TOTTENHAMHOTSPUR,18.0,2005,2023,3,0,3,0.0,0,0,0,0,0,0,1,0,0.0,0.0,0.0,0.0,0.0,0.0,28,5,Fringe/Backup
Mikey Moore,00953a9d,eng ENG,MF,Tottenham,TOTTENHAMHOTSPUR,15.0,2007,2023,2,0,4,0.0,0,0,0,0,0,0,0,0,0.0,0.0,0.0,0.0,0.0,0.0,29,5,Fringe/Backup
Jarrod Bowen,79c84d1c,eng ENG,MFFW,West Ham,WESTHAMUNITED,26.0,1996,2023,34,34,3019,33.5,16,6,22,16,0,0,2,0,0.48,0.18,0.66,0.48,0.66,0.1068,1,1,Talisman
James Ward-Prowse,3515d404,eng ENG,MF,West Ham,WESTHAMUNITED,28.0,1994,2023,37,34,3001,33.3,7,7,14,5,2,2,4,0,0.21,0.21,0.42,0.15,0.36,0.0942,2,1,Talisman
Vladimír Coufal,fdf3cb77,cz CZE,DF,West Ham,WESTHAMUNITED,30.0,1992,2023,36,36,3132,34.8,0,7,7,0,0,0,7,1,0.0,0.2,0.2,0.0,0.2,0.0918,3,1,Talisman
Emerson Palmieri,e0bc6fdc,it ITA,DF,West Ham,WESTHAMUNITED,28.0,1994,2023,36,35,3137,34.9,1,2,3,1,0,0,10,0,0.03,0.06,0.09,0.03,0.09,0.0874,4,1,Talisman
Tomáš Souček,6613c819,cz CZE,MF,West Ham,WESTHAMUNITED,28.0,1995,2023,37,34,2870,31.9,7,2,9,7,0,0,7,0,0.22,0.06,0.28,0.22,0.28,0.0872,5,1,Talisman
Mohammed Kudus,b62878a5,gh GHA,MF,West Ham,WESTHAMUNITED,22.0,2000,2023,33,27,2484,27.6,8,6,14,8,0,0,6,0,0.29,0.22,0.51,0.29,0.51,0.083,6,2,Key Player
Kurt Zouma,ce4246f5,fr FRA,DF,West Ham,WESTHAMUNITED,28.0,1994,2023,33,32,2838,31.5,3,0,3,3,0,0,3,0,0.1,0.0,0.1,0.1,0.1,0.0793,7,2,Key Player
Lucas Paquetá,9b6f7fd5,br BRA,MF,West Ham,WESTHAMUNITED,25.0,1997,2023,31,31,2622,29.1,4,6,10,2,2,2,10,0,0.14,0.21,0.34,0.07,0.27,0.0792,8,2,Key Player
Alphonse Areola,2f965a72,fr FRA,GK,West Ham,WESTHAMUNITED,30.0,1993,2023,31,31,2699,30.0,0,0,0,0,0,0,1,0,0.0,0.0,0.0,0.0,0.0,0.0719,9,2,Key Player
Edson Álvarez,8b3ab7ad,mx MEX,MF,West Ham,WESTHAMUNITED,25.0,1997,2023,31,28,2377,26.4,1,1,2,1,0,0,11,0,0.04,0.04,0.08,0.04,0.08,0.0658,10,2,Key Player
Michail Antonio,ac05f970,jm JAM,FW,West Ham,WESTHAMUNITED,33.0,1990,2023,26,21,1695,18.8,6,2,8,6,0,0,6,0,0.32,0.11,0.42,0.32,0.42,0.0545,11,3,Regular Starter
Nayef Aguerd,288e1e13,ma MAR,DF,West Ham,WESTHAMUNITED,27.0,1996,2023,21,21,1857,20.6,1,0,1,1,0,0,3,1,0.05,0.0,0.05,0.05,0.05,0.0506,12,3,Regular Starter
Konstantinos Mavropanos,00963611,gr GRE,DF,West Ham,WESTHAMUNITED,25.0,1997,2023,19,16,1500,16.7,1,0,1,1,0,0,2,0,0.06,0.0,0.06,0.06,0.06,0.0412,13,3,Regular Starter
Łukasz Fabiański,9328b835,pl POL,GK,West Ham,WESTHAMUNITED,38.0,1985,2023,10,7,721,8.0,0,0,0,0,0,0,0,0,0.0,0.0,0.0,0.0,0.0,0.0192,14,3,Regular Starter
Saïd Benrahma,5a04fd92,dz ALG,MF,West Ham,WESTHAMUNITED,27.0,1995,2023,13,5,620,6.9,0,1,1,0,0,1,1,0,0.0,0.15,0.15,0.0,0.15,0.0178,15,3,Regular Starter
Angelo Ogbonna,74b2cd7e,it ITA,DF,West Ham,WESTHAMUNITED,35.0,1988,2023,11,7,635,7.1,0,0,0,0,0,0,1,0,0.0,0.0,0.0,0.0,0.0,0.017,16,4,Squad Rotation
Ben Johnson,9319781b,eng ENG,MFDF,West Ham,WESTHAMUNITED,23.0,2000,2023,14,4,544,6.0,0,0,0,0,0,0,1,0,0.0,0.0,0.0,0.0,0.0,0.0144,17,4,Squad Rotation
Danny Ings,07802f7f,eng ENG,FWMF,West Ham,WESTHAMUNITED,31.0,1992,2023,20,3,404,4.5,1,0,1,1,0,0,1,0,0.22,0.0,0.22,0.22,0.22,0.012,18,4,Squad Rotation
Aaron Cresswell,4f974391,eng ENG,DF,West Ham,WESTHAMUNITED,33.0,1989,2023,11,4,436,4.8,0,0,0,0,0,0,1,0,0.0,0.0,0.0,0.0,0.0,0.0115,19,4,Squad Rotation
Pablo Fornals,82927de4,es ESP,MF,West Ham,WESTHAMUNITED,27.0,1996,2023,15,4,426,4.7,0,0,0,0,0,0,0,0,0.0,0.0,0.0,0.0,0.0,0.0113,20,4,Squad Rotation
Kalvin Phillips,4f565d77,eng ENG,MF,West Ham,WESTHAMUNITED,27.0,1995,2023,8,3,309,3.4,0,0,0,0,0,0,3,1,0.0,0.0,0.0,0.0,0.0,0.0081,21,5,Fringe/Backup
Maxwel Cornet,beb391dd,ci CIV,MF,West Ham,WESTHAMUNITED,26.0,1996,2023,7,1,112,1.2,1,0,1,1,0,0,0,0,0.8,0.0,0.8,0.8,0.8,0.004,22,5,Fringe/Backup
George Earthy,123d2733,eng ENG,MF,West Ham,WESTHAMUNITED,18.0,2004,2023,3,0,34,0.4,1,0,1,1,0,0,0,0,2.65,0.0,2.65,2.65,2.65,0.0022,23,5,Fringe/Backup
Divin Mubama,92868cb5,eng ENG,FW,West Ham,WESTHAMUNITED,18.0,2004,2023,5,0,80,0.9,0,0,0,0,0,0,0,0,0.0,0.0,0.0,0.0,0.0,0.0022,24,5,Fringe/Backup
Thilo Kehrer,51dbeea9,de GER,DF,West Ham,WESTHAMUNITED,26.0,1996,2023,4,0,22,0.2,0,0,0,0,0,0,2,0,0.0,0.0,0.0,0.0,0.0,0.0005,25,5,Fringe/Backup
Kaelan Casey,cd4b2c5f,eng ENG,DF,West Ham,WESTHAMUNITED,18.0,2004,2023,1,0,1,0.0,0,0,0,0,0,0,0,0,0.0,0.0,0.0,0.0,0.0,0.0,26,5,Fringe/Backup
Max Kilman,d0f72bf1,eng ENG,DF,Wolves,WOLVERHAMPTONWANDERERS,26.0,1997,2023,38,38,3420,38.0,2,0,2,2,0,0,7,0,0.05,0.0,0.05,0.05,0.05,0.0935,1,1,Talisman
Matheus Cunha,dc62b55d,br BRA,FWMF,Wolves,WOLVERHAMPTONWANDERERS,24.0,1999,2023,32,29,2440,27.1,12,7,19,11,1,1,9,0,0.44,0.26,0.7,0.41,0.66,0.0865,2,1,Talisman
Mario Lemina,2b471f99,ga GAB,MF,Wolves,WOLVERHAMPTONWANDERERS,29.0,1993,2023,35,34,2968,33.0,4,1,5,4,0,0,12,1,0.12,0.03,0.15,0.12,0.15,0.0852,3,1,Talisman
Nélson Semedo,d04b94db,pt POR,MFDF,Wolves,WOLVERHAMPTONWANDERERS,29.0,1993,2023,36,36,3084,34.3,0,1,1,0,0,0,10,1,0.0,0.03,0.03,0.0,0.03,0.0836,4,1,Talisman
José Sá,903b6e8b,pt POR,GK,Wolves,WOLVERHAMPTONWANDERERS,30.0,1993,2023,35,35,3037,33.7,0,1,1,0,0,0,1,0,0.0,0.03,0.03,0.0,0.03,0.0821,5,1,Talisman
Toti Gomes,f0caab96,pt POR,DF,Wolves,WOLVERHAMPTONWANDERERS,24.0,1999,2023,35,31,2772,30.8,1,3,4,1,0,0,7,0,0.03,0.1,0.13,0.03,0.13,0.0788,6,2,Key Player
João Gomes,8b57ad2c,br BRA,MF,Wolves,WOLVERHAMPTONWANDERERS,22.0,2001,2023,34,32,2649,29.4,2,1,3,2,0,0,11,0,0.07,0.03,0.1,0.07,0.1,0.0741,7,2,Key Player
Hwang Hee-chan,169fd162,kr KOR,FWMF,Wolves,WOLVERHAMPTONWANDERERS,27.0,1996,2023,29,25,2119,23.5,12,3,15,11,1,1,6,0,0.51,0.13,0.64,0.47,0.59,0.0731,8,2,Key Player
Rayan Aït-Nouri,9b398aea,dz ALG,MFDF,Wolves,WOLVERHAMPTONWANDERERS,22.0,2001,2023,33,29,2329,25.9,2,1,3,2,0,0,7,0,0.08,0.04,0.12,0.08,0.12,0.0659,9,2,Key Player
Craig Dawson,3e9e06cb,eng ENG,DF,Wolves,WOLVERHAMPTONWANDERERS,33.0,1990,2023,25,25,2209,24.5,1,1,2,1,0,0,7,0,0.04,0.04,0.08,0.04,0.08,0.0612,10,2,Key Player
Pablo Sarabia,9744ff80,es ESP,MFFW,Wolves,WOLVERHAMPTONWANDERERS,31.0,1992,2023,30,20,1745,19.4,4,7,11,2,2,2,5,0,0.21,0.36,0.57,0.1,0.46,0.0573,11,3,Regular Starter
Pedro Neto,7ba2eaa9,pt POR,MFFW,Wolves,WOLVERHAMPTONWANDERERS,23.0,2000,2023,20,18,1516,16.8,2,9,11,2,0,0,4,0,0.12,0.53,0.65,0.12,0.65,0.0534,12,3,Regular Starter
Tommy Doyle,5526deb1,eng ENG,MF,Wolves,WOLVERHAMPTONWANDERERS,21.0,2001,2023,26,11,1222,13.6,0,0,0,0,0,0,2,0,0.0,0.0,0.0,0.0,0.0,0.0327,13,3,Regular Starter
Matt Doherty,d557d734,ie IRL,MFDF,Wolves,WOLVERHAMPTONWANDERERS,31.0,1992,2023,30,9,1150,12.8,1,0,1,1,0,0,2,0,0.08,0.0,0.08,0.08,0.08,0.032,14,3,Regular Starter
Jean-Ricner Bellegarde,10f0fdd3,ht HAI,MFFW,Wolves,WOLVERHAMPTONWANDERERS,25.0,1998,2023,22,10,958,10.6,2,1,3,2,0,0,0,1,0.19,0.09,0.28,0.19,0.28,0.029,15,3,Regular Starter
Santiago Bueno,edc98fac,uy URU,DF,Wolves,WOLVERHAMPTONWANDERERS,24.0,1998,2023,12,9,822,9.1,0,0,0,0,0,0,1,0,0.0,0.0,0.0,0.0,0.0,0.0218,16,3,Regular Starter
Boubacar Traoré,999ceb5f,ml MLI,MF,Wolves,WOLVERHAMPTONWANDERERS,21.0,2001,2023,24,7,819,9.1,0,0,0,0,0,0,4,0,0.0,0.0,0.0,0.0,0.0,0.0218,17,4,Squad Rotation
Hugo Bueno,bfc3b3a0,es ESP,MFDF,Wolves,WOLVERHAMPTONWANDERERS,20.0,2002,2023,22,7,741,8.2,0,0,0,0,0,0,1,0,0.0,0.0,0.0,0.0,0.0,0.0197,18,4,Squad Rotation
Daniel Bentley,68db6358,eng ENG,GK,Wolves,WOLVERHAMPTONWANDERERS,30.0,1993,2023,5,3,383,4.3,0,0,0,0,0,0,0,0,0.0,0.0,0.0,0.0,0.0,0.0103,19,4,Squad Rotation
Fábio Silva,e7aa9d7c,pt POR,FW,Wolves,WOLVERHAMPTONWANDERERS,21.0,2002,2023,8,3,264,2.9,0,0,0,0,0,0,2,0,0.0,0.0,0.0,0.0,0.0,0.007,20,4,Squad Rotation
Saša Kalajdžić,15f24fe7,at AUT,FW,Wolves,WOLVERHAMPTONWANDERERS,26.0,1997,2023,11,1,166,1.8,2,0,2,2,0,0,0,0,1.08,0.0,1.08,1.08,1.08,0.0067,21,4,Squad Rotation
Nathan Fraser,00b77ecf,ie IRL,FW,Wolves,WOLVERHAMPTONWANDERERS,18.0,2005,2023,7,1,186,2.1,0,0,0,0,0,0,1,0,0.0,0.0,0.0,0.0,0.0,0.005,22,5,Fringe/Backup
Matheus Nunes,e6af02e0,pt POR,MF,Wolves,WOLVERHAMPTONWANDERERS,24.0,1998,2023,2,2,179,2.0,0,0,0,0,0,0,2,1,0.0,0.0,0.0,0.0,0.0,0.0048,23,5,Fringe/Backup
Leon Chiwome,a2852b4f,eng ENG,FW,Wolves,WOLVERHAMPTONWANDERERS,17.0,2006,2023,3,2,174,1.9,0,0,0,0,0,0,0,0,0.0,0.0,0.0,0.0,0.0,0.0046,24,5,Fringe/Backup
Tawanda Chirewa,34721c11,zw ZIM,FW,Wolves,WOLVERHAMPTONWANDERERS,19.0,2003,2023,8,1,145,1.6,0,0,0,0,0,0,1,0,0.0,0.0,0.0,0.0,0.0,0.0038,25,5,Fringe/Backup
Jonny Castro,e28868f3,es ESP,DFMF,Wolves,WOLVERHAMPTONWANDERERS,29.0,1994,2023,1,0,5,0.1,0,0,0,0,0,0,0,0,0.0,0.0,0.0,0.0,0.0,0.0002,26,5,Fringe/Backup
Enso Gonzalez,7e5bebeb,py PAR,FW,Wolves,WOLVERHAMPTONWANDERERS,18.0,2005,2023,1,0,1,0.0,0,0,0,0,0,0,0,0,0.0,0.0,0.0,0.0,0.0,0.0,27,5,Fringe/Backup
Antoine Semenyo,efd2ec23,gh GHA,MF,Bournemouth,AFCBOURNEMOUTH,24.0,2000,2024,37,36,3203,35.6,11,5,16,11,0,0,9,0,0.31,0.14,0.45,0.31,0.45,0.1046,1,1,Talisman
Milos Kerkez,0ad53bdc,hu HUN,DF,Bournemouth,AFCBOURNEMOUTH,20.0,2003,2024,38,38,3336,37.1,2,5,7,2,0,0,4,0,0.05,0.13,0.19,0.05,0.19,0.0974,2,1,Talisman
Lewis Cook,2afc7272,eng ENG,MFDF,Bournemouth,AFCBOURNEMOUTH,27.0,1997,2024,36,32,2978,33.1,1,3,4,1,0,0,8,1,0.03,0.09,0.12,0.03,0.12,0.0842,3,1,Talisman
Illia Zabarnyi,88968486,ua UKR,DF,Bournemouth,AFCBOURNEMOUTH,21.0,2002,2024,36,35,3109,34.5,0,1,1,0,0,0,4,1,0.0,0.03,0.03,0.0,0.03,0.084,4,1,Talisman
Justin Kluivert,4c3a6744,nl NED,MF,Bournemouth,AFCBOURNEMOUTH,25.0,1999,2024,34,29,2340,26.0,12,6,18,6,6,6,8,0,0.46,0.23,0.69,0.23,0.46,0.0767,5,1,Talisman
Evanilson,6f3cc2fe,br BRA,FW,Bournemouth,AFCBOURNEMOUTH,24.0,1999,2024,31,28,2319,25.8,10,1,11,10,0,1,1,1,0.39,0.04,0.43,0.39,0.43,0.0752,6,2,Key Player
Kepa Arrizabalaga,28d596a0,es ESP,GK,Bournemouth,AFCBOURNEMOUTH,29.0,1994,2024,31,31,2790,31.0,0,0,0,0,0,0,3,0,0.0,0.0,0.0,0.0,0.0,0.0744,7,2,Key Player
Dean Huijsen,87278bce,es ESP,DF,Bournemouth,AFCBOURNEMOUTH,19.0,2005,2024,32,26,2427,27.0,3,2,5,3,0,0,10,0,0.11,0.07,0.19,0.11,0.19,0.0709,8,2,Key Player
Dango Ouattara,2f9e4435,bf BFA,MFFW,Bournemouth,AFCBOURNEMOUTH,22.0,2002,2024,32,21,2005,22.3,7,4,11,7,0,0,3,0,0.31,0.18,0.49,0.31,0.49,0.0666,9,2,Key Player
Ryan Christie,26ce2263,sct SCO,MF,Bournemouth,AFCBOURNEMOUTH,29.0,1995,2024,29,27,2117,23.5,2,3,5,2,0,0,9,0,0.09,0.13,0.21,0.09,0.21,0.0623,10,2,Key Player
Marcus Tavernier,5c0da4a4,eng ENG,MF,Bournemouth,AFCBOURNEMOUTH,25.0,1999,2024,29,20,1939,21.5,3,5,8,3,0,0,6,0,0.14,0.23,0.37,0.14,0.37,0.0611,11,2,Key Player
Tyler Adams,2b09d998,us USA,MF,Bournemouth,AFCBOURNEMOUTH,25.0,1999,2024,28,21,1965,21.8,0,3,3,0,0,0,7,0,0.0,0.14,0.14,0.0,0.14,0.056,12,3,Regular Starter
Adam Smith,20b104bc,eng ENG,DF,Bournemouth,AFCBOURNEMOUTH,33.0,1991,2024,25,19,1590,17.7,0,0,0,0,0,0,7,0,0.0,0.0,0.0,0.0,0.0,0.0425,13,3,Regular Starter
Marcos Senesi,35141f4c,ar ARG,DF,Bournemouth,AFCBOURNEMOUTH,27.0,1997,2024,17,13,1106,12.3,0,0,0,0,0,0,5,0,0.0,0.0,0.0,0.0,0.0,0.0295,14,3,Regular Starter
David Brooks,dc4cae05,wls WAL,MF,Bournemouth,AFCBOURNEMOUTH,27.0,1997,2024,29,9,960,10.7,2,0,2,2,0,0,3,0,0.19,0.0,0.19,0.19,0.19,0.0281,15,3,Regular Starter
Alex Scott,104d0bb8,eng ENG,MF,Bournemouth,AFCBOURNEMOUTH,20.0,2003,2024,20,8,755,8.4,0,0,0,0,0,0,3,0,0.0,0.0,0.0,0.0,0.0,0.0201,16,3,Regular Starter
Julian Araujo,8f4541c2,mx MEX,DF,Bournemouth,AFCBOURNEMOUTH,22.0,2001,2024,12,7,497,5.5,0,0,0,0,0,0,2,0,0.0,0.0,0.0,0.0,0.0,0.0132,17,3,Regular Starter
James Hill,69942fb3,eng ENG,DF,Bournemouth,AFCBOURNEMOUTH,22.0,2002,2024,10,6,448,5.0,0,1,1,0,0,0,1,0,0.0,0.2,0.2,0.0,0.2,0.0132,18,4,Squad Rotation
Enes Ünal,f8eca1b6,tr TUR,FW,Bournemouth,AFCBOURNEMOUTH,27.0,1997,2024,17,2,345,3.8,2,1,3,2,0,0,2,0,0.52,0.26,0.78,0.52,0.78,0.0127,19,4,Squad Rotation
Mark Travers,fe558029,ie IRL,GK,Bournemouth,AFCBOURNEMOUTH,25.0,1999,2024,5,5,450,5.0,0,0,0,0,0,0,0,0,0.0,0.0,0.0,0.0,0.0,0.012,20,4,Squad Rotation
Luis Sinisterra,8e16dd48,co COL,MF,Bournemouth,AFCBOURNEMOUTH,25.0,1999,2024,12,1,236,2.6,1,1,2,1,0,0,0,0,0.38,0.38,0.76,0.38,0.76,0.0086,21,4,Squad Rotation
Philip Billing,d328a254,dk DEN,MF,Bournemouth,AFCBOURNEMOUTH,28.0,1996,2024,10,1,184,2.0,0,0,0,0,0,0,1,0,0.0,0.0,0.0,0.0,0.0,0.0048,22,4,Squad Rotation
Neto,a9dc785c,br BRA,GK,Bournemouth,AFCBOURNEMOUTH,35.0,1989,2024,2,2,180,2.0,0,0,0,0,0,0,0,0,0.0,0.0,0.0,0.0,0.0,0.0048,23,4,Squad Rotation
Daniel Jebbison,03edb878,ca CAN,FW,Bournemouth,AFCBOURNEMOUTH,20.0,2003,2024,16,0,119,1.3,1,0,1,1,0,0,1,0,0.76,0.0,0.76,0.76,0.76,0.0043,24,5,Fringe/Backup
Max Aarons,774cf58b,eng ENG,DF,Bournemouth,AFCBOURNEMOUTH,24.0,2000,2024,3,1,86,1.0,0,0,0,0,0,0,0,0,0.0,0.0,0.0,0.0,0.0,0.0024,25,5,Fringe/Backup
Ben Winterburn,ba31eee2,eng ENG,MF,Bournemouth,AFCBOURNEMOUTH,19.0,2004,2024,4,0,24,0.3,0,0,0,0,0,0,0,0,0.0,0.0,0.0,0.0,0.0,0.0007,26,5,Fringe/Backup
Julio Soler,98c8559a,ar ARG,DF,Bournemouth,AFCBOURNEMOUTH,19.0,2005,2024,3,0,11,0.1,0,0,0,0,0,0,0,0,0.0,0.0,0.0,0.0,0.0,0.0002,27,5,Fringe/Backup
Remy Rees-Dottin,1db75ccb,eng ENG,FW,Bournemouth,AFCBOURNEMOUTH,18.0,2006,2024,1,0,1,0.0,0,0,0,0,0,0,0,0,0.0,0.0,0.0,0.0,0.0,0.0,28,5,Fringe/Backup
Zain Silcott-Duberry,2f5fa231,ms MSR,MF,Bournemouth,AFCBOURNEMOUTH,19.0,2005,2024,1,0,1,0.0,0,0,0,0,0,0,0,0,0.0,0.0,0.0,0.0,0.0,0.0,29,5,Fringe/Backup
David Raya,98ea5115,es ESP,GK,Arsenal,ARSENAL,28.0,1995,2024,38,38,3420,38.0,0,0,0,0,0,0,3,0,0.0,0.0,0.0,0.0,0.0,0.0915,1,1,Talisman
Declan Rice,1c7012b8,eng ENG,MF,Arsenal,ARSENAL,25.0,1999,2024,35,33,2825,31.4,4,7,11,4,0,0,7,1,0.13,0.22,0.35,0.13,0.35,0.0888,2,1,Talisman
Leandro Trossard,38ceb24a,be BEL,FW,Arsenal,ARSENAL,29.0,1994,2024,38,28,2546,28.3,8,7,15,8,0,0,4,1,0.28,0.25,0.53,0.28,0.53,0.0862,3,1,Talisman
William Saliba,972aeb2a,fr FRA,DF,Arsenal,ARSENAL,23.0,2001,2024,35,35,3039,33.8,2,0,2,2,0,0,2,1,0.06,0.0,0.06,0.06,0.06,0.0838,4,1,Talisman
Thomas Partey,529f49ab,gh GHA,MFDF,Arsenal,ARSENAL,31.0,1993,2024,35,31,2797,31.1,4,2,6,4,0,0,4,0,0.13,0.06,0.19,0.13,0.19,0.082,5,1,Talisman
Gabriel Martinelli,48a5a5d6,br BRA,FWMF,Arsenal,ARSENAL,23.0,2001,2024,33,25,2290,25.4,8,4,12,8,0,0,1,0,0.31,0.16,0.47,0.31,0.47,0.0755,6,2,Key Player
Martin Ødegaard,79300479,no NOR,MF,Arsenal,ARSENAL,25.0,1998,2024,30,26,2325,25.8,3,8,11,2,1,1,4,0,0.12,0.31,0.43,0.08,0.39,0.0742,7,2,Key Player
Jurriën Timber,41034650,nl NED,DF,Arsenal,ARSENAL,23.0,2001,2024,30,27,2417,26.9,1,3,4,1,0,0,7,0,0.04,0.11,0.15,0.04,0.15,0.0696,8,2,Key Player
Gabriel Magalhães,67ac5bb8,br BRA,DF,Arsenal,ARSENAL,26.0,1997,2024,28,28,2363,26.3,3,1,4,3,0,0,4,0,0.11,0.04,0.15,0.11,0.15,0.068,9,2,Key Player
Kai Havertz,fed7cb61,de GER,FW,Arsenal,ARSENAL,25.0,1999,2024,23,21,1875,20.8,9,3,12,9,0,0,5,0,0.43,0.14,0.58,0.43,0.58,0.0646,10,2,Key Player
Bukayo Saka,bc7dc64d,eng ENG,FWMF,Arsenal,ARSENAL,22.0,2001,2024,25,20,1729,19.2,6,10,16,5,1,1,3,0,0.31,0.52,0.83,0.26,0.78,0.0642,11,3,Regular Starter
Mikel Merino,d080ed5e,es ESP,MFFW,Arsenal,ARSENAL,28.0,1996,2024,28,17,1586,17.6,7,2,9,7,0,0,4,1,0.4,0.11,0.51,0.4,0.51,0.0532,12,3,Regular Starter
Myles Lewis-Skelly,5dff6c28,eng ENG,DF,Arsenal,ARSENAL,17.0,2006,2024,23,15,1369,15.2,1,0,1,1,0,0,3,2,0.07,0.0,0.07,0.07,0.07,0.0379,13,3,Regular Starter
Ben White,35e413f1,eng ENG,DF,Arsenal,ARSENAL,26.0,1997,2024,17,13,1198,13.3,0,2,2,0,0,0,2,0,0.0,0.15,0.15,0.0,0.15,0.0344,14,3,Regular Starter
Jakub Kiwior,dc3e663e,pl POL,DF,Arsenal,ARSENAL,24.0,2000,2024,17,10,1122,12.5,1,0,1,1,0,0,1,0,0.08,0.0,0.08,0.08,0.08,0.0313,15,3,Regular Starter
Ethan Nwaneri,7f94982c,eng ENG,FWMF,Arsenal,ARSENAL,17.0,2007,2024,26,11,895,9.9,4,2,6,4,0,0,1,0,0.4,0.2,0.6,0.4,0.6,0.031,16,4,Squad Rotation
Riccardo Calafiori,aded8e6f,it ITA,DF,Arsenal,ARSENAL,22.0,2002,2024,19,11,983,10.9,2,1,3,2,0,0,4,0,0.18,0.09,0.27,0.18,0.27,0.0298,17,4,Squad Rotation
Gabriel Jesus,b66315ae,br BRA,FW,Arsenal,ARSENAL,27.0,1997,2024,17,6,608,6.8,3,0,3,3,0,0,4,0,0.44,0.0,0.44,0.44,0.44,0.02,18,4,Squad Rotation
Jorginho,45db685d,it ITA,MF,Arsenal,ARSENAL,32.0,1991,2024,15,9,704,7.8,0,0,0,0,0,0,5,0,0.0,0.0,0.0,0.0,0.0,0.0188,19,4,Squad Rotation
Raheem Sterling,b400bde0,eng ENG,FWMF,Arsenal,ARSENAL,29.0,1994,2024,17,7,499,5.5,0,2,2,0,0,0,1,0,0.0,0.36,0.36,0.0,0.36,0.0156,20,4,Squad Rotation
Oleksandr Zinchenko,51cf8561,ua UKR,DFMF,Arsenal,ARSENAL,27.0,1996,2024,15,5,527,5.9,0,1,1,0,0,0,1,0,0.0,0.17,0.17,0.0,0.17,0.0154,21,5,Fringe/Backup
Kieran Tierney,fce2302c,sct SCO,DF,Arsenal,ARSENAL,27.0,1997,2024,13,2,259,2.9,1,0,1,1,0,0,0,0,0.35,0.0,0.35,0.35,0.35,0.0082,22,5,Fringe/Backup
Nathan Butler-Oyedeji,3a686640,eng ENG,FWMF,Arsenal,ARSENAL,21.0,2003,2024,1,0,7,0.1,0,0,0,0,0,0,0,0,0.0,0.0,0.0,0.0,0.0,0.0002,23,5,Fringe/Backup
Takehiro Tomiyasu,b3af9be1,jp JPN,DF,Arsenal,ARSENAL,25.0,1998,2024,1,0,7,0.1,0,0,0,0,0,0,0,0,0.0,0.0,0.0,0.0,0.0,0.0002,24,5,Fringe/Backup
Reiss Nelson,c5bdb6e3,eng ENG,FWMF,Arsenal,ARSENAL,24.0,1999,2024,1,0,3,0.0,0,0,0,0,0,0,0,0,0.0,0.0,0.0,0.0,0.0,0.0,25,5,Fringe/Backup
Morgan Rogers,2e5915f1,eng ENG,MF,Aston Villa,ASTONVILLA,22.0,2002,2024,37,37,3114,34.6,8,10,18,8,0,0,10,0,0.23,0.29,0.52,0.23,0.52,0.1046,1,1,Talisman
Ollie Watkins,aed3a70f,eng ENG,FW,Aston Villa,ASTONVILLA,28.0,1995,2024,38,31,2598,28.9,16,8,24,14,2,2,2,0,0.55,0.28,0.83,0.48,0.76,0.0957,2,1,Talisman
Youri Tielemans,56f7a928,be BEL,MF,Aston Villa,ASTONVILLA,27.0,1997,2024,36,35,3026,33.6,3,7,10,3,0,1,4,0,0.09,0.21,0.3,0.09,0.3,0.0927,3,1,Talisman
Emiliano Martínez,7956236f,ar ARG,GK,Aston Villa,ASTONVILLA,31.0,1992,2024,37,37,3194,35.5,0,0,0,0,0,0,5,1,0.0,0.0,0.0,0.0,0.0,0.0852,4,1,Talisman
Ezri Konsa,0313a347,eng ENG,DF,Aston Villa,ASTONVILLA,26.0,1997,2024,34,33,2936,32.6,2,0,2,2,0,0,1,0,0.06,0.0,0.06,0.06,0.06,0.0806,5,1,Talisman
Lucas Digne,1b84dbe1,fr FRA,DF,Aston Villa,ASTONVILLA,31.0,1993,2024,32,28,2351,26.1,0,4,4,0,0,0,4,0,0.0,0.15,0.15,0.0,0.15,0.0673,6,2,Key Player
John McGinn,90f91999,sct SCO,MF,Aston Villa,ASTONVILLA,29.0,1994,2024,34,27,2223,24.7,1,4,5,1,0,0,7,0,0.04,0.16,0.2,0.04,0.2,0.0652,7,2,Key Player
Matty Cash,2389cdc2,pl POL,DF,Aston Villa,ASTONVILLA,26.0,1997,2024,27,24,2070,23.0,1,1,2,1,0,0,7,0,0.04,0.04,0.09,0.04,0.09,0.0577,8,2,Key Player
Pau Torres,532e1e4f,es ESP,DF,Aston Villa,ASTONVILLA,27.0,1997,2024,24,23,2020,22.4,0,0,0,0,0,0,2,0,0.0,0.0,0.0,0.0,0.0,0.0538,9,2,Key Player
Jacob Ramsey,1544f145,eng ENG,MF,Aston Villa,ASTONVILLA,23.0,2001,2024,29,19,1623,18.0,1,3,4,1,0,0,4,1,0.06,0.17,0.22,0.06,0.22,0.0479,10,2,Key Player
Boubacar Kamara,cc77354e,fr FRA,MFDF,Aston Villa,ASTONVILLA,24.0,1999,2024,26,20,1726,19.2,1,0,1,1,0,0,2,0,0.05,0.0,0.05,0.05,0.05,0.0472,11,2,Key Player
Amadou Onana,828657ff,be BEL,MF,Aston Villa,ASTONVILLA,22.0,2001,2024,26,20,1617,18.0,3,0,3,3,0,0,4,0,0.17,0.0,0.17,0.17,0.17,0.0469,12,3,Regular Starter
Leon Bailey,3a233281,jm JAM,MF,Aston Villa,ASTONVILLA,26.0,1997,2024,24,14,1139,12.7,1,2,3,1,0,0,3,0,0.08,0.16,0.24,0.08,0.24,0.0341,13,3,Regular Starter
Ian Maatsen,cab9634e,nl NED,DF,Aston Villa,ASTONVILLA,22.0,2002,2024,29,10,1139,12.7,1,2,3,1,0,0,2,0,0.08,0.16,0.24,0.08,0.24,0.0341,14,3,Regular Starter
Tyrone Mings,8397a50c,eng ENG,DF,Aston Villa,ASTONVILLA,31.0,1993,2024,14,12,1120,12.4,0,0,0,0,0,0,1,0,0.0,0.0,0.0,0.0,0.0,0.0298,15,3,Regular Starter
Jáder Durán,414184f7,co COL,FW,Aston Villa,ASTONVILLA,20.0,2003,2024,20,4,638,7.1,7,0,7,7,0,0,3,1,0.99,0.0,0.99,0.99,0.99,0.0255,16,3,Regular Starter
Marco Asensio,45af8a54,es ESP,MF,Aston Villa,ASTONVILLA,28.0,1996,2024,13,9,743,8.3,3,1,4,3,0,2,2,0,0.36,0.12,0.48,0.36,0.48,0.0247,17,4,Squad Rotation
Diego Carlos,b4a014b1,br BRA,DF,Aston Villa,ASTONVILLA,31.0,1993,2024,10,8,830,9.2,0,0,0,0,0,0,1,0,0.0,0.0,0.0,0.0,0.0,0.0221,18,4,Squad Rotation
Ross Barkley,3a24769f,eng ENG,MF,Aston Villa,ASTONVILLA,30.0,1993,2024,20,3,581,6.5,3,1,4,3,0,0,3,0,0.46,0.15,0.62,0.46,0.62,0.0204,19,4,Squad Rotation
Marcus Rashford,a1d5bd30,eng ENG,FWMF,Aston Villa,ASTONVILLA,26.0,1997,2024,10,4,444,4.9,2,2,4,1,1,1,0,0,0.41,0.41,0.81,0.2,0.61,0.0153,20,4,Squad Rotation
Axel Disasi,ad82197c,fr FRA,DF,Aston Villa,ASTONVILLA,26.0,1998,2024,7,5,490,5.4,0,0,0,0,0,0,2,0,0.0,0.0,0.0,0.0,0.0,0.013,21,4,Squad Rotation
Lamare Bogarde,bca5c4a7,nl NED,DFMF,Aston Villa,ASTONVILLA,20.0,2004,2024,8,5,476,5.3,0,0,0,0,0,0,2,0,0.0,0.0,0.0,0.0,0.0,0.0127,22,4,Squad Rotation
Donyell Malen,116c35df,nl NED,MF,Aston Villa,ASTONVILLA,25.0,1999,2024,14,2,305,3.4,3,0,3,3,0,0,0,0,0.89,0.0,0.89,0.89,0.89,0.0118,23,5,Fringe/Backup
Jaden Philogene Bidace,19f4d211,eng ENG,MF,Aston Villa,ASTONVILLA,22.0,2002,2024,11,2,332,3.7,0,0,0,0,0,0,4,1,0.0,0.0,0.0,0.0,0.0,0.0089,24,5,Fringe/Backup
Andrés García,40498af1,es ESP,DFMF,Aston Villa,ASTONVILLA,21.0,2003,2024,7,5,318,3.5,0,0,0,0,0,0,0,0,0.0,0.0,0.0,0.0,0.0,0.0084,25,5,Fringe/Backup
Robin Olsen,e7ee38c3,se SWE,GK,Aston Villa,ASTONVILLA,34.0,1990,2024,4,1,226,2.5,0,0,0,0,0,0,0,0,0.0,0.0,0.0,0.0,0.0,0.006,26,5,Fringe/Backup
Kosta Nedeljković,c70be9cf,rs SRB,DF,Aston Villa,ASTONVILLA,18.0,2005,2024,5,0,126,1.4,0,0,0,0,0,0,0,0,0.0,0.0,0.0,0.0,0.0,0.0034,27,5,Fringe/Backup
Emi Buendía,66b76d44,ar ARG,FWMF,Aston Villa,ASTONVILLA,27.0,1996,2024,12,0,98,1.1,0,0,0,0,0,0,1,0,0.0,0.0,0.0,0.0,0.0,0.0026,28,5,Fringe/Backup
Bryan Mbeumo,6afaebf2,cm CMR,MFFW,Brentford,BRENTFORD,24.0,1999,2024,38,38,3414,37.9,20,7,27,15,5,6,3,0,0.53,0.18,0.71,0.4,0.58,0.1172,1,1,Talisman
Yoane Wissa,2500cef9,cd COD,FW,Brentford,BRENTFORD,27.0,1996,2024,35,34,2919,32.4,19,4,23,19,0,0,5,0,0.59,0.12,0.71,0.59,0.71,0.1052,2,1,Talisman
Nathan Collins,a8c19eb8,ie IRL,DF,Brentford,BRENTFORD,23.0,2001,2024,38,38,3420,38.0,2,3,5,2,0,0,5,0,0.05,0.08,0.13,0.05,0.13,0.097,3,1,Talisman
Mikkel Damsgaard,215f3907,dk DEN,MF,Brentford,BRENTFORD,24.0,2000,2024,38,34,2911,32.3,2,10,12,2,0,0,2,0,0.06,0.31,0.37,0.06,0.37,0.0917,4,1,Talisman
Mark Flekken,a92ab7be,nl NED,GK,Brentford,BRENTFORD,31.0,1993,2024,37,37,3275,36.4,0,2,2,0,0,0,1,0,0.0,0.05,0.05,0.0,0.05,0.0894,5,1,Talisman
Keane Lewis-Potter,41f08ac8,eng ENG,DFMF,Brentford,BRENTFORD,23.0,2001,2024,38,36,3093,34.4,1,3,4,1,0,0,7,0,0.03,0.09,0.12,0.03,0.12,0.0874,6,2,Key Player
Christian Nørgaard,df0a4c90,dk DEN,MF,Brentford,BRENTFORD,30.0,1994,2024,34,34,2819,31.3,5,4,9,5,0,0,8,1,0.16,0.13,0.29,0.16,0.29,0.0859,7,2,Key Player
Kevin Schade,52afb588,de GER,MFFW,Brentford,BRENTFORD,22.0,2001,2024,38,26,2293,25.5,11,2,13,11,0,0,3,0,0.43,0.08,0.51,0.43,0.51,0.0767,8,2,Key Player
Sepp van den Berg,7bf9400b,nl NED,DF,Brentford,BRENTFORD,22.0,2001,2024,31,29,2586,28.7,0,0,0,0,0,0,3,0,0.0,0.0,0.0,0.0,0.0,0.0688,9,2,Key Player
Vitaly Janelt,8449d35e,de GER,MF,Brentford,BRENTFORD,26.0,1998,2024,32,27,2254,25.0,1,3,4,1,0,0,3,0,0.04,0.12,0.16,0.04,0.16,0.0647,10,2,Key Player
Ethan Pinnock,e541326e,jm JAM,DF,Brentford,BRENTFORD,31.0,1993,2024,22,21,1913,21.3,2,0,2,2,0,0,2,0,0.09,0.0,0.09,0.09,0.09,0.0533,11,2,Key Player
Yehor Yarmoliuk,907a5d7c,ua UKR,MF,Brentford,BRENTFORD,20.0,2004,2024,31,15,1450,16.1,0,0,0,0,0,0,6,0,0.0,0.0,0.0,0.0,0.0,0.0386,12,3,Regular Starter
Kristoffer Ajer,a8c0acb7,no NOR,DF,Brentford,BRENTFORD,26.0,1998,2024,24,17,1438,16.0,0,0,0,0,0,0,5,0,0.0,0.0,0.0,0.0,0.0,0.0383,13,3,Regular Starter
Mads Roerslev,57c94db2,dk DEN,DF,Brentford,BRENTFORD,25.0,1999,2024,19,11,1101,12.2,0,2,2,0,0,0,2,0,0.0,0.16,0.16,0.0,0.16,0.0316,14,3,Regular Starter
Mathias Jensen,0f134faf,dk DEN,MF,Brentford,BRENTFORD,28.0,1996,2024,24,8,862,9.6,0,2,2,0,0,0,2,0,0.0,0.21,0.21,0.0,0.21,0.0254,15,3,Regular Starter
Fabio Carvalho,966e28d0,pt POR,FWMF,Brentford,BRENTFORD,21.0,2002,2024,19,3,455,5.1,2,1,3,2,0,0,1,0,0.4,0.2,0.59,0.4,0.59,0.0158,16,3,Regular Starter
Michael Kayode,e19660a8,it ITA,DF,Brentford,BRENTFORD,20.0,2004,2024,12,6,528,5.9,0,1,1,0,0,0,2,0,0.0,0.17,0.17,0.0,0.17,0.0153,17,4,Squad Rotation
Ben Mee,8df7a2fb,eng ENG,DF,Brentford,BRENTFORD,34.0,1989,2024,7,2,183,2.0,0,0,0,0,0,0,2,0,0.0,0.0,0.0,0.0,0.0,0.0048,18,4,Squad Rotation
Igor Thiago,dc45ac24,br BRA,FW,Brentford,BRENTFORD,23.0,2001,2024,8,1,175,1.9,0,0,0,0,0,0,0,0,0.0,0.0,0.0,0.0,0.0,0.0046,19,4,Squad Rotation
Hákon Valdimarsson,57a34cf4,is ISL,GK,Brentford,BRENTFORD,22.0,2001,2024,2,1,145,1.6,0,0,0,0,0,0,0,0,0.0,0.0,0.0,0.0,0.0,0.0038,20,4,Squad Rotation
Edmond-Paris Maghoma,8a3ddcd2,eng ENG,MF,Brentford,BRENTFORD,23.0,2001,2024,8,0,119,1.3,0,0,0,0,0,0,0,0,0.0,0.0,0.0,0.0,0.0,0.0031,21,4,Squad Rotation
Rico Henry,8a3c1dc7,jm JAM,DFMF,Brentford,BRENTFORD,27.0,1997,2024,5,0,99,1.1,0,0,0,0,0,0,0,0,0.0,0.0,0.0,0.0,0.0,0.0026,22,4,Squad Rotation
Yunus Emre Konak,e02b5b36,tr TUR,MF,Brentford,BRENTFORD,18.0,2006,2024,10,0,42,0.5,0,0,0,0,0,0,0,0,0.0,0.0,0.0,0.0,0.0,0.0012,23,5,Fringe/Backup
Kim Jisoo,f4065d9e,kr KOR,DF,Brentford,BRENTFORD,19.0,2004,2024,3,0,30,0.3,0,0,0,0,0,0,0,0,0.0,0.0,0.0,0.0,0.0,0.0007,24,5,Fringe/Backup
Frank Onyeka,2944f86f,ng NGA,MF,Brentford,BRENTFORD,26.0,1998,2024,2,0,25,0.3,0,0,0,0,0,0,0,0,0.0,0.0,0.0,0.0,0.0,0.0007,25,5,Fringe/Backup
Jayden Meghoma,07382f6c,eng ENG,DF,Brentford,BRENTFORD,18.0,2006,2024,1,0,5,0.1,0,0,0,0,0,0,0,0,0.0,0.0,0.0,0.0,0.0,0.0002,26,5,Fringe/Backup
Gustavo Nunes,e504780f,br BRA,MF,Brentford,BRENTFORD,18.0,2005,2024,3,0,12,0.1,0,0,0,0,0,0,0,0,0.0,0.0,0.0,0.0,0.0,0.0002,27,5,Fringe/Backup
Ryan Trevitt,732327ae,eng ENG,MF,Brentford,BRENTFORD,21.0,2003,2024,1,0,4,0.0,0,0,0,0,0,0,0,0,0.0,0.0,0.0,0.0,0.0,0.0,28,5,Fringe/Backup
Bart Verbruggen,cf134113,nl NED,GK,Brighton,BRIGHTONHOVEALBION,21.0,2002,2024,36,36,3240,36.0,0,1,1,0,0,0,5,0,0.0,0.03,0.03,0.0,0.03,0.0875,1,1,Talisman
Kaoru Mitoma,74618572,jp JPN,MF,Brighton,BRIGHTONHOVEALBION,27.0,1997,2024,36,28,2603,28.9,10,4,14,10,0,0,1,0,0.35,0.14,0.48,0.35,0.48,0.0859,2,1,Talisman
Jan Paul van Hecke,4fd08daa,nl NED,DF,Brighton,BRIGHTONHOVEALBION,24.0,2000,2024,34,33,2958,32.9,1,1,2,1,0,0,8,1,0.03,0.03,0.06,0.03,0.06,0.0812,3,1,Talisman
Carlos Baleba,a1390d2f,cm CMR,MF,Brighton,BRIGHTONHOVEALBION,20.0,2004,2024,34,31,2661,29.6,3,1,4,3,0,0,8,1,0.1,0.03,0.14,0.1,0.14,0.0759,4,1,Talisman
Danny Welbeck,ce5143da,eng ENG,FW,Brighton,BRIGHTONHOVEALBION,33.0,1990,2024,30,24,2115,23.5,10,4,14,9,1,1,5,0,0.43,0.17,0.6,0.38,0.55,0.0718,5,1,Talisman
Pervis Estupiñán,d38fdf53,ec ECU,DF,Brighton,BRIGHTONHOVEALBION,26.0,1998,2024,30,26,2402,26.7,1,1,2,1,0,0,5,0,0.04,0.04,0.07,0.04,0.07,0.0662,6,1,Talisman
João Pedro,e8832875,br BRA,FWMF,Brighton,BRIGHTONHOVEALBION,22.0,2001,2024,27,23,1948,21.6,10,6,16,5,5,5,4,1,0.46,0.28,0.74,0.23,0.51,0.0649,7,2,Key Player
Yankuba Minteh,c3cf087d,gm GAM,MF,Brighton,BRIGHTONHOVEALBION,20.0,2004,2024,32,20,1838,20.4,6,4,10,6,0,0,6,0,0.29,0.2,0.49,0.29,0.49,0.0608,8,2,Key Player
Jack Hinshelwood,e98211e7,eng ENG,MFDF,Brighton,BRIGHTONHOVEALBION,19.0,2005,2024,26,22,1842,20.5,5,2,7,5,0,0,5,0,0.24,0.1,0.34,0.24,0.34,0.0575,9,2,Key Player
Yasin Ayari,f173303a,se SWE,MF,Brighton,BRIGHTONHOVEALBION,20.0,2003,2024,34,22,1965,21.8,2,1,3,2,0,0,3,0,0.09,0.05,0.14,0.09,0.14,0.0559,10,2,Key Player
Lewis Dunk,282f75f3,eng ENG,DF,Brighton,BRIGHTONHOVEALBION,32.0,1991,2024,25,23,2083,23.1,0,0,0,0,0,0,5,0,0.0,0.0,0.0,0.0,0.0,0.0553,11,2,Key Player
Georginio Rutter,c64c01fc,fr FRA,MFFW,Brighton,BRIGHTONHOVEALBION,22.0,2002,2024,28,19,1656,18.4,5,3,8,5,0,0,2,0,0.27,0.16,0.43,0.27,0.43,0.0536,12,2,Key Player
Joël Veltman,dad4b285,nl NED,DF,Brighton,BRIGHTONHOVEALBION,32.0,1992,2024,21,19,1697,18.9,0,0,0,0,0,0,5,0,0.0,0.0,0.0,0.0,0.0,0.0453,13,3,Regular Starter
Simon Adingra,4dcec659,ci CIV,MF,Brighton,BRIGHTONHOVEALBION,22.0,2002,2024,29,12,1097,12.2,2,2,4,2,0,0,0,0,0.16,0.16,0.33,0.16,0.33,0.0341,14,3,Regular Starter
Mats Wieffer,4876c9ab,nl NED,DFMF,Brighton,BRIGHTONHOVEALBION,24.0,1999,2024,25,10,1015,11.3,1,3,4,1,0,0,6,0,0.09,0.27,0.35,0.09,0.35,0.0318,15,3,Regular Starter
Matt O'Riley,fb495bb8,dk DEN,MF,Brighton,BRIGHTONHOVEALBION,23.0,2000,2024,21,11,938,10.4,2,2,4,1,1,1,1,0,0.19,0.19,0.38,0.1,0.29,0.0285,16,3,Regular Starter
Tariq Lamptey,f4e433d4,gh GHA,DFMF,Brighton,BRIGHTONHOVEALBION,23.0,2000,2024,15,10,860,9.6,2,2,4,2,0,0,0,0,0.21,0.21,0.42,0.21,0.42,0.0278,17,3,Regular Starter
Igor,a4e85758,br BRA,DF,Brighton,BRIGHTONHOVEALBION,26.0,1998,2024,13,10,961,10.7,0,0,0,0,0,0,4,0,0.0,0.0,0.0,0.0,0.0,0.0256,18,3,Regular Starter
Brajan Gruda,ae9b998d,de GER,MFFW,Brighton,BRIGHTONHOVEALBION,20.0,2004,2024,21,8,687,7.6,1,4,5,1,0,0,0,0,0.13,0.52,0.66,0.13,0.66,0.0242,19,3,Regular Starter
Adam Webster,c40b6180,eng ENG,DF,Brighton,BRIGHTONHOVEALBION,29.0,1995,2024,14,11,887,9.9,0,0,0,0,0,0,1,0,0.0,0.0,0.0,0.0,0.0,0.0237,20,4,Squad Rotation
Diego Gómez,916728da,py PAR,MF,Brighton,BRIGHTONHOVEALBION,21.0,2003,2024,16,4,516,5.7,1,0,1,1,0,0,0,0,0.17,0.0,0.17,0.17,0.17,0.0148,21,4,Squad Rotation
Ferdi Kadioglu,66c52a77,tr TUR,DFMF,Brighton,BRIGHTONHOVEALBION,24.0,1999,2024,6,5,385,4.3,1,0,1,1,0,0,1,0,0.23,0.0,0.23,0.23,0.23,0.0115,22,4,Squad Rotation
Julio Enciso,9cfbad36,py PAR,MF,Brighton,BRIGHTONHOVEALBION,20.0,2004,2024,12,2,294,3.3,0,0,0,0,0,0,0,0,0.0,0.0,0.0,0.0,0.0,0.0079,23,4,Squad Rotation
Evan Ferguson,4596da74,ie IRL,FW,Brighton,BRIGHTONHOVEALBION,19.0,2004,2024,13,2,246,2.7,1,0,1,1,0,0,0,0,0.37,0.0,0.37,0.37,0.37,0.0077,24,4,Squad Rotation
Jason Steele,28300a16,eng ENG,GK,Brighton,BRIGHTONHOVEALBION,33.0,1990,2024,2,2,180,2.0,0,0,0,0,0,0,0,0,0.0,0.0,0.0,0.0,0.0,0.0048,25,4,Squad Rotation
Solly March,bb5fbd2b,eng ENG,MF,Brighton,BRIGHTONHOVEALBION,30.0,1994,2024,8,1,168,1.9,0,0,0,0,0,0,2,0,0.0,0.0,0.0,0.0,0.0,0.0046,26,5,Fringe/Backup
James Milner,2f90f6b8,eng ENG,MF,Brighton,BRIGHTONHOVEALBION,38.0,1986,2024,4,3,170,1.9,0,0,0,0,0,0,1,0,0.0,0.0,0.0,0.0,0.0,0.0046,27,5,Fringe/Backup
Billy Gilmour,df10e27c,sct SCO,MF,Brighton,BRIGHTONHOVEALBION,23.0,2001,2024,2,1,98,1.1,0,0,0,0,0,0,0,0,0.0,0.0,0.0,0.0,0.0,0.0026,28,5,Fringe/Backup
Eiran Cashin,f557c3b8,ie IRL,DF,Brighton,BRIGHTONHOVEALBION,22.0,2001,2024,2,0,20,0.2,0,0,0,0,0,0,0,0,0.0,0.0,0.0,0.0,0.0,0.0005,29,5,Fringe/Backup
Harry Howell,d8a7e52c,eng ENG,MF,Brighton,BRIGHTONHOVEALBION,16.0,2008,2024,1,0,7,0.1,0,0,0,0,0,0,0,0,0.0,0.0,0.0,0.0,0.0,0.0002,30,5,Fringe/Backup
Jakub Moder,f230bc30,pl POL,MF,Brighton,BRIGHTONHOVEALBION,25.0,1999,2024,4,0,11,0.1,0,0,0,0,0,0,0,0,0.0,0.0,0.0,0.0,0.0,0.0002,31,5,Fringe/Backup
Jeremy Sarmiento,ac0d576d,ec ECU,MF,Brighton,BRIGHTONHOVEALBION,22.0,2002,2024,1,0,9,0.1,0,0,0,0,0,0,0,0,0.0,0.0,0.0,0.0,0.0,0.0002,32,5,Fringe/Backup
Cole Palmer,dc7f8a28,eng ENG,MF,Chelsea,CHELSEA,22.0,2002,2024,37,36,3191,35.5,15,8,23,11,4,5,7,0,0.42,0.23,0.65,0.31,0.54,0.108,1,1,Talisman
Enzo Fernández,5ff4ab71,ar ARG,MF,Chelsea,CHELSEA,23.0,2001,2024,36,32,2947,32.7,6,7,13,6,0,0,8,0,0.18,0.21,0.4,0.18,0.4,0.094,2,1,Talisman
Moisés Caicedo,16264a81,ec ECU,MFDF,Chelsea,CHELSEA,22.0,2001,2024,38,38,3351,37.2,1,2,3,1,0,0,11,0,0.03,0.05,0.08,0.03,0.08,0.0927,3,1,Talisman
Levi Colwill,700783e7,eng ENG,DF,Chelsea,CHELSEA,21.0,2003,2024,35,35,3149,35.0,2,1,3,2,0,0,9,0,0.06,0.03,0.09,0.06,0.09,0.0876,4,1,Talisman
Marc Cucurella,1daec722,es ESP,DF,Chelsea,CHELSEA,26.0,1998,2024,36,33,2988,33.2,5,1,6,5,0,0,10,1,0.15,0.03,0.18,0.15,0.18,0.0867,5,1,Talisman
Nicolas Jackson,9c36ed83,sn SEN,FW,Chelsea,CHELSEA,23.0,2001,2024,30,28,2220,24.7,10,5,15,10,0,0,7,1,0.41,0.2,0.61,0.41,0.61,0.0772,6,2,Key Player
Robert Sánchez,6a713852,es ESP,GK,Chelsea,CHELSEA,26.0,1997,2024,32,32,2880,32.0,0,0,0,0,0,0,5,0,0.0,0.0,0.0,0.0,0.0,0.0767,7,2,Key Player
Pedro Neto,7ba2eaa9,pt POR,MFFW,Chelsea,CHELSEA,24.0,2000,2024,35,24,2269,25.2,4,6,10,4,0,0,8,0,0.16,0.24,0.4,0.16,0.4,0.0725,8,2,Key Player
Noni Madueke,bf34eebd,eng ENG,MF,Chelsea,CHELSEA,22.0,2002,2024,32,27,2033,22.6,7,3,10,7,0,0,3,0,0.31,0.13,0.44,0.31,0.44,0.0661,9,2,Key Player
Jadon Sancho,dbf053da,eng ENG,MF,Chelsea,CHELSEA,24.0,2000,2024,31,19,1764,19.6,3,4,7,3,0,0,2,0,0.15,0.2,0.36,0.15,0.36,0.0554,10,2,Key Player
Malo Gusto,d56b9520,fr FRA,DF,Chelsea,CHELSEA,21.0,2003,2024,32,19,1862,20.7,0,1,1,0,0,0,4,0,0.0,0.05,0.05,0.0,0.05,0.0508,11,2,Key Player
Tosin Adarabioyo,c81d773d,eng ENG,DF,Chelsea,CHELSEA,26.0,1997,2024,22,15,1409,15.7,1,1,2,1,0,0,4,0,0.06,0.06,0.13,0.06,0.13,0.0401,12,3,Regular Starter
Wesley Fofana,132a82f1,fr FRA,DF,Chelsea,CHELSEA,23.0,2000,2024,14,14,1172,13.0,0,0,0,0,0,0,7,0,0.0,0.0,0.0,0.0,0.0,0.0312,13,3,Regular Starter
Reece James,1265a93a,eng ENG,DFMF,Chelsea,CHELSEA,24.0,1999,2024,19,12,1063,11.8,1,1,2,1,0,0,1,0,0.08,0.08,0.17,0.08,0.17,0.0307,14,3,Regular Starter
Christopher Nkunku,7c56da38,fr FRA,MFFW,Chelsea,CHELSEA,26.0,1997,2024,27,9,921,10.2,3,2,5,3,0,0,2,0,0.29,0.2,0.49,0.29,0.49,0.0304,15,3,Regular Starter
Trevoh Chalobah,5515376c,eng ENG,DF,Chelsea,CHELSEA,25.0,1999,2024,13,11,910,10.1,0,1,1,0,0,0,2,0,0.0,0.1,0.1,0.0,0.1,0.0254,16,3,Regular Starter
Roméo Lavia,ecad9aa5,be BEL,MF,Chelsea,CHELSEA,20.0,2004,2024,16,11,797,8.9,0,1,1,0,0,0,4,0,0.0,0.11,0.11,0.0,0.11,0.0225,17,3,Regular Starter
Filip Jørgensen,0107757e,dk DEN,GK,Chelsea,CHELSEA,22.0,2002,2024,6,6,540,6.0,0,0,0,0,0,0,0,0,0.0,0.0,0.0,0.0,0.0,0.0144,18,4,Squad Rotation
João Félix,8aafd64f,pt POR,MF,Chelsea,CHELSEA,24.0,1999,2024,12,3,369,4.1,1,1,2,1,0,0,2,0,0.24,0.24,0.49,0.24,0.49,0.0122,19,4,Squad Rotation
Axel Disasi,ad82197c,fr FRA,DF,Chelsea,CHELSEA,26.0,1998,2024,6,4,364,4.0,1,0,1,1,0,0,1,0,0.25,0.0,0.25,0.25,0.25,0.0108,20,4,Squad Rotation
Benoît Badiashile,06df8256,fr FRA,DF,Chelsea,CHELSEA,23.0,2001,2024,5,3,334,3.7,0,0,0,0,0,0,0,0,0.0,0.0,0.0,0.0,0.0,0.0089,21,4,Squad Rotation
Kiernan Dewsbury-Hall,5c74c0f5,eng ENG,MF,Chelsea,CHELSEA,25.0,1998,2024,13,2,264,2.9,0,1,1,0,0,0,0,0,0.0,0.34,0.34,0.0,0.34,0.0081,22,4,Squad Rotation
Tyrique George,e6f7797e,eng ENG,FW,Chelsea,CHELSEA,18.0,2006,2024,8,1,183,2.0,1,1,2,1,0,0,1,0,0.49,0.49,0.98,0.49,0.98,0.0071,23,4,Squad Rotation
Renato Veiga,fc8fcbd1,pt POR,MF,Chelsea,CHELSEA,21.0,2003,2024,7,1,181,2.0,0,0,0,0,0,0,2,0,0.0,0.0,0.0,0.0,0.0,0.0048,24,5,Fringe/Backup
Joshua Acheampong,b7e62e1d,eng ENG,DF,Chelsea,CHELSEA,18.0,2006,2024,4,2,170,1.9,0,0,0,0,0,0,1,0,0.0,0.0,0.0,0.0,0.0,0.0046,25,5,Fringe/Backup
Mykhailo Mudryk,049a888d,ua UKR,MF,Chelsea,CHELSEA,23.0,2001,2024,7,1,151,1.7,0,0,0,0,0,0,0,0,0.0,0.0,0.0,0.0,0.0,0.0041,26,5,Fringe/Backup
Marc Guiu,d3d774cc,es ESP,FW,Chelsea,CHELSEA,18.0,2006,2024,3,0,73,0.8,0,0,0,0,0,0,0,0,0.0,0.0,0.0,0.0,0.0,0.0019,27,5,Fringe/Backup
Mathis Amougou,f93cca97,fr FRA,MF,Chelsea,CHELSEA,18.0,2006,2024,1,0,8,0.1,0,0,0,0,0,0,0,0,0.0,0.0,0.0,0.0,0.0,0.0002,28,5,Fringe/Backup
Shumaira Mheuka,43d0b694,eng ENG,FW,Chelsea,CHELSEA,16.0,2007,2024,1,0,1,0.0,0,0,0,0,0,0,0,0,0.0,0.0,0.0,0.0,0.0,0.0,29,5,Fringe/Backup
Daniel Muñoz,778ef829,co COL,MF,Crystal Palace,CRYSTALPALACE,28.0,1996,2024,37,37,3228,35.9,4,5,9,4,0,0,10,0,0.11,0.14,0.25,0.11,0.25,0.0968,1,1,Talisman
Dean Henderson,e5a76dfe,eng ENG,GK,Crystal Palace,CRYSTALPALACE,27.0,1997,2024,38,38,3420,38.0,0,0,0,0,0,0,3,0,0.0,0.0,0.0,0.0,0.0,0.0911,2,1,Talisman
Ismaila Sarr,bfdb33aa,sn SEN,MF,Crystal Palace,CRYSTALPALACE,26.0,1998,2024,38,30,2711,30.1,8,6,14,8,0,0,4,0,0.27,0.2,0.46,0.27,0.46,0.0887,3,1,Talisman
Tyrick Mitchell,5cbd1eb0,eng ENG,MF,Crystal Palace,CRYSTALPALACE,24.0,1999,2024,37,37,3092,34.4,0,5,5,0,0,0,2,0,0.0,0.15,0.15,0.0,0.15,0.0886,4,1,Talisman
Marc Guéhi,d0706b27,eng ENG,DF,Crystal Palace,CRYSTALPALACE,24.0,2000,2024,34,34,3059,34.0,3,2,5,3,0,0,9,1,0.09,0.06,0.15,0.09,0.15,0.0876,5,1,Talisman
Jean-Philippe Mateta,50e6dc35,fr FRA,FW,Crystal Palace,CRYSTALPALACE,27.0,1997,2024,37,33,2648,29.4,14,2,16,12,2,2,2,0,0.48,0.07,0.54,0.41,0.48,0.0874,6,2,Key Player
Eberechi Eze,ae4fc6a4,eng ENG,MF,Crystal Palace,CRYSTALPALACE,26.0,1998,2024,34,31,2588,28.8,8,8,16,7,1,2,1,0,0.28,0.28,0.56,0.24,0.52,0.087,7,2,Key Player
Maxence Lacroix,277c49ed,fr FRA,DF,Crystal Palace,CRYSTALPALACE,24.0,2000,2024,35,35,3116,34.6,1,1,2,1,0,0,5,0,0.03,0.03,0.06,0.03,0.06,0.0854,8,2,Key Player
Jefferson Lerma,9b5ce51a,co COL,MFDF,Crystal Palace,CRYSTALPALACE,29.0,1994,2024,33,26,2274,25.3,0,1,1,0,0,0,9,0,0.0,0.04,0.04,0.0,0.04,0.0619,9,2,Key Player
Will Hughes,a0666d3e,eng ENG,MF,Crystal Palace,CRYSTALPALACE,29.0,1995,2024,33,24,2108,23.4,0,3,3,0,0,0,11,0,0.0,0.13,0.13,0.0,0.13,0.0597,10,2,Key Player
Chris Richards,0a3d6d2b,us USA,DF,Crystal Palace,CRYSTALPALACE,24.0,2000,2024,24,22,1922,21.4,1,0,1,1,0,0,4,1,0.05,0.0,0.05,0.05,0.05,0.0526,11,2,Key Player
Daichi Kamada,15b287da,jp JPN,MF,Crystal Palace,CRYSTALPALACE,27.0,1996,2024,34,15,1564,17.4,0,0,0,0,0,0,4,1,0.0,0.0,0.0,0.0,0.0,0.0417,12,3,Regular Starter
Adam Wharton,4b542852,eng ENG,MF,Crystal Palace,CRYSTALPALACE,20.0,2004,2024,20,16,1318,14.6,0,2,2,0,0,0,2,0,0.0,0.14,0.14,0.0,0.14,0.0374,13,3,Regular Starter
Eddie Nketiah,a53649b7,eng ENG,FWMF,Crystal Palace,CRYSTALPALACE,25.0,1999,2024,29,9,1034,11.5,3,1,4,3,0,0,6,1,0.26,0.09,0.35,0.26,0.35,0.0324,14,3,Regular Starter
Trevoh Chalobah,5515376c,eng ENG,DF,Crystal Palace,CRYSTALPALACE,25.0,1999,2024,12,12,1060,11.8,3,0,3,3,0,0,1,0,0.25,0.0,0.25,0.25,0.25,0.0318,15,3,Regular Starter
Justin Devenny,6c2b66fc,nir NIR,MF,Crystal Palace,CRYSTALPALACE,20.0,2003,2024,23,4,507,5.6,1,1,2,1,0,0,1,0,0.18,0.18,0.36,0.18,0.36,0.0158,16,3,Regular Starter
Nathaniel Clyne,0442183b,eng ENG,DFMF,Crystal Palace,CRYSTALPALACE,33.0,1991,2024,13,5,483,5.4,0,0,0,0,0,0,1,0,0.0,0.0,0.0,0.0,0.0,0.0129,17,3,Regular Starter
Cheick Doucouré,ce4f40c7,ml MLI,MF,Crystal Palace,CRYSTALPALACE,24.0,2000,2024,13,4,452,5.0,0,0,0,0,0,0,1,0,0.0,0.0,0.0,0.0,0.0,0.012,18,4,Squad Rotation
Ben Chilwell,d2424d1b,eng ENG,MF,Crystal Palace,CRYSTALPALACE,27.0,1996,2024,8,1,259,2.9,1,0,1,1,0,0,1,0,0.35,0.0,0.35,0.35,0.35,0.0082,19,4,Squad Rotation
Romain Esse,87189f25,eng ENG,MF,Crystal Palace,CRYSTALPALACE,19.0,2005,2024,7,1,138,1.5,1,1,2,1,0,0,0,0,0.65,0.65,1.3,0.65,1.3,0.0059,20,4,Squad Rotation
Odsonne Édouard,0562b7f1,fr FRA,MF,Crystal Palace,CRYSTALPALACE,26.0,1998,2024,2,1,115,1.3,0,0,0,0,0,0,0,0,0.0,0.0,0.0,0.0,0.0,0.0031,21,4,Squad Rotation
Matheus França,077faf72,br BRA,FW,Crystal Palace,CRYSTALPALACE,20.0,2004,2024,4,0,55,0.6,1,0,1,1,0,0,0,0,1.64,0.0,1.64,1.64,1.64,0.0026,22,4,Squad Rotation
Jeffrey Schlupp,3312f911,gh GHA,DFFW,Crystal Palace,CRYSTALPALACE,31.0,1992,2024,12,0,103,1.1,0,0,0,0,0,0,0,0,0.0,0.0,0.0,0.0,0.0,0.0026,23,4,Squad Rotation
Joachim Andersen,e34fc66d,dk DEN,DF,Crystal Palace,CRYSTALPALACE,28.0,1996,2024,1,1,90,1.0,0,0,0,0,0,0,1,0,0.0,0.0,0.0,0.0,0.0,0.0024,24,5,Fringe/Backup
Chadi Riad,b3b9b8b8,ma MAR,DF,Crystal Palace,CRYSTALPALACE,21.0,2003,2024,1,1,90,1.0,0,0,0,0,0,0,0,0,0.0,0.0,0.0,0.0,0.0,0.0024,25,5,Fringe/Backup
Joel Ward,8a7ff278,eng ENG,DF,Crystal Palace,CRYSTALPALACE,34.0,1989,2024,2,1,71,0.8,0,0,0,0,0,0,1,0,0.0,0.0,0.0,0.0,0.0,0.0019,26,5,Fringe/Backup
Jordan Ayew,da052c14,gh GHA,FWMF,Crystal Palace,CRYSTALPALACE,32.0,1991,2024,1,0,21,0.2,0,0,0,0,0,0,1,0,0.0,0.0,0.0,0.0,0.0,0.0005,27,5,Fringe/Backup
Asher Agbinone,6a10efb3,eng ENG,MF,Crystal Palace,CRYSTALPALACE,18.0,2005,2024,2,0,6,0.1,0,0,0,0,0,0,0,0,0.0,0.0,0.0,0.0,0.0,0.0002,28,5,Fringe/Backup
Caleb Kporha,c80f8c9d,eng ENG,DF,Crystal Palace,CRYSTALPALACE,18.0,2006,2024,2,0,13,0.1,0,0,0,0,0,0,0,0,0.0,0.0,0.0,0.0,0.0,0.0002,29,5,Fringe/Backup
Jordan Pickford,4806ec67,eng ENG,GK,Everton,EVERTON,30.0,1994,2024,38,38,3420,38.0,0,1,1,0,0,0,7,0,0.0,0.03,0.03,0.0,0.03,0.0923,1,1,Talisman
Vitaliy Mykolenko,30d4a2e5,ua UKR,DF,Everton,EVERTON,25.0,1999,2024,35,35,3082,34.2,1,2,3,1,0,0,4,0,0.03,0.06,0.09,0.03,0.09,0.0855,2,1,Talisman
Idrissa Gueye,72c812f3,sn SEN,MF,Everton,EVERTON,34.0,1989,2024,37,35,3063,34.0,0,3,3,0,0,0,9,0,0.0,0.09,0.09,0.0,0.09,0.085,3,1,Talisman
James Tarkowski,15ea812b,eng ENG,DF,Everton,EVERTON,31.0,1992,2024,33,33,2922,32.5,1,1,2,1,0,0,6,0,0.03,0.03,0.06,0.03,0.06,0.0801,4,1,Talisman
Abdoulaye Doucouré,02b29014,ml MLI,MF,Everton,EVERTON,31.0,1993,2024,33,31,2564,28.5,3,2,5,3,0,0,5,1,0.11,0.07,0.18,0.11,0.18,0.0744,5,1,Talisman
Iliman Ndiaye,5ed97752,sn SEN,MFFW,Everton,EVERTON,24.0,2000,2024,33,29,2430,27.0,9,0,9,7,2,2,3,0,0.33,0.0,0.33,0.26,0.26,0.073,6,2,Key Player
Jarrad Branthwaite,c1949191,eng ENG,DF,Everton,EVERTON,22.0,2002,2024,30,28,2511,27.9,0,1,1,0,0,0,4,0,0.0,0.04,0.04,0.0,0.04,0.0681,7,2,Key Player
Jack Harrison,aa849a12,eng ENG,MFFW,Everton,EVERTON,27.0,1996,2024,34,24,2076,23.1,1,0,1,1,0,0,0,0,0.04,0.0,0.04,0.04,0.04,0.0564,8,2,Key Player
Ashley Young,be927d03,eng ENG,DF,Everton,EVERTON,39.0,1985,2024,32,19,1875,20.8,1,3,4,1,0,0,7,1,0.05,0.14,0.19,0.05,0.19,0.0545,9,2,Key Player
Beto,ed5c0319,gw GNB,FW,Everton,EVERTON,26.0,1998,2024,30,15,1534,17.0,8,0,8,8,0,0,2,0,0.47,0.0,0.47,0.47,0.47,0.0503,10,2,Key Player
Dwight McNeil,fc15fb84,eng ENG,MF,Everton,EVERTON,24.0,1999,2024,21,15,1371,15.2,4,6,10,4,0,0,1,0,0.26,0.39,0.66,0.26,0.66,0.0484,11,3,Regular Starter
Dominic Calvert-Lewin,59e6e5bf,eng ENG,FW,Everton,EVERTON,27.0,1997,2024,26,19,1609,17.9,3,1,4,3,0,0,2,0,0.17,0.06,0.22,0.17,0.22,0.0476,12,3,Regular Starter
Jake O'Brien,25f2ef01,ie IRL,DF,Everton,EVERTON,23.0,2001,2024,20,17,1571,17.5,2,0,2,2,0,0,5,0,0.11,0.0,0.11,0.11,0.11,0.0442,13,3,Regular Starter
James Garner,4e015693,eng ENG,MFDF,Everton,EVERTON,23.0,2001,2024,21,17,1594,17.7,0,1,1,0,0,0,5,0,0.0,0.06,0.06,0.0,0.06,0.0436,14,3,Regular Starter
Orel Mangala,a572e291,be BEL,MF,Everton,EVERTON,26.0,1998,2024,19,14,1261,14.0,1,0,1,1,0,0,2,0,0.07,0.0,0.07,0.07,0.07,0.0347,15,3,Regular Starter
Jesper Lindstrøm,37dc1a48,dk DEN,MF,Everton,EVERTON,24.0,2000,2024,25,15,1239,13.8,0,1,1,0,0,0,2,0,0.0,0.07,0.07,0.0,0.07,0.0342,16,4,Squad Rotation
Michael Keane,c5b7c315,eng ENG,DF,Everton,EVERTON,31.0,1993,2024,14,11,1049,11.7,3,0,3,3,0,0,5,0,0.26,0.0,0.26,0.26,0.26,0.0316,17,4,Squad Rotation
Carlos Alcaraz,4abac767,ar ARG,MF,Everton,EVERTON,21.0,2002,2024,15,7,764,8.5,2,3,5,2,0,0,4,0,0.24,0.35,0.59,0.24,0.59,0.0263,18,4,Squad Rotation
Tim Iroegbunam,84c5ceea,eng ENG,MF,Everton,EVERTON,21.0,2003,2024,18,5,574,6.4,0,1,1,0,0,0,4,0,0.0,0.16,0.16,0.0,0.16,0.0165,19,4,Squad Rotation
Nathan Patterson,230f0471,sct SCO,DF,Everton,EVERTON,22.0,2001,2024,10,3,347,3.9,0,1,1,0,0,0,1,0,0.0,0.26,0.26,0.0,0.26,0.0105,20,4,Squad Rotation
Armando Broja,97220da2,al ALB,FW,Everton,EVERTON,22.0,2001,2024,10,4,334,3.7,0,0,0,0,0,0,1,0,0.0,0.0,0.0,0.0,0.0,0.0089,21,5,Fringe/Backup
Séamus Coleman,0420d84f,ie IRL,DF,Everton,EVERTON,35.0,1988,2024,5,3,215,2.4,0,0,0,0,0,0,1,0,0.0,0.0,0.0,0.0,0.0,0.0057,22,5,Fringe/Backup
Roman Dixon,6fba4dba,eng ENG,DF,Everton,EVERTON,19.0,2004,2024,1,1,90,1.0,0,0,0,0,0,0,0,0,0.0,0.0,0.0,0.0,0.0,0.0024,23,5,Fringe/Backup
Harrison Armstrong,de59e609,eng ENG,MF,Everton,EVERTON,17.0,2007,2024,3,0,48,0.5,0,0,0,0,0,0,1,0,0.0,0.0,0.0,0.0,0.0,0.0012,24,5,Fringe/Backup
Youssef Chermiti,890f108d,pt POR,FW,Everton,EVERTON,20.0,2004,2024,4,0,45,0.5,0,0,0,0,0,0,1,0,0.0,0.0,0.0,0.0,0.0,0.0012,25,5,Fringe/Backup
Mason Holgate,d0042ab9,jm JAM,DF,Everton,EVERTON,27.0,1996,2024,1,0,6,0.1,0,0,0,0,0,0,0,0,0.0,0.0,0.0,0.0,0.0,0.0002,26,5,Fringe/Backup
Alex Iwobi,6ca5ec4b,ng NGA,MF,Fulham,FULHAM,28.0,1996,2024,38,35,2981,33.1,9,6,15,9,0,0,1,0,0.27,0.18,0.45,0.27,0.45,0.0971,1,1,Talisman
Antonee Robinson,289601e6,us USA,DFMF,Fulham,FULHAM,26.0,1997,2024,36,35,3167,35.2,0,10,10,0,0,0,8,0,0.0,0.28,0.28,0.0,0.28,0.0961,2,1,Talisman
Bernd Leno,2628fd2b,de GER,GK,Fulham,FULHAM,32.0,1992,2024,38,38,3420,38.0,0,1,1,0,0,0,5,0,0.0,0.03,0.03,0.0,0.03,0.0924,3,1,Talisman
Calvin Bassey,a36524bf,ng NGA,DF,Fulham,FULHAM,24.0,1999,2024,35,34,3074,34.2,1,0,1,1,0,0,7,0,0.03,0.0,0.03,0.03,0.03,0.0831,4,1,Talisman
Raúl Jiménez,b561db50,mx MEX,FW,Fulham,FULHAM,33.0,1991,2024,38,30,2494,27.7,12,3,15,9,3,3,4,0,0.43,0.11,0.54,0.32,0.43,0.0806,5,1,Talisman
Joachim Andersen,e34fc66d,dk DEN,DF,Fulham,FULHAM,28.0,1996,2024,29,29,2583,28.7,0,0,0,0,0,0,6,1,0.0,0.0,0.0,0.0,0.0,0.0687,6,2,Key Player
Emile Smith Rowe,17695062,eng ENG,MF,Fulham,FULHAM,24.0,2000,2024,34,25,2043,22.7,6,3,9,6,0,0,3,0,0.26,0.13,0.4,0.26,0.4,0.0652,7,2,Key Player
Saša Lukić,c6e8cf1f,rs SRB,MF,Fulham,FULHAM,27.0,1996,2024,30,28,2344,26.0,0,2,2,0,0,0,12,0,0.0,0.08,0.08,0.0,0.08,0.0648,8,2,Key Player
Andreas Pereira,6639e500,br BRA,MF,Fulham,FULHAM,28.0,1996,2024,33,25,2013,22.4,2,4,6,2,0,1,7,0,0.09,0.18,0.27,0.09,0.27,0.0609,9,2,Key Player
Sander Berge,d0b6129f,no NOR,MF,Fulham,FULHAM,26.0,1998,2024,31,26,2224,24.7,0,0,0,0,0,0,6,0,0.0,0.0,0.0,0.0,0.0,0.0591,10,2,Key Player
Adama Traoré,9a28eba4,es ESP,MF,Fulham,FULHAM,28.0,1996,2024,36,18,1772,19.7,2,7,9,2,0,0,3,0,0.1,0.36,0.46,0.1,0.46,0.058,11,3,Regular Starter
Kenny Tete,77d7c96f,nl NED,DF,Fulham,FULHAM,28.0,1995,2024,22,21,1774,19.7,0,2,2,0,0,0,5,0,0.0,0.1,0.1,0.0,0.1,0.0495,12,3,Regular Starter
Timothy Castagne,197640fd,be BEL,DFMF,Fulham,FULHAM,28.0,1995,2024,24,17,1649,18.3,0,1,1,0,0,0,1,0,0.0,0.05,0.05,0.0,0.05,0.0449,13,3,Regular Starter
Harry Wilson,c6dc9ecd,wls WAL,MFFW,Fulham,FULHAM,27.0,1997,2024,25,12,1162,12.9,6,1,7,6,0,0,2,0,0.46,0.08,0.54,0.46,0.54,0.0392,14,3,Regular Starter
Rodrigo Muniz,a755db8c,br BRA,FW,Fulham,FULHAM,23.0,2001,2024,31,8,964,10.7,8,1,9,8,0,0,1,0,0.75,0.09,0.84,0.75,0.84,0.0364,15,3,Regular Starter
Issa Diop,a712ca2b,ma MAR,DF,Fulham,FULHAM,27.0,1997,2024,21,15,1339,14.9,0,0,0,0,0,0,2,0,0.0,0.0,0.0,0.0,0.0,0.0357,16,4,Squad Rotation
Ryan Sessegnon,6aa3e78b,eng ENG,MFDF,Fulham,FULHAM,24.0,2000,2024,16,7,580,6.4,4,2,6,4,0,0,1,0,0.62,0.31,0.93,0.62,0.93,0.0225,17,4,Squad Rotation
Tom Cairney,a8748947,sct SCO,MF,Fulham,FULHAM,33.0,1991,2024,25,3,628,7.0,2,0,2,2,0,0,3,1,0.29,0.0,0.29,0.29,0.29,0.0192,18,4,Squad Rotation
Reiss Nelson,c5bdb6e3,eng ENG,MF,Fulham,FULHAM,24.0,1999,2024,11,5,487,5.4,1,1,2,1,0,0,1,0,0.18,0.18,0.37,0.18,0.37,0.0153,19,4,Squad Rotation
Jorge Cuenca,0abc51f2,es ESP,DF,Fulham,FULHAM,24.0,1999,2024,8,4,351,3.9,0,0,0,0,0,0,0,0,0.0,0.0,0.0,0.0,0.0,0.0093,20,4,Squad Rotation
Willian,8b9ebd03,br BRA,MFFW,Fulham,FULHAM,35.0,1988,2024,10,2,257,2.9,0,0,0,0,0,0,0,0,0.0,0.0,0.0,0.0,0.0,0.0069,21,5,Fringe/Backup
Joshua King,86109b3b,eng ENG,MF,Fulham,FULHAM,17.0,2007,2024,8,1,130,1.4,0,0,0,0,0,0,0,0,0.0,0.0,0.0,0.0,0.0,0.0034,22,5,Fringe/Backup
Harrison Reed,803ae100,eng ENG,MF,Fulham,FULHAM,29.0,1995,2024,12,0,108,1.2,0,0,0,0,0,0,2,0,0.0,0.0,0.0,0.0,0.0,0.0029,23,5,Fringe/Backup
Martial Godo,e0eea46f,ci CIV,FWMF,Fulham,FULHAM,21.0,2003,2024,2,0,24,0.3,0,0,0,0,0,0,0,0,0.0,0.0,0.0,0.0,0.0,0.0007,24,5,Fringe/Backup
Carlos Vinícius,8b529245,br BRA,FW,Fulham,FULHAM,29.0,1995,2024,3,0,16,0.2,0,0,0,0,0,0,0,0,0.0,0.0,0.0,0.0,0.0,0.0005,25,5,Fringe/Backup
Jay Stansfield,b2626673,eng ENG,FWMF,Fulham,FULHAM,21.0,2002,2024,1,0,1,0.0,0,0,0,0,0,0,0,0,0.0,0.0,0.0,0.0,0.0,0.0,26,5,Fringe/Backup
Dara O'Shea,1d042188,ie IRL,DF,Ipswich Town,IPSWICHTOWN,25.0,1999,2024,35,35,3122,34.7,0,2,2,0,0,0,6,0,0.0,0.06,0.06,0.0,0.06,0.086,1,1,Talisman
Liam Delap,dd897ee7,eng ENG,FW,Ipswich Town,IPSWICHTOWN,21.0,2003,2024,37,32,2593,28.8,12,2,14,10,2,2,12,0,0.42,0.07,0.49,0.35,0.42,0.0838,2,1,Talisman
Leif Davis,8574c61f,eng ENG,DF,Ipswich Town,IPSWICHTOWN,24.0,1999,2024,33,32,2743,30.5,1,2,3,1,0,0,5,1,0.03,0.07,0.1,0.03,0.1,0.077,3,1,Talisman
Sam Morsy,a23c0949,eg EGY,MF,Ipswich Town,IPSWICHTOWN,32.0,1991,2024,33,31,2751,30.6,1,1,2,1,0,0,10,0,0.03,0.03,0.07,0.03,0.07,0.0762,4,1,Talisman
Omari Hutchinson,bd9553e6,eng ENG,MF,Ipswich Town,IPSWICHTOWN,20.0,2003,2024,31,30,2583,28.7,3,2,5,3,0,0,5,0,0.1,0.07,0.17,0.1,0.17,0.0749,5,1,Talisman
Jacob Greaves,1f169636,eng ENG,DF,Ipswich Town,IPSWICHTOWN,23.0,2000,2024,25,25,2205,24.5,1,0,1,1,0,0,5,0,0.04,0.0,0.04,0.04,0.04,0.0601,6,1,Talisman
Jens Cajuste,928a4a61,se SWE,MF,Ipswich Town,IPSWICHTOWN,24.0,1999,2024,30,25,1959,21.8,1,1,2,1,0,0,2,0,0.05,0.05,0.09,0.05,0.09,0.0548,7,2,Key Player
Axel Tuanzebe,2baec6ce,cd COD,DF,Ipswich Town,IPSWICHTOWN,26.0,1997,2024,22,20,1710,19.0,0,1,1,0,0,0,5,1,0.0,0.05,0.05,0.0,0.05,0.0468,8,2,Key Player
Cameron Burgess,da61ca98,au AUS,DF,Ipswich Town,IPSWICHTOWN,28.0,1995,2024,18,16,1541,17.1,0,2,2,0,0,0,0,0,0.0,0.12,0.12,0.0,0.12,0.0436,9,2,Key Player
Arijanet Muric,99aa1a84,xk KVX,GK,Ipswich Town,IPSWICHTOWN,25.0,1998,2024,18,18,1620,18.0,0,0,0,0,0,0,1,0,0.0,0.0,0.0,0.0,0.0,0.0433,10,2,Key Player
Ben Johnson,9319781b,eng ENG,MFDF,Ipswich Town,IPSWICHTOWN,24.0,2000,2024,23,14,1354,15.0,1,2,3,1,0,0,5,1,0.07,0.13,0.2,0.07,0.2,0.0397,11,2,Key Player
Jack Clarke,e16932d8,eng ENG,MF,Ipswich Town,IPSWICHTOWN,23.0,2000,2024,32,12,1181,13.1,0,4,4,0,0,0,2,0,0.0,0.3,0.3,0.0,0.3,0.0362,12,2,Key Player
Kalvin Phillips,4f565d77,eng ENG,MF,Ipswich Town,IPSWICHTOWN,28.0,1995,2024,19,14,1237,13.7,0,0,0,0,0,0,6,1,0.0,0.0,0.0,0.0,0.0,0.033,13,3,Regular Starter
Luke Woolfenden,e28e9bec,eng ENG,DF,Ipswich Town,IPSWICHTOWN,25.0,1998,2024,15,12,1187,13.2,0,0,0,0,0,0,2,0,0.0,0.0,0.0,0.0,0.0,0.0318,14,3,Regular Starter
Alex Palmer,6ea97fd5,eng ENG,GK,Ipswich Town,IPSWICHTOWN,27.0,1996,2024,13,13,1170,13.0,0,0,0,0,0,0,2,0,0.0,0.0,0.0,0.0,0.0,0.0313,15,3,Regular Starter
Sammie Szmodics,39944392,ie IRL,MF,Ipswich Town,IPSWICHTOWN,28.0,1995,2024,20,13,992,11.0,4,0,4,4,0,0,2,0,0.36,0.0,0.36,0.36,0.36,0.0312,16,3,Regular Starter
Julio Enciso,9cfbad36,py PAR,MF,Ipswich Town,IPSWICHTOWN,20.0,2004,2024,13,12,869,9.7,2,3,5,2,0,0,3,0,0.21,0.31,0.52,0.21,0.52,0.0294,17,3,Regular Starter
Wes Burns,b3fe23c6,wls WAL,MF,Ipswich Town,IPSWICHTOWN,29.0,1994,2024,18,12,926,10.3,0,1,1,0,0,0,1,0,0.0,0.1,0.1,0.0,0.1,0.026,18,3,Regular Starter
Conor Chaplin,4ec55b87,eng ENG,MFFW,Ipswich Town,IPSWICHTOWN,27.0,1997,2024,22,10,857,9.5,1,1,2,1,0,0,2,0,0.11,0.11,0.21,0.11,0.21,0.0253,19,3,Regular Starter
Jack Taylor,48eed8d5,ie IRL,MF,Ipswich Town,IPSWICHTOWN,26.0,1998,2024,32,4,860,9.6,1,0,1,1,0,0,4,0,0.1,0.0,0.1,0.1,0.1,0.0242,20,4,Squad Rotation
George Hirst,78e87179,sct SCO,FW,Ipswich Town,IPSWICHTOWN,25.0,1999,2024,26,5,661,7.3,3,1,4,3,0,0,3,0,0.41,0.14,0.54,0.41,0.54,0.0223,21,4,Squad Rotation
Nathan Broadhead,43309491,wls WAL,MF,Ipswich Town,IPSWICHTOWN,26.0,1998,2024,18,7,702,7.8,2,0,2,2,0,0,1,0,0.26,0.0,0.26,0.26,0.26,0.0212,22,4,Squad Rotation
Christian Walton,c666574f,eng ENG,GK,Ipswich Town,IPSWICHTOWN,28.0,1995,2024,7,7,630,7.0,0,0,0,0,0,0,0,0,0.0,0.0,0.0,0.0,0.0,0.0168,23,4,Squad Rotation
Jaden Philogene Bidace,19f4d211,eng ENG,MF,Ipswich Town,IPSWICHTOWN,22.0,2002,2024,10,5,474,5.3,2,0,2,2,0,0,1,0,0.38,0.0,0.38,0.38,0.38,0.0152,24,4,Squad Rotation
Harry Clarke,a64f2573,eng ENG,DF,Ipswich Town,IPSWICHTOWN,23.0,2001,2024,7,4,379,4.2,0,0,0,0,0,0,3,1,0.0,0.0,0.0,0.0,0.0,0.0101,25,4,Squad Rotation
Conor Townsend,4dc4f138,eng ENG,DF,Ipswich Town,IPSWICHTOWN,31.0,1993,2024,6,3,335,3.7,0,1,1,0,0,0,1,0,0.0,0.27,0.27,0.0,0.27,0.0101,26,5,Fringe/Backup
Chiedozie Ogbene,788c0277,ie IRL,MF,Ipswich Town,IPSWICHTOWN,27.0,1997,2024,5,3,238,2.6,0,0,0,0,0,0,0,0,0.0,0.0,0.0,0.0,0.0,0.0063,27,5,Fringe/Backup
Massimo Luongo,967ac6e1,au AUS,MF,Ipswich Town,IPSWICHTOWN,31.0,1992,2024,11,2,201,2.2,0,0,0,0,0,0,0,0,0.0,0.0,0.0,0.0,0.0,0.0053,28,5,Fringe/Backup
Ben Godfrey,9f7c837d,eng ENG,DF,Ipswich Town,IPSWICHTOWN,26.0,1998,2024,3,2,159,1.8,0,0,0,0,0,0,1,0,0.0,0.0,0.0,0.0,0.0,0.0043,29,5,Fringe/Backup
Ali Al Hamadi,8450467d,iq IRQ,FW,Ipswich Town,IPSWICHTOWN,22.0,2002,2024,11,0,134,1.5,0,0,0,0,0,0,3,0,0.0,0.0,0.0,0.0,0.0,0.0036,30,5,Fringe/Backup
Marcus Harness,90e9ca3d,eng ENG,FWMF,Ipswich Town,IPSWICHTOWN,28.0,1996,2024,2,0,45,0.5,0,0,0,0,0,0,0,0,0.0,0.0,0.0,0.0,0.0,0.0012,31,5,Fringe/Backup
George Edmundson,46ff3923,eng ENG,DF,Ipswich Town,IPSWICHTOWN,26.0,1997,2024,1,0,2,0.0,0,0,0,0,0,0,0,0,0.0,0.0,0.0,0.0,0.0,0.0,32,5,Fringe/Backup
Jamie Vardy,45963054,eng ENG,FW,Leicester City,LEICESTERCITY,37.0,1987,2024,35,35,2823,31.4,9,4,13,8,1,2,5,0,0.29,0.13,0.41,0.26,0.38,0.0894,1,1,Talisman
James Justin,fb614c44,eng ENG,DFMF,Leicester City,LEICESTERCITY,26.0,1998,2024,36,34,2912,32.4,2,2,4,2,0,0,6,0,0.06,0.06,0.12,0.06,0.12,0.0822,2,1,Talisman
Wout Faes,9c221d14,be BEL,DF,Leicester City,LEICESTERCITY,26.0,1998,2024,34,30,2815,31.3,1,0,1,1,0,0,4,0,0.03,0.0,0.03,0.03,0.03,0.076,3,1,Talisman
Wilfred Ndidi,6b47c5db,ng NGA,MF,Leicester City,LEICESTERCITY,27.0,1996,2024,28,28,2324,25.8,0,5,5,0,0,0,8,0,0.0,0.19,0.19,0.0,0.19,0.0676,4,1,Talisman
Victor Bernth Kristiansen,505486d6,dk DEN,DFMF,Leicester City,LEICESTERCITY,21.0,2002,2024,30,29,2482,27.6,0,1,1,0,0,0,1,0,0.0,0.04,0.04,0.0,0.04,0.0674,5,1,Talisman
Bilal El Khannouss,f7042636,ma MAR,MF,Leicester City,LEICESTERCITY,20.0,2004,2024,32,27,2182,24.2,2,3,5,2,0,0,4,0,0.08,0.12,0.21,0.08,0.21,0.064,6,1,Talisman
Mads Hermansen,c924b17d,dk DEN,GK,Leicester City,LEICESTERCITY,24.0,2000,2024,27,27,2385,26.5,0,0,0,0,0,0,1,0,0.0,0.0,0.0,0.0,0.0,0.0634,7,2,Key Player
Boubakary Soumaré,ae59b359,fr FRA,MF,Leicester City,LEICESTERCITY,25.0,1999,2024,31,25,2171,24.1,0,0,0,0,0,0,8,0,0.0,0.0,0.0,0.0,0.0,0.0577,8,2,Key Player
Stephy Mavididi,30144daa,eng ENG,MF,Leicester City,LEICESTERCITY,26.0,1998,2024,30,16,1615,17.9,4,1,5,4,0,0,2,0,0.22,0.06,0.28,0.22,0.28,0.0488,9,2,Key Player
Facundo Buonanotte,468a7a91,ar ARG,MFFW,Leicester City,LEICESTERCITY,19.0,2004,2024,31,14,1523,16.9,5,2,7,5,0,0,8,0,0.3,0.12,0.41,0.3,0.41,0.0487,10,2,Key Player
Jordan Ayew,da052c14,gh GHA,MF,Leicester City,LEICESTERCITY,32.0,1991,2024,30,19,1638,18.2,5,0,5,4,1,1,5,0,0.27,0.0,0.27,0.22,0.22,0.0483,11,2,Key Player
Conor Coady,2928dca2,eng ENG,DF,Leicester City,LEICESTERCITY,31.0,1993,2024,22,19,1714,19.0,1,0,1,1,0,0,3,0,0.05,0.0,0.05,0.05,0.05,0.0466,12,2,Key Player
Harry Winks,2f7acede,eng ENG,MF,Leicester City,LEICESTERCITY,28.0,1996,2024,22,17,1538,17.1,0,2,2,0,0,0,4,0,0.0,0.12,0.12,0.0,0.12,0.0434,13,3,Regular Starter
Jannik Vestergaard,1900032e,dk DEN,DF,Leicester City,LEICESTERCITY,31.0,1992,2024,18,16,1391,15.5,0,0,0,0,0,0,5,0,0.0,0.0,0.0,0.0,0.0,0.0371,14,3,Regular Starter
Caleb Okoli,8ec109e6,it ITA,DF,Leicester City,LEICESTERCITY,23.0,2001,2024,19,12,1125,12.5,1,0,1,1,0,0,4,0,0.08,0.0,0.08,0.08,0.08,0.0311,15,3,Regular Starter
Oliver Skipp,6250083a,eng ENG,MF,Leicester City,LEICESTERCITY,23.0,2000,2024,24,10,1129,12.5,0,0,0,0,0,0,8,0,0.0,0.0,0.0,0.0,0.0,0.0299,16,3,Regular Starter
Luke Thomas,fc027d02,eng ENG,DF,Leicester City,LEICESTERCITY,23.0,2001,2024,14,13,1110,12.3,0,0,0,0,0,0,3,0,0.0,0.0,0.0,0.0,0.0,0.0294,17,3,Regular Starter
Kasey McAteer,b2c66859,ie IRL,MF,Leicester City,LEICESTERCITY,22.0,2001,2024,18,9,852,9.5,1,1,2,1,0,0,3,0,0.11,0.11,0.21,0.11,0.21,0.0251,18,3,Regular Starter
Jakub Stolarczyk,a4a76b3d,pl POL,GK,Leicester City,LEICESTERCITY,23.0,2000,2024,10,10,900,10.0,0,0,0,0,0,0,1,0,0.0,0.0,0.0,0.0,0.0,0.0239,19,3,Regular Starter
Bobby De Cordova-Reid,0f7533cd,jm JAM,MFFW,Leicester City,LEICESTERCITY,31.0,1993,2024,23,9,744,8.3,1,2,3,1,0,0,2,0,0.12,0.24,0.36,0.12,0.36,0.0234,20,4,Squad Rotation
Patson Daka,ca45605e,zm ZAM,MFFW,Leicester City,LEICESTERCITY,25.0,1998,2024,23,6,736,8.2,1,0,1,1,0,0,0,0,0.12,0.0,0.12,0.12,0.12,0.0208,21,4,Squad Rotation
Abdul Fatawu Issahaku,bceda5ff,gh GHA,MFFW,Leicester City,LEICESTERCITY,20.0,2004,2024,11,6,579,6.4,0,2,2,0,0,0,0,0,0.0,0.31,0.31,0.0,0.31,0.0177,22,4,Squad Rotation
Ricardo Pereira,75a72a99,pt POR,DF,Leicester City,LEICESTERCITY,30.0,1993,2024,10,4,388,4.3,0,0,0,0,0,0,1,0,0.0,0.0,0.0,0.0,0.0,0.0103,23,4,Squad Rotation
Hamza Choudhury,7d2d3329,bd BAN,MF,Leicester City,LEICESTERCITY,26.0,1997,2024,4,1,131,1.5,0,0,0,0,0,0,0,0,0.0,0.0,0.0,0.0,0.0,0.0036,24,4,Squad Rotation
Danny Ward,d3ce0e89,wls WAL,GK,Leicester City,LEICESTERCITY,31.0,1993,2024,2,1,135,1.5,0,0,0,0,0,0,0,0,0.0,0.0,0.0,0.0,0.0,0.0036,25,4,Squad Rotation
Woyo Coulibaly,beb6e3a6,ml MLI,DF,Leicester City,LEICESTERCITY,25.0,1999,2024,4,1,109,1.2,0,0,0,0,0,0,1,0,0.0,0.0,0.0,0.0,0.0,0.0029,26,5,Fringe/Backup
Jeremy Monga,4c168d3a,eng ENG,FW,Leicester City,LEICESTERCITY,15.0,2009,2024,7,0,112,1.2,0,0,0,0,0,0,0,0,0.0,0.0,0.0,0.0,0.0,0.0029,27,5,Fringe/Backup
Odsonne Édouard,0562b7f1,fr FRA,FW,Leicester City,LEICESTERCITY,26.0,1998,2024,4,0,29,0.3,0,0,0,0,0,0,0,0,0.0,0.0,0.0,0.0,0.0,0.0007,28,5,Fringe/Backup
Jake Evans,cb7bcef0,eng ENG,MF,Leicester City,LEICESTERCITY,15.0,2008,2024,4,0,24,0.3,0,0,0,0,0,0,0,0,0.0,0.0,0.0,0.0,0.0,0.0007,29,5,Fringe/Backup
Olabade Aluko,12bb637a,,DF,Leicester City,LEICESTERCITY,,,2024,1,0,2,0.0,0,0,0,0,0,0,0,0,0.0,0.0,0.0,0.0,0.0,0.0,30,5,Fringe/Backup
Will Alves,39ef5a7b,eng ENG,MF,Leicester City,LEICESTERCITY,19.0,2005,2024,1,0,1,0.0,0,0,0,0,0,0,0,0,0.0,0.0,0.0,0.0,0.0,0.0,31,5,Fringe/Backup
Michael Golding,67c5e0e8,eng ENG,MF,Leicester City,LEICESTERCITY,18.0,2006,2024,1,0,1,0.0,0,0,0,0,0,0,0,0,0.0,0.0,0.0,0.0,0.0,0.0,32,5,Fringe/Backup
Mohamed Salah,e342ad68,eg EGY,MF,Liverpool,LIVERPOOL,32.0,1992,2024,38,38,3371,37.5,29,18,47,20,9,9,1,0,0.77,0.48,1.25,0.53,1.01,0.1353,1,1,Talisman
Virgil van Dijk,e06683ca,nl NED,DF,Liverpool,LIVERPOOL,33.0,1991,2024,37,37,3330,37.0,3,1,4,3,0,0,5,0,0.08,0.03,0.11,0.08,0.11,0.0936,2,1,Talisman
Ryan Gravenberch,b8e740fb,nl NED,MF,Liverpool,LIVERPOOL,22.0,2002,2024,37,37,3160,35.1,0,4,4,0,0,0,6,1,0.0,0.11,0.11,0.0,0.11,0.0888,3,1,Talisman
Luis Díaz,4a1a9578,co COL,FWMF,Liverpool,LIVERPOOL,27.0,1997,2024,36,28,2399,26.7,13,5,18,13,0,0,2,0,0.49,0.19,0.68,0.49,0.68,0.0858,4,1,Talisman
Alexis Mac Allister,83d074ff,ar ARG,MF,Liverpool,LIVERPOOL,25.0,1998,2024,35,30,2599,28.9,5,5,10,5,0,0,6,0,0.17,0.17,0.35,0.17,0.35,0.0814,5,2,Key Player
Dominik Szoboszlai,934e1968,hu HUN,MF,Liverpool,LIVERPOOL,23.0,2000,2024,36,29,2491,27.7,6,6,12,6,0,0,6,0,0.22,0.22,0.43,0.22,0.43,0.0807,6,2,Key Player
Trent Alexander-Arnold,cd1acf9d,eng ENG,DF,Liverpool,LIVERPOOL,25.0,1998,2024,33,28,2365,26.3,3,6,9,3,0,0,5,0,0.11,0.23,0.34,0.11,0.34,0.0738,7,2,Key Player
Ibrahima Konaté,5ed9b537,fr FRA,DF,Liverpool,LIVERPOOL,25.0,1999,2024,31,30,2560,28.4,1,2,3,1,0,0,5,0,0.04,0.07,0.11,0.04,0.11,0.0719,8,2,Key Player
Cody Gakpo,1971591f,nl NED,MF,Liverpool,LIVERPOOL,25.0,1999,2024,35,23,1935,21.5,10,4,14,10,0,0,5,0,0.47,0.19,0.65,0.47,0.65,0.0683,9,2,Key Player
Andy Robertson,2e4f5f03,sct SCO,DF,Liverpool,LIVERPOOL,30.0,1994,2024,33,29,2482,27.6,0,1,1,0,0,0,3,1,0.0,0.04,0.04,0.0,0.04,0.0675,10,3,Regular Starter
Alisson,7a2e46a8,br BRA,GK,Liverpool,LIVERPOOL,31.0,1992,2024,28,28,2508,27.9,0,0,0,0,0,0,0,0,0.0,0.0,0.0,0.0,0.0,0.0669,11,3,Regular Starter
Curtis Jones,4fb9c88f,eng ENG,MFDF,Liverpool,LIVERPOOL,23.0,2001,2024,33,19,1712,19.0,3,3,6,3,0,0,3,1,0.16,0.16,0.32,0.16,0.32,0.0529,12,3,Regular Starter
Diogo Jota,178ae8f8,pt POR,FW,Liverpool,LIVERPOOL,27.0,1996,2024,26,14,1196,13.3,6,3,9,6,0,0,2,0,0.45,0.23,0.68,0.45,0.68,0.0427,13,3,Regular Starter
Darwin Núñez,4d77b365,uy URU,FW,Liverpool,LIVERPOOL,25.0,1999,2024,30,8,1133,12.6,5,2,7,5,0,0,8,0,0.4,0.16,0.56,0.4,0.56,0.0387,14,3,Regular Starter
Caoimhín Kelleher,62d7ef38,ie IRL,GK,Liverpool,LIVERPOOL,25.0,1998,2024,10,10,900,10.0,0,0,0,0,0,0,0,0,0.0,0.0,0.0,0.0,0.0,0.024,15,4,Squad Rotation
Kostas Tsimikas,f315ca93,gr GRE,DF,Liverpool,LIVERPOOL,28.0,1996,2024,18,9,837,9.3,0,1,1,0,0,0,2,0,0.0,0.11,0.11,0.0,0.11,0.0235,16,4,Squad Rotation
Conor Bradley,bbd67769,nir NIR,DF,Liverpool,LIVERPOOL,21.0,2003,2024,19,7,754,8.4,0,2,2,0,0,0,4,0,0.0,0.24,0.24,0.0,0.24,0.0226,17,4,Squad Rotation
Joe Gomez,7a11550b,eng ENG,DF,Liverpool,LIVERPOOL,27.0,1997,2024,9,6,519,5.8,0,0,0,0,0,0,1,0,0.0,0.0,0.0,0.0,0.0,0.0139,18,4,Squad Rotation
Harvey Elliott,b9e1436c,eng ENG,MF,Liverpool,LIVERPOOL,21.0,2003,2024,18,2,371,4.1,1,2,3,1,0,0,1,0,0.24,0.49,0.73,0.24,0.73,0.0134,19,4,Squad Rotation
Jarell Quansah,4125cb98,eng ENG,DF,Liverpool,LIVERPOOL,21.0,2003,2024,13,4,495,5.5,0,0,0,0,0,0,2,0,0.0,0.0,0.0,0.0,0.0,0.0132,20,5,Fringe/Backup
Wataru Endo,c149016b,jp JPN,MF,Liverpool,LIVERPOOL,31.0,1993,2024,20,1,273,3.0,0,0,0,0,0,0,0,0,0.0,0.0,0.0,0.0,0.0,0.0072,21,5,Fringe/Backup
Federico Chiesa,b0f7e36c,it ITA,FW,Liverpool,LIVERPOOL,26.0,1997,2024,6,1,108,1.2,0,0,0,0,0,0,0,0,0.0,0.0,0.0,0.0,0.0,0.0029,22,5,Fringe/Backup
Jayden Danns,003cf4d1,eng ENG,FW,Liverpool,LIVERPOOL,18.0,2006,2024,1,0,11,0.1,0,0,0,0,0,0,0,0,0.0,0.0,0.0,0.0,0.0,0.0002,23,5,Fringe/Backup
Vitezslav Jaros,12bb4d6a,cz CZE,GK,Liverpool,LIVERPOOL,23.0,2001,2024,1,0,12,0.1,0,0,0,0,0,0,0,0,0.0,0.0,0.0,0.0,0.0,0.0002,24,5,Fringe/Backup
Erling Haaland,1f44ac21,no NOR,FW,Manchester City,MANCHESTERCITY,24.0,2000,2024,31,31,2736,30.4,22,3,25,19,3,4,2,0,0.72,0.1,0.82,0.62,0.72,0.099,1,1,Talisman
Joško Gvardiol,5ad50391,hr CRO,DF,Manchester City,MANCHESTERCITY,22.0,2002,2024,37,36,3277,36.4,5,0,5,5,0,0,2,0,0.14,0.0,0.14,0.14,0.14,0.0933,2,1,Talisman
Bernardo Silva,3eb22ec9,pt POR,MF,Manchester City,MANCHESTERCITY,29.0,1994,2024,33,29,2670,29.7,4,4,8,4,0,0,7,0,0.13,0.13,0.27,0.13,0.27,0.0807,3,1,Talisman
Mateo Kovačić,79c0821a,hr CRO,MFDF,Manchester City,MANCHESTERCITY,30.0,1994,2024,31,25,2198,24.4,6,2,8,6,0,0,5,1,0.25,0.08,0.33,0.25,0.33,0.0681,4,1,Talisman
İlkay Gündoğan,819b3158,de GER,MF,Manchester City,MANCHESTERCITY,33.0,1990,2024,33,25,2223,24.7,1,6,7,1,0,0,1,0,0.04,0.24,0.28,0.04,0.28,0.0674,5,1,Talisman
Ederson Moraes,3bb7b8b4,br BRA,GK,Manchester City,MANCHESTERCITY,30.0,1993,2024,26,26,2320,25.8,0,4,4,0,0,0,4,0,0.0,0.16,0.16,0.0,0.16,0.0667,6,1,Talisman
Rúben Dias,31c69ef1,pt POR,DFMF,Manchester City,MANCHESTERCITY,27.0,1997,2024,27,25,2271,25.2,0,0,0,0,0,0,4,0,0.0,0.0,0.0,0.0,0.0,0.0603,7,2,Key Player
Kevin De Bruyne,e46012d4,be BEL,MFFW,Manchester City,MANCHESTERCITY,33.0,1991,2024,28,19,1702,18.9,4,7,11,4,0,0,2,0,0.21,0.37,0.58,0.21,0.58,0.0584,8,2,Key Player
Phil Foden,ed1e53f3,eng ENG,MFFW,Manchester City,MANCHESTERCITY,24.0,2000,2024,28,20,1777,19.7,7,2,9,7,0,0,2,0,0.35,0.1,0.46,0.35,0.46,0.058,9,2,Key Player
Sávio,fe6e7156,br BRA,MFFW,Manchester City,MANCHESTERCITY,20.0,2004,2024,29,21,1766,19.6,1,8,9,1,0,0,3,0,0.05,0.41,0.46,0.05,0.46,0.0577,10,2,Key Player
Rico Lewis,b57e066e,eng ENG,DFMF,Manchester City,MANCHESTERCITY,19.0,2004,2024,28,21,1893,21.0,1,2,3,1,0,0,5,1,0.05,0.1,0.14,0.05,0.14,0.0538,11,2,Key Player
Manuel Akanji,89ac64a6,ch SUI,DFMF,Manchester City,MANCHESTERCITY,29.0,1995,2024,26,23,2014,22.4,0,0,0,0,0,0,3,0,0.0,0.0,0.0,0.0,0.0,0.0536,12,2,Key Player
Matheus Nunes,e6af02e0,pt POR,DFMF,Manchester City,MANCHESTERCITY,25.0,1998,2024,26,19,1674,18.6,1,6,7,1,0,0,4,0,0.05,0.32,0.38,0.05,0.38,0.053,13,3,Regular Starter
Jeremy Doku,fffea3e5,be BEL,MFFW,Manchester City,MANCHESTERCITY,22.0,2002,2024,29,16,1516,16.8,3,6,9,3,0,0,1,0,0.18,0.36,0.53,0.18,0.53,0.0509,14,3,Regular Starter
Omar Marmoush,0e0102eb,eg EGY,MFFW,Manchester City,MANCHESTERCITY,25.0,1999,2024,16,14,1175,13.1,7,0,7,7,0,0,0,0,0.54,0.0,0.54,0.54,0.54,0.0398,15,3,Regular Starter
Stefan Ortega,c1242d4e,de GER,GK,Manchester City,MANCHESTERCITY,31.0,1992,2024,13,12,1100,12.2,0,0,0,0,0,0,1,0,0.0,0.0,0.0,0.0,0.0,0.0292,16,3,Regular Starter
Kyle Walker,86dd77d1,eng ENG,DF,Manchester City,MANCHESTERCITY,34.0,1990,2024,15,9,970,10.8,0,0,0,0,0,0,3,0,0.0,0.0,0.0,0.0,0.0,0.0259,17,3,Regular Starter
Jack Grealish,b0b4fd3e,eng ENG,MFFW,Manchester City,MANCHESTERCITY,28.0,1995,2024,20,7,721,8.0,1,1,2,1,0,0,3,0,0.12,0.12,0.25,0.12,0.25,0.0216,18,3,Regular Starter
Nicolás González,2c56a792,es ESP,MF,Manchester City,MANCHESTERCITY,22.0,2002,2024,11,9,760,8.4,1,0,1,1,0,0,3,0,0.12,0.0,0.12,0.12,0.12,0.0213,19,4,Squad Rotation
Nathan Aké,eaeca114,nl NED,DF,Manchester City,MANCHESTERCITY,29.0,1995,2024,10,8,678,7.5,0,0,0,0,0,0,0,0,0.0,0.0,0.0,0.0,0.0,0.018,20,4,Squad Rotation
John Stones,5eecec3d,eng ENG,DF,Manchester City,MANCHESTERCITY,30.0,1994,2024,11,6,548,6.1,2,0,2,2,0,0,1,0,0.33,0.0,0.33,0.33,0.33,0.017,21,4,Squad Rotation
Nico O'Reilly,91ca4a16,eng ENG,DF,Manchester City,MANCHESTERCITY,19.0,2005,2024,9,6,528,5.9,2,0,2,2,0,0,0,0,0.34,0.0,0.34,0.34,0.34,0.0165,22,4,Squad Rotation
Abdukodir Khusanov,d17ce930,uz UZB,DF,Manchester City,MANCHESTERCITY,20.0,2004,2024,6,6,503,5.6,0,0,0,0,0,0,1,0,0.0,0.0,0.0,0.0,0.0,0.0134,23,4,Squad Rotation
James Mcatee,96593e89,eng ENG,MF,Manchester City,MANCHESTERCITY,21.0,2002,2024,15,3,349,3.9,3,0,3,3,0,0,1,0,0.77,0.0,0.77,0.77,0.77,0.0129,24,4,Squad Rotation
Jahmai Simpson-Pusey,383b10fd,eng ENG,DF,Manchester City,MANCHESTERCITY,18.0,2005,2024,2,1,96,1.1,0,0,0,0,0,0,1,0,0.0,0.0,0.0,0.0,0.0,0.0026,25,5,Fringe/Backup
Rodri,6434f10d,es ESP,MF,Manchester City,MANCHESTERCITY,28.0,1996,2024,3,1,73,0.8,0,0,0,0,0,0,0,0,0.0,0.0,0.0,0.0,0.0,0.0019,26,5,Fringe/Backup
Divin Mubama,92868cb5,eng ENG,FW,Manchester City,MANCHESTERCITY,19.0,2004,2024,1,0,28,0.3,0,0,0,0,0,0,0,0,0.0,0.0,0.0,0.0,0.0,0.0007,27,5,Fringe/Backup
Oscar Bobb,eed2427e,no NOR,FWMF,Manchester City,MANCHESTERCITY,21.0,2003,2024,3,0,16,0.2,0,0,0,0,0,0,0,0,0.0,0.0,0.0,0.0,0.0,0.0005,28,5,Fringe/Backup
Claudio Echeverri,49a605df,ar ARG,MF,Manchester City,MANCHESTERCITY,18.0,2006,2024,1,0,6,0.1,0,0,0,0,0,0,0,0,0.0,0.0,0.0,0.0,0.0,0.0002,29,5,Fringe/Backup
Vitor Reis,c4ce0ab5,br BRA,DF,Manchester City,MANCHESTERCITY,18.0,2006,2024,1,0,1,0.0,0,0,0,0,0,0,0,0,0.0,0.0,0.0,0.0,0.0,0.0,30,5,Fringe/Backup
Bruno Fernandes,507c7bdf,pt POR,MF,Manchester Utd,MANCHESTERUNITED,29.0,1994,2024,36,35,3018,33.5,8,10,18,5,3,3,5,2,0.24,0.3,0.54,0.15,0.45,0.0986,1,1,Talisman
André Onana,e9c0c1b2,cm CMR,GK,Manchester Utd,MANCHESTERUNITED,28.0,1996,2024,34,34,3060,34.0,0,0,0,0,0,0,0,0,0.0,0.0,0.0,0.0,0.0,0.0817,2,1,Talisman
Diogo Dalot,d9565625,pt POR,MFDF,Manchester Utd,MANCHESTERUNITED,25.0,1999,2024,33,31,2814,31.3,0,3,3,0,0,0,5,0,0.0,0.1,0.1,0.0,0.1,0.0789,3,1,Talisman
Noussair Mazraoui,b74277a0,ma MAR,DFMF,Manchester Utd,MANCHESTERUNITED,26.0,1997,2024,37,34,2838,31.5,0,1,1,0,0,0,3,0,0.0,0.03,0.03,0.0,0.03,0.0768,4,1,Talisman
Alejandro Garnacho,7aa8adfe,ar ARG,MF,Manchester Utd,MANCHESTERUNITED,20.0,2004,2024,36,23,2199,24.4,6,2,8,6,0,0,3,0,0.25,0.08,0.33,0.25,0.33,0.0683,5,1,Talisman
Amad Diallo,9dc96f10,ci CIV,MFFW,Manchester Utd,MANCHESTERUNITED,22.0,2002,2024,26,20,1901,21.1,8,6,14,8,0,0,5,0,0.38,0.28,0.66,0.38,0.66,0.0674,6,1,Talisman
Matthijs de Ligt,d6e53a3a,nl NED,DF,Manchester Utd,MANCHESTERUNITED,24.0,1999,2024,29,25,2123,23.6,2,0,2,2,0,0,3,0,0.08,0.0,0.08,0.08,0.08,0.059,7,2,Key Player
Rasmus Højlund,491a433d,dk DEN,FW,Manchester Utd,MANCHESTERUNITED,21.0,2003,2024,32,23,2004,22.3,4,0,4,4,0,0,2,0,0.18,0.0,0.18,0.18,0.18,0.0584,8,2,Key Player
Manuel Ugarte,c9817014,uy URU,MF,Manchester Utd,MANCHESTERUNITED,23.0,2001,2024,29,22,1785,19.8,1,2,3,1,0,0,11,0,0.05,0.1,0.15,0.05,0.15,0.0511,9,2,Key Player
Lisandro Martínez,bac46a10,ar ARG,DF,Manchester Utd,MANCHESTERUNITED,26.0,1998,2024,20,20,1751,19.5,2,1,3,2,0,0,7,0,0.1,0.05,0.15,0.1,0.15,0.0504,10,2,Key Player
Harry Maguire,d8931174,eng ENG,DF,Manchester Utd,MANCHESTERUNITED,31.0,1993,2024,27,19,1758,19.5,1,0,1,1,0,0,7,0,0.05,0.0,0.05,0.05,0.05,0.048,11,2,Key Player
Kobbie Mainoo,c6220452,eng ENG,MF,Manchester Utd,MANCHESTERUNITED,19.0,2005,2024,25,19,1651,18.3,0,0,0,0,0,0,5,0,0.0,0.0,0.0,0.0,0.0,0.044,12,2,Key Player
Joshua Zirkzee,028e70b9,nl NED,FWMF,Manchester Utd,MANCHESTERUNITED,23.0,2001,2024,32,14,1402,15.6,3,1,4,3,0,0,2,0,0.19,0.06,0.26,0.19,0.26,0.0423,13,3,Regular Starter
Casemiro,4d224fe8,br BRA,MF,Manchester Utd,MANCHESTERUNITED,32.0,1992,2024,24,18,1494,16.6,1,0,1,1,0,0,5,0,0.06,0.0,0.06,0.06,0.06,0.0411,14,3,Regular Starter
Marcus Rashford,a1d5bd30,eng ENG,MF,Manchester Utd,MANCHESTERUNITED,26.0,1997,2024,15,12,978,10.9,4,1,5,4,0,0,2,0,0.37,0.09,0.46,0.37,0.46,0.0322,15,3,Regular Starter
Leny Yoro,6763f716,fr FRA,DF,Manchester Utd,MANCHESTERUNITED,18.0,2005,2024,21,12,1165,12.9,0,0,0,0,0,0,5,0,0.0,0.0,0.0,0.0,0.0,0.031,16,3,Regular Starter
Christian Eriksen,980522ec,dk DEN,MF,Manchester Utd,MANCHESTERUNITED,32.0,1992,2024,23,11,1061,11.8,1,2,3,0,1,1,4,0,0.08,0.17,0.25,0.0,0.17,0.0308,17,3,Regular Starter
Patrick Dorgu,e6536124,dk DEN,MF,Manchester Utd,MANCHESTERUNITED,19.0,2004,2024,12,10,842,9.4,0,0,0,0,0,0,3,1,0.0,0.0,0.0,0.0,0.0,0.0226,18,3,Regular Starter
Victor Lindelöf,f5deef4c,se SWE,DF,Manchester Utd,MANCHESTERUNITED,30.0,1994,2024,16,6,704,7.8,0,0,0,0,0,0,1,0,0.0,0.0,0.0,0.0,0.0,0.0187,19,4,Squad Rotation
Mason Mount,9674002f,eng ENG,MFFW,Manchester Utd,MANCHESTERUNITED,25.0,1999,2024,17,8,622,6.9,1,0,1,1,0,0,3,0,0.14,0.0,0.14,0.14,0.14,0.0177,20,4,Squad Rotation
Altay Bayındır,072e68ed,tr TUR,GK,Manchester Utd,MANCHESTERUNITED,26.0,1998,2024,4,4,360,4.0,0,0,0,0,0,0,0,0,0.0,0.0,0.0,0.0,0.0,0.0096,21,4,Squad Rotation
Luke Shaw,9c94165b,eng ENG,DF,Manchester Utd,MANCHESTERUNITED,29.0,1995,2024,7,4,349,3.9,0,0,0,0,0,0,1,0,0.0,0.0,0.0,0.0,0.0,0.0094,22,4,Squad Rotation
Harry Amass,7b47100c,eng ENG,MF,Manchester Utd,MANCHESTERUNITED,17.0,2007,2024,5,4,346,3.8,0,0,0,0,0,0,0,0,0.0,0.0,0.0,0.0,0.0,0.0091,23,4,Squad Rotation
Jonny Evans,f8fcd2a5,nir NIR,DF,Manchester Utd,MANCHESTERUNITED,36.0,1988,2024,7,3,315,3.5,0,0,0,0,0,0,1,0,0.0,0.0,0.0,0.0,0.0,0.0084,24,4,Squad Rotation
Toby Collyer,4f9091bc,eng ENG,MF,Manchester Utd,MANCHESTERUNITED,20.0,2004,2024,6,0,179,2.0,0,0,0,0,0,0,0,0,0.0,0.0,0.0,0.0,0.0,0.0048,25,5,Fringe/Backup
Ayden Heaven,64e17fab,eng ENG,DF,Manchester Utd,MANCHESTERUNITED,17.0,2006,2024,4,2,170,1.9,0,0,0,0,0,0,1,0,0.0,0.0,0.0,0.0,0.0,0.0046,26,5,Fringe/Backup
Tyler Fredricson,58630379,eng ENG,DF,Manchester Utd,MANCHESTERUNITED,19.0,2005,2024,2,2,165,1.8,0,0,0,0,0,0,0,0,0.0,0.0,0.0,0.0,0.0,0.0043,27,5,Fringe/Backup
Chidozie Obi-Martin,0c9bfc3b,dk DEN,FW,Manchester Utd,MANCHESTERUNITED,16.0,2007,2024,7,1,165,1.8,0,0,0,0,0,0,1,0,0.0,0.0,0.0,0.0,0.0,0.0043,28,5,Fringe/Backup
Antony,99127249,br BRA,FWMF,Manchester Utd,MANCHESTERUNITED,24.0,2000,2024,8,0,141,1.6,0,0,0,0,0,0,0,0,0.0,0.0,0.0,0.0,0.0,0.0038,29,5,Fringe/Backup
Tyrell Malacia,6b6c793c,nl NED,MF,Manchester Utd,MANCHESTERUNITED,24.0,1999,2024,3,2,100,1.1,0,0,0,0,0,0,1,0,0.0,0.0,0.0,0.0,0.0,0.0026,30,5,Fringe/Backup
Scott McTominay,d93c2511,sct SCO,MF,Manchester Utd,MANCHESTERUNITED,27.0,1996,2024,2,0,19,0.2,0,0,0,0,0,0,0,0,0.0,0.0,0.0,0.0,0.0,0.0005,31,5,Fringe/Backup
Alexander Isak,8e92be30,se SWE,FW,Newcastle,NEWCASTLEUNITED,24.0,1999,2024,34,34,2756,30.6,23,6,29,19,4,4,1,0,0.75,0.2,0.95,0.62,0.82,0.1034,1,1,Talisman
Bruno Guimarães,82518f62,br BRA,MF,Newcastle,NEWCASTLEUNITED,26.0,1997,2024,38,38,3271,36.3,5,6,11,5,0,0,7,0,0.14,0.17,0.3,0.14,0.3,0.1001,2,1,Talisman
Dan Burn,b2d31e83,eng ENG,DF,Newcastle,NEWCASTLEUNITED,32.0,1992,2024,37,37,3330,37.0,1,1,2,1,0,0,11,0,0.03,0.03,0.05,0.03,0.05,0.0909,3,1,Talisman
Jacob Murphy,de112b84,eng ENG,FWMF,Newcastle,NEWCASTLEUNITED,29.0,1995,2024,35,31,2360,26.2,8,12,20,8,0,0,4,0,0.31,0.46,0.76,0.31,0.76,0.0867,4,1,Talisman
Fabian Schär,c8aa95da,ch SUI,DF,Newcastle,NEWCASTLEUNITED,32.0,1991,2024,34,33,2934,32.6,4,0,4,4,0,0,9,1,0.12,0.0,0.12,0.12,0.12,0.0828,5,2,Key Player
Sandro Tonali,0db169ae,it ITA,MF,Newcastle,NEWCASTLEUNITED,24.0,2000,2024,36,28,2630,29.2,4,2,6,4,0,0,5,0,0.14,0.07,0.21,0.14,0.21,0.0773,6,2,Key Player
Tino Livramento,afed6722,eng ENG,DF,Newcastle,NEWCASTLEUNITED,21.0,2002,2024,37,32,2840,31.6,0,1,1,0,0,0,1,0,0.0,0.03,0.03,0.0,0.03,0.0769,7,2,Key Player
Anthony Gordon,2bd83368,eng ENG,FWMF,Newcastle,NEWCASTLEUNITED,23.0,2001,2024,34,28,2434,27.0,6,5,11,5,1,2,2,0,0.22,0.18,0.41,0.18,0.37,0.0767,8,2,Key Player
Joelinton,c17bfb65,br BRA,MFFW,Newcastle,NEWCASTLEUNITED,27.0,1996,2024,29,29,2393,26.6,4,3,7,4,0,0,10,0,0.15,0.11,0.26,0.15,0.26,0.072,9,2,Key Player
Nick Pope,4b40d9ca,eng ENG,GK,Newcastle,NEWCASTLEUNITED,32.0,1992,2024,28,28,2520,28.0,0,0,0,0,0,0,2,0,0.0,0.0,0.0,0.0,0.0,0.0671,10,3,Regular Starter
Lewis Hall,da011f18,eng ENG,DF,Newcastle,NEWCASTLEUNITED,19.0,2004,2024,27,24,2189,24.3,0,4,4,0,0,0,3,0,0.0,0.16,0.16,0.0,0.16,0.0629,11,3,Regular Starter
Harvey Barnes,3ea50f67,eng ENG,FWMF,Newcastle,NEWCASTLEUNITED,26.0,1997,2024,33,17,1755,19.5,9,4,13,9,0,0,0,0,0.46,0.21,0.67,0.46,0.67,0.0624,12,3,Regular Starter
Kieran Trippier,21512407,eng ENG,DF,Newcastle,NEWCASTLEUNITED,33.0,1990,2024,25,14,1309,14.5,0,3,3,0,0,0,1,0,0.0,0.21,0.21,0.0,0.21,0.0384,13,3,Regular Starter
Joe Willock,a3b03921,eng ENG,MF,Newcastle,NEWCASTLEUNITED,24.0,1999,2024,32,11,1086,12.1,0,2,2,0,0,0,4,0,0.0,0.17,0.17,0.0,0.17,0.0315,14,3,Regular Starter
Martin Dúbravka,3a949a25,sk SVK,GK,Newcastle,NEWCASTLEUNITED,35.0,1989,2024,10,10,900,10.0,0,0,0,0,0,0,0,0,0.0,0.0,0.0,0.0,0.0,0.024,15,4,Squad Rotation
Sean Longstaff,a2b105e0,eng ENG,MF,Newcastle,NEWCASTLEUNITED,26.0,1997,2024,25,8,798,8.9,0,0,0,0,0,0,2,0,0.0,0.0,0.0,0.0,0.0,0.0213,16,4,Squad Rotation
Sven Botman,ccce7025,nl NED,DF,Newcastle,NEWCASTLEUNITED,24.0,2000,2024,8,6,412,4.6,0,0,0,0,0,0,1,0,0.0,0.0,0.0,0.0,0.0,0.011,17,4,Squad Rotation
Callum Wilson,c596fcb0,eng ENG,FW,Newcastle,NEWCASTLEUNITED,32.0,1992,2024,18,2,370,4.1,0,0,0,0,0,0,1,0,0.0,0.0,0.0,0.0,0.0,0.0098,18,4,Squad Rotation
Lewis Miley,2c6835e5,eng ENG,MF,Newcastle,NEWCASTLEUNITED,18.0,2006,2024,14,1,313,3.5,1,0,1,1,0,0,0,0,0.29,0.0,0.29,0.29,0.29,0.0096,19,4,Squad Rotation
Lloyd Kelly,f31def1e,eng ENG,DF,Newcastle,NEWCASTLEUNITED,25.0,1998,2024,10,4,303,3.4,0,1,1,0,0,0,2,0,0.0,0.3,0.3,0.0,0.3,0.0094,20,5,Fringe/Backup
Emil Krafth,77cf6852,se SWE,DF,Newcastle,NEWCASTLEUNITED,29.0,1994,2024,12,2,342,3.8,0,0,0,0,0,0,2,0,0.0,0.0,0.0,0.0,0.0,0.0091,21,5,Fringe/Backup
William Osula,7b355808,dk DEN,FW,Newcastle,NEWCASTLEUNITED,20.0,2003,2024,14,0,134,1.5,1,0,1,1,0,0,0,0,0.67,0.0,0.67,0.67,0.67,0.0048,22,5,Fringe/Backup
Miguel Almirón,862a1c15,py PAR,FW,Newcastle,NEWCASTLEUNITED,30.0,1994,2024,9,1,157,1.7,0,0,0,0,0,0,0,0,0.0,0.0,0.0,0.0,0.0,0.0041,23,5,Fringe/Backup
Matt Targett,e514ab62,eng ENG,DFMF,Newcastle,NEWCASTLEUNITED,28.0,1995,2024,2,0,21,0.2,0,0,0,0,0,0,0,0,0.0,0.0,0.0,0.0,0.0,0.0005,24,5,Fringe/Backup
Chris Wood,4e9a0555,nz NZL,FW,Nottingham,NOTTINGHAMFOREST,32.0,1991,2024,36,35,2959,32.9,20,3,23,17,3,3,1,0,0.61,0.09,0.7,0.52,0.61,0.1028,1,1,Talisman
Nikola Milenković,bee704fc,rs SRB,DF,Nottingham,NOTTINGHAMFOREST,26.0,1997,2024,37,37,3330,37.0,5,2,7,5,0,0,4,0,0.14,0.05,0.19,0.14,0.19,0.097,2,1,Talisman
Morgan Gibbs-White,32f60ed8,eng ENG,MF,Nottingham,NOTTINGHAMFOREST,24.0,2000,2024,34,34,2803,31.1,7,8,15,7,0,0,11,1,0.22,0.26,0.48,0.22,0.48,0.0923,3,1,Talisman
Matz Sels,834b5c4c,be BEL,GK,Nottingham,NOTTINGHAMFOREST,32.0,1992,2024,38,38,3420,38.0,0,0,0,0,0,0,4,0,0.0,0.0,0.0,0.0,0.0,0.091,4,1,Talisman
Murillo,1704b0b8,br BRA,DF,Nottingham,NOTTINGHAMFOREST,22.0,2002,2024,36,36,3188,35.4,2,0,2,2,0,0,6,0,0.06,0.0,0.06,0.06,0.06,0.0873,5,2,Key Player
Anthony Elanga,2fba6108,se SWE,MFFW,Nottingham,NOTTINGHAMFOREST,22.0,2002,2024,38,31,2501,27.8,6,11,17,6,0,0,1,0,0.22,0.4,0.61,0.22,0.61,0.0868,6,2,Key Player
Ola Aina,246d153b,ng NGA,DF,Nottingham,NOTTINGHAMFOREST,27.0,1996,2024,35,35,2995,33.3,2,1,3,2,0,0,5,0,0.06,0.03,0.09,0.06,0.09,0.0833,7,2,Key Player
Elliot Anderson,de31038e,eng ENG,MF,Nottingham,NOTTINGHAMFOREST,21.0,2002,2024,37,33,2728,30.3,2,6,8,2,0,0,10,0,0.07,0.2,0.26,0.07,0.26,0.082,8,2,Key Player
Neco Williams,dd323728,wls WAL,DFMF,Nottingham,NOTTINGHAMFOREST,23.0,2001,2024,35,28,2594,28.8,1,3,4,1,0,0,7,0,0.03,0.1,0.14,0.03,0.14,0.0738,9,2,Key Player
Callum Hudson-Odoi,15f3ec41,eng ENG,MF,Nottingham,NOTTINGHAMFOREST,23.0,2000,2024,31,25,2194,24.4,5,2,7,5,0,0,2,0,0.21,0.08,0.29,0.21,0.29,0.0669,10,3,Regular Starter
Ryan Yates,c1fe2a48,eng ENG,MF,Nottingham,NOTTINGHAMFOREST,26.0,1997,2024,35,18,1915,21.3,2,1,3,2,0,0,10,0,0.09,0.05,0.14,0.09,0.14,0.0546,11,3,Regular Starter
Nicolás Domínguez,20b3a502,ar ARG,MF,Nottingham,NOTTINGHAMFOREST,26.0,1998,2024,34,23,1963,21.8,0,1,1,0,0,0,9,0,0.0,0.05,0.05,0.0,0.05,0.0535,12,3,Regular Starter
Jota Silva,4d77e622,pt POR,MF,Nottingham,NOTTINGHAMFOREST,24.0,1999,2024,31,5,854,9.5,3,1,4,3,0,0,5,0,0.32,0.11,0.42,0.32,0.42,0.0275,13,3,Regular Starter
Álex Moreno,16e9d0ea,es ESP,DF,Nottingham,NOTTINGHAMFOREST,31.0,1993,2024,15,11,955,10.6,0,1,1,0,0,0,2,0,0.0,0.09,0.09,0.0,0.09,0.0265,14,4,Squad Rotation
Morato,0f41e2ee,br BRA,DF,Nottingham,NOTTINGHAMFOREST,23.0,2001,2024,26,6,907,10.1,0,0,0,0,0,0,5,0,0.0,0.0,0.0,0.0,0.0,0.0242,15,4,Squad Rotation
Ibrahim Sangaré,bced0375,ci CIV,MF,Nottingham,NOTTINGHAMFOREST,26.0,1997,2024,13,7,590,6.6,0,1,1,0,0,0,3,0,0.0,0.15,0.15,0.0,0.15,0.017,16,4,Squad Rotation
Taiwo Awoniyi,e5478b87,ng NGA,FW,Nottingham,NOTTINGHAMFOREST,26.0,1997,2024,26,3,416,4.6,1,0,1,1,0,0,0,0,0.22,0.0,0.22,0.22,0.22,0.0122,17,4,Squad Rotation
James Ward-Prowse,3515d404,eng ENG,MF,Nottingham,NOTTINGHAMFOREST,29.0,1994,2024,9,5,400,4.4,0,1,1,0,0,0,2,1,0.0,0.23,0.23,0.0,0.23,0.0117,18,4,Squad Rotation
Ramón Sosa,2d3417a1,py PAR,MF,Nottingham,NOTTINGHAMFOREST,24.0,1999,2024,19,1,295,3.3,1,0,1,1,0,0,1,0,0.31,0.0,0.31,0.31,0.31,0.0091,19,5,Fringe/Backup
Danilo Santos,a816dbfb,br BRA,MF,Nottingham,NOTTINGHAMFOREST,23.0,2001,2024,8,5,275,3.1,0,0,0,0,0,0,0,0,0.0,0.0,0.0,0.0,0.0,0.0074,20,5,Fringe/Backup
Willy Boly,a4ac4b8f,ci CIV,DF,Nottingham,NOTTINGHAMFOREST,33.0,1991,2024,6,1,150,1.7,0,0,0,0,0,0,1,0,0.0,0.0,0.0,0.0,0.0,0.0041,21,5,Fringe/Backup
Harry Toffolo,a105d46a,eng ENG,DF,Nottingham,NOTTINGHAMFOREST,28.0,1995,2024,4,1,137,1.5,0,0,0,0,0,0,1,0,0.0,0.0,0.0,0.0,0.0,0.0036,22,5,Fringe/Backup
Eric da Silva Moreira,0a4f579a,de GER,DF,Nottingham,NOTTINGHAMFOREST,18.0,2006,2024,2,0,30,0.3,0,0,0,0,0,0,0,0,0.0,0.0,0.0,0.0,0.0,0.0007,23,5,Fringe/Backup
Mateus Fernandes,ef491564,pt POR,MF,Southampton,SOUTHAMPTON,20.0,2004,2024,36,34,2909,32.3,2,4,6,2,0,0,8,0,0.06,0.12,0.19,0.06,0.19,0.0848,1,1,Talisman
Kyle Walker-Peters,984a5a64,eng ENG,MFDF,Southampton,SOUTHAMPTON,27.0,1997,2024,33,33,2918,32.4,0,2,2,0,0,0,5,0,0.0,0.06,0.06,0.0,0.06,0.08,2,1,Talisman
Taylor Harwood-Bellis,47327321,eng ENG,DF,Southampton,SOUTHAMPTON,22.0,2002,2024,34,32,2825,31.4,1,0,1,1,0,0,9,0,0.03,0.0,0.03,0.03,0.03,0.0764,3,1,Talisman
Aaron Ramsdale,466fb2c5,eng ENG,GK,Southampton,SOUTHAMPTON,26.0,1998,2024,30,30,2700,30.0,0,0,0,0,0,0,2,0,0.0,0.0,0.0,0.0,0.0,0.0719,4,1,Talisman
Jan Bednarek,4115ce4e,pl POL,DF,Southampton,SOUTHAMPTON,28.0,1996,2024,30,30,2531,28.1,2,0,2,2,0,0,7,0,0.07,0.0,0.07,0.07,0.07,0.0697,5,1,Talisman
Flynn Downes,69fdb896,eng ENG,MF,Southampton,SOUTHAMPTON,25.0,1999,2024,27,25,2151,23.9,1,0,1,1,0,0,12,0,0.04,0.0,0.04,0.04,0.04,0.0584,6,1,Talisman
Joe Aribo,328f7d51,ng NGA,MF,Southampton,SOUTHAMPTON,28.0,1996,2024,32,21,2013,22.4,3,0,3,3,0,0,1,0,0.13,0.0,0.13,0.13,0.13,0.0572,7,1,Talisman
Tyler Dibling,bdcc89ae,eng ENG,MFFW,Southampton,SOUTHAMPTON,18.0,2006,2024,33,20,1874,20.8,2,0,2,2,0,0,6,0,0.1,0.0,0.1,0.1,0.1,0.0524,8,2,Key Player
Lesley Ugochukwu,1df4a109,fr FRA,MF,Southampton,SOUTHAMPTON,20.0,2004,2024,26,18,1655,18.4,1,1,2,1,0,0,7,0,0.05,0.05,0.11,0.05,0.11,0.0465,9,2,Key Player
Yukinari Sugawara,580bcd18,jp JPN,MFDF,Southampton,SOUTHAMPTON,24.0,2000,2024,30,16,1557,17.3,1,1,2,1,0,0,4,0,0.06,0.06,0.12,0.06,0.12,0.044,10,2,Key Player
Cameron Archer,05e8ca6d,eng ENG,FW,Southampton,SOUTHAMPTON,23.0,2001,2024,35,13,1441,16.0,2,0,2,2,0,1,0,0,0.12,0.0,0.12,0.12,0.12,0.0407,11,2,Key Player
Ryan Manning,847b53eb,ie IRL,DFMF,Southampton,SOUTHAMPTON,28.0,1996,2024,24,18,1462,16.2,0,1,1,0,0,0,2,0,0.0,0.06,0.06,0.0,0.06,0.04,12,2,Key Player
Kamaldeen Sulemana,a62f8bf1,gh GHA,FWMF,Southampton,SOUTHAMPTON,22.0,2002,2024,26,17,1402,15.6,1,1,2,1,0,0,2,0,0.06,0.06,0.13,0.06,0.13,0.0398,13,2,Key Player
Adam Armstrong,68c720b5,eng ENG,FWMF,Southampton,SOUTHAMPTON,27.0,1997,2024,20,15,1248,13.9,2,2,4,2,0,1,4,0,0.14,0.14,0.29,0.14,0.29,0.0382,14,2,Key Player
Jack Stephens,6adbc307,eng ENG,DF,Southampton,SOUTHAMPTON,30.0,1994,2024,19,17,1389,15.4,1,0,1,1,0,0,2,2,0.06,0.0,0.06,0.06,0.06,0.038,15,3,Regular Starter
Paul Onuachu,c06d1086,ng NGA,FW,Southampton,SOUTHAMPTON,30.0,1994,2024,25,11,1050,11.7,4,1,5,4,0,0,4,0,0.34,0.09,0.43,0.34,0.43,0.0341,16,3,Regular Starter
James Bree,c07b7c5c,eng ENG,DFMF,Southampton,SOUTHAMPTON,26.0,1997,2024,17,13,1075,11.9,0,1,1,0,0,0,0,0,0.0,0.08,0.08,0.0,0.08,0.0297,17,3,Regular Starter
Nathan Wood-Gordon,4ccf2d5b,eng ENG,DF,Southampton,SOUTHAMPTON,22.0,2002,2024,11,9,773,8.6,0,0,0,0,0,0,2,0,0.0,0.0,0.0,0.0,0.0,0.0206,18,3,Regular Starter
William Smallbone,5e105217,ie IRL,MF,Southampton,SOUTHAMPTON,24.0,2000,2024,18,6,690,7.7,1,0,1,1,0,0,1,0,0.13,0.0,0.13,0.13,0.13,0.0197,19,3,Regular Starter
Welington,a7f95b1f,br BRA,MFDF,Southampton,SOUTHAMPTON,23.0,2001,2024,10,6,482,5.4,0,0,0,0,0,0,1,0,0.0,0.0,0.0,0.0,0.0,0.0129,20,3,Regular Starter
Ben Brereton Díaz,57827369,cl CHI,FWMF,Southampton,SOUTHAMPTON,25.0,1999,2024,10,4,449,5.0,0,0,0,0,0,0,1,0,0.0,0.0,0.0,0.0,0.0,0.012,21,3,Regular Starter
Adam Lallana,99813635,eng ENG,MF,Southampton,SOUTHAMPTON,36.0,1988,2024,14,5,361,4.0,0,2,2,0,0,0,4,0,0.0,0.5,0.5,0.0,0.5,0.012,22,4,Squad Rotation
Alex McCarthy,36c2ca73,eng ENG,GK,Southampton,SOUTHAMPTON,34.0,1989,2024,5,5,450,5.0,0,0,0,0,0,0,0,0,0.0,0.0,0.0,0.0,0.0,0.012,23,4,Squad Rotation
Ross Stewart,18986367,sct SCO,FW,Southampton,SOUTHAMPTON,28.0,1996,2024,12,4,389,4.3,1,0,1,1,0,0,1,0,0.23,0.0,0.23,0.23,0.23,0.0115,24,4,Squad Rotation
Charlie Taylor,cc2d7ad5,eng ENG,DF,Southampton,SOUTHAMPTON,30.0,1993,2024,8,3,356,4.0,0,0,0,0,0,0,1,0,0.0,0.0,0.0,0.0,0.0,0.0096,25,4,Squad Rotation
Armel Bella Kotchap,a39d11bc,de GER,DF,Southampton,SOUTHAMPTON,22.0,2001,2024,4,2,331,3.7,0,0,0,0,0,0,0,0,0.0,0.0,0.0,0.0,0.0,0.0089,26,4,Squad Rotation
Ryan Fraser,d56543a0,sct SCO,MFDF,Southampton,SOUTHAMPTON,30.0,1994,2024,8,4,306,3.4,0,0,0,0,0,0,0,1,0.0,0.0,0.0,0.0,0.0,0.0082,27,4,Squad Rotation
Joe Lumley,bdf3a08e,eng ENG,GK,Southampton,SOUTHAMPTON,29.0,1995,2024,3,3,270,3.0,0,0,0,0,0,0,0,0,0.0,0.0,0.0,0.0,0.0,0.0072,28,4,Squad Rotation
Albert Grønbaek,0da5076f,dk DEN,MFFW,Southampton,SOUTHAMPTON,23.0,2001,2024,4,2,143,1.6,0,0,0,0,0,0,0,0,0.0,0.0,0.0,0.0,0.0,0.0038,29,5,Fringe/Backup
Jay Robinson,2a616c85,eng ENG,MF,Southampton,SOUTHAMPTON,17.0,2007,2024,4,1,137,1.5,0,0,0,0,0,0,0,0,0.0,0.0,0.0,0.0,0.0,0.0036,30,5,Fringe/Backup
Maxwel Cornet,beb391dd,ci CIV,MF,Southampton,SOUTHAMPTON,27.0,1996,2024,2,1,72,0.8,0,0,0,0,0,0,1,0,0.0,0.0,0.0,0.0,0.0,0.0019,31,5,Fringe/Backup
Samuel Edozie,007414dd,eng ENG,FWMF,Southampton,SOUTHAMPTON,21.0,2003,2024,2,0,65,0.7,0,0,0,0,0,0,1,0,0.0,0.0,0.0,0.0,0.0,0.0017,32,5,Fringe/Backup
Samuel Amo-Ameyaw,9eedf0e0,eng ENG,FWMF,Southampton,SOUTHAMPTON,18.0,2006,2024,2,0,28,0.3,0,0,0,0,0,0,1,0,0.0,0.0,0.0,0.0,0.0,0.0007,33,5,Fringe/Backup
Joachim Kayi Sanda,e2b2a181,fr FRA,DF,Southampton,SOUTHAMPTON,17.0,2006,2024,2,0,14,0.2,0,0,0,0,0,0,0,0,0.0,0.0,0.0,0.0,0.0,0.0005,34,5,Fringe/Backup
Carlos Alcaraz,4abac767,ar ARG,MF,Southampton,SOUTHAMPTON,21.0,2002,2024,1,0,10,0.1,0,0,0,0,0,0,0,0,0.0,0.0,0.0,0.0,0.0,0.0002,35,5,Fringe/Backup
Ronnie Edwards,be90c4b0,eng ENG,DF,Southampton,SOUTHAMPTON,21.0,2003,2024,1,0,12,0.1,0,0,0,0,0,0,0,0,0.0,0.0,0.0,0.0,0.0,0.0002,36,5,Fringe/Backup
Pedro Porro,27d0a506,es ESP,DF,Tottenham,TOTTENHAMHOTSPUR,24.0,1999,2024,33,28,2610,29.0,2,6,8,2,0,0,5,0,0.07,0.21,0.28,0.07,0.28,0.0791,1,1,Talisman
Dejan Kulusevski,df3cda47,se SWE,MFFW,Tottenham,TOTTENHAMHOTSPUR,24.0,2000,2024,32,27,2389,26.5,7,4,11,7,0,0,3,0,0.26,0.15,0.41,0.26,0.41,0.0764,2,1,Talisman
Brennan Johnson,0cd31129,wls WAL,FWMF,Tottenham,TOTTENHAMHOTSPUR,23.0,2001,2024,33,24,2177,24.2,11,3,14,11,0,0,5,0,0.45,0.12,0.58,0.45,0.58,0.0747,3,1,Talisman
Son Heung-min,92e7e919,kr KOR,FWMF,Tottenham,TOTTENHAMHOTSPUR,32.0,1992,2024,30,24,2110,23.4,7,9,16,6,1,2,1,0,0.3,0.38,0.68,0.26,0.64,0.0739,4,1,Talisman
Dominic Solanke,e77dc3b2,eng ENG,FW,Tottenham,TOTTENHAMHOTSPUR,26.0,1997,2024,27,25,2201,24.5,9,3,12,8,1,1,0,0,0.37,0.12,0.49,0.33,0.45,0.0718,5,1,Talisman
James Maddison,ee38d9c5,eng ENG,MF,Tottenham,TOTTENHAMHOTSPUR,27.0,1996,2024,31,21,1809,20.1,9,7,16,9,0,0,6,0,0.45,0.35,0.8,0.45,0.8,0.0673,6,1,Talisman
Guglielmo Vicario,77d6fd4d,it ITA,GK,Tottenham,TOTTENHAMHOTSPUR,27.0,1996,2024,24,24,2160,24.0,0,0,0,0,0,0,1,0,0.0,0.0,0.0,0.0,0.0,0.0574,7,2,Key Player
Pape Matar Sarr,feb5d972,sn SEN,MF,Tottenham,TOTTENHAMHOTSPUR,21.0,2002,2024,36,22,1913,21.3,3,2,5,3,0,0,6,0,0.14,0.09,0.24,0.14,0.24,0.0571,8,2,Key Player
Destiny Udogie,7cd520e8,it ITA,DF,Tottenham,TOTTENHAMHOTSPUR,21.0,2002,2024,25,24,1924,21.4,0,1,1,0,0,0,2,0,0.0,0.05,0.05,0.0,0.05,0.0525,9,2,Key Player
Djed Spence,9bc9a519,eng ENG,DF,Tottenham,TOTTENHAMHOTSPUR,23.0,2000,2024,25,19,1792,19.9,1,2,3,1,0,0,4,1,0.05,0.1,0.15,0.05,0.15,0.0512,10,2,Key Player
Archie Gray,f58515f5,eng ENG,DFMF,Tottenham,TOTTENHAMHOTSPUR,18.0,2006,2024,28,19,1751,19.5,0,0,0,0,0,0,1,0,0.0,0.0,0.0,0.0,0.0,0.0466,11,2,Key Player
Rodrigo Bentancur,3b8674e6,uy URU,MF,Tottenham,TOTTENHAMHOTSPUR,27.0,1997,2024,26,21,1645,18.3,2,0,2,2,0,0,9,0,0.11,0.0,0.11,0.11,0.11,0.0462,12,2,Key Player
Yves Bissouma,6c203af0,ml MLI,MF,Tottenham,TOTTENHAMHOTSPUR,27.0,1996,2024,28,16,1408,15.6,2,0,2,2,0,0,7,0,0.13,0.0,0.13,0.13,0.13,0.0397,13,3,Regular Starter
Cristian Romero,a3d94a58,ar ARG,DF,Tottenham,TOTTENHAMHOTSPUR,26.0,1998,2024,18,18,1416,15.7,1,0,1,1,0,0,3,0,0.06,0.0,0.06,0.06,0.06,0.0387,14,3,Regular Starter
Ben Davies,44781702,wls WAL,DF,Tottenham,TOTTENHAMHOTSPUR,31.0,1993,2024,17,14,1331,14.8,0,0,0,0,0,0,5,0,0.0,0.0,0.0,0.0,0.0,0.0354,15,3,Regular Starter
Lucas Bergvall,a109e5c8,se SWE,MF,Tottenham,TOTTENHAMHOTSPUR,18.0,2006,2024,27,11,1212,13.5,0,1,1,0,0,0,3,0,0.0,0.07,0.07,0.0,0.07,0.0334,16,3,Regular Starter
Radu Drăgușin,620922ed,ro ROU,DF,Tottenham,TOTTENHAMHOTSPUR,22.0,2002,2024,16,14,1252,13.9,0,0,0,0,0,0,1,0,0.0,0.0,0.0,0.0,0.0,0.0332,17,3,Regular Starter
Micky van de Ven,8fe2a392,nl NED,DF,Tottenham,TOTTENHAMHOTSPUR,23.0,2001,2024,13,12,1015,11.3,0,2,2,0,0,0,4,0,0.0,0.18,0.18,0.0,0.18,0.0295,18,3,Regular Starter
Mathys Tel,829aa60c,fr FRA,FW,Tottenham,TOTTENHAMHOTSPUR,19.0,2005,2024,13,11,911,10.1,2,1,3,1,1,1,2,0,0.2,0.1,0.3,0.1,0.2,0.0266,19,4,Squad Rotation
Wilson Odobert,35516eac,fr FRA,FWMF,Tottenham,TOTTENHAMHOTSPUR,19.0,2004,2024,16,9,850,9.4,1,0,1,1,0,0,0,0,0.11,0.0,0.11,0.11,0.11,0.0237,20,4,Squad Rotation
Kevin Danso,6e33125f,at AUT,DF,Tottenham,TOTTENHAMHOTSPUR,25.0,1998,2024,10,9,842,9.4,0,0,0,0,0,0,0,0,0.0,0.0,0.0,0.0,0.0,0.0225,21,4,Squad Rotation
Richarlison,fa031b34,br BRA,FW,Tottenham,TOTTENHAMHOTSPUR,27.0,1997,2024,15,4,504,5.6,4,1,5,4,0,0,2,0,0.71,0.18,0.89,0.71,0.89,0.0194,22,4,Squad Rotation
Timo Werner,49fe9070,de GER,FWMF,Tottenham,TOTTENHAMHOTSPUR,28.0,1996,2024,18,4,516,5.7,0,3,3,0,0,0,0,0,0.0,0.52,0.52,0.0,0.52,0.0172,23,4,Squad Rotation
Fraser Forster,c3e39f12,eng ENG,GK,Tottenham,TOTTENHAMHOTSPUR,36.0,1988,2024,7,7,630,7.0,0,0,0,0,0,0,0,0,0.0,0.0,0.0,0.0,0.0,0.0167,24,4,Squad Rotation
Antonín Kinský,b38ac6a4,cz CZE,GK,Tottenham,TOTTENHAMHOTSPUR,21.0,2003,2024,6,6,540,6.0,0,0,0,0,0,0,0,0,0.0,0.0,0.0,0.0,0.0,0.0144,25,5,Fringe/Backup
Mikey Moore,00953a9d,eng ENG,MFFW,Tottenham,TOTTENHAMHOTSPUR,16.0,2007,2024,10,3,366,4.1,0,1,1,0,0,0,0,0,0.0,0.25,0.25,0.0,0.25,0.011,26,5,Fringe/Backup
Sergio Reguilón,3353737a,es ESP,DF,Tottenham,TOTTENHAMHOTSPUR,27.0,1996,2024,4,1,196,2.2,0,0,0,0,0,0,2,0,0.0,0.0,0.0,0.0,0.0,0.0053,27,5,Fringe/Backup
Brandon Austin,5e253986,eng ENG,GK,Tottenham,TOTTENHAMHOTSPUR,25.0,1999,2024,1,1,90,1.0,0,0,0,0,0,0,0,0,0.0,0.0,0.0,0.0,0.0,0.0024,28,5,Fringe/Backup
Dane Scarlett,21945a9e,eng ENG,FW,Tottenham,TOTTENHAMHOTSPUR,20.0,2004,2024,3,0,34,0.4,0,1,1,0,0,0,0,0,0.0,2.65,2.65,0.0,2.65,0.0022,29,5,Fringe/Backup
Alfie Dorrington,ac1ef440,eng ENG,DF,Tottenham,TOTTENHAMHOTSPUR,19.0,2005,2024,1,0,14,0.2,0,0,0,0,0,0,0,0,0.0,0.0,0.0,0.0,0.0,0.0005,30,5,Fringe/Backup
Will Lankshear,92df535b,eng ENG,FW,Tottenham,TOTTENHAMHOTSPUR,19.0,2005,2024,3,0,11,0.1,0,0,0,0,0,0,0,0,0.0,0.0,0.0,0.0,0.0,0.0002,31,5,Fringe/Backup
Jarrod Bowen,79c84d1c,eng ENG,MFFW,West Ham,WESTHAMUNITED,27.0,1996,2024,34,34,2973,33.0,13,8,21,12,1,1,1,0,0.39,0.24,0.64,0.36,0.61,0.1032,1,1,Talisman
Aaron Wan-Bissaka,9e525177,cd COD,DFMF,West Ham,WESTHAMUNITED,26.0,1997,2024,36,35,3154,35.0,2,5,7,2,0,0,1,0,0.06,0.14,0.2,0.06,0.2,0.0923,2,1,Talisman
Max Kilman,d0f72bf1,eng ENG,DF,West Ham,WESTHAMUNITED,27.0,1997,2024,38,38,3348,37.2,0,1,1,0,0,0,5,0,0.0,0.03,0.03,0.0,0.03,0.0905,3,1,Talisman
Tomáš Souček,6613c819,cz CZE,MF,West Ham,WESTHAMUNITED,29.0,1995,2024,35,30,2567,28.5,9,1,10,9,0,0,8,0,0.32,0.04,0.35,0.32,0.35,0.0802,4,1,Talisman
Mohammed Kudus,b62878a5,gh GHA,MFFW,West Ham,WESTHAMUNITED,23.0,2000,2024,32,31,2590,28.8,5,3,8,5,0,0,2,1,0.17,0.1,0.28,0.17,0.28,0.0787,5,1,Talisman
Lucas Paquetá,9b6f7fd5,br BRA,MFFW,West Ham,WESTHAMUNITED,26.0,1997,2024,33,27,2380,26.4,4,0,4,2,2,2,10,0,0.15,0.0,0.15,0.08,0.08,0.0658,6,2,Key Player
Alphonse Areola,2f965a72,fr FRA,GK,West Ham,WESTHAMUNITED,31.0,1993,2024,26,25,2260,25.1,0,0,0,0,0,0,0,0,0.0,0.0,0.0,0.0,0.0,0.0601,7,2,Key Player
Emerson Palmieri,e0bc6fdc,it ITA,DFMF,West Ham,WESTHAMUNITED,29.0,1994,2024,31,26,2113,23.5,2,1,3,2,0,0,5,0,0.09,0.04,0.13,0.09,0.13,0.06,8,2,Key Player
Konstantinos Mavropanos,00963611,gr GRE,DF,West Ham,WESTHAMUNITED,26.0,1997,2024,33,21,2045,22.7,0,0,0,0,0,0,6,1,0.0,0.0,0.0,0.0,0.0,0.0544,9,2,Key Player
Jean-Clair Todibo,88f130ed,fr FRA,DF,West Ham,WESTHAMUNITED,24.0,1999,2024,27,20,1825,20.3,0,0,0,0,0,0,3,0,0.0,0.0,0.0,0.0,0.0,0.0486,10,2,Key Player
Edson Álvarez,8b3ab7ad,mx MEX,MF,West Ham,WESTHAMUNITED,26.0,1997,2024,28,20,1772,19.7,0,1,1,0,0,0,9,1,0.0,0.05,0.05,0.0,0.05,0.0484,11,3,Regular Starter
Carlos Soler,fed17f5a,es ESP,MF,West Ham,WESTHAMUNITED,27.0,1997,2024,31,14,1409,15.7,1,1,2,1,0,0,6,0,0.06,0.06,0.13,0.06,0.13,0.0401,12,3,Regular Starter
Guido Rodríguez,34e393f2,ar ARG,MF,West Ham,WESTHAMUNITED,30.0,1994,2024,23,16,1149,12.8,0,1,1,0,0,0,6,0,0.0,0.08,0.08,0.0,0.08,0.0319,13,3,Regular Starter
Łukasz Fabiański,9328b835,pl POL,GK,West Ham,WESTHAMUNITED,39.0,1985,2024,14,13,1160,12.9,0,0,0,0,0,0,2,0,0.0,0.0,0.0,0.0,0.0,0.0309,14,3,Regular Starter
James Ward-Prowse,3515d404,eng ENG,MF,West Ham,WESTHAMUNITED,29.0,1994,2024,15,12,1039,11.5,1,1,2,1,0,0,2,0,0.09,0.09,0.17,0.09,0.17,0.0299,15,3,Regular Starter
Vladimír Coufal,fdf3cb77,cz CZE,DFMF,West Ham,WESTHAMUNITED,31.0,1992,2024,22,11,1067,11.9,0,0,0,0,0,0,5,0,0.0,0.0,0.0,0.0,0.0,0.0285,16,3,Regular Starter
Niclas Füllkrug,4f16405e,de GER,FW,West Ham,WESTHAMUNITED,31.0,1993,2024,18,6,790,8.8,3,2,5,3,0,0,2,0,0.34,0.23,0.57,0.34,0.57,0.0271,17,4,Squad Rotation
Michail Antonio,ac05f970,jm JAM,FW,West Ham,WESTHAMUNITED,34.0,1990,2024,14,11,836,9.3,1,1,2,1,0,0,1,0,0.11,0.11,0.22,0.11,0.22,0.0247,18,4,Squad Rotation
Crysencio Summerville,df04eb4b,nl NED,MFFW,West Ham,WESTHAMUNITED,22.0,2001,2024,19,7,786,8.7,1,1,2,1,0,0,2,0,0.11,0.11,0.23,0.11,0.23,0.0232,19,4,Squad Rotation
Aaron Cresswell,4f974391,eng ENG,DF,West Ham,WESTHAMUNITED,34.0,1989,2024,18,10,824,9.2,0,0,0,0,0,0,3,0,0.0,0.0,0.0,0.0,0.0,0.022,20,4,Squad Rotation
Oliver Scarles,242e5e6d,eng ENG,MFDF,West Ham,WESTHAMUNITED,18.0,2005,2024,15,7,665,7.4,0,0,0,0,0,0,1,0,0.0,0.0,0.0,0.0,0.0,0.0177,21,4,Squad Rotation
Danny Ings,07802f7f,eng ENG,FW,West Ham,WESTHAMUNITED,32.0,1992,2024,15,1,284,3.2,1,2,3,1,0,0,0,0,0.32,0.63,0.95,0.32,0.95,0.0113,22,5,Fringe/Backup
Andy Irving,b1be9fc0,sct SCO,MF,West Ham,WESTHAMUNITED,24.0,2000,2024,10,1,166,1.8,0,0,0,0,0,0,2,0,0.0,0.0,0.0,0.0,0.0,0.0043,23,5,Fringe/Backup
Evan Ferguson,4596da74,ie IRL,FW,West Ham,WESTHAMUNITED,19.0,2004,2024,8,1,156,1.7,0,0,0,0,0,0,0,0,0.0,0.0,0.0,0.0,0.0,0.0041,24,5,Fringe/Backup
Luis Guilherme,b7672d43,br BRA,MF,West Ham,WESTHAMUNITED,18.0,2006,2024,12,1,150,1.7,0,0,0,0,0,0,0,0,0.0,0.0,0.0,0.0,0.0,0.0041,25,5,Fringe/Backup
Lewis Orford,40aaa04c,eng ENG,MF,West Ham,WESTHAMUNITED,18.0,2006,2024,2,0,49,0.5,0,0,0,0,0,0,0,0,0.0,0.0,0.0,0.0,0.0,0.0012,26,5,Fringe/Backup
Kaelan Casey,cd4b2c5f,eng ENG,DF,West Ham,WESTHAMUNITED,19.0,2004,2024,1,0,1,0.0,0,0,0,0,0,0,0,0,0.0,0.0,0.0,0.0,0.0,0.0,27,5,Fringe/Backup
Rayan Aït-Nouri,9b398aea,dz ALG,MFDF,Wolves,WOLVERHAMPTONWANDERERS,23.0,2001,2024,37,37,3109,34.5,4,7,11,4,0,0,7,1,0.12,0.2,0.32,0.12,0.32,0.0958,1,1,Talisman
Matheus Cunha,dc62b55d,br BRA,MF,Wolves,WOLVERHAMPTONWANDERERS,25.0,1999,2024,33,29,2597,28.9,15,6,21,15,0,0,4,0,0.52,0.21,0.73,0.52,0.73,0.0945,2,1,Talisman
Jørgen Strand Larsen,f553b2b3,no NOR,FW,Wolves,WOLVERHAMPTONWANDERERS,24.0,2000,2024,35,30,2587,28.7,14,4,18,14,0,0,4,0,0.49,0.14,0.63,0.49,0.63,0.0904,3,1,Talisman
João Gomes,8b57ad2c,br BRA,MF,Wolves,WOLVERHAMPTONWANDERERS,23.0,2001,2024,36,35,2974,33.0,3,1,4,3,0,0,11,1,0.09,0.03,0.12,0.09,0.12,0.0838,4,1,Talisman
Nélson Semedo,d04b94db,pt POR,MFDF,Wolves,WOLVERHAMPTONWANDERERS,30.0,1993,2024,34,32,2886,32.1,0,4,4,0,0,0,8,0,0.0,0.12,0.12,0.0,0.12,0.0815,5,1,Talisman
Toti Gomes,f0caab96,pt POR,DF,Wolves,WOLVERHAMPTONWANDERERS,25.0,1999,2024,31,30,2614,29.0,0,1,1,0,0,0,7,0,0.0,0.03,0.03,0.0,0.03,0.0705,6,1,Talisman
José Sá,903b6e8b,pt POR,GK,Wolves,WOLVERHAMPTONWANDERERS,31.0,1993,2024,29,29,2609,29.0,0,0,0,0,0,0,2,0,0.0,0.0,0.0,0.0,0.0,0.0694,7,2,Key Player
André,ec604e2c,br BRA,MF,Wolves,WOLVERHAMPTONWANDERERS,23.0,2001,2024,33,31,2472,27.5,0,0,0,0,0,0,7,0,0.0,0.0,0.0,0.0,0.0,0.0659,8,2,Key Player
Matt Doherty,d557d734,ie IRL,DFMF,Wolves,WOLVERHAMPTONWANDERERS,32.0,1992,2024,30,25,2109,23.4,2,1,3,2,0,0,6,0,0.09,0.04,0.13,0.09,0.13,0.0597,9,2,Key Player
Jean-Ricner Bellegarde,10f0fdd3,ht HAI,MF,Wolves,WOLVERHAMPTONWANDERERS,26.0,1998,2024,35,20,1677,18.6,2,7,9,2,0,0,3,0,0.11,0.38,0.48,0.11,0.48,0.0552,10,2,Key Player
Santiago Bueno,edc98fac,uy URU,DF,Wolves,WOLVERHAMPTONWANDERERS,25.0,1998,2024,29,18,1687,18.7,0,0,0,0,0,0,2,0,0.0,0.0,0.0,0.0,0.0,0.0448,11,2,Key Player
Mario Lemina,2b471f99,ga GAB,MFDF,Wolves,WOLVERHAMPTONWANDERERS,30.0,1993,2024,17,15,1364,15.2,1,3,4,1,0,0,4,0,0.07,0.2,0.26,0.07,0.26,0.0411,12,2,Key Player
Emmanuel Agbadou,75f1ed80,ci CIV,DF,Wolves,WOLVERHAMPTONWANDERERS,27.0,1997,2024,16,16,1410,15.7,1,0,1,1,0,0,3,0,0.06,0.0,0.06,0.06,0.06,0.0387,13,3,Regular Starter
Gonçalo Guedes,e6bc67d7,pt POR,MFFW,Wolves,WOLVERHAMPTONWANDERERS,27.0,1996,2024,29,10,995,11.1,2,4,6,2,0,0,1,0,0.18,0.36,0.54,0.18,0.54,0.0338,14,3,Regular Starter
Marshall Munetsi,2acf0cd7,zw ZIM,MFFW,Wolves,WOLVERHAMPTONWANDERERS,28.0,1996,2024,14,12,1078,12.0,2,1,3,2,0,0,0,0,0.17,0.08,0.25,0.17,0.25,0.0323,15,3,Regular Starter
Pablo Sarabia,9744ff80,es ESP,MF,Wolves,WOLVERHAMPTONWANDERERS,32.0,1992,2024,23,7,814,9.0,3,2,5,3,0,0,3,0,0.33,0.22,0.55,0.33,0.55,0.0275,16,3,Regular Starter
Craig Dawson,3e9e06cb,eng ENG,DF,Wolves,WOLVERHAMPTONWANDERERS,34.0,1990,2024,15,10,971,10.8,0,0,0,0,0,0,2,0,0.0,0.0,0.0,0.0,0.0,0.0259,17,3,Regular Starter
Rodrigo Gomes,8dcf77c0,pt POR,MF,Wolves,WOLVERHAMPTONWANDERERS,21.0,2003,2024,25,7,810,9.0,2,0,2,2,0,0,0,0,0.22,0.0,0.22,0.22,0.22,0.0239,18,3,Regular Starter
Hwang Hee-chan,169fd162,kr KOR,MFFW,Wolves,WOLVERHAMPTONWANDERERS,28.0,1996,2024,21,5,661,7.3,2,0,2,2,0,0,0,0,0.27,0.0,0.27,0.27,0.27,0.0198,19,3,Regular Starter
Sam Johnstone,9e5708be,eng ENG,GK,Wolves,WOLVERHAMPTONWANDERERS,31.0,1993,2024,7,7,630,7.0,0,0,0,0,0,0,0,0,0.0,0.0,0.0,0.0,0.0,0.0168,20,4,Squad Rotation
Tommy Doyle,5526deb1,eng ENG,MF,Wolves,WOLVERHAMPTONWANDERERS,22.0,2001,2024,24,3,488,5.4,0,1,1,0,0,0,1,0,0.0,0.18,0.18,0.0,0.18,0.0141,21,4,Squad Rotation
Yerson Mosquera,1e159d70,co COL,DF,Wolves,WOLVERHAMPTONWANDERERS,23.0,2001,2024,5,5,441,4.9,0,0,0,0,0,0,2,0,0.0,0.0,0.0,0.0,0.0,0.0117,22,4,Squad Rotation
Carlos Forbs,8a310070,pt POR,MF,Wolves,WOLVERHAMPTONWANDERERS,20.0,2004,2024,10,1,239,2.7,0,0,0,0,0,0,2,0,0.0,0.0,0.0,0.0,0.0,0.0065,23,4,Squad Rotation
Daniel Bentley,68db6358,eng ENG,GK,Wolves,WOLVERHAMPTONWANDERERS,31.0,1993,2024,2,2,180,2.0,0,0,0,0,0,0,0,0,0.0,0.0,0.0,0.0,0.0,0.0048,24,4,Squad Rotation
Pedro Lima,b2f4cad5,br BRA,MF,Wolves,WOLVERHAMPTONWANDERERS,18.0,2006,2024,3,1,70,0.8,0,0,0,0,0,0,0,0,0.0,0.0,0.0,0.0,0.0,0.0019,25,4,Squad Rotation
Nasser Djiga,1a7a4d84,bf BFA,DF,Wolves,WOLVERHAMPTONWANDERERS,21.0,2002,2024,5,1,66,0.7,0,0,0,0,0,0,0,0,0.0,0.0,0.0,0.0,0.0,0.0017,26,5,Fringe/Backup
Daniel Podence,7fcc71d8,pt POR,FWMF,Wolves,WOLVERHAMPTONWANDERERS,28.0,1995,2024,2,0,48,0.5,0,0,0,0,0,0,0,0,0.0,0.0,0.0,0.0,0.0,0.0012,27,5,Fringe/Backup
Chiquinho,dc6c2f02,pt POR,FWMF,Wolves,WOLVERHAMPTONWANDERERS,24.0,2000,2024,1,0,7,0.1,0,0,0,0,0,0,0,0,0.0,0.0,0.0,0.0,0.0,0.0002,28,5,Fringe/Backup
Tom King,5791b997,wls WAL,GK,Wolves,WOLVERHAMPTONWANDERERS,29.0,1995,2024,1,0,1,0.0,0,0,0,0,0,0,0,0,0.0,0.0,0.0,0.0,0.0,0.0,29,5,Fringe/Backup
Mateus Mane,c15cb409,pt POR,MF,Wolves,WOLVERHAMPTONWANDERERS,16.0,2007,2024,1,0,2,0.0,0,0,0,0,0,0,0,0,0.0,0.0,0.0,0.0,0.0,0.0,30,5,Fringe/Backup
Alfie Pond,039c3d96,eng ENG,DF,Wolves,WOLVERHAMPTONWANDERERS,20.0,2004,2024,1,0,1,0.0,0,0,0,0,0,0,0,0,0.0,0.0,0.0,0.0,0.0,0.0,31,5,Fringe/Backup
Boubacar Traoré,999ceb5f,ml MLI,MF,Wolves,WOLVERHAMPTONWANDERERS,22.0,2001,2024,1,0,1,0.0,0,0,0,0,0,0,0,0,0.0,0.0,0.0,0.0,0.0,0.0,32,5,Fringe/Backup
Adrien Truffert,5d0e0a1f,fr FRA,DF,Bournemouth,AFCBOURNEMOUTH,23.0,2001,2025,38,38,3379,37.5,1,5,6,1,0,0,5,0,0.03,0.13,0.16,0.03,0.16,0.097,1,1,Talisman
Marcos Senesi,35141f4c,ar ARG,DF,Bournemouth,AFCBOURNEMOUTH,28.0,1997,2025,37,37,3288,36.5,0,5,5,0,0,0,8,0,0.0,0.14,0.14,0.0,0.14,0.0935,2,1,Talisman
Đorđe Petrović,0cf321c8,rs SRB,GK,Bournemouth,AFCBOURNEMOUTH,25.0,1999,2025,38,38,3420,38.0,0,0,0,0,0,0,3,0,0.0,0.0,0.0,0.0,0.0,0.091,3,1,Talisman
Marcus Tavernier,5c0da4a4,eng ENG,MF,Bournemouth,AFCBOURNEMOUTH,26.0,1999,2025,34,31,2731,30.3,7,4,11,5,2,2,6,0,0.23,0.13,0.36,0.16,0.3,0.0834,4,1,Talisman
Evanilson,6f3cc2fe,br BRA,FW,Bournemouth,AFCBOURNEMOUTH,25.0,1999,2025,36,32,2742,30.5,6,1,7,6,0,0,2,0,0.2,0.03,0.23,0.2,0.23,0.0814,5,1,Talisman
Alex Scott,104d0bb8,eng ENG,MF,Bournemouth,AFCBOURNEMOUTH,21.0,2003,2025,37,34,2849,31.7,3,1,4,3,0,0,5,0,0.09,0.03,0.13,0.09,0.13,0.0808,6,2,Key Player
Álex Jiménez,faa13947,es ESP,DFMF,Bournemouth,AFCBOURNEMOUTH,20.0,2005,2025,31,26,2317,25.7,1,0,1,1,0,0,10,0,0.04,0.0,0.04,0.04,0.04,0.0628,7,2,Key Player
Antoine Semenyo,efd2ec23,gh GHA,MF,Bournemouth,AFCBOURNEMOUTH,25.0,2000,2025,20,20,1798,20.0,10,3,13,9,1,2,6,0,0.5,0.15,0.65,0.45,0.6,0.0623,8,2,Key Player
James Hill,69942fb3,eng ENG,DF,Bournemouth,AFCBOURNEMOUTH,23.0,2002,2025,29,22,2106,23.4,0,3,3,0,0,0,5,0,0.0,0.13,0.13,0.0,0.13,0.0597,9,2,Key Player
Eli Junior Kroupi,b2fe86e5,fr FRA,MFFW,Bournemouth,AFCBOURNEMOUTH,19.0,2006,2025,33,21,1672,18.6,13,0,13,11,2,2,5,0,0.7,0.0,0.7,0.59,0.59,0.0577,10,2,Key Player
Tyler Adams,2b09d998,us USA,MF,Bournemouth,AFCBOURNEMOUTH,26.0,1999,2025,25,21,1772,19.7,2,2,4,2,0,0,8,0,0.1,0.1,0.2,0.1,0.2,0.0519,11,3,Regular Starter
Rayan,288647fc,br BRA,MF,Bournemouth,AFCBOURNEMOUTH,18.0,2006,2025,15,13,1111,12.3,5,2,7,5,0,0,1,0,0.41,0.16,0.57,0.41,0.57,0.0378,12,3,Regular Starter
David Brooks,dc4cae05,wls WAL,MF,Bournemouth,AFCBOURNEMOUTH,28.0,1997,2025,31,13,1204,13.4,1,3,4,1,0,0,7,0,0.07,0.22,0.3,0.07,0.3,0.0369,13,3,Regular Starter
Amine Adli,dcfb17f4,ma MAR,MF,Bournemouth,AFCBOURNEMOUTH,25.0,2000,2025,31,10,1094,12.2,3,1,4,3,0,0,2,0,0.25,0.08,0.33,0.25,0.33,0.034,14,3,Regular Starter
Bafodé Diakité,1bfb6fef,fr FRA,DF,Bournemouth,AFCBOURNEMOUTH,24.0,2001,2025,18,15,1277,14.2,0,0,0,0,0,0,1,0,0.0,0.0,0.0,0.0,0.0,0.034,15,3,Regular Starter
Adam Smith,20b104bc,eng ENG,DF,Bournemouth,AFCBOURNEMOUTH,34.0,1991,2025,22,14,1077,12.0,0,2,2,0,0,0,3,0,0.0,0.17,0.17,0.0,0.17,0.0312,16,4,Squad Rotation
Ryan Christie,26ce2263,sct SCO,MF,Bournemouth,AFCBOURNEMOUTH,30.0,1995,2025,26,9,994,11.0,2,0,2,2,0,0,3,1,0.18,0.0,0.18,0.18,0.18,0.0287,17,4,Squad Rotation
Justin Kluivert,4c3a6744,nl NED,MF,Bournemouth,AFCBOURNEMOUTH,26.0,1999,2025,20,10,952,10.6,2,0,2,2,0,0,5,0,0.19,0.0,0.19,0.19,0.19,0.0278,18,4,Squad Rotation
Lewis Cook,2afc7272,eng ENG,MFDF,Bournemouth,AFCBOURNEMOUTH,28.0,1997,2025,18,8,874,9.7,0,1,1,0,0,0,1,1,0.0,0.1,0.1,0.0,0.1,0.0244,19,4,Squad Rotation
Veljko Milosavljević,c478319d,rs SRB,DF,Bournemouth,AFCBOURNEMOUTH,18.0,2007,2025,7,4,368,4.1,0,0,0,0,0,0,0,0,0.0,0.0,0.0,0.0,0.0,0.0098,20,4,Squad Rotation
Enes Ünal,f8eca1b6,tr TUR,FW,Bournemouth,AFCBOURNEMOUTH,28.0,1997,2025,23,0,232,2.6,1,0,1,1,0,0,1,0,0.39,0.0,0.39,0.39,0.39,0.0074,21,5,Fringe/Backup
Ben Gannon-Doak,733f1a7d,sct SCO,MF,Bournemouth,AFCBOURNEMOUTH,19.0,2005,2025,8,0,113,1.3,0,1,1,0,0,0,0,0,0.0,0.8,0.8,0.0,0.8,0.0044,22,5,Fringe/Backup
Alex Tóth,5e18c6f4,hu HUN,MF,Bournemouth,AFCBOURNEMOUTH,19.0,2005,2025,9,2,140,1.6,0,0,0,0,0,0,1,0,0.0,0.0,0.0,0.0,0.0,0.0038,23,5,Fringe/Backup
Hamed Junior Traorè,570bb4b9,ci CIV,MF,Bournemouth,AFCBOURNEMOUTH,25.0,2000,2025,1,0,17,0.2,0,1,1,0,0,0,0,0,0.0,5.29,5.29,0.0,5.29,0.0017,24,5,Fringe/Backup
Julio Soler,98c8559a,ar ARG,DF,Bournemouth,AFCBOURNEMOUTH,20.0,2005,2025,3,0,35,0.4,0,0,0,0,0,0,0,0,0.0,0.0,0.0,0.0,0.0,0.001,25,5,Fringe/Backup
Ben Winterburn,ba31eee2,eng ENG,MF,Bournemouth,AFCBOURNEMOUTH,20.0,2004,2025,1,0,7,0.1,0,0,0,0,0,0,0,0,0.0,0.0,0.0,0.0,0.0,0.0002,26,5,Fringe/Backup
Declan Rice,1c7012b8,eng ENG,MF,Arsenal,ARSENAL,26.0,1999,2025,36,35,3094,34.4,4,5,9,4,0,0,3,0,0.12,0.15,0.26,0.12,0.26,0.093,1,1,Talisman
David Raya,98ea5115,es ESP,GK,Arsenal,ARSENAL,29.0,1995,2025,37,37,3330,37.0,0,0,0,0,0,0,1,0,0.0,0.0,0.0,0.0,0.0,0.0885,2,1,Talisman
Martín Zubimendi,3ee0dd59,es ESP,MF,Arsenal,ARSENAL,26.0,1999,2025,38,34,2992,33.2,5,1,6,5,0,0,4,0,0.15,0.03,0.18,0.15,0.18,0.0866,3,1,Talisman
Gabriel Magalhães,67ac5bb8,br BRA,DF,Arsenal,ARSENAL,27.0,1997,2025,32,30,2751,30.6,3,4,7,3,0,0,4,0,0.1,0.13,0.23,0.1,0.23,0.0816,4,1,Talisman
Jurriën Timber,41034650,nl NED,DF,Arsenal,ARSENAL,24.0,2001,2025,30,28,2454,27.3,3,5,8,3,0,0,5,0,0.11,0.18,0.29,0.11,0.29,0.0748,5,1,Talisman
Viktor Gyökeres,4d5a9185,se SWE,FW,Arsenal,ARSENAL,27.0,1998,2025,36,26,2224,24.7,14,1,15,11,3,3,5,0,0.57,0.04,0.61,0.45,0.49,0.0736,6,2,Key Player
Bukayo Saka,bc7dc64d,eng ENG,FWMF,Arsenal,ARSENAL,23.0,2001,2025,31,25,2222,24.7,7,5,12,6,1,1,2,0,0.28,0.2,0.49,0.24,0.45,0.0724,7,2,Key Player
William Saliba,972aeb2a,fr FRA,DF,Arsenal,ARSENAL,24.0,2001,2025,31,30,2614,29.0,1,0,1,1,0,0,2,0,0.03,0.0,0.03,0.03,0.03,0.0704,8,2,Key Player
Leandro Trossard,38ceb24a,be BEL,FWMF,Arsenal,ARSENAL,30.0,1994,2025,31,21,2000,22.2,6,6,12,6,0,0,2,0,0.27,0.27,0.54,0.27,0.54,0.0674,9,2,Key Player
Eberechi Eze,ae4fc6a4,eng ENG,MFFW,Arsenal,ARSENAL,27.0,1998,2025,32,21,1812,20.1,7,2,9,7,0,0,1,0,0.35,0.1,0.45,0.35,0.45,0.0589,10,2,Key Player
Piero Hincapié,0c7a48f8,ec ECU,DF,Arsenal,ARSENAL,23.0,2002,2025,25,20,1792,19.9,1,2,3,1,0,0,2,0,0.05,0.1,0.15,0.05,0.15,0.0512,11,3,Regular Starter
Riccardo Calafiori,aded8e6f,it ITA,DF,Arsenal,ARSENAL,23.0,2002,2025,26,22,1699,18.9,1,2,3,1,0,0,5,0,0.05,0.11,0.16,0.05,0.16,0.0488,12,3,Regular Starter
Martin Ødegaard,79300479,no NOR,MF,Arsenal,ARSENAL,26.0,1998,2025,24,16,1369,15.2,1,6,7,1,0,0,0,0,0.07,0.39,0.46,0.07,0.46,0.0447,13,3,Regular Starter
Noni Madueke,bf34eebd,eng ENG,FWMF,Arsenal,ARSENAL,23.0,2002,2025,26,16,1211,13.5,3,1,4,3,0,0,0,0,0.22,0.07,0.3,0.22,0.3,0.0371,14,3,Regular Starter
Mikel Merino,d080ed5e,es ESP,MFFW,Arsenal,ARSENAL,29.0,1996,2025,22,10,1036,11.5,4,3,7,4,0,0,1,0,0.35,0.26,0.61,0.35,0.61,0.0359,15,3,Regular Starter
Gabriel Martinelli,48a5a5d6,br BRA,FWMF,Arsenal,ARSENAL,24.0,2001,2025,30,11,1081,12.0,1,4,5,1,0,0,3,0,0.08,0.33,0.42,0.08,0.42,0.0347,16,4,Squad Rotation
Cristhian Mosquera,dc1ce4f5,es ESP,DF,Arsenal,ARSENAL,21.0,2004,2025,20,9,994,11.0,0,0,0,0,0,0,4,0,0.0,0.0,0.0,0.0,0.0,0.0263,17,4,Squad Rotation
Kai Havertz,fed7cb61,de GER,FWMF,Arsenal,ARSENAL,26.0,1999,2025,12,7,581,6.5,2,3,5,2,0,0,1,0,0.31,0.46,0.77,0.31,0.77,0.0215,18,4,Squad Rotation
Ben White,35e413f1,eng ENG,DF,Arsenal,ARSENAL,27.0,1997,2025,12,9,702,7.8,0,1,1,0,0,0,0,0,0.0,0.13,0.13,0.0,0.13,0.0199,19,4,Squad Rotation
Myles Lewis-Skelly,5dff6c28,eng ENG,MFDF,Arsenal,ARSENAL,18.0,2006,2025,20,5,709,7.9,0,0,0,0,0,0,3,0,0.0,0.0,0.0,0.0,0.0,0.0189,20,4,Squad Rotation
Gabriel Jesus,b66315ae,br BRA,FW,Arsenal,ARSENAL,28.0,1997,2025,14,3,429,4.8,3,0,3,3,0,0,3,0,0.63,0.0,0.63,0.63,0.63,0.0151,21,5,Fringe/Backup
Max Dowman,9008bb70,eng ENG,MF,Arsenal,ARSENAL,15.0,2009,2025,6,1,157,1.7,1,0,1,1,0,0,0,0,0.57,0.0,0.57,0.57,0.57,0.0052,22,5,Fringe/Backup
Ethan Nwaneri,7f94982c,eng ENG,MF,Arsenal,ARSENAL,18.0,2007,2025,6,0,171,1.9,0,0,0,0,0,0,0,0,0.0,0.0,0.0,0.0,0.0,0.0045,23,5,Fringe/Backup
Christian Nørgaard,df0a4c90,dk DEN,MF,Arsenal,ARSENAL,31.0,1994,2025,7,1,106,1.2,0,0,0,0,0,0,0,0,0.0,0.0,0.0,0.0,0.0,0.0029,24,5,Fringe/Backup
Kepa Arrizabalaga,28d596a0,es ESP,GK,Arsenal,ARSENAL,30.0,1994,2025,1,1,90,1.0,0,0,0,0,0,0,0,0,0.0,0.0,0.0,0.0,0.0,0.0024,25,5,Fringe/Backup
Morgan Rogers,2e5915f1,eng ENG,MF,Aston Villa,ASTONVILLA,23.0,2002,2025,37,37,3280,36.4,10,6,16,10,0,0,7,0,0.27,0.16,0.44,0.27,0.44,0.1064,1,1,Talisman
Ollie Watkins,aed3a70f,eng ENG,FW,Aston Villa,ASTONVILLA,29.0,1995,2025,37,33,2839,31.5,16,3,19,16,0,0,4,0,0.51,0.1,0.6,0.51,0.6,0.0981,2,1,Talisman
Matty Cash,2389cdc2,pl POL,DF,Aston Villa,ASTONVILLA,27.0,1997,2025,35,34,3014,33.5,3,3,6,3,0,0,9,0,0.09,0.09,0.18,0.09,0.18,0.0875,3,1,Talisman
Ezri Konsa,0313a347,eng ENG,DF,Aston Villa,ASTONVILLA,27.0,1997,2025,34,34,3035,33.7,0,0,0,0,0,0,0,1,0.0,0.0,0.0,0.0,0.0,0.0807,4,1,Talisman
Emiliano Martínez,7956236f,ar ARG,GK,Aston Villa,ASTONVILLA,32.0,1992,2025,32,32,2835,31.5,0,1,1,0,0,0,2,0,0.0,0.03,0.03,0.0,0.03,0.0766,5,1,Talisman
John McGinn,90f91999,sct SCO,MF,Aston Villa,ASTONVILLA,30.0,1994,2025,30,28,2137,23.7,5,4,9,5,0,0,5,0,0.21,0.17,0.38,0.21,0.38,0.0676,6,1,Talisman
Lucas Digne,1b84dbe1,fr FRA,DF,Aston Villa,ASTONVILLA,32.0,1993,2025,31,21,1852,20.6,0,6,6,0,0,0,3,0,0.0,0.29,0.29,0.0,0.29,0.0565,7,2,Key Player
Emi Buendía,66b76d44,ar ARG,MF,Aston Villa,ASTONVILLA,28.0,1996,2025,36,21,1755,19.5,6,2,8,6,0,0,6,0,0.31,0.1,0.41,0.31,0.41,0.0563,8,2,Key Player
Youri Tielemans,56f7a928,be BEL,MF,Aston Villa,ASTONVILLA,28.0,1997,2025,25,21,1862,20.7,0,4,4,0,0,0,0,0,0.0,0.19,0.19,0.0,0.19,0.0543,9,2,Key Player
Amadou Onana,828657ff,be BEL,MF,Aston Villa,ASTONVILLA,23.0,2001,2025,25,21,1758,19.5,2,0,2,2,0,0,3,0,0.1,0.0,0.1,0.1,0.1,0.0491,10,2,Key Player
Pau Torres,532e1e4f,es ESP,DF,Aston Villa,ASTONVILLA,28.0,1997,2025,21,18,1676,18.6,0,0,0,0,0,0,1,0,0.0,0.0,0.0,0.0,0.0,0.0446,11,2,Key Player
Ian Maatsen,cab9634e,nl NED,DF,Aston Villa,ASTONVILLA,23.0,2002,2025,30,17,1605,17.8,0,1,1,0,0,0,2,0,0.0,0.06,0.06,0.0,0.06,0.0439,12,2,Key Player
Boubacar Kamara,cc77354e,fr FRA,MF,Aston Villa,ASTONVILLA,25.0,1999,2025,18,17,1411,15.7,1,3,4,1,0,0,5,0,0.06,0.19,0.26,0.06,0.26,0.0425,13,3,Regular Starter
Tyrone Mings,8397a50c,eng ENG,DF,Aston Villa,ASTONVILLA,32.0,1993,2025,17,15,1324,14.7,0,0,0,0,0,0,1,0,0.0,0.0,0.0,0.0,0.0,0.0352,14,3,Regular Starter
Lamare Bogarde,bca5c4a7,nl NED,MFDF,Aston Villa,ASTONVILLA,21.0,2004,2025,28,11,1053,11.7,0,0,0,0,0,0,5,0,0.0,0.0,0.0,0.0,0.0,0.028,15,3,Regular Starter
Ross Barkley,3a24769f,eng ENG,MF,Aston Villa,ASTONVILLA,31.0,1993,2025,21,7,857,9.5,3,1,4,3,0,0,1,0,0.32,0.11,0.42,0.32,0.42,0.0275,16,3,Regular Starter
Victor Lindelöf,f5deef4c,se SWE,DFMF,Aston Villa,ASTONVILLA,31.0,1994,2025,17,11,948,10.5,0,1,1,0,0,0,0,0,0.0,0.09,0.09,0.0,0.09,0.0263,17,3,Regular Starter
Jadon Sancho,dbf053da,eng ENG,MF,Aston Villa,ASTONVILLA,25.0,2000,2025,23,9,876,9.7,0,2,2,0,0,0,0,0,0.0,0.21,0.21,0.0,0.21,0.0257,18,3,Regular Starter
Donyell Malen,116c35df,nl NED,FWMF,Aston Villa,ASTONVILLA,26.0,1999,2025,21,5,656,7.3,4,1,5,4,0,0,0,0,0.55,0.14,0.69,0.55,0.69,0.0235,19,4,Squad Rotation
Douglas Luiz,6f7d826d,br BRA,MF,Aston Villa,ASTONVILLA,27.0,1998,2025,13,7,604,6.7,1,0,1,1,0,0,1,0,0.15,0.0,0.15,0.15,0.15,0.0173,20,4,Squad Rotation
Evann Guessand,b73f17f8,ci CIV,MF,Aston Villa,ASTONVILLA,24.0,2001,2025,13,6,588,6.5,0,1,1,0,0,0,0,0,0.0,0.15,0.15,0.0,0.15,0.0167,21,4,Squad Rotation
Marco Bizot,3d214e5f,nl NED,GK,Aston Villa,ASTONVILLA,34.0,1991,2025,7,6,585,6.5,0,0,0,0,0,0,2,0,0.0,0.0,0.0,0.0,0.0,0.0156,22,4,Squad Rotation
Leon Bailey,3a233281,jm JAM,MF,Aston Villa,ASTONVILLA,27.0,1997,2025,13,3,459,5.1,0,1,1,0,0,0,1,0,0.0,0.2,0.2,0.0,0.2,0.0134,23,4,Squad Rotation
Tammy Abraham,f586779e,eng ENG,FW,Aston Villa,ASTONVILLA,27.0,1997,2025,12,2,286,3.2,2,0,2,2,0,0,0,0,0.63,0.0,0.63,0.63,0.63,0.0101,24,4,Squad Rotation
Harvey Elliott,b9e1436c,eng ENG,MF,Aston Villa,ASTONVILLA,22.0,2003,2025,4,1,112,1.2,0,0,0,0,0,0,0,0,0.0,0.0,0.0,0.0,0.0,0.0029,25,5,Fringe/Backup
Andrés García,40498af1,es ESP,DF,Aston Villa,ASTONVILLA,22.0,2003,2025,6,1,86,1.0,0,0,0,0,0,0,0,0,0.0,0.0,0.0,0.0,0.0,0.0024,26,5,Fringe/Backup
Alysson,99b63a82,br BRA,MF,Aston Villa,ASTONVILLA,19.0,2006,2025,3,0,49,0.5,0,0,0,0,0,0,0,0,0.0,0.0,0.0,0.0,0.0,0.0012,27,5,Fringe/Backup
George Hemmings,28795530,eng ENG,MF,Aston Villa,ASTONVILLA,18.0,2007,2025,2,0,27,0.3,0,0,0,0,0,0,0,0,0.0,0.0,0.0,0.0,0.0,0.0007,28,5,Fringe/Backup
Bradley Burrowes,802ee5ca,eng ENG,MF,Aston Villa,ASTONVILLA,17.0,2008,2025,1,0,17,0.2,0,0,0,0,0,0,0,0,0.0,0.0,0.0,0.0,0.0,0.0005,29,5,Fringe/Backup
Jamaldeen Jimoh,1e711234,eng ENG,MF,Aston Villa,ASTONVILLA,18.0,2006,2025,1,0,9,0.1,0,0,0,0,0,0,0,0,0.0,0.0,0.0,0.0,0.0,0.0002,30,5,Fringe/Backup
Igor Thiago,dc45ac24,br BRA,FW,Brentford,BRENTFORD,24.0,2001,2025,38,37,3282,36.5,22,1,23,14,8,9,7,0,0.6,0.03,0.63,0.38,0.41,0.1054,1,1,Talisman
Michael Kayode,e19660a8,it ITA,DF,Brentford,BRENTFORD,21.0,2004,2025,37,37,3258,36.2,1,1,2,1,0,0,8,0,0.03,0.03,0.06,0.03,0.06,0.0893,2,1,Talisman
Caoimhín Kelleher,62d7ef38,ie IRL,GK,Brentford,BRENTFORD,26.0,1998,2025,37,37,3330,37.0,0,0,0,0,0,0,1,0,0.0,0.0,0.0,0.0,0.0,0.0886,3,1,Talisman
Kevin Schade,52afb588,de GER,MFFW,Brentford,BRENTFORD,23.0,2001,2025,35,32,2745,30.5,8,3,11,8,0,1,6,1,0.26,0.1,0.36,0.26,0.36,0.0862,4,1,Talisman
Nathan Collins,a8c19eb8,ie IRL,DF,Brentford,BRENTFORD,24.0,2001,2025,35,32,2975,33.1,1,2,3,1,0,0,7,0,0.03,0.06,0.09,0.03,0.09,0.0829,5,1,Talisman
Sepp van den Berg,7bf9400b,nl NED,DF,Brentford,BRENTFORD,23.0,2001,2025,32,30,2763,30.7,0,2,2,0,0,0,2,0,0.0,0.07,0.07,0.0,0.07,0.0761,6,2,Key Player
Yehor Yarmoliuk,907a5d7c,ua UKR,MF,Brentford,BRENTFORD,21.0,2004,2025,37,30,2659,29.5,1,2,3,1,0,0,7,0,0.03,0.07,0.1,0.03,0.1,0.0742,7,2,Key Player
Dango Ouattara,2f9e4435,bf BFA,MF,Brentford,BRENTFORD,23.0,2002,2025,32,25,2276,25.3,7,3,10,7,0,0,5,0,0.28,0.12,0.4,0.28,0.4,0.0727,8,2,Key Player
Mathias Jensen,0f134faf,dk DEN,MF,Brentford,BRENTFORD,29.0,1996,2025,36,26,2247,25.0,3,1,4,3,0,0,3,0,0.12,0.04,0.16,0.12,0.16,0.0647,9,2,Key Player
Mikkel Damsgaard,215f3907,dk DEN,MF,Brentford,BRENTFORD,25.0,2000,2025,33,24,2054,22.8,4,4,8,4,0,0,0,0,0.18,0.18,0.35,0.18,0.35,0.0642,10,2,Key Player
Keane Lewis-Potter,41f08ac8,eng ENG,DFMF,Brentford,BRENTFORD,24.0,2001,2025,36,22,1972,21.9,3,3,6,3,0,0,1,0,0.14,0.14,0.27,0.14,0.27,0.0596,11,3,Regular Starter
Jordan Henderson,935e6b8f,eng ENG,MF,Brentford,BRENTFORD,35.0,1990,2025,32,22,1919,21.3,1,3,4,1,0,0,6,0,0.05,0.14,0.19,0.05,0.19,0.0559,12,3,Regular Starter
Kristoffer Ajer,a8c0acb7,no NOR,DF,Brentford,BRENTFORD,27.0,1998,2025,27,20,1810,20.1,0,1,1,0,0,0,4,0,0.0,0.05,0.05,0.0,0.05,0.0494,13,3,Regular Starter
Vitaly Janelt,8449d35e,de GER,MF,Brentford,BRENTFORD,27.0,1998,2025,25,15,1443,16.0,1,4,5,1,0,0,8,0,0.06,0.25,0.31,0.06,0.31,0.0443,14,3,Regular Starter
Rico Henry,8a3c1dc7,jm JAM,DF,Brentford,BRENTFORD,28.0,1997,2025,25,14,1328,14.8,0,1,1,0,0,0,2,0,0.0,0.07,0.07,0.0,0.07,0.0367,15,3,Regular Starter
Aaron Hickey,1780bb4a,sct SCO,DFMF,Brentford,BRENTFORD,23.0,2002,2025,21,8,691,7.7,0,0,0,0,0,0,1,0,0.0,0.0,0.0,0.0,0.0,0.0184,16,4,Squad Rotation
Ethan Pinnock,e541326e,jm JAM,DF,Brentford,BRENTFORD,32.0,1993,2025,4,4,318,3.5,0,0,0,0,0,0,1,0,0.0,0.0,0.0,0.0,0.0,0.0084,17,4,Squad Rotation
Reiss Nelson,c5bdb6e3,eng ENG,FWMF,Brentford,BRENTFORD,25.0,1999,2025,10,0,126,1.4,0,1,1,0,0,0,0,0,0.0,0.71,0.71,0.0,0.71,0.0045,18,4,Squad Rotation
Fabio Carvalho,966e28d0,pt POR,MF,Brentford,BRENTFORD,22.0,2002,2025,6,1,102,1.1,1,0,1,1,0,0,0,0,0.88,0.0,0.88,0.88,0.88,0.0038,19,4,Squad Rotation
Frank Onyeka,2944f86f,ng NGA,MF,Brentford,BRENTFORD,27.0,1998,2025,6,0,92,1.0,0,1,1,0,0,0,0,0,0.0,0.98,0.98,0.0,0.98,0.0036,20,4,Squad Rotation
Hákon Valdimarsson,57a34cf4,is ISL,GK,Brentford,BRENTFORD,23.0,2001,2025,1,1,90,1.0,0,0,0,0,0,0,0,0,0.0,0.0,0.0,0.0,0.0,0.0024,21,5,Fringe/Backup
Romelle Donovan,519db366,eng ENG,FW,Brentford,BRENTFORD,18.0,2006,2025,4,0,41,0.5,0,0,0,0,0,0,0,0,0.0,0.0,0.0,0.0,0.0,0.0012,22,5,Fringe/Backup
Antoni Milambo,b05f4787,nl NED,MF,Brentford,BRENTFORD,20.0,2005,2025,1,1,45,0.5,0,0,0,0,0,0,0,0,0.0,0.0,0.0,0.0,0.0,0.0012,23,5,Fringe/Backup
Josh Dasilva,60344e4f,eng ENG,MF,Brentford,BRENTFORD,26.0,1998,2025,2,0,3,0.0,0,0,0,0,0,0,0,0,0.0,0.0,0.0,0.0,0.0,0.0,24,5,Fringe/Backup
Kaye Furo,9fea2579,be BEL,FW,Brentford,BRENTFORD,18.0,2007,2025,1,0,1,0.0,0,0,0,0,0,0,0,0,0.0,0.0,0.0,0.0,0.0,0.0,25,5,Fringe/Backup
Myles Peart-Harris,ea1a5662,eng ENG,MF,Brentford,BRENTFORD,22.0,2002,2025,1,0,1,0.0,0,0,0,0,0,0,0,0,0.0,0.0,0.0,0.0,0.0,0.0,26,5,Fringe/Backup
Jan Paul van Hecke,4fd08daa,nl NED,DF,Brighton,BRIGHTONHOVEALBION,25.0,2000,2025,36,36,3210,35.7,3,3,6,3,0,0,9,0,0.08,0.08,0.17,0.08,0.17,0.0927,1,1,Talisman
Bart Verbruggen,cf134113,nl NED,GK,Brighton,BRIGHTONHOVEALBION,22.0,2002,2025,38,38,3420,38.0,0,0,0,0,0,0,3,0,0.0,0.0,0.0,0.0,0.0,0.0909,2,1,Talisman
Ferdi Kadioglu,66c52a77,tr TUR,DFMF,Brighton,BRIGHTONHOVEALBION,25.0,1999,2025,37,34,3133,34.8,1,0,1,1,0,0,6,0,0.03,0.0,0.03,0.03,0.03,0.0845,3,1,Talisman
Lewis Dunk,282f75f3,eng ENG,DF,Brighton,BRIGHTONHOVEALBION,33.0,1991,2025,33,31,2838,31.5,1,0,1,1,0,0,10,0,0.03,0.0,0.03,0.03,0.03,0.0765,4,1,Talisman
Danny Welbeck,ce5143da,eng ENG,FW,Brighton,BRIGHTONHOVEALBION,34.0,1990,2025,37,26,2258,25.1,13,1,14,12,1,3,5,0,0.52,0.04,0.56,0.48,0.52,0.0757,5,1,Talisman
Yankuba Minteh,c3cf087d,gm GAM,MF,Brighton,BRIGHTONHOVEALBION,21.0,2004,2025,34,26,2391,26.6,3,4,7,3,0,0,3,0,0.11,0.15,0.26,0.11,0.26,0.0719,6,2,Key Player
Diego Gómez,916728da,py PAR,MFFW,Brighton,BRIGHTONHOVEALBION,22.0,2003,2025,32,26,2120,23.6,5,1,6,5,0,0,9,0,0.21,0.04,0.25,0.21,0.25,0.0635,7,2,Key Player
Yasin Ayari,f173303a,se SWE,MF,Brighton,BRIGHTONHOVEALBION,21.0,2003,2025,29,20,1929,21.4,3,3,6,3,0,0,1,0,0.14,0.14,0.28,0.14,0.28,0.0584,8,2,Key Player
Mats Wieffer,4876c9ab,nl NED,DF,Brighton,BRIGHTONHOVEALBION,25.0,1999,2025,26,23,1903,21.1,2,3,5,2,0,0,8,0,0.09,0.14,0.24,0.09,0.24,0.0565,9,2,Key Player
Jack Hinshelwood,e98211e7,eng ENG,MF,Brighton,BRIGHTONHOVEALBION,20.0,2005,2025,27,20,1741,19.3,4,3,7,4,0,0,0,0,0.21,0.16,0.36,0.21,0.36,0.0545,10,2,Key Player
Georginio Rutter,c64c01fc,fr FRA,MFFW,Brighton,BRIGHTONHOVEALBION,23.0,2002,2025,32,20,1786,19.8,3,3,6,3,0,0,2,0,0.15,0.15,0.3,0.15,0.3,0.0545,11,2,Key Player
Kaoru Mitoma,74618572,jp JPN,MFFW,Brighton,BRIGHTONHOVEALBION,28.0,1997,2025,25,19,1721,19.1,3,1,4,3,0,0,5,0,0.16,0.05,0.21,0.16,0.21,0.0505,12,3,Regular Starter
Pascal Groß,8aec0537,de GER,MF,Brighton,BRIGHTONHOVEALBION,34.0,1991,2025,19,18,1636,18.2,1,3,4,1,0,0,2,0,0.06,0.17,0.22,0.06,0.22,0.0483,13,3,Regular Starter
Carlos Baleba,a1390d2f,cm CMR,MF,Brighton,BRIGHTONHOVEALBION,21.0,2004,2025,31,23,1652,18.4,0,0,0,0,0,0,5,0,0.0,0.0,0.0,0.0,0.0,0.044,14,3,Regular Starter
Maxim De Cuyper,d494882e,be BEL,DFMF,Brighton,BRIGHTONHOVEALBION,24.0,2000,2025,30,17,1414,15.7,2,3,5,2,0,0,2,0,0.13,0.19,0.32,0.13,0.32,0.0436,15,3,Regular Starter
Joël Veltman,dad4b285,nl NED,DF,Brighton,BRIGHTONHOVEALBION,33.0,1992,2025,24,9,1058,11.8,1,0,1,1,0,0,5,0,0.09,0.0,0.09,0.09,0.09,0.0295,16,3,Regular Starter
Olivier Boscagli,403f5d20,fr FRA,DF,Brighton,BRIGHTONHOVEALBION,27.0,1997,2025,12,9,802,8.9,0,1,1,0,0,0,2,0,0.0,0.11,0.11,0.0,0.11,0.0225,17,4,Squad Rotation
James Milner,2f90f6b8,eng ENG,MF,Brighton,BRIGHTONHOVEALBION,39.0,1986,2025,20,7,784,8.7,1,1,2,0,1,1,2,0,0.11,0.11,0.23,0.0,0.11,0.022,18,4,Squad Rotation
Brajan Gruda,ae9b998d,de GER,MF,Brighton,BRIGHTONHOVEALBION,21.0,2004,2025,18,8,719,8.0,1,1,2,1,0,0,2,0,0.13,0.13,0.25,0.13,0.25,0.0215,19,4,Squad Rotation
Charalampos Kostoulas,816010c4,gr GRE,FW,Brighton,BRIGHTONHOVEALBION,18.0,2007,2025,21,2,369,4.1,2,1,3,2,0,0,2,0,0.49,0.24,0.73,0.49,0.73,0.0134,20,4,Squad Rotation
Stefanos Tzimas,a497130f,gr GRE,FW,Brighton,BRIGHTONHOVEALBION,19.0,2006,2025,9,1,139,1.5,1,1,2,1,0,0,0,0,0.65,0.65,1.29,0.65,1.29,0.0059,21,4,Squad Rotation
Matt O'Riley,fb495bb8,dk DEN,MF,Brighton,BRIGHTONHOVEALBION,24.0,2000,2025,6,2,204,2.3,1,0,1,0,1,1,0,0,0.44,0.0,0.44,0.0,0.0,0.0055,22,4,Squad Rotation
Diego Coppola,22ae86f9,it ITA,DF,Brighton,BRIGHTONHOVEALBION,21.0,2003,2025,5,2,194,2.2,0,0,0,0,0,0,2,0,0.0,0.0,0.0,0.0,0.0,0.0053,23,5,Fringe/Backup
Harry Howell,d8a7e52c,eng ENG,MF,Brighton,BRIGHTONHOVEALBION,17.0,2008,2025,3,1,94,1.0,0,0,0,0,0,0,0,0,0.0,0.0,0.0,0.0,0.0,0.0024,24,5,Fringe/Backup
Tom Watson,9886c32e,eng ENG,MF,Brighton,BRIGHTONHOVEALBION,19.0,2006,2025,6,0,62,0.7,0,0,0,0,0,0,1,0,0.0,0.0,0.0,0.0,0.0,0.0017,25,5,Fringe/Backup
Solly March,bb5fbd2b,eng ENG,MF,Brighton,BRIGHTONHOVEALBION,31.0,1994,2025,4,0,41,0.5,0,0,0,0,0,0,0,0,0.0,0.0,0.0,0.0,0.0,0.0012,26,5,Fringe/Backup
Joe Knight,16168a0f,eng ENG,MF,Brighton,BRIGHTONHOVEALBION,19.0,2005,2025,1,0,1,0.0,0,0,0,0,0,0,0,0,0.0,0.0,0.0,0.0,0.0,0.0,27,5,Fringe/Backup
Nehemiah Oriola,febb2831,eng ENG,MF,Brighton,BRIGHTONHOVEALBION,18.0,2007,2025,1,0,1,0.0,0,0,0,0,0,0,0,0,0.0,0.0,0.0,0.0,0.0,0.0,28,5,Fringe/Backup
Kyle Walker,86dd77d1,eng ENG,DFMF,Burnley,BURNLEY,35.0,1990,2025,36,35,3096,34.4,0,2,2,0,0,0,9,0,0.0,0.06,0.06,0.0,0.06,0.0849,1,1,Talisman
Jaidon Anthony,e4238fb1,eng ENG,MF,Burnley,BURNLEY,25.0,1999,2025,37,32,2722,30.2,8,2,10,8,0,0,4,0,0.26,0.07,0.33,0.26,0.33,0.0843,2,1,Talisman
Martin Dúbravka,3a949a25,sk SVK,GK,Burnley,BURNLEY,36.0,1989,2025,35,35,3150,35.0,0,0,0,0,0,0,1,0,0.0,0.0,0.0,0.0,0.0,0.0838,3,1,Talisman
Maxime Estève,1a066e69,fr FRA,DF,Burnley,BURNLEY,23.0,2002,2025,34,34,2932,32.6,0,0,0,0,0,0,1,0,0.0,0.0,0.0,0.0,0.0,0.0781,4,1,Talisman
Lesley Ugochukwu,1df4a109,fr FRA,MF,Burnley,BURNLEY,21.0,2004,2025,35,27,2336,26.0,3,1,4,3,0,0,3,1,0.12,0.04,0.15,0.12,0.15,0.0669,5,1,Talisman
Florentino Luís,881cd6be,pt POR,MF,Burnley,BURNLEY,25.0,1999,2025,31,25,2105,23.4,0,2,2,0,0,0,6,0,0.0,0.09,0.09,0.0,0.09,0.0586,6,2,Key Player
Zian Flemming,b3f36e72,nl NED,FW,Burnley,BURNLEY,26.0,1998,2025,29,21,1769,19.7,11,0,11,9,2,2,5,0,0.56,0.0,0.56,0.46,0.46,0.058,7,2,Key Player
Quilindschy Hartman,39e1138f,nl NED,DF,Burnley,BURNLEY,23.0,2001,2025,21,21,1825,20.3,0,5,5,0,0,0,1,0,0.0,0.25,0.25,0.0,0.25,0.0547,8,2,Key Player
Josh Laurent,f0068e0f,eng ENG,DFMF,Burnley,BURNLEY,30.0,1995,2025,33,18,1764,19.6,1,0,1,1,0,0,7,1,0.05,0.0,0.05,0.05,0.05,0.0481,9,2,Key Player
Josh Cullen,f6d7d690,ie IRL,MF,Burnley,BURNLEY,29.0,1996,2025,18,18,1514,16.8,2,2,4,2,0,0,2,0,0.12,0.12,0.24,0.12,0.24,0.0451,10,2,Key Player
Lyle Foster,f84a807c,za RSA,FWMF,Burnley,BURNLEY,24.0,2000,2025,26,15,1371,15.2,3,2,5,3,0,0,4,0,0.2,0.13,0.33,0.2,0.33,0.0424,11,2,Key Player
Bashir Humphreys,d2b32e91,eng ENG,DFMF,Burnley,BURNLEY,22.0,2003,2025,20,17,1578,17.5,0,0,0,0,0,0,6,0,0.0,0.0,0.0,0.0,0.0,0.0419,12,3,Regular Starter
Hjalmar Ekdal,3d554589,se SWE,DF,Burnley,BURNLEY,26.0,1998,2025,19,17,1539,17.1,0,0,0,0,0,0,0,0,0.0,0.0,0.0,0.0,0.0,0.041,13,3,Regular Starter
Hannibal Mejbri,ca22ccb0,tn TUN,MF,Burnley,BURNLEY,22.0,2003,2025,27,15,1229,13.7,1,4,5,1,0,0,10,0,0.07,0.29,0.37,0.07,0.37,0.0389,14,3,Regular Starter
Lucas,5d68f5b2,br BRA,MFDF,Burnley,BURNLEY,24.0,2001,2025,20,15,1409,15.7,0,0,0,0,0,0,1,1,0.0,0.0,0.0,0.0,0.0,0.0376,15,3,Regular Starter
Loum Tchaouna,a3c8b4d3,fr FRA,MFFW,Burnley,BURNLEY,21.0,2003,2025,29,14,1272,14.1,2,1,3,2,0,0,2,0,0.14,0.07,0.21,0.14,0.21,0.0373,16,3,Regular Starter
Marcus Edwards,57760e66,eng ENG,MFFW,Burnley,BURNLEY,26.0,1998,2025,23,11,1067,11.9,1,3,4,1,0,0,0,0,0.08,0.25,0.34,0.08,0.34,0.0333,17,4,Squad Rotation
Axel Tuanzebe,2baec6ce,cd COD,DF,Burnley,BURNLEY,27.0,1997,2025,14,14,1201,13.3,1,0,1,1,0,0,1,0,0.07,0.0,0.07,0.07,0.07,0.033,18,4,Squad Rotation
Jacob Bruun Larsen,4e204552,dk DEN,MFFW,Burnley,BURNLEY,26.0,1998,2025,28,10,1030,11.4,0,1,1,0,0,0,0,0,0.0,0.09,0.09,0.0,0.09,0.0285,19,4,Squad Rotation
Armando Broja,97220da2,al ALB,FW,Burnley,BURNLEY,23.0,2001,2025,24,8,860,9.6,1,1,2,1,0,0,0,0,0.1,0.1,0.21,0.1,0.21,0.0254,20,4,Squad Rotation
James Ward-Prowse,3515d404,eng ENG,MF,Burnley,BURNLEY,30.0,1994,2025,13,7,684,7.6,0,1,1,0,0,0,1,0,0.0,0.13,0.13,0.0,0.13,0.0194,21,4,Squad Rotation
Joe Worrall,a5212312,eng ENG,DF,Burnley,BURNLEY,28.0,1997,2025,11,5,500,5.6,0,0,0,0,0,0,0,0,0.0,0.0,0.0,0.0,0.0,0.0134,22,4,Squad Rotation
Max Weiß,882228c2,de GER,GK,Burnley,BURNLEY,21.0,2004,2025,3,3,270,3.0,0,0,0,0,0,0,0,0,0.0,0.0,0.0,0.0,0.0,0.0072,23,5,Fringe/Backup
Oliver Sonne,b66b8d5e,pe PER,DF,Burnley,BURNLEY,24.0,2000,2025,7,1,169,1.9,1,0,1,1,0,0,0,0,0.53,0.0,0.53,0.53,0.53,0.0058,24,5,Fringe/Backup
Zeki Amdouni,2ee5b0c9,ch SUI,FWMF,Burnley,BURNLEY,24.0,2000,2025,4,0,73,0.8,0,0,0,0,0,0,0,0,0.0,0.0,0.0,0.0,0.0,0.0019,25,5,Fringe/Backup
Ashley Barnes,2691c772,eng ENG,FWMF,Burnley,BURNLEY,35.0,1989,2025,7,0,46,0.5,0,0,0,0,0,0,2,0,0.0,0.0,0.0,0.0,0.0,0.0012,26,5,Fringe/Backup
Mike Trésor,b2a81fc6,be BEL,FWMF,Burnley,BURNLEY,26.0,1999,2025,6,0,43,0.5,0,0,0,0,0,0,0,0,0.0,0.0,0.0,0.0,0.0,0.0012,27,5,Fringe/Backup
Jaydon Amauri Banel,98e0d76c,nl NED,FWMF,Burnley,BURNLEY,20.0,2004,2025,1,0,10,0.1,0,0,0,0,0,0,0,0,0.0,0.0,0.0,0.0,0.0,0.0002,28,5,Fringe/Backup
Enzo Fernández,5ff4ab71,ar ARG,MF,Chelsea,CHELSEA,24.0,2001,2025,36,35,3115,34.6,10,4,14,8,2,2,10,0,0.29,0.12,0.4,0.23,0.35,0.0981,1,1,Talisman
João Pedro,e8832875,br BRA,FWMF,Chelsea,CHELSEA,23.0,2001,2025,35,31,2661,29.6,15,5,20,15,0,0,5,0,0.51,0.17,0.68,0.51,0.68,0.0957,2,1,Talisman
Pedro Neto,7ba2eaa9,pt POR,MFFW,Chelsea,CHELSEA,25.0,2000,2025,34,30,2631,29.2,5,6,11,5,0,0,4,1,0.17,0.21,0.38,0.17,0.38,0.0839,3,1,Talisman
Robert Sánchez,6a713852,es ESP,GK,Chelsea,CHELSEA,27.0,1997,2025,35,35,3039,33.8,0,1,1,0,0,0,3,1,0.0,0.03,0.03,0.0,0.03,0.0828,4,1,Talisman
Moisés Caicedo,16264a81,ec ECU,MF,Chelsea,CHELSEA,23.0,2001,2025,33,32,2795,31.1,3,1,4,3,0,0,11,1,0.1,0.03,0.13,0.1,0.13,0.0799,5,1,Talisman
Marc Cucurella,1daec722,es ESP,DF,Chelsea,CHELSEA,27.0,1998,2025,34,31,2707,30.1,1,4,5,1,0,0,8,1,0.03,0.13,0.17,0.03,0.17,0.0788,6,1,Talisman
Trevoh Chalobah,5515376c,eng ENG,DF,Chelsea,CHELSEA,26.0,1999,2025,34,31,2783,30.9,3,0,3,3,0,0,3,1,0.1,0.0,0.1,0.1,0.1,0.0783,7,2,Key Player
Malo Gusto,d56b9520,fr FRA,DFMF,Chelsea,CHELSEA,22.0,2003,2025,34,26,2261,25.1,2,3,5,2,0,0,5,1,0.08,0.12,0.2,0.08,0.2,0.0666,8,2,Key Player
Reece James,1265a93a,eng ENG,DFMF,Chelsea,CHELSEA,25.0,1999,2025,29,20,1963,21.8,2,4,6,2,0,0,4,0,0.09,0.18,0.28,0.09,0.28,0.06,9,2,Key Player
Cole Palmer,dc7f8a28,eng ENG,MF,Chelsea,CHELSEA,23.0,2002,2025,26,24,1955,21.7,10,1,11,5,5,6,5,0,0.46,0.05,0.51,0.23,0.28,0.0597,10,2,Key Player
Wesley Fofana,132a82f1,fr FRA,DF,Chelsea,CHELSEA,24.0,2000,2025,25,20,1722,19.1,0,1,1,0,0,0,9,2,0.0,0.05,0.05,0.0,0.05,0.0473,11,2,Key Player
Alejandro Garnacho,7aa8adfe,ar ARG,MF,Chelsea,CHELSEA,21.0,2004,2025,24,14,1268,14.1,1,4,5,1,0,0,2,0,0.07,0.28,0.35,0.07,0.35,0.04,12,2,Key Player
Andrey Santos,dd745366,br BRA,MF,Chelsea,CHELSEA,21.0,2004,2025,27,13,1260,14.0,1,0,1,1,0,0,4,0,0.07,0.0,0.07,0.07,0.07,0.035,13,3,Regular Starter
Liam Delap,dd897ee7,eng ENG,FW,Chelsea,CHELSEA,22.0,2003,2025,28,12,1107,12.3,1,0,1,1,0,0,4,0,0.08,0.0,0.08,0.08,0.08,0.0309,14,3,Regular Starter
Jorrel Hato,bde35051,nl NED,DF,Chelsea,CHELSEA,19.0,2006,2025,22,12,1148,12.8,0,0,0,0,0,0,7,0,0.0,0.0,0.0,0.0,0.0,0.0309,15,3,Regular Starter
Estêvão Willian,2eda11b1,br BRA,MF,Chelsea,CHELSEA,18.0,2007,2025,22,12,848,9.4,2,2,4,2,0,0,4,0,0.21,0.21,0.42,0.21,0.42,0.0275,16,3,Regular Starter
Tosin Adarabioyo,c81d773d,eng ENG,DF,Chelsea,CHELSEA,27.0,1997,2025,16,8,795,8.8,0,0,0,0,0,0,2,0,0.0,0.0,0.0,0.0,0.0,0.0212,17,3,Regular Starter
Joshua Acheampong,b7e62e1d,eng ENG,DF,Chelsea,CHELSEA,19.0,2006,2025,17,8,666,7.4,1,0,1,1,0,0,1,0,0.14,0.0,0.14,0.14,0.14,0.0191,18,3,Regular Starter
Jamie Gittens,10745192,eng ENG,MF,Chelsea,CHELSEA,20.0,2004,2025,16,5,495,5.5,0,2,2,0,0,0,0,0,0.0,0.36,0.36,0.0,0.36,0.0157,19,4,Squad Rotation
Benoît Badiashile,06df8256,fr FRA,DF,Chelsea,CHELSEA,24.0,2001,2025,8,6,471,5.2,0,0,0,0,0,0,2,0,0.0,0.0,0.0,0.0,0.0,0.0126,20,4,Squad Rotation
Filip Jørgensen,0107757e,dk DEN,GK,Chelsea,CHELSEA,23.0,2002,2025,5,3,379,4.2,0,0,0,0,0,0,0,0,0.0,0.0,0.0,0.0,0.0,0.0101,21,4,Squad Rotation
Roméo Lavia,ecad9aa5,be BEL,MF,Chelsea,CHELSEA,21.0,2004,2025,12,4,382,4.2,0,0,0,0,0,0,0,0,0.0,0.0,0.0,0.0,0.0,0.0101,22,4,Squad Rotation
Marc Guiu,d3d774cc,es ESP,FW,Chelsea,CHELSEA,19.0,2006,2025,8,1,257,2.9,0,1,1,0,0,0,1,0,0.0,0.35,0.35,0.0,0.35,0.0082,23,4,Squad Rotation
Levi Colwill,700783e7,eng ENG,DF,Chelsea,CHELSEA,22.0,2003,2025,3,2,225,2.5,0,0,0,0,0,0,0,0,0.0,0.0,0.0,0.0,0.0,0.006,24,4,Squad Rotation
Tyrique George,e6f7797e,eng ENG,FW,Chelsea,CHELSEA,19.0,2006,2025,4,0,145,1.6,0,0,0,0,0,0,2,0,0.0,0.0,0.0,0.0,0.0,0.0039,25,5,Fringe/Backup
Mamadou Sarr,61f80c89,sn SEN,DF,Chelsea,CHELSEA,19.0,2005,2025,3,1,102,1.1,0,0,0,0,0,0,0,0,0.0,0.0,0.0,0.0,0.0,0.0027,26,5,Fringe/Backup
Facundo Buonanotte,468a7a91,ar ARG,MF,Chelsea,CHELSEA,20.0,2004,2025,1,1,45,0.5,0,0,0,0,0,0,0,0,0.0,0.0,0.0,0.0,0.0,0.0012,27,5,Fringe/Backup
Jesse Derry,bbfe0e5d,eng ENG,MF,Chelsea,CHELSEA,18.0,2007,2025,1,1,44,0.5,0,0,0,0,0,0,0,0,0.0,0.0,0.0,0.0,0.0,0.0012,28,5,Fringe/Backup
Dario Essugo,1e4319ac,pt POR,MF,Chelsea,CHELSEA,20.0,2005,2025,3,0,30,0.3,0,0,0,0,0,0,2,0,0.0,0.0,0.0,0.0,0.0,0.0007,29,5,Fringe/Backup
Shumaira Mheuka,43d0b694,eng ENG,FW,Chelsea,CHELSEA,17.0,2007,2025,1,0,2,0.0,0,0,0,0,0,0,0,0,0.0,0.0,0.0,0.0,0.0,0.0,30,5,Fringe/Backup
Tyrick Mitchell,5cbd1eb0,eng ENG,MF,Crystal Palace,CRYSTALPALACE,25.0,1999,2025,38,36,3251,36.1,1,2,3,1,0,0,6,0,0.03,0.06,0.08,0.03,0.08,0.09,1,1,Talisman
Dean Henderson,e5a76dfe,eng ENG,GK,Crystal Palace,CRYSTALPALACE,28.0,1997,2025,37,37,3330,37.0,0,0,0,0,0,0,5,0,0.0,0.0,0.0,0.0,0.0,0.0887,2,1,Talisman
Maxence Lacroix,277c49ed,fr FRA,DF,Crystal Palace,CRYSTALPALACE,25.0,2000,2025,35,35,3085,34.3,1,2,3,1,0,0,4,1,0.03,0.06,0.09,0.03,0.09,0.0859,3,1,Talisman
Chris Richards,0a3d6d2b,us USA,DF,Crystal Palace,CRYSTALPALACE,25.0,2000,2025,33,31,2827,31.4,1,0,1,1,0,0,4,0,0.03,0.0,0.03,0.03,0.03,0.0764,4,1,Talisman
Adam Wharton,4b542852,eng ENG,MF,Crystal Palace,CRYSTALPALACE,21.0,2004,2025,34,29,2552,28.4,1,5,6,1,0,0,6,1,0.04,0.18,0.21,0.04,0.21,0.0752,5,1,Talisman
Daniel Muñoz,778ef829,co COL,MF,Crystal Palace,CRYSTALPALACE,29.0,1996,2025,29,29,2399,26.7,4,3,7,4,0,0,7,0,0.15,0.11,0.26,0.15,0.26,0.0723,6,1,Talisman
Jean-Philippe Mateta,50e6dc35,fr FRA,FW,Crystal Palace,CRYSTALPALACE,28.0,1997,2025,32,25,2218,24.6,12,0,12,8,4,4,2,0,0.49,0.0,0.49,0.32,0.32,0.0684,7,2,Key Player
Ismaila Sarr,bfdb33aa,sn SEN,MF,Crystal Palace,CRYSTALPALACE,27.0,1998,2025,28,24,2174,24.2,9,1,10,6,3,3,2,0,0.37,0.04,0.41,0.25,0.29,0.0664,8,2,Key Player
Yéremy Pino,540ec57b,es ESP,MFFW,Crystal Palace,CRYSTALPALACE,22.0,2002,2025,34,26,2080,23.1,2,2,4,2,0,0,4,0,0.09,0.09,0.17,0.09,0.17,0.0601,9,2,Key Player
Marc Guéhi,d0706b27,eng ENG,DF,Crystal Palace,CRYSTALPALACE,25.0,2000,2025,20,20,1800,20.0,2,2,4,2,0,0,4,0,0.1,0.1,0.2,0.1,0.2,0.0527,10,2,Key Player
Daichi Kamada,15b287da,jp JPN,MF,Crystal Palace,CRYSTALPALACE,28.0,1996,2025,28,22,1902,21.1,0,0,0,0,0,0,3,0,0.0,0.0,0.0,0.0,0.0,0.0506,11,2,Key Player
Jefferson Lerma,9b5ce51a,co COL,MFDF,Crystal Palace,CRYSTALPALACE,30.0,1994,2025,31,18,1733,19.3,0,2,2,0,0,0,7,0,0.0,0.1,0.1,0.0,0.1,0.0486,12,2,Key Player
Will Hughes,a0666d3e,eng ENG,MF,Crystal Palace,CRYSTALPALACE,30.0,1995,2025,31,19,1571,17.5,0,0,0,0,0,0,7,0,0.0,0.0,0.0,0.0,0.0,0.0419,13,3,Regular Starter
Jaydee Canvot,3684108d,fr FRA,DF,Crystal Palace,CRYSTALPALACE,19.0,2006,2025,20,14,1336,14.8,0,0,0,0,0,0,3,0,0.0,0.0,0.0,0.0,0.0,0.0355,14,3,Regular Starter
Brennan Johnson,0cd31129,wls WAL,MFFW,Crystal Palace,CRYSTALPALACE,24.0,2001,2025,18,13,1112,12.4,0,1,1,0,0,0,4,0,0.0,0.08,0.08,0.0,0.08,0.0309,15,3,Regular Starter
Jørgen Strand Larsen,f553b2b3,no NOR,FW,Crystal Palace,CRYSTALPALACE,25.0,2000,2025,14,12,903,10.0,3,0,3,3,0,0,2,0,0.3,0.0,0.3,0.3,0.3,0.0276,16,3,Regular Starter
Justin Devenny,6c2b66fc,nir NIR,MFFW,Crystal Palace,CRYSTALPALACE,21.0,2003,2025,21,7,796,8.8,1,0,1,0,1,1,0,0,0.11,0.0,0.11,0.0,0.0,0.0211,17,3,Regular Starter
Nathaniel Clyne,0442183b,eng ENG,MFDF,Crystal Palace,CRYSTALPALACE,34.0,1991,2025,10,7,594,6.6,0,1,1,0,0,0,1,0,0.0,0.15,0.15,0.0,0.15,0.017,18,3,Regular Starter
Chadi Riad,b3b9b8b8,ma MAR,DF,Crystal Palace,CRYSTALPALACE,22.0,2003,2025,9,6,552,6.1,0,1,1,0,0,0,2,0,0.0,0.16,0.16,0.0,0.16,0.0158,19,4,Squad Rotation
Eddie Nketiah,a53649b7,eng ENG,MF,Crystal Palace,CRYSTALPALACE,26.0,1999,2025,12,2,424,4.7,2,0,2,2,0,0,2,0,0.42,0.0,0.42,0.42,0.42,0.0136,20,4,Squad Rotation
Evann Guessand,b73f17f8,ci CIV,MF,Crystal Palace,CRYSTALPALACE,24.0,2001,2025,8,3,330,3.7,1,1,2,1,0,0,0,0,0.27,0.27,0.55,0.27,0.55,0.0113,21,4,Squad Rotation
Christantus Uche,87941696,ng NGA,FW,Crystal Palace,CRYSTALPALACE,22.0,2003,2025,14,0,173,1.9,0,0,0,0,0,0,0,0,0.0,0.0,0.0,0.0,0.0,0.0046,22,4,Squad Rotation
Borna Sosa,af0d79a9,hr CRO,DFMF,Crystal Palace,CRYSTALPALACE,27.0,1998,2025,7,0,101,1.1,0,0,0,0,0,0,1,0,0.0,0.0,0.0,0.0,0.0,0.0026,23,4,Squad Rotation
Walter Benítez,8a2248b4,ar ARG,GK,Crystal Palace,CRYSTALPALACE,32.0,1993,2025,1,1,90,1.0,0,0,0,0,0,0,0,0,0.0,0.0,0.0,0.0,0.0,0.0024,24,4,Squad Rotation
Rio Cardines,702812fe,tt TRI,MF,Crystal Palace,CRYSTALPALACE,19.0,2006,2025,1,1,90,1.0,0,0,0,0,0,0,0,0,0.0,0.0,0.0,0.0,0.0,0.0024,25,5,Fringe/Backup
Eberechi Eze,ae4fc6a4,eng ENG,MF,Crystal Palace,CRYSTALPALACE,27.0,1998,2025,1,1,83,0.9,0,0,0,0,0,0,0,0,0.0,0.0,0.0,0.0,0.0,0.0022,26,5,Fringe/Backup
Romain Esse,87189f25,eng ENG,MF,Crystal Palace,CRYSTALPALACE,20.0,2005,2025,4,0,44,0.5,0,0,0,0,0,0,0,0,0.0,0.0,0.0,0.0,0.0,0.0012,27,5,Fringe/Backup
Joél Drakes-Thomas,1bd530e8,eng ENG,MF,Crystal Palace,CRYSTALPALACE,16.0,2009,2025,2,0,9,0.1,0,0,0,0,0,0,0,0,0.0,0.0,0.0,0.0,0.0,0.0002,28,5,Fringe/Backup
Odsonne Édouard,0562b7f1,fr FRA,FW,Crystal Palace,CRYSTALPALACE,27.0,1998,2025,1,0,3,0.0,0,0,0,0,0,0,0,0,0.0,0.0,0.0,0.0,0.0,0.0,29,5,Fringe/Backup
Kaden Rodney,49375cdd,eng ENG,DFMF,Crystal Palace,CRYSTALPALACE,20.0,2004,2025,1,0,4,0.0,0,0,0,0,0,0,0,0,0.0,0.0,0.0,0.0,0.0,0.0,30,5,Fringe/Backup
James Garner,4e015693,eng ENG,MFDF,Everton,EVERTON,24.0,2001,2025,38,38,3413,37.9,2,7,9,2,0,0,12,0,0.05,0.18,0.24,0.05,0.24,0.1018,1,1,Talisman
James Tarkowski,15ea812b,eng ENG,DF,Everton,EVERTON,32.0,1992,2025,37,37,3330,37.0,2,3,5,2,0,0,8,0,0.05,0.08,0.14,0.05,0.14,0.0949,2,1,Talisman
Jordan Pickford,4806ec67,eng ENG,GK,Everton,EVERTON,31.0,1994,2025,38,38,3420,38.0,0,0,0,0,0,0,4,0,0.0,0.0,0.0,0.0,0.0,0.0911,3,1,Talisman
Jake O'Brien,25f2ef01,ie IRL,DF,Everton,EVERTON,24.0,2001,2025,37,35,3120,34.7,1,1,2,1,0,0,6,1,0.03,0.03,0.06,0.03,0.06,0.0857,4,1,Talisman
Kiernan Dewsbury-Hall,5c74c0f5,eng ENG,MF,Everton,EVERTON,26.0,1998,2025,31,30,2626,29.2,8,4,12,8,0,0,6,0,0.27,0.14,0.41,0.27,0.41,0.0844,5,2,Key Player
Iliman Ndiaye,5ed97752,sn SEN,MF,Everton,EVERTON,25.0,2000,2025,32,32,2778,30.9,6,3,9,4,2,2,2,0,0.19,0.1,0.29,0.13,0.23,0.0826,6,2,Key Player
Vitaliy Mykolenko,30d4a2e5,ua UKR,DF,Everton,EVERTON,26.0,1999,2025,33,33,2958,32.9,0,1,1,0,0,0,6,0,0.0,0.03,0.03,0.0,0.03,0.0801,7,2,Key Player
Michael Keane,c5b7c315,eng ENG,DF,Everton,EVERTON,32.0,1993,2025,33,29,2591,28.8,3,1,4,3,0,0,1,1,0.1,0.03,0.14,0.1,0.14,0.0739,8,2,Key Player
Idrissa Gueye,72c812f3,sn SEN,MF,Everton,EVERTON,35.0,1989,2025,25,25,2093,23.3,2,3,5,2,0,0,1,1,0.09,0.13,0.22,0.09,0.22,0.062,9,3,Regular Starter
Thierno Barry,52c3244b,fr FRA,FW,Everton,EVERTON,22.0,2002,2025,38,21,1914,21.3,8,0,8,8,0,0,3,0,0.38,0.0,0.38,0.38,0.38,0.0608,10,3,Regular Starter
Beto,ed5c0319,gw GNB,FW,Everton,EVERTON,27.0,1998,2025,37,17,1568,17.4,9,1,10,9,0,0,3,0,0.52,0.06,0.57,0.52,0.57,0.0536,11,3,Regular Starter
Jack Grealish,b0b4fd3e,eng ENG,MF,Everton,EVERTON,29.0,1995,2025,20,18,1627,18.1,2,6,8,2,0,0,5,1,0.11,0.33,0.44,0.11,0.44,0.0529,12,3,Regular Starter
Tim Iroegbunam,84c5ceea,eng ENG,MF,Everton,EVERTON,22.0,2003,2025,29,17,1487,16.5,0,2,2,0,0,0,9,0,0.0,0.12,0.12,0.0,0.12,0.0419,13,3,Regular Starter
Dwight McNeil,fc15fb84,eng ENG,MF,Everton,EVERTON,25.0,1999,2025,22,14,1168,13.0,0,1,1,0,0,0,1,0,0.0,0.08,0.08,0.0,0.08,0.0324,14,4,Squad Rotation
Carlos Alcaraz,4abac767,ar ARG,MF,Everton,EVERTON,22.0,2002,2025,20,6,689,7.7,0,1,1,0,0,0,4,0,0.0,0.13,0.13,0.0,0.13,0.0197,15,4,Squad Rotation
Jarrad Branthwaite,c1949191,eng ENG,DF,Everton,EVERTON,23.0,2002,2025,10,7,680,7.6,1,0,1,1,0,0,1,0,0.13,0.0,0.13,0.13,0.13,0.0194,16,4,Squad Rotation
Merlin Röhl,1f2c7b55,de GER,MF,Everton,EVERTON,23.0,2002,2025,16,6,682,7.6,1,0,1,1,0,0,0,0,0.13,0.0,0.13,0.13,0.13,0.0194,17,4,Squad Rotation
Harrison Armstrong,de59e609,eng ENG,MF,Everton,EVERTON,18.0,2007,2025,13,6,529,5.9,0,0,0,0,0,0,0,0,0.0,0.0,0.0,0.0,0.0,0.0141,18,5,Fringe/Backup
Tyler Dibling,bdcc89ae,eng ENG,MF,Everton,EVERTON,19.0,2006,2025,14,4,358,4.0,0,0,0,0,0,0,2,0,0.0,0.0,0.0,0.0,0.0,0.0096,19,5,Fringe/Backup
Nathan Patterson,230f0471,sct SCO,DF,Everton,EVERTON,23.0,2001,2025,7,3,241,2.7,0,0,0,0,0,0,0,0,0.0,0.0,0.0,0.0,0.0,0.0065,20,5,Fringe/Backup
Tyrique George,e6f7797e,eng ENG,MF,Everton,EVERTON,19.0,2006,2025,11,1,218,2.4,0,0,0,0,0,0,0,0,0.0,0.0,0.0,0.0,0.0,0.0058,21,5,Fringe/Backup
Séamus Coleman,0420d84f,ie IRL,DF,Everton,EVERTON,36.0,1988,2025,5,1,21,0.2,0,0,0,0,0,0,0,0,0.0,0.0,0.0,0.0,0.0,0.0005,22,5,Fringe/Backup
Harry Wilson,c6dc9ecd,wls WAL,MF,Fulham,FULHAM,28.0,1997,2025,36,32,2673,29.7,10,7,17,10,0,0,7,0,0.34,0.24,0.57,0.34,0.57,0.0914,1,1,Talisman
Bernd Leno,2628fd2b,de GER,GK,Fulham,FULHAM,33.0,1992,2025,38,38,3420,38.0,0,0,0,0,0,0,3,0,0.0,0.0,0.0,0.0,0.0,0.091,2,1,Talisman
Sander Berge,d0b6129f,no NOR,MF,Fulham,FULHAM,27.0,1998,2025,35,34,2905,32.3,0,1,1,0,0,0,5,0,0.0,0.03,0.03,0.0,0.03,0.0785,3,1,Talisman
Joachim Andersen,e34fc66d,dk DEN,DF,Fulham,FULHAM,29.0,1996,2025,33,33,2875,31.9,0,1,1,0,0,0,7,1,0.0,0.03,0.03,0.0,0.03,0.0776,4,1,Talisman
Alex Iwobi,6ca5ec4b,ng NGA,MF,Fulham,FULHAM,29.0,1996,2025,29,29,2419,26.9,4,3,7,4,0,0,3,0,0.15,0.11,0.26,0.15,0.26,0.0728,5,2,Key Player
Calvin Bassey,a36524bf,ng NGA,DF,Fulham,FULHAM,25.0,1999,2025,30,28,2534,28.2,1,0,1,1,0,0,5,0,0.04,0.0,0.04,0.04,0.04,0.0689,6,2,Key Player
Raúl Jiménez,b561db50,mx MEX,FW,Fulham,FULHAM,34.0,1991,2025,36,27,2189,24.3,9,3,12,5,4,4,5,0,0.37,0.12,0.49,0.21,0.33,0.0678,7,2,Key Player
Emile Smith Rowe,17695062,eng ENG,MF,Fulham,FULHAM,25.0,2000,2025,37,22,1923,21.4,3,0,3,3,0,0,1,0,0.14,0.0,0.14,0.14,0.14,0.0548,8,2,Key Player
Ryan Sessegnon,6aa3e78b,eng ENG,DFMF,Fulham,FULHAM,25.0,2000,2025,27,20,1823,20.3,3,1,4,3,0,0,0,0,0.15,0.05,0.2,0.15,0.2,0.0535,9,2,Key Player
Saša Lukić,c6e8cf1f,rs SRB,MF,Fulham,FULHAM,28.0,1996,2025,26,20,1734,19.3,1,2,3,1,0,0,9,0,0.05,0.1,0.16,0.05,0.16,0.0499,10,3,Regular Starter
Timothy Castagne,197640fd,be BEL,DFMF,Fulham,FULHAM,29.0,1995,2025,30,20,1845,20.5,0,0,0,0,0,0,4,0,0.0,0.0,0.0,0.0,0.0,0.0491,11,3,Regular Starter
Kenny Tete,77d7c96f,nl NED,DF,Fulham,FULHAM,29.0,1995,2025,22,21,1791,19.9,1,0,1,1,0,0,2,0,0.05,0.0,0.05,0.05,0.05,0.0489,12,3,Regular Starter
Antonee Robinson,289601e6,us USA,DFMF,Fulham,FULHAM,27.0,1997,2025,22,17,1492,16.6,1,0,1,0,1,1,5,0,0.06,0.0,0.06,0.0,0.0,0.0398,13,3,Regular Starter
Joshua King,86109b3b,eng ENG,MF,Fulham,FULHAM,18.0,2007,2025,32,15,1308,14.5,1,2,3,1,0,0,4,0,0.07,0.14,0.21,0.07,0.21,0.0384,14,3,Regular Starter
Samuel Chukwueze,b8a642fc,ng NGA,MF,Fulham,FULHAM,26.0,1999,2025,23,10,1079,12.0,3,4,7,3,0,0,0,0,0.25,0.33,0.58,0.25,0.58,0.0371,15,4,Squad Rotation
Kevin,93508980,br BRA,MF,Fulham,FULHAM,22.0,2003,2025,26,9,1041,11.6,1,1,2,1,0,0,1,0,0.09,0.09,0.17,0.09,0.17,0.0301,16,4,Squad Rotation
Rodrigo Muniz,a755db8c,br BRA,FW,Fulham,FULHAM,24.0,2001,2025,21,10,1000,11.1,1,1,2,1,0,0,2,0,0.09,0.09,0.18,0.09,0.18,0.029,17,4,Squad Rotation
Jorge Cuenca,0abc51f2,es ESP,DF,Fulham,FULHAM,25.0,1999,2025,15,11,938,10.4,0,0,0,0,0,0,6,0,0.0,0.0,0.0,0.0,0.0,0.0249,18,4,Squad Rotation
Tom Cairney,a8748947,sct SCO,MF,Fulham,FULHAM,34.0,1991,2025,24,6,775,8.6,2,0,2,2,0,0,3,0,0.23,0.0,0.23,0.23,0.23,0.023,19,4,Squad Rotation
Issa Diop,a712ca2b,ma MAR,DF,Fulham,FULHAM,28.0,1997,2025,13,8,816,9.1,1,0,1,1,0,0,2,0,0.11,0.0,0.11,0.11,0.11,0.023,20,5,Fringe/Backup
Oscar Bobb,eed2427e,no NOR,MF,Fulham,FULHAM,22.0,2003,2025,14,6,571,6.3,0,0,0,0,0,0,0,0,0.0,0.0,0.0,0.0,0.0,0.0151,21,5,Fringe/Backup
Adama Traoré,9a28eba4,es ESP,MF,Fulham,FULHAM,29.0,1996,2025,15,1,274,3.0,0,0,0,0,0,0,0,0,0.0,0.0,0.0,0.0,0.0,0.0072,22,5,Fringe/Backup
Harrison Reed,803ae100,eng ENG,MF,Fulham,FULHAM,30.0,1995,2025,7,1,94,1.0,1,0,1,1,0,0,0,0,0.96,0.0,0.96,0.96,0.96,0.0035,23,5,Fringe/Backup
Jonah Kusi-Asare,c7c26e61,se SWE,FW,Fulham,FULHAM,18.0,2007,2025,7,0,55,0.6,0,0,0,0,0,0,1,0,0.0,0.0,0.0,0.0,0.0,0.0014,24,5,Fringe/Backup
Ethan Ampadu,10b9fa99,wls WAL,MF,Leeds United,LEEDSUNITED,24.0,2000,2025,35,35,3119,34.7,1,1,2,1,0,0,10,0,0.03,0.03,0.06,0.03,0.06,0.0856,1,1,Talisman
Dominic Calvert-Lewin,59e6e5bf,eng ENG,FW,Leeds United,LEEDSUNITED,28.0,1997,2025,35,30,2721,30.2,14,1,15,10,4,5,3,0,0.46,0.03,0.5,0.33,0.36,0.0854,2,1,Talisman
Joe Rodon,8d62d31a,wls WAL,DF,Leeds United,LEEDSUNITED,27.0,1997,2025,35,33,2951,32.8,2,0,2,2,0,0,3,0,0.06,0.0,0.06,0.06,0.06,0.081,3,1,Talisman
Pascal Struijk,f4d296e4,nl NED,DF,Leeds United,LEEDSUNITED,25.0,1999,2025,34,33,2936,32.6,0,1,1,0,0,0,5,0,0.0,0.03,0.03,0.0,0.03,0.0793,4,1,Talisman
Jayden Bogle,ae5019e6,eng ENG,MFDF,Leeds United,LEEDSUNITED,25.0,2000,2025,34,32,2793,31.0,1,2,3,1,0,0,6,0,0.03,0.06,0.1,0.03,0.1,0.078,5,2,Key Player
Brenden Aaronson,5bc43860,us USA,MFFW,Leeds United,LEEDSUNITED,24.0,2000,2025,37,30,2449,27.2,4,5,9,4,0,0,3,0,0.15,0.18,0.33,0.15,0.33,0.0759,6,2,Key Player
Anton Stach,0f59a7bf,de GER,MF,Leeds United,LEEDSUNITED,26.0,1998,2025,29,28,2370,26.3,5,3,8,5,0,0,3,0,0.19,0.11,0.3,0.19,0.3,0.0725,7,2,Key Player
Gabriel Gudmundsson,d5d22a58,se SWE,DFMF,Leeds United,LEEDSUNITED,26.0,1999,2025,32,31,2631,29.2,0,0,0,0,0,0,6,1,0.0,0.0,0.0,0.0,0.0,0.07,8,2,Key Player
James Justin,fb614c44,eng ENG,DFMF,Leeds United,LEEDSUNITED,27.0,1998,2025,29,21,1901,21.1,2,1,3,2,0,0,4,0,0.09,0.05,0.14,0.09,0.14,0.0541,9,2,Key Player
Jaka Bijol,6fdac234,si SVN,DF,Leeds United,LEEDSUNITED,26.0,1999,2025,25,21,1890,21.0,1,2,3,1,0,0,4,0,0.05,0.1,0.14,0.05,0.14,0.0538,10,3,Regular Starter
Karl Darlow,cde3309f,wls WAL,GK,Leeds United,LEEDSUNITED,34.0,1990,2025,22,22,1980,22.0,0,0,0,0,0,0,1,0,0.0,0.0,0.0,0.0,0.0,0.0527,11,3,Regular Starter
Noah Okafor,ca607d59,ch SUI,FWMF,Leeds United,LEEDSUNITED,25.0,2000,2025,28,19,1561,17.3,8,1,9,8,0,0,3,0,0.46,0.06,0.52,0.46,0.52,0.0522,12,3,Regular Starter
Ilia Gruev,1fc4f3d1,bg BUL,MF,Leeds United,LEEDSUNITED,25.0,2000,2025,23,15,1323,14.7,0,3,3,0,0,0,3,0,0.0,0.2,0.2,0.0,0.2,0.0387,13,3,Regular Starter
Lucas Perri,5dbd461a,br BRA,GK,Leeds United,LEEDSUNITED,27.0,1997,2025,16,16,1440,16.0,0,0,0,0,0,0,2,0,0.0,0.0,0.0,0.0,0.0,0.0383,14,3,Regular Starter
Ao Tanaka,1d36d6b6,jp JPN,MF,Leeds United,LEEDSUNITED,26.0,1998,2025,28,14,1315,14.6,2,0,2,2,0,0,1,0,0.14,0.0,0.14,0.14,0.14,0.0374,15,4,Squad Rotation
Lukas Nmecha,0cc5f4a5,de GER,FW,Leeds United,LEEDSUNITED,26.0,1998,2025,31,10,1083,12.0,6,1,7,4,2,3,0,0,0.5,0.08,0.58,0.33,0.42,0.0348,16,4,Squad Rotation
Sean Longstaff,a2b105e0,eng ENG,MF,Leeds United,LEEDSUNITED,27.0,1997,2025,23,10,1011,11.2,2,2,4,2,0,0,2,0,0.18,0.18,0.36,0.18,0.36,0.0317,17,4,Squad Rotation
Wilfried Gnonto,75fdd638,it ITA,FW,Leeds United,LEEDSUNITED,21.0,2003,2025,23,4,537,6.0,0,1,1,0,0,0,3,0,0.0,0.17,0.17,0.0,0.17,0.0156,18,4,Squad Rotation
Daniel James,c931d9f9,wls WAL,FWMF,Leeds United,LEEDSUNITED,27.0,1997,2025,19,6,559,6.2,0,0,0,0,0,0,0,0,0.0,0.0,0.0,0.0,0.0,0.0149,19,4,Squad Rotation
Sebastiaan Bornauw,01834aa0,be BEL,DF,Leeds United,LEEDSUNITED,26.0,1999,2025,12,5,429,4.8,0,0,0,0,0,0,1,0,0.0,0.0,0.0,0.0,0.0,0.0115,20,5,Fringe/Backup
Jack Harrison,aa849a12,eng ENG,FW,Leeds United,LEEDSUNITED,28.0,1996,2025,11,1,269,3.0,0,0,0,0,0,0,0,0,0.0,0.0,0.0,0.0,0.0,0.0072,21,5,Fringe/Backup
Joël Piroe,1f0072a6,sr SUR,FW,Leeds United,LEEDSUNITED,25.0,1999,2025,16,2,258,2.9,0,0,0,0,0,0,0,0,0.0,0.0,0.0,0.0,0.0,0.0069,22,5,Fringe/Backup
Facundo Buonanotte,468a7a91,ar ARG,MF,Leeds United,LEEDSUNITED,20.0,2004,2025,3,0,39,0.4,0,0,0,0,0,0,1,0,0.0,0.0,0.0,0.0,0.0,0.001,23,5,Fringe/Backup
Sam Byram,1bf811d4,eng ENG,DFMF,Leeds United,LEEDSUNITED,31.0,1993,2025,2,0,9,0.1,0,0,0,0,0,0,0,0,0.0,0.0,0.0,0.0,0.0,0.0002,24,5,Fringe/Backup
Dominik Szoboszlai,934e1968,hu HUN,MFDF,Liverpool,LIVERPOOL,24.0,2000,2025,36,36,3231,35.9,6,7,13,6,0,1,8,1,0.17,0.19,0.36,0.17,0.36,0.1014,1,1,Talisman
Virgil van Dijk,e06683ca,nl NED,DF,Liverpool,LIVERPOOL,34.0,1991,2025,38,38,3420,38.0,6,0,6,6,0,0,4,0,0.16,0.0,0.16,0.16,0.16,0.0982,2,1,Talisman
Ryan Gravenberch,b8e740fb,nl NED,MF,Liverpool,LIVERPOOL,23.0,2002,2025,36,34,2992,33.2,5,3,8,5,0,0,5,0,0.15,0.09,0.24,0.15,0.24,0.089,3,1,Talisman
Cody Gakpo,1971591f,nl NED,MFFW,Liverpool,LIVERPOOL,26.0,1999,2025,36,32,2737,30.4,7,5,12,7,0,0,3,0,0.23,0.16,0.39,0.23,0.39,0.087,4,1,Talisman
Ibrahima Konaté,5ed9b537,fr FRA,DF,Liverpool,LIVERPOOL,26.0,1999,2025,36,36,3090,34.3,1,0,1,1,0,0,7,0,0.03,0.0,0.03,0.03,0.03,0.0833,5,2,Key Player
Alexis Mac Allister,83d074ff,ar ARG,MF,Liverpool,LIVERPOOL,26.0,1998,2025,37,31,2658,29.5,2,4,6,2,0,0,7,0,0.07,0.14,0.2,0.07,0.2,0.0777,6,2,Key Player
Florian Wirtz,e7fcf289,de GER,MF,Liverpool,LIVERPOOL,22.0,2003,2025,33,27,2378,26.4,5,3,8,5,0,0,1,0,0.19,0.11,0.3,0.19,0.3,0.0727,7,2,Key Player
Mohamed Salah,e342ad68,eg EGY,MF,Liverpool,LIVERPOOL,33.0,1992,2025,27,23,2146,23.8,7,7,14,6,1,1,1,0,0.29,0.29,0.59,0.25,0.55,0.0726,8,2,Key Player
Hugo Ekitike,5b92d896,fr FRA,FW,Liverpool,LIVERPOOL,23.0,2002,2025,28,21,1803,20.0,11,4,15,11,0,0,0,0,0.55,0.2,0.75,0.55,0.75,0.0658,9,2,Key Player
Milos Kerkez,0ad53bdc,hu HUN,DF,Liverpool,LIVERPOOL,21.0,2003,2025,34,27,2257,25.1,2,1,3,2,0,0,4,0,0.08,0.04,0.12,0.08,0.12,0.0637,10,3,Regular Starter
Alisson,7a2e46a8,br BRA,GK,Liverpool,LIVERPOOL,32.0,1992,2025,26,26,2340,26.0,0,0,0,0,0,0,1,0,0.0,0.0,0.0,0.0,0.0,0.0622,11,3,Regular Starter
Curtis Jones,4fb9c88f,eng ENG,MFDF,Liverpool,LIVERPOOL,24.0,2001,2025,34,18,1937,21.5,1,2,3,1,0,0,2,0,0.05,0.09,0.14,0.05,0.14,0.0551,12,3,Regular Starter
Andy Robertson,2e4f5f03,sct SCO,DF,Liverpool,LIVERPOOL,31.0,1994,2025,24,11,1176,13.1,1,0,1,1,0,0,0,0,0.08,0.0,0.08,0.08,0.08,0.0326,13,3,Regular Starter
Jeremie Frimpong,74f2e748,nl NED,DFMF,Liverpool,LIVERPOOL,24.0,2000,2025,21,12,1040,11.6,0,1,1,0,0,0,1,0,0.0,0.09,0.09,0.0,0.09,0.029,14,3,Regular Starter
Conor Bradley,bbd67769,nir NIR,DF,Liverpool,LIVERPOOL,22.0,2003,2025,15,12,929,10.3,0,1,1,0,0,0,5,0,0.0,0.1,0.1,0.0,0.1,0.0259,15,4,Squad Rotation
Alexander Isak,8e92be30,se SWE,FW,Liverpool,LIVERPOOL,25.0,1999,2025,14,8,699,7.8,3,1,4,3,0,0,0,0,0.39,0.13,0.52,0.39,0.52,0.0235,16,4,Squad Rotation
Giorgi Mamardashvili,d4b73232,ge GEO,GK,Liverpool,LIVERPOOL,24.0,2000,2025,10,10,867,9.6,0,0,0,0,0,0,0,0,0.0,0.0,0.0,0.0,0.0,0.023,17,4,Squad Rotation
Joe Gomez,7a11550b,eng ENG,DF,Liverpool,LIVERPOOL,28.0,1997,2025,21,7,607,6.7,0,2,2,0,0,0,4,0,0.0,0.3,0.3,0.0,0.3,0.0184,18,4,Squad Rotation
Rio Ngumoha,022eca88,eng ENG,MF,Liverpool,LIVERPOOL,16.0,2008,2025,19,5,560,6.2,2,1,3,2,0,0,0,0,0.32,0.16,0.48,0.32,0.48,0.0184,19,4,Squad Rotation
Federico Chiesa,b0f7e36c,it ITA,MF,Liverpool,LIVERPOOL,27.0,1997,2025,26,1,339,3.8,2,1,3,2,0,0,3,0,0.53,0.27,0.8,0.53,0.8,0.0127,20,5,Fringe/Backup
Wataru Endo,c149016b,jp JPN,DF,Liverpool,LIVERPOOL,32.0,1993,2025,8,1,175,1.9,0,1,1,0,0,0,1,0,0.0,0.51,0.51,0.0,0.51,0.0057,21,5,Fringe/Backup
Freddie Woodman,19e50035,eng ENG,GK,Liverpool,LIVERPOOL,28.0,1997,2025,3,2,213,2.4,0,0,0,0,0,0,0,0,0.0,0.0,0.0,0.0,0.0,0.0057,22,5,Fringe/Backup
Trey Nyoni,1d3b3d77,eng ENG,MF,Liverpool,LIVERPOOL,18.0,2007,2025,6,0,24,0.3,0,0,0,0,0,0,0,0,0.0,0.0,0.0,0.0,0.0,0.0007,23,5,Fringe/Backup
Harvey Elliott,b9e1436c,eng ENG,FWMF,Liverpool,LIVERPOOL,22.0,2003,2025,1,0,1,0.0,0,0,0,0,0,0,0,0,0.0,0.0,0.0,0.0,0.0,0.0,24,5,Fringe/Backup
Erling Haaland,1f44ac21,no NOR,FW,Manchester City,MANCHESTERCITY,25.0,2000,2025,35,34,2953,32.8,27,8,35,24,3,4,2,0,0.82,0.24,1.07,0.73,0.98,0.117,1,1,Talisman
Bernardo Silva,3eb22ec9,pt POR,MF,Manchester City,MANCHESTERCITY,30.0,1994,2025,38,34,2872,31.9,2,4,6,2,0,0,10,0,0.06,0.13,0.19,0.06,0.19,0.0836,2,1,Talisman
Matheus Nunes,e6af02e0,pt POR,DF,Manchester City,MANCHESTERCITY,26.0,1998,2025,34,32,2862,31.8,1,5,6,1,0,0,5,0,0.03,0.16,0.19,0.03,0.19,0.0833,3,1,Talisman
Gianluigi Donnarumma,08f5afaa,it ITA,GK,Manchester City,MANCHESTERCITY,26.0,1999,2025,34,34,3060,34.0,0,0,0,0,0,0,8,0,0.0,0.0,0.0,0.0,0.0,0.0814,4,1,Talisman
Nico O'Reilly,91ca4a16,eng ENG,DFMF,Manchester City,MANCHESTERCITY,20.0,2005,2025,34,29,2646,29.4,5,3,8,5,0,0,5,0,0.17,0.1,0.27,0.17,0.27,0.0799,5,1,Talisman
Phil Foden,ed1e53f3,eng ENG,MF,Manchester City,MANCHESTERCITY,25.0,2000,2025,33,23,2086,23.2,7,5,12,7,0,0,4,0,0.3,0.22,0.52,0.3,0.52,0.07,6,2,Key Player
Rayan Cherki,b34c63a5,fr FRA,MF,Manchester City,MANCHESTERCITY,21.0,2003,2025,33,19,1786,19.8,4,12,16,4,0,0,1,0,0.2,0.6,0.81,0.2,0.81,0.0666,7,2,Key Player
Rúben Dias,31c69ef1,pt POR,DF,Manchester City,MANCHESTERCITY,28.0,1997,2025,26,24,2141,23.8,2,0,2,2,0,0,3,0,0.08,0.0,0.08,0.08,0.08,0.0592,8,2,Key Player
Jeremy Doku,fffea3e5,be BEL,MFFW,Manchester City,MANCHESTERCITY,23.0,2002,2025,30,19,1784,19.8,5,5,10,5,0,0,0,0,0.25,0.25,0.5,0.25,0.5,0.0592,9,2,Key Player
Tijjani Reijnders,afb61630,nl NED,MF,Manchester City,MANCHESTERCITY,27.0,1998,2025,28,19,1631,18.1,5,2,7,5,0,0,2,0,0.28,0.11,0.39,0.28,0.39,0.0518,10,2,Key Player
Antoine Semenyo,efd2ec23,gh GHA,MFFW,Manchester City,MANCHESTERCITY,25.0,2000,2025,17,17,1397,15.5,7,1,8,7,0,0,1,0,0.45,0.06,0.52,0.45,0.52,0.0467,11,3,Regular Starter
Nicolás González,2c56a792,es ESP,MF,Manchester City,MANCHESTERCITY,23.0,2002,2025,25,17,1569,17.4,1,0,1,1,0,0,6,0,0.06,0.0,0.06,0.06,0.06,0.0429,12,3,Regular Starter
Rodri,6434f10d,es ESP,MF,Manchester City,MANCHESTERCITY,29.0,1996,2025,21,17,1511,16.8,1,0,1,1,0,0,3,0,0.06,0.0,0.06,0.06,0.06,0.0414,13,3,Regular Starter
Joško Gvardiol,5ad50391,hr CRO,DF,Manchester City,MANCHESTERCITY,23.0,2002,2025,18,16,1372,15.2,2,2,4,2,0,0,2,0,0.13,0.13,0.26,0.13,0.26,0.0411,14,3,Regular Starter
Marc Guéhi,d0706b27,eng ENG,DF,Manchester City,MANCHESTERCITY,25.0,2000,2025,15,15,1350,15.0,1,1,2,1,0,0,2,0,0.07,0.07,0.13,0.07,0.13,0.0382,15,3,Regular Starter
Abdukodir Khusanov,d17ce930,uz UZB,DF,Manchester City,MANCHESTERCITY,21.0,2004,2025,21,15,1432,15.9,0,0,0,0,0,0,2,0,0.0,0.0,0.0,0.0,0.0,0.0381,16,3,Regular Starter
Rayan Aït-Nouri,9b398aea,dz ALG,DF,Manchester City,MANCHESTERCITY,24.0,2001,2025,17,12,974,10.8,0,2,2,0,0,0,2,0,0.0,0.18,0.18,0.0,0.18,0.0282,17,4,Squad Rotation
Omar Marmoush,0e0102eb,eg EGY,FWMF,Manchester City,MANCHESTERCITY,26.0,1999,2025,21,8,700,7.8,3,3,6,3,0,0,3,0,0.39,0.39,0.77,0.39,0.77,0.0259,18,4,Squad Rotation
Sávio,fe6e7156,br BRA,MF,Manchester City,MANCHESTERCITY,21.0,2004,2025,24,7,833,9.3,1,1,2,1,0,0,2,0,0.11,0.11,0.22,0.11,0.22,0.0247,19,4,Squad Rotation
Nathan Aké,eaeca114,nl NED,DF,Manchester City,MANCHESTERCITY,30.0,1995,2025,18,6,695,7.7,0,0,0,0,0,0,1,0,0.0,0.0,0.0,0.0,0.0,0.0184,20,4,Squad Rotation
Oscar Bobb,eed2427e,no NOR,MFFW,Manchester City,MANCHESTERCITY,22.0,2003,2025,9,5,468,5.2,0,1,1,0,0,0,1,0,0.0,0.19,0.19,0.0,0.19,0.0136,21,4,Squad Rotation
Rico Lewis,b57e066e,eng ENG,DF,Manchester City,MANCHESTERCITY,20.0,2004,2025,11,4,407,4.5,0,1,1,0,0,0,2,0,0.0,0.22,0.22,0.0,0.22,0.012,22,5,Fringe/Backup
John Stones,5eecec3d,eng ENG,DF,Manchester City,MANCHESTERCITY,31.0,1994,2025,9,5,439,4.9,0,0,0,0,0,0,0,0,0.0,0.0,0.0,0.0,0.0,0.0117,23,5,Fringe/Backup
James Trafford,259fea27,eng ENG,GK,Manchester City,MANCHESTERCITY,22.0,2002,2025,4,4,360,4.0,0,0,0,0,0,0,0,0,0.0,0.0,0.0,0.0,0.0,0.0096,24,5,Fringe/Backup
Mateo Kovačić,79c0821a,hr CRO,MF,Manchester City,MANCHESTERCITY,31.0,1994,2025,6,1,130,1.4,0,1,1,0,0,0,0,0,0.0,0.69,0.69,0.0,0.69,0.0045,25,5,Fringe/Backup
Max Alleyne,defcfd32,eng ENG,DF,Manchester City,MANCHESTERCITY,20.0,2005,2025,2,2,135,1.5,0,0,0,0,0,0,0,0,0.0,0.0,0.0,0.0,0.0,0.0036,26,5,Fringe/Backup
Divine Mukasa,ce7ae86a,eng ENG,MF,Manchester City,MANCHESTERCITY,17.0,2007,2025,2,0,27,0.3,0,0,0,0,0,0,0,0,0.0,0.0,0.0,0.0,0.0,0.0007,27,5,Fringe/Backup
Bruno Fernandes,507c7bdf,pt POR,MF,Manchester Utd,MANCHESTERUNITED,30.0,1994,2025,35,35,3063,34.0,9,21,30,5,4,6,5,0,0.26,0.62,0.88,0.15,0.76,0.1125,1,1,Talisman
Luke Shaw,9c94165b,eng ENG,DF,Manchester Utd,MANCHESTERUNITED,30.0,1995,2025,38,38,3219,35.8,1,1,2,1,0,0,9,0,0.03,0.03,0.06,0.03,0.06,0.0884,2,1,Talisman
Bryan Mbeumo,6afaebf2,cm CMR,MFFW,Manchester Utd,MANCHESTERUNITED,25.0,1999,2025,33,31,2609,29.0,11,3,14,11,0,0,4,0,0.38,0.1,0.48,0.38,0.48,0.0862,3,1,Talisman
Casemiro,4d224fe8,br BRA,MF,Manchester Utd,MANCHESTERUNITED,33.0,1992,2025,34,33,2571,28.6,9,2,11,9,0,0,11,1,0.32,0.07,0.39,0.32,0.39,0.0819,4,1,Talisman
Matheus Cunha,dc62b55d,br BRA,MFFW,Manchester Utd,MANCHESTERUNITED,26.0,1999,2025,33,29,2494,27.7,10,2,12,10,0,0,4,0,0.36,0.07,0.43,0.36,0.43,0.0807,5,1,Talisman
Senne Lammens,8e6d2fcd,be BEL,GK,Manchester Utd,MANCHESTERUNITED,23.0,2002,2025,32,32,2880,32.0,0,0,0,0,0,0,0,0,0.0,0.0,0.0,0.0,0.0,0.0767,6,2,Key Player
Diogo Dalot,d9565625,pt POR,DFMF,Manchester Utd,MANCHESTERUNITED,26.0,1999,2025,34,29,2614,29.0,1,3,4,1,0,0,5,0,0.03,0.1,0.14,0.03,0.14,0.0744,7,2,Key Player
Amad Diallo,9dc96f10,ci CIV,MF,Manchester Utd,MANCHESTERUNITED,23.0,2002,2025,32,27,2341,26.0,2,3,5,2,0,0,2,0,0.08,0.12,0.19,0.08,0.19,0.0683,8,2,Key Player
Benjamin Šeško,3260690c,si SVN,FW,Manchester Utd,MANCHESTERUNITED,22.0,2003,2025,30,17,1643,18.3,11,1,12,11,0,0,2,0,0.6,0.05,0.66,0.6,0.66,0.0584,9,2,Key Player
Patrick Dorgu,e6536124,dk DEN,MF,Manchester Utd,MANCHESTERUNITED,20.0,2004,2025,26,15,1449,16.1,4,4,8,4,0,0,5,0,0.25,0.25,0.5,0.25,0.5,0.0482,10,2,Key Player
Kobbie Mainoo,c6220452,eng ENG,MF,Manchester Utd,MANCHESTERUNITED,20.0,2005,2025,28,16,1662,18.5,1,2,3,1,0,0,2,0,0.05,0.11,0.16,0.05,0.16,0.0479,11,3,Regular Starter
Harry Maguire,d8931174,eng ENG,DF,Manchester Utd,MANCHESTERUNITED,32.0,1993,2025,23,19,1653,18.4,1,2,3,1,0,0,3,1,0.05,0.11,0.16,0.05,0.16,0.0476,12,3,Regular Starter
Leny Yoro,6763f716,fr FRA,DF,Manchester Utd,MANCHESTERUNITED,19.0,2005,2025,32,18,1740,19.3,0,0,0,0,0,0,1,0,0.0,0.0,0.0,0.0,0.0,0.0463,13,3,Regular Starter
Lisandro Martínez,bac46a10,ar ARG,DF,Manchester Utd,MANCHESTERUNITED,27.0,1998,2025,18,13,1233,13.7,0,0,0,0,0,0,0,1,0.0,0.0,0.0,0.0,0.0,0.0328,14,3,Regular Starter
Matthijs de Ligt,d6e53a3a,nl NED,DF,Manchester Utd,MANCHESTERUNITED,25.0,1999,2025,13,13,1170,13.0,1,0,1,1,0,0,0,0,0.08,0.0,0.08,0.08,0.08,0.0324,15,3,Regular Starter
Mason Mount,9674002f,eng ENG,MF,Manchester Utd,MANCHESTERUNITED,26.0,1999,2025,23,12,1017,11.3,3,0,3,3,0,0,2,0,0.27,0.0,0.27,0.27,0.27,0.0307,16,3,Regular Starter
Noussair Mazraoui,b74277a0,ma MAR,DFMF,Manchester Utd,MANCHESTERUNITED,27.0,1997,2025,20,11,985,10.9,0,0,0,0,0,0,3,0,0.0,0.0,0.0,0.0,0.0,0.0261,17,4,Squad Rotation
Ayden Heaven,64e17fab,eng ENG,DF,Manchester Utd,MANCHESTERUNITED,18.0,2006,2025,17,11,924,10.3,0,1,1,0,0,0,2,0,0.0,0.1,0.1,0.0,0.1,0.0259,18,4,Squad Rotation
Manuel Ugarte,c9817014,uy URU,MF,Manchester Utd,MANCHESTERUNITED,24.0,2001,2025,22,8,887,9.9,0,0,0,0,0,0,1,0,0.0,0.0,0.0,0.0,0.0,0.0237,19,4,Squad Rotation
Joshua Zirkzee,028e70b9,nl NED,FWMF,Manchester Utd,MANCHESTERUNITED,24.0,2001,2025,24,5,626,7.0,2,1,3,2,0,0,3,0,0.29,0.14,0.43,0.29,0.43,0.0204,20,4,Squad Rotation
Altay Bayındır,072e68ed,tr TUR,GK,Manchester Utd,MANCHESTERUNITED,27.0,1998,2025,6,6,540,6.0,0,0,0,0,0,0,0,0,0.0,0.0,0.0,0.0,0.0,0.0144,21,4,Squad Rotation
Jack Fletcher,38a6c944,eng ENG,MF,Manchester Utd,MANCHESTERUNITED,18.0,2007,2025,3,0,108,1.2,0,0,0,0,0,0,0,0,0.0,0.0,0.0,0.0,0.0,0.0029,22,5,Fringe/Backup
Shea Lacey,3160e952,eng ENG,FW,Manchester Utd,MANCHESTERUNITED,18.0,2007,2025,3,0,43,0.5,0,0,0,0,0,0,0,0,0.0,0.0,0.0,0.0,0.0,0.0012,23,5,Fringe/Backup
Tyler Fletcher,81a92add,sct SCO,MF,Manchester Utd,MANCHESTERUNITED,18.0,2007,2025,2,0,18,0.2,0,0,0,0,0,0,0,0,0.0,0.0,0.0,0.0,0.0,0.0005,24,5,Fringe/Backup
Tyrell Malacia,6b6c793c,nl NED,DF,Manchester Utd,MANCHESTERUNITED,25.0,1999,2025,3,0,18,0.2,0,0,0,0,0,0,0,0,0.0,0.0,0.0,0.0,0.0,0.0005,25,5,Fringe/Backup
Bendito Mantato,e8a55b80,eng ENG,MF,Manchester Utd,MANCHESTERUNITED,17.0,2008,2025,1,0,16,0.2,0,0,0,0,0,0,0,0,0.0,0.0,0.0,0.0,0.0,0.0005,26,5,Fringe/Backup
Tyler Fredricson,58630379,eng ENG,DF,Manchester Utd,MANCHESTERUNITED,20.0,2005,2025,1,0,3,0.0,0,0,0,0,0,0,0,0,0.0,0.0,0.0,0.0,0.0,0.0,27,5,Fringe/Backup
Malick Thiaw,ff5ea0bf,de GER,DF,Newcastle,NEWCASTLEUNITED,23.0,2001,2025,35,33,2965,32.9,4,0,4,4,0,0,4,0,0.12,0.0,0.12,0.12,0.12,0.0837,1,1,Talisman
Bruno Guimarães,82518f62,br BRA,MF,Newcastle,NEWCASTLEUNITED,27.0,1997,2025,29,27,2453,27.3,9,5,14,7,2,2,6,0,0.33,0.18,0.51,0.26,0.44,0.0799,2,1,Talisman
Sandro Tonali,0db169ae,it ITA,MF,Newcastle,NEWCASTLEUNITED,25.0,2000,2025,35,31,2534,28.2,0,2,2,0,0,0,4,0,0.0,0.07,0.07,0.0,0.07,0.07,3,1,Talisman
Nick Pope,4b40d9ca,eng ENG,GK,Newcastle,NEWCASTLEUNITED,33.0,1992,2025,27,27,2416,26.8,0,0,0,0,0,0,2,0,0.0,0.0,0.0,0.0,0.0,0.0643,4,1,Talisman
Nick Woltemade,7ca196eb,de GER,FWMF,Newcastle,NEWCASTLEUNITED,23.0,2002,2025,33,24,1902,21.1,8,3,11,7,1,1,0,0,0.38,0.14,0.52,0.33,0.47,0.0625,5,1,Talisman
Dan Burn,b2d31e83,eng ENG,DF,Newcastle,NEWCASTLEUNITED,33.0,1992,2025,29,25,2199,24.4,1,2,3,1,0,0,11,1,0.04,0.08,0.12,0.04,0.12,0.0621,6,2,Key Player
Harvey Barnes,3ea50f67,eng ENG,FWMF,Newcastle,NEWCASTLEUNITED,27.0,1997,2025,37,19,1966,21.8,7,1,8,7,0,0,1,0,0.32,0.05,0.37,0.32,0.37,0.062,7,2,Key Player
Lewis Hall,da011f18,eng ENG,DF,Newcastle,NEWCASTLEUNITED,20.0,2004,2025,30,24,2181,24.2,1,1,2,1,0,0,4,0,0.04,0.04,0.08,0.04,0.08,0.0604,8,2,Key Player
Joelinton,c17bfb65,br BRA,MF,Newcastle,NEWCASTLEUNITED,28.0,1996,2025,27,23,1951,21.7,2,1,3,2,0,0,10,0,0.09,0.05,0.14,0.09,0.14,0.0557,9,2,Key Player
Anthony Gordon,2bd83368,eng ENG,FW,Newcastle,NEWCASTLEUNITED,24.0,2001,2025,26,24,1795,19.9,6,2,8,3,3,3,3,1,0.3,0.1,0.4,0.15,0.25,0.0537,10,2,Key Player
Sven Botman,ccce7025,nl NED,DF,Newcastle,NEWCASTLEUNITED,25.0,2000,2025,25,21,1835,20.4,1,1,2,1,0,0,2,0,0.05,0.05,0.1,0.05,0.1,0.0514,11,3,Regular Starter
Jacob Murphy,de112b84,eng ENG,FWMF,Newcastle,NEWCASTLEUNITED,30.0,1995,2025,33,19,1617,18.0,3,2,5,3,0,0,2,0,0.17,0.11,0.28,0.17,0.28,0.0492,12,3,Regular Starter
Lewis Miley,2c6835e5,eng ENG,MFDF,Newcastle,NEWCASTLEUNITED,19.0,2006,2025,23,15,1496,16.6,1,4,5,1,0,0,0,0,0.06,0.24,0.3,0.06,0.3,0.0458,13,3,Regular Starter
Jacob Ramsey,1544f145,eng ENG,MF,Newcastle,NEWCASTLEUNITED,24.0,2001,2025,28,15,1450,16.1,2,3,5,2,0,0,5,1,0.12,0.19,0.31,0.12,0.31,0.0446,14,3,Regular Starter
Kieran Trippier,21512407,eng ENG,DF,Newcastle,NEWCASTLEUNITED,34.0,1990,2025,21,18,1586,17.6,0,1,1,0,0,0,3,0,0.0,0.06,0.06,0.0,0.06,0.0435,15,3,Regular Starter
Tino Livramento,afed6722,eng ENG,DF,Newcastle,NEWCASTLEUNITED,22.0,2002,2025,17,14,1328,14.8,0,1,1,0,0,0,1,0,0.0,0.07,0.07,0.0,0.07,0.0368,16,4,Squad Rotation
Anthony Elanga,2fba6108,se SWE,FWMF,Newcastle,NEWCASTLEUNITED,23.0,2002,2025,32,14,1319,14.7,0,1,1,0,0,0,0,0,0.0,0.07,0.07,0.0,0.07,0.0365,17,4,Squad Rotation
William Osula,7b355808,dk DEN,FW,Newcastle,NEWCASTLEUNITED,21.0,2003,2025,24,8,819,9.1,7,0,7,7,0,0,0,0,0.77,0.0,0.77,0.77,0.77,0.0302,18,4,Squad Rotation
Fabian Schär,c8aa95da,ch SUI,DF,Newcastle,NEWCASTLEUNITED,33.0,1991,2025,16,11,1091,12.1,0,0,0,0,0,0,1,0,0.0,0.0,0.0,0.0,0.0,0.029,19,4,Squad Rotation
Joe Willock,a3b03921,eng ENG,MF,Newcastle,NEWCASTLEUNITED,25.0,1999,2025,24,10,983,10.9,0,2,2,0,0,0,3,0,0.0,0.18,0.18,0.0,0.18,0.0285,20,4,Squad Rotation
Aaron Ramsdale,466fb2c5,eng ENG,GK,Newcastle,NEWCASTLEUNITED,27.0,1998,2025,12,11,1004,11.2,0,0,0,0,0,0,2,0,0.0,0.0,0.0,0.0,0.0,0.0269,21,5,Fringe/Backup
Yoane Wissa,2500cef9,cd COD,FW,Newcastle,NEWCASTLEUNITED,28.0,1996,2025,19,4,531,5.9,1,1,2,1,0,0,3,0,0.17,0.17,0.34,0.17,0.34,0.0166,22,5,Fringe/Backup
Emil Krafth,77cf6852,se SWE,DF,Newcastle,NEWCASTLEUNITED,30.0,1994,2025,1,1,45,0.5,0,0,0,0,0,0,0,0,0.0,0.0,0.0,0.0,0.0,0.0012,23,5,Fringe/Backup
Jamaal Lascelles,450ab6fc,eng ENG,DF,Newcastle,NEWCASTLEUNITED,31.0,1993,2025,2,0,21,0.2,0,0,0,0,0,0,0,0,0.0,0.0,0.0,0.0,0.0,0.0005,24,5,Fringe/Backup
Sean Neave,ff392864,eng ENG,FW,Newcastle,NEWCASTLEUNITED,18.0,2007,2025,1,0,14,0.2,0,0,0,0,0,0,0,0,0.0,0.0,0.0,0.0,0.0,0.0005,25,5,Fringe/Backup
Alex Murphy,f1c42eb3,ie IRL,DF,Newcastle,NEWCASTLEUNITED,21.0,2004,2025,2,0,9,0.1,0,0,0,0,0,0,0,0,0.0,0.0,0.0,0.0,0.0,0.0002,26,5,Fringe/Backup
Morgan Gibbs-White,32f60ed8,eng ENG,MF,Nottingham,NOTTINGHAMFOREST,25.0,2000,2025,37,35,3097,34.4,15,4,19,14,1,1,1,0,0.44,0.12,0.55,0.41,0.52,0.1038,1,1,Talisman
Elliot Anderson,de31038e,eng ENG,MF,Nottingham,NOTTINGHAMFOREST,22.0,2002,2025,38,37,3331,37.0,4,4,8,3,1,1,8,0,0.11,0.11,0.22,0.08,0.19,0.0971,2,1,Talisman
Neco Williams,dd323728,wls WAL,DF,Nottingham,NOTTINGHAMFOREST,24.0,2001,2025,37,36,3204,35.6,2,3,5,2,0,0,6,1,0.06,0.08,0.14,0.06,0.14,0.0913,3,1,Talisman
Nikola Milenković,bee704fc,rs SRB,DF,Nottingham,NOTTINGHAMFOREST,27.0,1997,2025,38,37,3375,37.5,0,0,0,0,0,0,6,0,0.0,0.0,0.0,0.0,0.0,0.0898,4,1,Talisman
Igor Jesus,dbe24cce,br BRA,FW,Nottingham,NOTTINGHAMFOREST,24.0,2001,2025,37,28,2298,25.5,6,4,10,5,1,1,2,0,0.23,0.16,0.39,0.2,0.35,0.0718,5,1,Talisman
Matz Sels,834b5c4c,be BEL,GK,Nottingham,NOTTINGHAMFOREST,33.0,1992,2025,31,30,2668,29.6,0,0,0,0,0,0,2,0,0.0,0.0,0.0,0.0,0.0,0.0709,6,1,Talisman
Ibrahim Sangaré,bced0375,ci CIV,MF,Nottingham,NOTTINGHAMFOREST,27.0,1997,2025,28,25,2075,23.1,2,2,4,2,0,0,5,0,0.09,0.09,0.17,0.09,0.17,0.06,7,2,Key Player
Murillo,1704b0b8,br BRA,DF,Nottingham,NOTTINGHAMFOREST,23.0,2002,2025,25,25,2130,23.7,1,0,1,1,0,0,5,0,0.04,0.0,0.04,0.04,0.04,0.0579,8,2,Key Player
Callum Hudson-Odoi,15f3ec41,eng ENG,MF,Nottingham,NOTTINGHAMFOREST,24.0,2000,2025,30,21,1841,20.5,3,4,7,3,0,0,0,0,0.15,0.2,0.34,0.15,0.34,0.0575,9,2,Key Player
Omari Hutchinson,bd9553e6,eng ENG,MF,Nottingham,NOTTINGHAMFOREST,21.0,2003,2025,31,17,1688,18.8,1,5,6,1,0,0,1,0,0.05,0.27,0.32,0.05,0.32,0.0522,10,2,Key Player
Ola Aina,246d153b,ng NGA,DF,Nottingham,NOTTINGHAMFOREST,28.0,1996,2025,18,18,1588,17.6,0,0,0,0,0,0,3,0,0.0,0.0,0.0,0.0,0.0,0.0422,11,2,Key Player
Morato,0f41e2ee,br BRA,DF,Nottingham,NOTTINGHAMFOREST,24.0,2001,2025,21,14,1345,14.9,1,0,1,1,0,0,5,0,0.07,0.0,0.07,0.07,0.07,0.0369,12,2,Key Player
Nicolás Domínguez,20b3a502,ar ARG,MF,Nottingham,NOTTINGHAMFOREST,27.0,1998,2025,27,17,1175,13.1,1,1,2,1,0,0,3,0,0.08,0.08,0.15,0.08,0.15,0.0337,13,3,Regular Starter
Dan Ndoye,8e697a8f,ch SUI,MF,Nottingham,NOTTINGHAMFOREST,24.0,2000,2025,24,14,1173,13.0,1,1,2,1,0,0,1,0,0.08,0.08,0.15,0.08,0.15,0.0335,14,3,Regular Starter
Nicolò Savona,e041497d,it ITA,DF,Nottingham,NOTTINGHAMFOREST,22.0,2003,2025,14,11,1028,11.4,2,0,2,2,0,0,2,0,0.18,0.0,0.18,0.18,0.18,0.0298,15,3,Regular Starter
Chris Wood,4e9a0555,nz NZL,FW,Nottingham,NOTTINGHAMFOREST,33.0,1991,2025,15,11,901,10.0,3,0,3,3,0,0,0,0,0.3,0.0,0.3,0.3,0.3,0.0276,16,3,Regular Starter
Taiwo Awoniyi,e5478b87,ng NGA,FW,Nottingham,NOTTINGHAMFOREST,27.0,1997,2025,17,3,494,5.5,4,1,5,4,0,0,2,0,0.73,0.18,0.91,0.73,0.91,0.0192,17,3,Regular Starter
Ryan Yates,c1fe2a48,eng ENG,MF,Nottingham,NOTTINGHAMFOREST,27.0,1997,2025,22,2,617,6.9,0,2,2,0,0,0,3,0,0.0,0.29,0.29,0.0,0.29,0.0189,18,3,Regular Starter
Dilane Bakwa,2b5a35e5,fr FRA,MF,Nottingham,NOTTINGHAMFOREST,22.0,2002,2025,14,6,553,6.1,0,2,2,0,0,0,1,0,0.0,0.33,0.33,0.0,0.33,0.017,19,4,Squad Rotation
Jair Cunha,ac31d35e,br BRA,DF,Nottingham,NOTTINGHAMFOREST,20.0,2005,2025,9,6,517,5.7,0,0,0,0,0,0,0,0,0.0,0.0,0.0,0.0,0.0,0.0137,20,4,Squad Rotation
John,33a235af,br BRA,GK,Nottingham,NOTTINGHAMFOREST,29.0,1996,2025,5,5,437,4.9,0,0,0,0,0,0,1,0,0.0,0.0,0.0,0.0,0.0,0.0117,21,4,Squad Rotation
Luca Netz,e79269bd,de GER,DFMF,Nottingham,NOTTINGHAMFOREST,22.0,2003,2025,7,3,357,4.0,0,0,0,0,0,0,0,0,0.0,0.0,0.0,0.0,0.0,0.0096,22,4,Squad Rotation
Oleksandr Zinchenko,51cf8561,ua UKR,DF,Nottingham,NOTTINGHAMFOREST,28.0,1996,2025,5,4,353,3.9,0,0,0,0,0,0,0,0,0.0,0.0,0.0,0.0,0.0,0.0093,23,4,Squad Rotation
James Mcatee,96593e89,eng ENG,MF,Nottingham,NOTTINGHAMFOREST,22.0,2002,2025,14,2,298,3.3,0,1,1,0,0,0,1,0,0.0,0.3,0.3,0.0,0.3,0.0091,24,4,Squad Rotation
Douglas Luiz,6f7d826d,br BRA,MF,Nottingham,NOTTINGHAMFOREST,27.0,1998,2025,8,5,315,3.5,0,0,0,0,0,0,2,0,0.0,0.0,0.0,0.0,0.0,0.0084,25,5,Fringe/Backup
Stefan Ortega,c1242d4e,de GER,GK,Nottingham,NOTTINGHAMFOREST,32.0,1992,2025,3,3,270,3.0,0,0,0,0,0,0,0,0,0.0,0.0,0.0,0.0,0.0,0.0072,26,5,Fringe/Backup
Lorenzo Lucca,83c06f3a,it ITA,FW,Nottingham,NOTTINGHAMFOREST,24.0,2000,2025,4,1,129,1.4,1,0,1,1,0,0,0,0,0.7,0.0,0.7,0.7,0.7,0.0045,27,5,Fringe/Backup
Zach Abbott,c103921a,eng ENG,DF,Nottingham,NOTTINGHAMFOREST,19.0,2006,2025,3,2,164,1.8,0,0,0,0,0,0,0,0,0.0,0.0,0.0,0.0,0.0,0.0043,28,5,Fringe/Backup
Arnaud Kalimuendo,bf4c41f9,fr FRA,FW,Nottingham,NOTTINGHAMFOREST,23.0,2002,2025,9,0,96,1.1,0,0,0,0,0,0,0,0,0.0,0.0,0.0,0.0,0.0,0.0026,29,5,Fringe/Backup
Angus Gunn,e082af5b,sct SCO,GK,Nottingham,NOTTINGHAMFOREST,29.0,1996,2025,1,0,45,0.5,0,0,0,0,0,0,0,0,0.0,0.0,0.0,0.0,0.0,0.0012,30,5,Fringe/Backup
Jota Silva,4d77e622,pt POR,FW,Nottingham,NOTTINGHAMFOREST,25.0,1999,2025,1,0,12,0.1,0,0,0,0,0,0,0,0,0.0,0.0,0.0,0.0,0.0,0.0002,31,5,Fringe/Backup
Enzo Le Fée,6f806d99,fr FRA,MFFW,Sunderland,SUNDERLAND,25.0,2000,2025,36,33,2930,32.6,5,6,11,2,3,4,5,0,0.15,0.18,0.34,0.06,0.25,0.088,1,1,Talisman
Granit Xhaka,e61b8aee,ch SUI,MF,Sunderland,SUNDERLAND,32.0,1992,2025,34,32,2904,32.3,1,6,7,1,0,0,8,0,0.03,0.19,0.22,0.03,0.22,0.0861,2,1,Talisman
Trai Hume,4fa3a3a4,nir NIR,DFMF,Sunderland,SUNDERLAND,23.0,2002,2025,38,34,3036,33.7,2,1,3,2,0,0,9,0,0.06,0.03,0.09,0.06,0.09,0.0845,3,1,Talisman
Robin Roefs,349fa918,nl NED,GK,Sunderland,SUNDERLAND,22.0,2003,2025,35,35,3150,35.0,0,0,0,0,0,0,4,0,0.0,0.0,0.0,0.0,0.0,0.084,4,1,Talisman
Nordi Mukiele,ac73ec79,fr FRA,DF,Sunderland,SUNDERLAND,27.0,1997,2025,32,32,2784,30.9,3,3,6,3,0,0,5,0,0.1,0.1,0.19,0.1,0.19,0.0812,5,1,Talisman
Noah Sadiki,645481cc,cd COD,MF,Sunderland,SUNDERLAND,20.0,2004,2025,33,33,2889,32.1,0,1,1,0,0,0,9,0,0.0,0.03,0.03,0.0,0.03,0.0782,6,2,Key Player
Omar Alderete,bb08bce9,py PAR,DF,Sunderland,SUNDERLAND,28.0,1996,2025,33,32,2798,31.1,1,1,2,1,0,0,6,0,0.03,0.03,0.06,0.03,0.06,0.0769,7,2,Key Player
Brian Brobbey,4c184730,nl NED,FW,Sunderland,SUNDERLAND,23.0,2002,2025,31,22,1927,21.4,7,1,8,7,0,0,6,0,0.33,0.05,0.37,0.33,0.37,0.0609,8,2,Key Player
Daniel Ballard,38f300f3,nir NIR,DF,Sunderland,SUNDERLAND,25.0,1999,2025,29,24,2149,23.9,2,0,2,2,0,0,4,1,0.08,0.0,0.08,0.08,0.08,0.0597,9,2,Key Player
Reinildo Mandava,c20bdcd7,mz MOZ,DF,Sunderland,SUNDERLAND,31.0,1994,2025,25,23,1966,21.8,0,1,1,0,0,0,7,1,0.0,0.05,0.05,0.0,0.05,0.0536,10,2,Key Player
Chemsdine Talbi,47ce793b,ma MAR,MFFW,Sunderland,SUNDERLAND,20.0,2005,2025,28,16,1561,17.3,4,1,5,4,0,0,0,0,0.23,0.06,0.29,0.23,0.29,0.0475,11,2,Key Player
Lutsharel Geertruida,242e1043,nl NED,DFMF,Sunderland,SUNDERLAND,25.0,2000,2025,28,17,1693,18.8,0,0,0,0,0,0,2,0,0.0,0.0,0.0,0.0,0.0,0.0451,12,3,Regular Starter
Habib Diarra,6d0fe035,sn SEN,MF,Sunderland,SUNDERLAND,21.0,2004,2025,20,15,1405,15.6,2,2,4,1,1,1,6,0,0.13,0.13,0.26,0.06,0.19,0.041,13,3,Regular Starter
Wilson Isidor,a671316d,ht HAI,FW,Sunderland,SUNDERLAND,24.0,2000,2025,32,11,1165,12.9,6,0,6,6,0,0,1,0,0.46,0.0,0.46,0.46,0.46,0.0381,14,3,Regular Starter
Chris Rigg,35741fe2,eng ENG,MF,Sunderland,SUNDERLAND,18.0,2007,2025,18,11,761,8.5,1,1,2,1,0,0,1,0,0.12,0.12,0.24,0.12,0.24,0.0229,15,3,Regular Starter
Eliezer Mayenda,6a021e43,es ESP,FWMF,Sunderland,SUNDERLAND,20.0,2005,2025,20,8,759,8.4,2,0,2,2,0,0,0,0,0.24,0.0,0.24,0.24,0.24,0.0226,16,3,Regular Starter
Simon Adingra,4dcec659,ci CIV,MFFW,Sunderland,SUNDERLAND,23.0,2002,2025,14,9,653,7.3,1,0,1,1,0,0,2,0,0.14,0.0,0.14,0.14,0.14,0.0187,17,3,Regular Starter
Bertrand Traoré,c47541e0,bf BFA,MFFW,Sunderland,SUNDERLAND,29.0,1995,2025,12,9,632,7.0,1,0,1,1,0,0,1,0,0.14,0.0,0.14,0.14,0.14,0.018,18,4,Squad Rotation
Luke O'Nien,8092d497,eng ENG,DF,Sunderland,SUNDERLAND,30.0,1994,2025,12,5,569,6.3,0,1,1,0,0,0,1,1,0.0,0.16,0.16,0.0,0.16,0.0163,19,4,Squad Rotation
Romaine Mundle,597610cd,eng ENG,MF,Sunderland,SUNDERLAND,22.0,2003,2025,14,2,411,4.6,0,0,0,0,0,0,1,0,0.0,0.0,0.0,0.0,0.0,0.011,20,4,Squad Rotation
Nilson Angulo,a9b9d89c,ec ECU,MF,Sunderland,SUNDERLAND,22.0,2003,2025,8,5,404,4.5,0,0,0,0,0,0,1,0,0.0,0.0,0.0,0.0,0.0,0.0108,21,4,Squad Rotation
Dennis Cirkin,307ea3b6,lv LVA,DF,Sunderland,SUNDERLAND,23.0,2002,2025,8,3,323,3.6,0,0,0,0,0,0,2,0,0.0,0.0,0.0,0.0,0.0,0.0086,22,4,Squad Rotation
Melker Ellborg,013d348e,se SWE,GK,Sunderland,SUNDERLAND,22.0,2003,2025,3,3,270,3.0,0,0,0,0,0,0,0,0,0.0,0.0,0.0,0.0,0.0,0.0072,23,4,Squad Rotation
Jenson Seelt,ec75ee25,nl NED,DF,Sunderland,SUNDERLAND,22.0,2003,2025,2,1,134,1.5,0,0,0,0,0,0,0,0,0.0,0.0,0.0,0.0,0.0,0.0036,24,5,Fringe/Backup
Arthur Masuaku,57df7a11,cd COD,DF,Sunderland,SUNDERLAND,31.0,1993,2025,3,2,126,1.4,0,0,0,0,0,0,1,0,0.0,0.0,0.0,0.0,0.0,0.0034,25,5,Fringe/Backup
Jocelin Ta Bi,1f019509,ci CIV,MF,Sunderland,SUNDERLAND,20.0,2005,2025,1,1,38,0.4,0,0,0,0,0,0,0,0,0.0,0.0,0.0,0.0,0.0,0.001,26,5,Fringe/Backup
Patrick Roberts,59d93937,eng ENG,FWMF,Sunderland,SUNDERLAND,28.0,1997,2025,1,0,28,0.3,0,0,0,0,0,0,0,0,0.0,0.0,0.0,0.0,0.0,0.0007,27,5,Fringe/Backup
Marc Guiu,d3d774cc,es ESP,FW,Sunderland,SUNDERLAND,19.0,2006,2025,2,0,15,0.2,0,0,0,0,0,0,0,0,0.0,0.0,0.0,0.0,0.0,0.0005,28,5,Fringe/Backup
Dan Neil,a47ad0f5,eng ENG,MF,Sunderland,SUNDERLAND,23.0,2001,2025,3,0,14,0.2,0,0,0,0,0,0,0,0,0.0,0.0,0.0,0.0,0.0,0.0005,29,5,Fringe/Backup
Micky van de Ven,8fe2a392,nl NED,DF,Tottenham,TOTTENHAMHOTSPUR,24.0,2001,2025,35,35,3041,33.8,4,1,5,4,0,0,9,1,0.12,0.03,0.15,0.12,0.15,0.0873,1,1,Talisman
Pedro Porro,27d0a506,es ESP,DF,Tottenham,TOTTENHAMHOTSPUR,25.0,1999,2025,34,32,2796,31.1,1,2,3,1,0,0,10,0,0.03,0.06,0.1,0.03,0.1,0.0785,2,1,Talisman
Guglielmo Vicario,77d6fd4d,it ITA,GK,Tottenham,TOTTENHAMHOTSPUR,28.0,1996,2025,31,31,2790,31.0,0,0,0,0,0,0,1,0,0.0,0.0,0.0,0.0,0.0,0.0745,3,1,Talisman
Richarlison,fa031b34,br BRA,FWMF,Tottenham,TOTTENHAMHOTSPUR,28.0,1997,2025,32,20,1964,21.8,11,4,15,11,0,0,5,0,0.5,0.18,0.69,0.5,0.69,0.0705,4,1,Talisman
João Palhinha,a78ff07f,pt POR,MF,Tottenham,TOTTENHAMHOTSPUR,30.0,1995,2025,33,23,2198,24.4,5,2,7,5,0,0,8,0,0.2,0.08,0.29,0.2,0.29,0.0672,5,1,Talisman
Cristian Romero,a3d94a58,ar ARG,DF,Tottenham,TOTTENHAMHOTSPUR,27.0,1998,2025,23,22,1868,20.8,4,1,5,4,0,0,11,2,0.19,0.05,0.24,0.19,0.24,0.056,6,1,Talisman
Xavi Simons,da4d670f,nl NED,MFFW,Tottenham,TOTTENHAMHOTSPUR,22.0,2003,2025,28,19,1755,19.5,2,5,7,2,0,0,5,1,0.1,0.26,0.36,0.1,0.36,0.0553,7,2,Key Player
Djed Spence,9bc9a519,eng ENG,DFMF,Tottenham,TOTTENHAMHOTSPUR,24.0,2000,2025,30,23,2056,22.8,0,0,0,0,0,0,4,0,0.0,0.0,0.0,0.0,0.0,0.0548,8,2,Key Player
Rodrigo Bentancur,3b8674e6,uy URU,MF,Tottenham,TOTTENHAMHOTSPUR,28.0,1997,2025,26,23,1883,20.9,1,1,2,1,0,0,7,0,0.05,0.05,0.1,0.05,0.1,0.0528,9,2,Key Player
Mohammed Kudus,b62878a5,gh GHA,MFFW,Tottenham,TOTTENHAMHOTSPUR,24.0,2000,2025,19,19,1535,17.1,2,5,7,2,0,0,3,0,0.12,0.29,0.41,0.12,0.41,0.0495,10,2,Key Player
Randal Kolo Muani,c0b3669f,fr FRA,FWMF,Tottenham,TOTTENHAMHOTSPUR,26.0,1998,2025,30,21,1664,18.5,1,1,2,1,0,0,3,0,0.05,0.05,0.11,0.05,0.11,0.0469,11,2,Key Player
Pape Matar Sarr,feb5d972,sn SEN,MF,Tottenham,TOTTENHAMHOTSPUR,22.0,2002,2025,26,13,1398,15.5,2,4,6,2,0,0,3,0,0.13,0.26,0.39,0.13,0.39,0.0445,12,2,Key Player
Archie Gray,f58515f5,eng ENG,MFDF,Tottenham,TOTTENHAMHOTSPUR,19.0,2006,2025,24,18,1478,16.4,2,2,4,2,0,0,5,0,0.12,0.12,0.24,0.12,0.24,0.0442,13,3,Regular Starter
Mathys Tel,829aa60c,fr FRA,MFFW,Tottenham,TOTTENHAMHOTSPUR,20.0,2005,2025,31,13,1349,15.0,4,1,5,4,0,0,1,0,0.27,0.07,0.33,0.27,0.33,0.042,14,3,Regular Starter
Kevin Danso,6e33125f,at AUT,DF,Tottenham,TOTTENHAMHOTSPUR,26.0,1998,2025,24,17,1494,16.6,0,0,0,0,0,0,8,0,0.0,0.0,0.0,0.0,0.0,0.0399,15,3,Regular Starter
Destiny Udogie,7cd520e8,it ITA,DFMF,Tottenham,TOTTENHAMHOTSPUR,22.0,2002,2025,20,14,1338,14.9,0,1,1,0,0,0,4,0,0.0,0.07,0.07,0.0,0.07,0.0371,16,3,Regular Starter
Conor Gallagher,c2731c10,eng ENG,MF,Tottenham,TOTTENHAMHOTSPUR,25.0,2000,2025,16,14,1184,13.2,1,1,2,1,0,0,2,0,0.08,0.08,0.15,0.08,0.15,0.0341,17,3,Regular Starter
Lucas Bergvall,a109e5c8,se SWE,MF,Tottenham,TOTTENHAMHOTSPUR,19.0,2006,2025,23,11,965,10.7,1,3,4,1,0,0,2,0,0.09,0.28,0.37,0.09,0.37,0.0305,18,3,Regular Starter
Dominic Solanke,e77dc3b2,eng ENG,FW,Tottenham,TOTTENHAMHOTSPUR,27.0,1997,2025,15,11,1001,11.1,3,0,3,3,0,0,1,0,0.27,0.0,0.27,0.27,0.27,0.0303,19,4,Squad Rotation
Wilson Odobert,35516eac,fr FRA,MFFW,Tottenham,TOTTENHAMHOTSPUR,20.0,2004,2025,24,10,985,10.9,0,2,2,0,0,0,0,0,0.0,0.18,0.18,0.0,0.18,0.0286,20,4,Squad Rotation
Brennan Johnson,0cd31129,wls WAL,MFFW,Tottenham,TOTTENHAMHOTSPUR,24.0,2001,2025,16,6,610,6.8,2,0,2,2,0,0,2,0,0.3,0.0,0.3,0.3,0.3,0.0188,21,4,Squad Rotation
Antonín Kinský,b38ac6a4,cz CZE,GK,Tottenham,TOTTENHAMHOTSPUR,22.0,2003,2025,7,7,630,7.0,0,0,0,0,0,0,1,0,0.0,0.0,0.0,0.0,0.0,0.0168,22,4,Squad Rotation
Yves Bissouma,6c203af0,ml MLI,MF,Tottenham,TOTTENHAMHOTSPUR,28.0,1996,2025,11,7,603,6.7,0,0,0,0,0,0,4,0,0.0,0.0,0.0,0.0,0.0,0.0161,23,4,Squad Rotation
Radu Drăgușin,620922ed,ro ROU,DF,Tottenham,TOTTENHAMHOTSPUR,23.0,2002,2025,10,5,517,5.7,0,0,0,0,0,0,0,0,0.0,0.0,0.0,0.0,0.0,0.0137,24,4,Squad Rotation
Ben Davies,44781702,wls WAL,DF,Tottenham,TOTTENHAMHOTSPUR,32.0,1993,2025,3,2,137,1.5,1,0,1,1,0,0,1,0,0.66,0.0,0.66,0.66,0.66,0.0048,25,5,Fringe/Backup
Souza,10b0c6f4,br BRA,MF,Tottenham,TOTTENHAMHOTSPUR,19.0,2006,2025,4,2,144,1.6,0,0,0,0,0,0,1,0,0.0,0.0,0.0,0.0,0.0,0.0038,26,5,Fringe/Backup
James Maddison,ee38d9c5,eng ENG,FWMF,Tottenham,TOTTENHAMHOTSPUR,28.0,1996,2025,3,0,37,0.4,0,0,0,0,0,0,0,0,0.0,0.0,0.0,0.0,0.0,0.001,27,5,Fringe/Backup
Callum Olusesi,d6455444,eng ENG,MF,Tottenham,TOTTENHAMHOTSPUR,18.0,2007,2025,1,0,15,0.2,0,0,0,0,0,0,0,0,0.0,0.0,0.0,0.0,0.0,0.0005,28,5,Fringe/Backup
Dane Scarlett,21945a9e,eng ENG,FW,Tottenham,TOTTENHAMHOTSPUR,21.0,2004,2025,2,0,9,0.1,0,0,0,0,0,0,0,0,0.0,0.0,0.0,0.0,0.0,0.0002,29,5,Fringe/Backup
Jun'ai Byfield,0312881b,eng ENG,DF,Tottenham,TOTTENHAMHOTSPUR,16.0,2008,2025,1,0,1,0.0,0,0,0,0,0,0,0,0,0.0,0.0,0.0,0.0,0.0,0.0,30,5,Fringe/Backup
James Rowswell,419147f7,eng ENG,DF,Tottenham,TOTTENHAMHOTSPUR,19.0,2006,2025,1,0,1,0.0,0,0,0,0,0,0,0,0,0.0,0.0,0.0,0.0,0.0,0.0,31,5,Fringe/Backup
Jarrod Bowen,79c84d1c,eng ENG,MFFW,West Ham,WESTHAMUNITED,28.0,1996,2025,38,38,3403,37.8,9,11,20,8,1,1,4,0,0.24,0.29,0.53,0.21,0.5,0.1132,1,1,Talisman
Mateus Fernandes,ef491564,pt POR,MF,West Ham,WESTHAMUNITED,21.0,2004,2025,36,35,3016,33.5,3,4,7,3,0,0,7,0,0.09,0.12,0.21,0.09,0.21,0.0887,2,1,Talisman
El Hadji Malick Diouf,bd5eb2e5,sn SEN,DFMF,West Ham,WESTHAMUNITED,20.0,2004,2025,32,30,2707,30.1,0,5,5,0,0,0,6,0,0.0,0.17,0.17,0.0,0.17,0.0782,3,1,Talisman
Crysencio Summerville,df04eb4b,nl NED,MFFW,West Ham,WESTHAMUNITED,23.0,2001,2025,31,29,2470,27.4,5,2,7,5,0,0,6,0,0.18,0.07,0.26,0.18,0.26,0.0742,4,1,Talisman
Konstantinos Mavropanos,00963611,gr GRE,DF,West Ham,WESTHAMUNITED,27.0,1997,2025,31,27,2534,28.2,3,0,3,3,0,0,2,0,0.11,0.0,0.11,0.11,0.11,0.0713,5,1,Talisman
Tomáš Souček,6613c819,cz CZE,MF,West Ham,WESTHAMUNITED,30.0,1995,2025,35,24,2200,24.4,5,0,5,5,0,0,3,1,0.2,0.0,0.2,0.2,0.2,0.0643,6,1,Talisman
Aaron Wan-Bissaka,9e525177,cd COD,DFMF,West Ham,WESTHAMUNITED,27.0,1997,2025,25,23,2081,23.1,0,2,2,0,0,0,4,0,0.0,0.09,0.09,0.0,0.09,0.0578,7,2,Key Player
Jean-Clair Todibo,88f130ed,fr FRA,DF,West Ham,WESTHAMUNITED,25.0,1999,2025,23,22,1814,20.2,0,1,1,0,0,0,5,1,0.0,0.05,0.05,0.0,0.05,0.0496,8,2,Key Player
Alphonse Areola,2f965a72,fr FRA,GK,West Ham,WESTHAMUNITED,32.0,1993,2025,20,20,1800,20.0,0,1,1,0,0,0,0,0,0.0,0.05,0.05,0.0,0.05,0.0491,9,2,Key Player
Mads Hermansen,c924b17d,dk DEN,GK,West Ham,WESTHAMUNITED,25.0,2000,2025,18,18,1620,18.0,0,1,1,0,0,0,0,0,0.0,0.06,0.06,0.0,0.06,0.0444,10,2,Key Player
Valentín Castellanos,da76bab4,ar ARG,FW,West Ham,WESTHAMUNITED,26.0,1998,2025,18,17,1384,15.4,6,0,6,6,0,0,6,0,0.39,0.0,0.39,0.39,0.39,0.0441,11,2,Key Player
Lucas Paquetá,9b6f7fd5,br BRA,MFFW,West Ham,WESTHAMUNITED,27.0,1997,2025,18,18,1511,16.8,4,1,5,2,2,2,7,1,0.24,0.06,0.3,0.12,0.18,0.0439,12,2,Key Player
Callum Wilson,c596fcb0,eng ENG,FW,West Ham,WESTHAMUNITED,33.0,1992,2025,32,11,1251,13.9,7,1,8,7,0,0,1,0,0.5,0.07,0.58,0.5,0.58,0.043,13,3,Regular Starter
Max Kilman,d0f72bf1,eng ENG,DF,West Ham,WESTHAMUNITED,28.0,1997,2025,21,17,1561,17.3,0,0,0,0,0,0,4,0,0.0,0.0,0.0,0.0,0.0,0.0414,14,3,Regular Starter
Kyle Walker-Peters,984a5a64,eng ENG,DF,West Ham,WESTHAMUNITED,28.0,1997,2025,23,15,1383,15.4,1,0,1,1,0,0,2,0,0.07,0.0,0.07,0.07,0.07,0.0382,15,3,Regular Starter
Axel Disasi,ad82197c,fr FRA,DF,West Ham,WESTHAMUNITED,27.0,1998,2025,14,14,1254,13.9,0,0,0,0,0,0,1,0,0.0,0.0,0.0,0.0,0.0,0.0333,16,3,Regular Starter
Freddie Potts,86bf27f0,eng ENG,MF,West Ham,WESTHAMUNITED,21.0,2003,2025,22,12,1171,13.0,0,1,1,0,0,0,1,0,0.0,0.08,0.08,0.0,0.08,0.0324,17,3,Regular Starter
Soungoutou Magassa,dfc5d4fa,fr FRA,MF,West Ham,WESTHAMUNITED,21.0,2003,2025,22,11,981,10.9,1,0,1,1,0,0,4,0,0.09,0.0,0.09,0.09,0.09,0.0273,18,3,Regular Starter
Pablo,866ba412,br BRA,MFFW,West Ham,WESTHAMUNITED,21.0,2004,2025,14,10,823,9.1,0,1,1,0,0,0,0,0,0.0,0.11,0.11,0.0,0.11,0.023,19,3,Regular Starter
Oliver Scarles,242e5e6d,eng ENG,DFMF,West Ham,WESTHAMUNITED,19.0,2005,2025,13,9,659,7.3,0,0,0,0,0,0,2,0,0.0,0.0,0.0,0.0,0.0,0.0175,20,4,Squad Rotation
James Ward-Prowse,3515d404,eng ENG,MF,West Ham,WESTHAMUNITED,30.0,1994,2025,5,5,413,4.6,0,0,0,0,0,0,0,0,0.0,0.0,0.0,0.0,0.0,0.011,21,4,Squad Rotation
Niclas Füllkrug,4f16405e,de GER,FW,West Ham,WESTHAMUNITED,32.0,1993,2025,8,5,409,4.5,0,0,0,0,0,0,0,0,0.0,0.0,0.0,0.0,0.0,0.0108,22,4,Squad Rotation
Nayef Aguerd,288e1e13,ma MAR,DF,West Ham,WESTHAMUNITED,29.0,1996,2025,2,2,180,2.0,0,0,0,0,0,0,0,0,0.0,0.0,0.0,0.0,0.0,0.0048,23,4,Squad Rotation
Guido Rodríguez,34e393f2,ar ARG,MF,West Ham,WESTHAMUNITED,31.0,1994,2025,6,2,180,2.0,0,0,0,0,0,0,1,0,0.0,0.0,0.0,0.0,0.0,0.0048,24,4,Squad Rotation
Andy Irving,b1be9fc0,sct SCO,MF,West Ham,WESTHAMUNITED,25.0,2000,2025,7,2,158,1.8,0,0,0,0,0,0,0,0,0.0,0.0,0.0,0.0,0.0,0.0043,25,4,Squad Rotation
Luis Guilherme,b7672d43,br BRA,FW,West Ham,WESTHAMUNITED,19.0,2006,2025,5,1,125,1.4,0,0,0,0,0,0,0,0,0.0,0.0,0.0,0.0,0.0,0.0034,26,5,Fringe/Backup
Ezra Mayers,9a85a651,bb BRB,DF,West Ham,WESTHAMUNITED,18.0,2007,2025,6,0,117,1.3,0,0,0,0,0,0,0,0,0.0,0.0,0.0,0.0,0.0,0.0031,27,5,Fringe/Backup
Adama Traoré,9a28eba4,es ESP,FWMF,West Ham,WESTHAMUNITED,29.0,1996,2025,9,0,121,1.3,0,0,0,0,0,0,1,0,0.0,0.0,0.0,0.0,0.0,0.0031,28,5,Fringe/Backup
Igor,a4e85758,br BRA,DF,West Ham,WESTHAMUNITED,27.0,1998,2025,4,1,105,1.2,0,0,0,0,0,0,0,0,0.0,0.0,0.0,0.0,0.0,0.0029,29,5,Fringe/Backup
Mohamadou Kanté,0041f3e6,fr FRA,MF,West Ham,WESTHAMUNITED,19.0,2005,2025,11,0,75,0.8,0,0,0,0,0,0,2,0,0.0,0.0,0.0,0.0,0.0,0.0019,30,5,Fringe/Backup
Callum Marshall,3a27f1bf,nir NIR,FW,West Ham,WESTHAMUNITED,20.0,2004,2025,2,0,60,0.7,0,0,0,0,0,0,0,0,0.0,0.0,0.0,0.0,0.0,0.0017,31,5,Fringe/Backup
George Earthy,123d2733,eng ENG,MF,West Ham,WESTHAMUNITED,20.0,2004,2025,1,0,9,0.1,0,0,0,0,0,0,0,0,0.0,0.0,0.0,0.0,0.0,0.0002,32,5,Fringe/Backup
João Gomes,8b57ad2c,br BRA,MF,Wolves,WOLVERHAMPTONWANDERERS,24.0,2001,2025,35,32,2829,31.4,1,1,2,1,0,0,10,0,0.03,0.03,0.06,0.03,0.06,0.0776,1,1,Talisman
André,ec604e2c,br BRA,MF,Wolves,WOLVERHAMPTONWANDERERS,24.0,2001,2025,35,30,2762,30.7,1,0,1,1,0,0,12,0,0.03,0.0,0.03,0.03,0.03,0.0748,2,1,Talisman
Santiago Bueno,edc98fac,uy URU,DF,Wolves,WOLVERHAMPTONWANDERERS,26.0,1998,2025,29,28,2553,28.4,3,1,4,3,0,0,4,0,0.11,0.04,0.14,0.11,0.14,0.0729,3,1,Talisman
Hugo Bueno,bfc3b3a0,es ESP,MFDF,Wolves,WOLVERHAMPTONWANDERERS,22.0,2002,2025,35,26,2366,26.3,1,2,3,1,0,0,3,0,0.04,0.08,0.11,0.04,0.11,0.0666,4,1,Talisman
Ladislav Krejčí,5b5c2228,cz CZE,DFMF,Wolves,WOLVERHAMPTONWANDERERS,26.0,1999,2025,28,27,2356,26.2,2,1,3,2,0,0,5,1,0.08,0.04,0.11,0.08,0.11,0.0663,5,1,Talisman
Yerson Mosquera,1e159d70,co COL,DF,Wolves,WOLVERHAMPTONWANDERERS,24.0,2001,2025,27,24,2136,23.7,0,0,0,0,0,0,12,0,0.0,0.0,0.0,0.0,0.0,0.0569,6,1,Talisman
José Sá,903b6e8b,pt POR,GK,Wolves,WOLVERHAMPTONWANDERERS,32.0,1993,2025,23,23,2070,23.0,0,0,0,0,0,0,2,0,0.0,0.0,0.0,0.0,0.0,0.0552,7,2,Key Player
Mateus Mane,c15cb409,pt POR,MF,Wolves,WOLVERHAMPTONWANDERERS,17.0,2007,2025,27,19,1795,19.9,3,1,4,3,0,0,0,0,0.15,0.05,0.2,0.15,0.2,0.0525,8,2,Key Player
Jackson Tchatchoua,aeca7743,cm CMR,MFDF,Wolves,WOLVERHAMPTONWANDERERS,23.0,2001,2025,31,19,1845,20.5,0,1,1,0,0,0,3,0,0.0,0.05,0.05,0.0,0.05,0.0504,9,2,Key Player
Tolu Arokodare,a42760bc,ng NGA,FW,Wolves,WOLVERHAMPTONWANDERERS,24.0,2000,2025,33,13,1419,15.8,3,1,4,3,0,1,1,0,0.19,0.06,0.25,0.19,0.25,0.0427,10,2,Key Player
Hwang Hee-chan,169fd162,kr KOR,FWMF,Wolves,WOLVERHAMPTONWANDERERS,29.0,1996,2025,26,18,1446,16.1,2,2,4,1,1,1,5,0,0.12,0.12,0.25,0.06,0.19,0.0423,11,2,Key Player
Jørgen Strand Larsen,f553b2b3,no NOR,FW,Wolves,WOLVERHAMPTONWANDERERS,25.0,2000,2025,22,14,1404,15.6,1,1,2,0,1,2,2,0,0.06,0.06,0.13,0.0,0.06,0.0386,12,2,Key Player
Toti Gomes,f0caab96,pt POR,DF,Wolves,WOLVERHAMPTONWANDERERS,26.0,1999,2025,19,17,1424,15.8,0,0,0,0,0,0,2,1,0.0,0.0,0.0,0.0,0.0,0.0379,13,3,Regular Starter
Jean-Ricner Bellegarde,10f0fdd3,ht HAI,MFFW,Wolves,WOLVERHAMPTONWANDERERS,27.0,1998,2025,26,15,1248,13.9,1,1,2,1,0,0,5,0,0.07,0.07,0.14,0.07,0.14,0.0357,14,3,Regular Starter
Adam Armstrong,68c720b5,eng ENG,FWMF,Wolves,WOLVERHAMPTONWANDERERS,28.0,1997,2025,14,14,1140,12.7,2,2,4,1,1,1,3,0,0.16,0.16,0.32,0.08,0.24,0.0341,15,3,Regular Starter
Jhon Arias,86d96066,co COL,FWMF,Wolves,WOLVERHAMPTONWANDERERS,27.0,1997,2025,23,14,1124,12.5,1,0,1,1,0,0,1,0,0.08,0.0,0.08,0.08,0.08,0.0312,16,3,Regular Starter
David Møller Wolfe,9affc5f2,no NOR,MFDF,Wolves,WOLVERHAMPTONWANDERERS,23.0,2002,2025,22,11,1049,11.7,0,2,2,0,0,0,1,0,0.0,0.17,0.17,0.0,0.17,0.0305,17,3,Regular Starter
Emmanuel Agbadou,75f1ed80,ci CIV,DF,Wolves,WOLVERHAMPTONWANDERERS,28.0,1997,2025,14,12,1101,12.2,0,0,0,0,0,0,1,1,0.0,0.0,0.0,0.0,0.0,0.0293,18,3,Regular Starter
Rodrigo Gomes,8dcf77c0,pt POR,MFFW,Wolves,WOLVERHAMPTONWANDERERS,22.0,2003,2025,22,9,960,10.7,3,0,3,3,0,0,0,0,0.28,0.0,0.28,0.28,0.28,0.0293,19,4,Squad Rotation
Sam Johnstone,9e5708be,eng ENG,GK,Wolves,WOLVERHAMPTONWANDERERS,32.0,1993,2025,12,12,1080,12.0,0,0,0,0,0,0,0,0,0.0,0.0,0.0,0.0,0.0,0.0288,20,4,Squad Rotation
Marshall Munetsi,2acf0cd7,zw ZIM,MFFW,Wolves,WOLVERHAMPTONWANDERERS,29.0,1996,2025,13,9,875,9.7,1,1,2,1,0,0,2,0,0.1,0.1,0.21,0.1,0.21,0.0257,21,4,Squad Rotation
Matt Doherty,d557d734,ie IRL,DFMF,Wolves,WOLVERHAMPTONWANDERERS,33.0,1992,2025,11,11,787,8.7,0,0,0,0,0,0,4,0,0.0,0.0,0.0,0.0,0.0,0.0209,22,4,Squad Rotation
Angel Gomes,645a3363,eng ENG,MFFW,Wolves,WOLVERHAMPTONWANDERERS,24.0,2000,2025,12,7,461,5.1,0,0,0,0,0,0,1,0,0.0,0.0,0.0,0.0,0.0,0.0122,23,4,Squad Rotation
Ki-Jana Hoever,9a71e978,nl NED,MFDF,Wolves,WOLVERHAMPTONWANDERERS,23.0,2002,2025,8,6,425,4.7,0,0,0,0,0,0,0,0,0.0,0.0,0.0,0.0,0.0,0.0113,24,4,Squad Rotation
Fer López,675cacff,es ESP,MF,Wolves,WOLVERHAMPTONWANDERERS,21.0,2004,2025,9,2,235,2.6,0,1,1,0,0,0,1,0,0.0,0.38,0.38,0.0,0.38,0.0074,25,5,Fringe/Backup
Daniel Bentley,68db6358,eng ENG,GK,Wolves,WOLVERHAMPTONWANDERERS,32.0,1993,2025,3,3,270,3.0,0,0,0,0,0,0,0,0,0.0,0.0,0.0,0.0,0.0,0.0072,26,5,Fringe/Backup
Pedro Lima,b2f4cad5,br BRA,MF,Wolves,WOLVERHAMPTONWANDERERS,19.0,2006,2025,9,3,260,2.9,0,0,0,0,0,0,0,0,0.0,0.0,0.0,0.0,0.0,0.007,27,5,Fringe/Backup
Tom Edozie,3354ea94,eng ENG,MF,Wolves,WOLVERHAMPTONWANDERERS,19.0,2006,2025,3,0,14,0.2,1,0,1,1,0,0,0,0,6.43,0.0,6.43,6.43,6.43,0.002,28,5,Fringe/Backup
Tawanda Chirewa,34721c11,zw ZIM,MF,Wolves,WOLVERHAMPTONWANDERERS,21.0,2003,2025,2,0,27,0.3,0,0,0,0,0,0,0,0,0.0,0.0,0.0,0.0,0.0,0.0007,29,5,Fringe/Backup
Jerome Abbey,4f504fcc,eng ENG,MF,Wolves,WOLVERHAMPTONWANDERERS,15.0,2009,2025,1,0,17,0.2,0,0,0,0,0,0,0,0,0.0,0.0,0.0,0.0,0.0,0.0005,30,5,Fringe/Backup
Saša Kalajdžić,15f24fe7,at AUT,FWMF,Wolves,WOLVERHAMPTONWANDERERS,28.0,1997,2025,1,0,15,0.2,0,0,0,0,0,0,0,0,0.0,0.0,0.0,0.0,0.0,0.0005,31,5,Fringe/Backup
Marcus Tavernier,5c0da4a4,eng ENG,MF,Bournemouth,AFCBOURNEMOUTH,27.47,1999,2026,3,3,268,3.0,2,0,2,2,0,0,1,0,0.67,0.0,0.67,0.67,0.67,0.1214,1,1,Talisman
Evanilson,6f3cc2fe,br BRA,FW,Bournemouth,AFCBOURNEMOUTH,26.92,1999,2026,3,3,244,2.7,0,2,2,0,0,0,1,0,0.0,0.74,0.74,0.0,0.74,0.1121,2,1,Talisman
Alex Scott,104d0bb8,eng ENG,MF,Bournemouth,AFCBOURNEMOUTH,23.05,2003,2026,3,3,265,2.9,1,0,1,1,0,0,1,0,0.34,0.0,0.34,0.34,0.34,0.1028,3,1,Talisman
James Hill,69942fb3,eng ENG,DF,Bournemouth,AFCBOURNEMOUTH,24.66,2002,2026,3,3,270,3.0,0,0,0,0,0,0,0,0,0.0,0.0,0.0,0.0,0.0,0.0909,4,2,Key Player
Đorđe Petrović,0cf321c8,rs SRB,GK,Bournemouth,AFCBOURNEMOUTH,26.92,1999,2026,3,3,270,3.0,0,0,0,0,0,0,0,0,0.0,0.0,0.0,0.0,0.0,0.0909,5,2,Key Player
Rayan,288647fc,br BRA,MF,Bournemouth,AFCBOURNEMOUTH,20.1,2006,2026,3,3,266,3.0,0,0,0,0,0,0,0,0,0.0,0.0,0.0,0.0,0.0,0.0909,6,2,Key Player
António Silva,8f0435c7,pt POR,DF,Bournemouth,AFCBOURNEMOUTH,22.86,2003,2026,3,3,270,3.0,0,0,0,0,0,0,1,0,0.0,0.0,0.0,0.0,0.0,0.0909,7,2,Key Player
Adam Smith,20b104bc,eng ENG,DF,Bournemouth,AFCBOURNEMOUTH,35.36,1991,2026,3,3,270,3.0,0,0,0,0,0,0,2,0,0.0,0.0,0.0,0.0,0.0,0.0909,8,3,Regular Starter
Adrien Truffert,5d0e0a1f,fr FRA,DF,Bournemouth,AFCBOURNEMOUTH,24.8,2001,2026,3,3,270,3.0,0,0,0,0,0,0,1,0,0.0,0.0,0.0,0.0,0.0,0.0909,9,3,Regular Starter
Justin Kluivert,4c3a6744,nl NED,MF,Bournemouth,AFCBOURNEMOUTH,27.35,1999,2026,3,3,229,2.5,0,0,0,0,0,0,1,0,0.0,0.0,0.0,0.0,0.0,0.0758,10,3,Regular Starter
Lewis Cook,2afc7272,eng ENG,MF,Bournemouth,AFCBOURNEMOUTH,29.59,1997,2026,3,2,157,1.7,0,0,0,0,0,0,0,0,0.0,0.0,0.0,0.0,0.0,0.0515,11,4,Squad Rotation
Tyler Adams,2b09d998,us USA,MF,Bournemouth,AFCBOURNEMOUTH,27.56,1999,2026,3,1,113,1.3,0,0,0,0,0,0,0,0,0.0,0.0,0.0,0.0,0.0,0.0394,12,4,Squad Rotation
David Brooks,dc4cae05,wls WAL,FWMF,Bournemouth,AFCBOURNEMOUTH,29.17,1997,2026,2,0,25,0.3,0,0,0,0,0,0,0,0,0.0,0.0,0.0,0.0,0.0,0.0091,13,4,Squad Rotation
Daniel Jebbison,03edb878,ca CAN,FW,Bournemouth,AFCBOURNEMOUTH,23.07,2003,2026,2,0,18,0.2,0,0,0,0,0,0,0,0,0.0,0.0,0.0,0.0,0.0,0.0061,14,4,Squad Rotation
Alex Tóth,5e18c6f4,hu HUN,MF,Bournemouth,AFCBOURNEMOUTH,20.88,2005,2026,1,0,16,0.2,0,0,0,0,0,0,0,0,0.0,0.0,0.0,0.0,0.0,0.0061,15,5,Fringe/Backup
Ryan Christie,26ce2263,sct SCO,FWMF,Bournemouth,AFCBOURNEMOUTH,31.54,1995,2026,2,0,5,0.1,0,0,0,0,0,0,0,0,0.0,0.0,0.0,0.0,0.0,0.003,16,5,Fringe/Backup
Álvaro Rodríguez,49a6ecbb,uy URU,FW,Bournemouth,AFCBOURNEMOUTH,22.15,2004,2026,1,0,10,0.1,0,0,0,0,0,0,0,0,0.0,0.0,0.0,0.0,0.0,0.003,17,5,Fringe/Backup
Ben Gannon-Doak,733f1a7d,sct SCO,MF,Bournemouth,AFCBOURNEMOUTH,20.82,2005,2026,2,0,4,0.0,0,0,0,0,0,0,0,0,0.0,0.0,0.0,0.0,0.0,0.0,18,5,Fringe/Backup
Kai Havertz,fed7cb61,de GER,FW,Arsenal,ARSENAL,27.24,1999,2026,3,3,257,2.9,2,0,2,2,0,0,0,0,0.7,0.0,0.7,0.7,0.7,0.1186,1,1,Talisman
Bukayo Saka,bc7dc64d,eng ENG,MF,Arsenal,ARSENAL,25.01,2001,2026,3,3,246,2.7,2,0,2,2,0,0,0,0,0.73,0.0,0.73,0.73,0.73,0.1117,2,1,Talisman
Riccardo Calafiori,aded8e6f,it ITA,DF,Arsenal,ARSENAL,24.31,2002,2026,3,3,237,2.6,0,2,2,0,0,0,0,0,0.0,0.76,0.76,0.0,0.76,0.1087,3,1,Talisman
Martin Ødegaard,79300479,no NOR,MF,Arsenal,ARSENAL,27.73,1998,2026,3,3,221,2.5,2,0,2,2,0,0,0,0,0.81,0.0,0.81,0.81,0.81,0.1064,4,2,Key Player
Ben White,35e413f1,eng ENG,DF,Arsenal,ARSENAL,28.92,1997,2026,3,3,270,3.0,0,1,1,0,0,0,0,0,0.0,0.33,0.33,0.0,0.33,0.1059,5,2,Key Player
Declan Rice,1c7012b8,eng ENG,MF,Arsenal,ARSENAL,27.65,1999,2026,3,3,241,2.7,0,1,1,0,0,0,0,0,0.0,0.37,0.37,0.0,0.37,0.097,6,2,Key Player
Gabriel Magalhães,67ac5bb8,br BRA,DF,Arsenal,ARSENAL,28.72,1997,2026,3,3,270,3.0,0,0,0,0,0,0,1,0,0.0,0.0,0.0,0.0,0.0,0.0909,7,2,Key Player
David Raya,98ea5115,es ESP,GK,Arsenal,ARSENAL,30.98,1995,2026,3,3,270,3.0,0,0,0,0,0,0,0,0,0.0,0.0,0.0,0.0,0.0,0.0909,8,3,Regular Starter
Christos Tzolis,9f333379,gr GRE,MF,Arsenal,ARSENAL,24.61,2002,2026,3,3,210,2.3,0,1,1,0,0,0,2,0,0.0,0.43,0.43,0.0,0.43,0.0847,9,3,Regular Starter
Myles Lewis-Skelly,5dff6c28,eng ENG,MF,Arsenal,ARSENAL,19.95,2006,2026,3,3,226,2.5,0,0,0,0,0,0,0,0,0.0,0.0,0.0,0.0,0.0,0.0758,10,3,Regular Starter
Cristhian Mosquera,dc1ce4f5,es ESP,DF,Arsenal,ARSENAL,22.2,2004,2026,2,2,168,1.9,0,0,0,0,0,0,0,0,0.0,0.0,0.0,0.0,0.0,0.0576,11,3,Regular Starter
Ezri Konsa,0313a347,eng ENG,DF,Arsenal,ARSENAL,28.88,1997,2026,2,1,102,1.1,0,0,0,0,0,0,0,0,0.0,0.0,0.0,0.0,0.0,0.0333,12,4,Squad Rotation
Eberechi Eze,ae4fc6a4,eng ENG,FWMF,Arsenal,ARSENAL,28.19,1998,2026,2,0,60,0.7,0,0,0,0,0,0,0,0,0.0,0.0,0.0,0.0,0.0,0.0212,13,4,Squad Rotation
Martín Zubimendi,3ee0dd59,es ESP,MF,Arsenal,ARSENAL,27.6,1999,2026,3,0,53,0.6,0,0,0,0,0,0,0,0,0.0,0.0,0.0,0.0,0.0,0.0182,14,4,Squad Rotation
Mikel Merino,d080ed5e,es ESP,MF,Arsenal,ARSENAL,30.21,1996,2026,3,0,49,0.5,0,0,0,0,0,0,1,0,0.0,0.0,0.0,0.0,0.0,0.0152,15,4,Squad Rotation
Piero Hincapié,0c7a48f8,ec ECU,DF,Arsenal,ARSENAL,24.66,2002,2026,2,0,33,0.4,0,0,0,0,0,0,0,0,0.0,0.0,0.0,0.0,0.0,0.0121,16,5,Fringe/Backup
Noni Madueke,bf34eebd,eng ENG,FWMF,Arsenal,ARSENAL,24.5,2002,2026,2,0,24,0.3,0,0,0,0,0,0,0,0,0.0,0.0,0.0,0.0,0.0,0.0091,17,5,Fringe/Backup
Bruno Guimarães,82518f62,br BRA,MF,Arsenal,ARSENAL,28.81,1997,2026,1,0,20,0.2,0,0,0,0,0,0,0,0,0.0,0.0,0.0,0.0,0.0,0.0061,18,5,Fringe/Backup
Viktor Gyökeres,4d5a9185,se SWE,FWMF,Arsenal,ARSENAL,28.26,1998,2026,1,0,13,0.1,0,0,0,0,0,0,0,0,0.0,0.0,0.0,0.0,0.0,0.003,19,5,Fringe/Backup
Boubacar Kamara,cc77354e,fr FRA,MF,Aston Villa,ASTONVILLA,26.79,1999,2026,3,3,270,3.0,0,0,0,0,0,0,0,0,0.0,0.0,0.0,0.0,0.0,0.0923,1,1,Talisman
Victor Lindelöf,f5deef4c,se SWE,DF,Aston Villa,ASTONVILLA,32.15,1994,2026,3,3,270,3.0,0,0,0,0,0,0,0,0,0.0,0.0,0.0,0.0,0.0,0.0923,2,1,Talisman
John McGinn,90f91999,sct SCO,MF,Aston Villa,ASTONVILLA,31.89,1994,2026,3,3,261,2.9,0,0,0,0,0,0,2,0,0.0,0.0,0.0,0.0,0.0,0.0892,3,1,Talisman
Emi Buendía,66b76d44,ar ARG,MFFW,Aston Villa,ASTONVILLA,29.7,1996,2026,3,3,249,2.8,0,0,0,0,0,0,0,0,0.0,0.0,0.0,0.0,0.0,0.0862,4,1,Talisman
Matty Cash,2389cdc2,pl POL,DF,Aston Villa,ASTONVILLA,29.09,1997,2026,3,3,251,2.8,0,0,0,0,0,0,1,0,0.0,0.0,0.0,0.0,0.0,0.0862,5,2,Key Player
Ross Barkley,3a24769f,eng ENG,MF,Aston Villa,ASTONVILLA,32.76,1993,2026,3,3,240,2.7,0,0,0,0,0,0,0,0,0.0,0.0,0.0,0.0,0.0,0.0831,6,2,Key Player
Ian Maatsen,cab9634e,nl NED,DF,Aston Villa,ASTONVILLA,24.5,2002,2026,3,3,245,2.7,0,0,0,0,0,0,1,0,0.0,0.0,0.0,0.0,0.0,0.0831,7,2,Key Player
George Hemmings,28795530,eng ENG,MF,Aston Villa,ASTONVILLA,19.52,2007,2026,3,3,234,2.6,0,0,0,0,0,0,0,0,0.0,0.0,0.0,0.0,0.0,0.08,8,2,Key Player
Zion Suzuki,51e1f4f5,jp JPN,GK,Aston Villa,ASTONVILLA,24.05,2002,2026,2,2,180,2.0,0,0,0,0,0,0,0,0,0.0,0.0,0.0,0.0,0.0,0.0615,9,3,Regular Starter
Pau Torres,532e1e4f,es ESP,DF,Aston Villa,ASTONVILLA,29.64,1997,2026,2,2,163,1.8,0,0,0,0,0,0,0,0,0.0,0.0,0.0,0.0,0.0,0.0554,10,3,Regular Starter
Nicolas Jackson,9c36ed83,sn SEN,FW,Aston Villa,ASTONVILLA,25.22,2001,2026,2,2,154,1.7,0,0,0,0,0,0,0,0,0.0,0.0,0.0,0.0,0.0,0.0523,11,3,Regular Starter
Tyrone Mings,8397a50c,eng ENG,DF,Aston Villa,ASTONVILLA,33.49,1993,2026,2,1,107,1.2,0,0,0,0,0,0,0,0,0.0,0.0,0.0,0.0,0.0,0.0369,12,3,Regular Starter
Marco Bizot,3d214e5f,nl NED,GK,Aston Villa,ASTONVILLA,35.5,1991,2026,1,1,90,1.0,0,0,0,0,0,0,0,0,0.0,0.0,0.0,0.0,0.0,0.0308,13,4,Squad Rotation
Alysson,99b63a82,br BRA,MF,Aston Villa,ASTONVILLA,20.35,2006,2026,3,0,45,0.5,0,0,0,0,0,0,1,0,0.0,0.0,0.0,0.0,0.0,0.0154,14,4,Squad Rotation
Alejandro Garnacho,7aa8adfe,ar ARG,MF,Aston Villa,ASTONVILLA,22.19,2004,2026,3,0,34,0.4,0,0,0,0,0,0,0,0,0.0,0.0,0.0,0.0,0.0,0.0123,15,4,Squad Rotation
João Gomes,8b57ad2c,br BRA,MF,Aston Villa,ASTONVILLA,25.57,2001,2026,1,1,39,0.4,0,0,0,0,0,0,1,1,0.0,0.0,0.0,0.0,0.0,0.0123,16,4,Squad Rotation
Tammy Abraham,f586779e,eng ENG,FW,Aston Villa,ASTONVILLA,28.93,1997,2026,2,0,26,0.3,0,0,0,0,0,0,0,0,0.0,0.0,0.0,0.0,0.0,0.0092,17,5,Fringe/Backup
Matteo Ruggeri,ae9898c5,it ITA,DFMF,Aston Villa,ASTONVILLA,24.16,2002,2026,2,0,25,0.3,0,0,0,0,0,0,0,0,0.0,0.0,0.0,0.0,0.0,0.0092,18,5,Fringe/Backup
Lamare Bogarde,bca5c4a7,nl NED,DFMF,Aston Villa,ASTONVILLA,22.67,2004,2026,1,0,17,0.2,0,0,0,0,0,0,0,0,0.0,0.0,0.0,0.0,0.0,0.0062,19,5,Fringe/Backup
Aaron Wan-Bissaka,9e525177,cd COD,DFMF,Aston Villa,ASTONVILLA,28.78,1997,2026,2,0,19,0.2,0,0,0,0,0,0,0,0,0.0,0.0,0.0,0.0,0.0,0.0062,20,5,Fringe/Backup
Vitaly Janelt,8449d35e,de GER,MF,Brentford,BRENTFORD,28.33,1998,2026,3,3,270,3.0,2,0,2,2,0,0,3,0,0.67,0.0,0.67,0.67,0.67,0.1214,1,1,Talisman
Keane Lewis-Potter,41f08ac8,eng ENG,DF,Brentford,BRENTFORD,25.54,2001,2026,3,3,267,3.0,1,1,2,1,0,0,0,0,0.34,0.34,0.67,0.34,0.67,0.1214,2,1,Talisman
Kevin Schade,52afb588,de GER,MF,Brentford,BRENTFORD,24.78,2001,2026,3,3,267,3.0,1,0,1,1,0,0,0,0,0.34,0.0,0.34,0.34,0.34,0.1064,3,1,Talisman
Kristoffer Ajer,a8c0acb7,no NOR,DF,Brentford,BRENTFORD,28.39,1998,2026,3,3,270,3.0,0,0,0,0,0,0,1,0,0.0,0.0,0.0,0.0,0.0,0.0909,4,2,Key Player
Caoimhín Kelleher,62d7ef38,ie IRL,GK,Brentford,BRENTFORD,27.79,1998,2026,3,3,270,3.0,0,0,0,0,0,0,0,0,0.0,0.0,0.0,0.0,0.0,0.0909,5,2,Key Player
Igor Thiago,dc45ac24,br BRA,FW,Brentford,BRENTFORD,25.2,2001,2026,3,3,262,2.9,0,0,0,0,0,1,0,0,0.0,0.0,0.0,0.0,0.0,0.0879,6,2,Key Player
Michael Kayode,e19660a8,it ITA,DF,Brentford,BRENTFORD,22.16,2004,2026,3,3,207,2.3,1,0,1,1,0,0,0,0,0.43,0.0,0.43,0.43,0.43,0.0847,7,2,Key Player
Mamadou Sangare,e50d714b,ml MLI,MF,Brentford,BRENTFORD,24.2,2002,2026,3,3,210,2.3,0,1,1,0,0,0,1,0,0.0,0.43,0.43,0.0,0.43,0.0847,8,3,Regular Starter
Nathan Collins,a8c19eb8,ie IRL,DF,Brentford,BRENTFORD,25.36,2001,2026,3,3,196,2.2,0,0,0,0,0,0,1,0,0.0,0.0,0.0,0.0,0.0,0.0667,9,3,Regular Starter
Mikkel Damsgaard,215f3907,dk DEN,MF,Brentford,BRENTFORD,26.18,2000,2026,3,2,168,1.9,0,0,0,0,0,0,0,0,0.0,0.0,0.0,0.0,0.0,0.0576,10,3,Regular Starter
Dango Ouattara,2f9e4435,bf BFA,MF,Brentford,BRENTFORD,24.57,2002,2026,3,2,141,1.6,0,0,0,0,0,0,0,0,0.0,0.0,0.0,0.0,0.0,0.0485,11,4,Squad Rotation
Jaidon Anthony,e4238fb1,eng ENG,MF,Brentford,BRENTFORD,26.77,1999,2026,3,1,129,1.4,0,0,0,0,0,0,1,0,0.0,0.0,0.0,0.0,0.0,0.0424,12,4,Squad Rotation
Yehor Yarmoliuk,907a5d7c,ua UKR,MF,Brentford,BRENTFORD,22.52,2004,2026,3,0,91,1.0,0,0,0,0,0,0,1,0,0.0,0.0,0.0,0.0,0.0,0.0303,13,4,Squad Rotation
Jannik Schuster,82d73da1,at AUT,DF,Brentford,BRENTFORD,20.32,2006,2026,1,0,74,0.8,0,0,0,0,0,0,0,0,0.0,0.0,0.0,0.0,0.0,0.0242,14,4,Squad Rotation
Aaron Hickey,1780bb4a,sct SCO,DFMF,Brentford,BRENTFORD,24.25,2002,2026,3,0,63,0.7,0,0,0,0,0,0,0,0,0.0,0.0,0.0,0.0,0.0,0.0212,15,5,Fringe/Backup
Mathias Jensen,0f134faf,dk DEN,MF,Brentford,BRENTFORD,30.68,1996,2026,1,1,66,0.7,0,0,0,0,0,0,0,0,0.0,0.0,0.0,0.0,0.0,0.0212,16,5,Fringe/Backup
Callum Wilson,c596fcb0,eng ENG,FW,Brentford,BRENTFORD,34.53,1992,2026,3,0,16,0.2,0,0,0,0,0,0,0,0,0.0,0.0,0.0,0.0,0.0,0.0061,17,5,Fringe/Backup
Rico Henry,8a3c1dc7,jm JAM,DFMF,Brentford,BRENTFORD,29.17,1997,2026,1,0,3,0.0,0,0,0,0,0,0,0,0,0.0,0.0,0.0,0.0,0.0,0.0,18,5,Fringe/Backup
Maxim De Cuyper,d494882e,be BEL,MF,Brighton,BRIGHTONHOVEALBION,25.71,2000,2026,3,3,243,2.7,1,1,2,1,0,0,1,0,0.37,0.37,0.74,0.37,0.74,0.1121,1,1,Talisman
Pascal Groß,8aec0537,de GER,MF,Brighton,BRIGHTONHOVEALBION,35.23,1991,2026,3,3,270,3.0,1,0,1,1,0,0,2,0,0.33,0.0,0.33,0.33,0.33,0.1059,2,1,Talisman
Luka Vušković,fd6bdbce,hr CRO,DF,Brighton,BRIGHTONHOVEALBION,19.54,2007,2026,3,3,270,3.0,1,0,1,1,0,0,0,0,0.33,0.0,0.33,0.33,0.33,0.1059,3,1,Talisman
Diego Gómez,916728da,py PAR,MF,Brighton,BRIGHTONHOVEALBION,23.45,2003,2026,3,3,265,2.9,0,1,1,0,0,0,0,0,0.0,0.34,0.34,0.0,0.34,0.1028,4,2,Key Player
Olivier Boscagli,403f5d20,fr FRA,DFMF,Brighton,BRIGHTONHOVEALBION,28.81,1997,2026,3,3,269,3.0,0,0,0,0,0,0,1,0,0.0,0.0,0.0,0.0,0.0,0.0909,5,2,Key Player
Lewis Dunk,282f75f3,eng ENG,DF,Brighton,BRIGHTONHOVEALBION,34.8,1991,2026,3,3,270,3.0,0,0,0,0,0,0,1,0,0.0,0.0,0.0,0.0,0.0,0.0909,6,2,Key Player
Bart Verbruggen,cf134113,nl NED,GK,Brighton,BRIGHTONHOVEALBION,24.06,2002,2026,3,3,270,3.0,0,0,0,0,0,0,0,0,0.0,0.0,0.0,0.0,0.0,0.0909,7,2,Key Player
Malick Yalcouye,e295402e,ci CIV,MF,Brighton,BRIGHTONHOVEALBION,20.81,2005,2026,3,2,168,1.9,1,0,1,1,0,0,0,0,0.54,0.0,0.54,0.54,0.54,0.0731,8,3,Regular Starter
Charalampos Kostoulas,816010c4,gr GRE,FW,Brighton,BRIGHTONHOVEALBION,19.28,2007,2026,3,2,196,2.2,0,0,0,0,0,0,0,0,0.0,0.0,0.0,0.0,0.0,0.0667,9,3,Regular Starter
Ferdi Kadioglu,66c52a77,tr TUR,DF,Brighton,BRIGHTONHOVEALBION,26.92,1999,2026,2,2,167,1.9,0,0,0,0,0,0,0,0,0.0,0.0,0.0,0.0,0.0,0.0576,10,3,Regular Starter
Yasin Ayari,f173303a,se SWE,MF,Brighton,BRIGHTONHOVEALBION,22.92,2003,2026,2,2,153,1.7,0,0,0,0,0,0,1,0,0.0,0.0,0.0,0.0,0.0,0.0515,11,3,Regular Starter
Jack Hinshelwood,e98211e7,eng ENG,MF,Brighton,BRIGHTONHOVEALBION,21.41,2005,2026,1,1,63,0.7,2,0,2,2,0,0,0,0,2.86,0.0,2.86,2.86,2.86,0.0515,12,4,Squad Rotation
Mats Wieffer,4876c9ab,nl NED,DF,Brighton,BRIGHTONHOVEALBION,26.81,1999,2026,2,2,156,1.7,0,0,0,0,0,0,0,0,0.0,0.0,0.0,0.0,0.0,0.0515,13,4,Squad Rotation
Georginio Rutter,c64c01fc,fr FRA,FW,Brighton,BRIGHTONHOVEALBION,24.39,2002,2026,1,1,90,1.0,0,1,1,0,0,0,0,0,0.0,1.0,1.0,0.0,1.0,0.0455,14,4,Squad Rotation
Costinha,80bc5e71,pt POR,DFMF,Brighton,BRIGHTONHOVEALBION,26.45,2000,2026,3,0,51,0.6,0,0,0,0,0,0,1,0,0.0,0.0,0.0,0.0,0.0,0.0182,15,4,Squad Rotation
Promise David,dbe19468,ca CAN,FW,Brighton,BRIGHTONHOVEALBION,25.18,2001,2026,2,0,25,0.3,0,0,0,0,0,0,1,0,0.0,0.0,0.0,0.0,0.0,0.0091,16,5,Fringe/Backup
Ibrahim Osman,acdfe835,gh GHA,FWMF,Brighton,BRIGHTONHOVEALBION,21.78,2004,2026,2,0,30,0.3,0,0,0,0,0,0,0,0,0.0,0.0,0.0,0.0,0.0,0.0091,17,5,Fringe/Backup
Zadok Yohanna,4a76513e,ng NGA,FW,Brighton,BRIGHTONHOVEALBION,19.19,2007,2026,1,0,13,0.1,0,0,0,0,0,0,0,0,0.0,0.0,0.0,0.0,0.0,0.003,18,5,Fringe/Backup
Pascal Struijk,f4d296e4,nl NED,DF,Brighton,BRIGHTONHOVEALBION,27.08,1999,2026,1,0,1,0.0,0,0,0,0,0,0,0,0,0.0,0.0,0.0,0.0,0.0,0.0,19,5,Fringe/Backup
João Pedro,e8832875,br BRA,FW,Chelsea,CHELSEA,24.95,2001,2026,3,3,270,3.0,2,2,4,2,0,0,1,0,0.67,0.67,1.33,0.67,1.33,0.1509,1,1,Talisman
Morgan Rogers,2e5915f1,eng ENG,MF,Chelsea,CHELSEA,24.12,2002,2026,3,3,257,2.9,2,1,3,2,0,0,1,0,0.7,0.35,1.05,0.7,1.05,0.1336,2,1,Talisman
Cole Palmer,dc7f8a28,eng ENG,MF,Chelsea,CHELSEA,24.34,2002,2026,3,3,262,2.9,2,1,3,2,0,0,1,0,0.69,0.34,1.03,0.69,1.03,0.1327,3,1,Talisman
Maxence Lacroix,277c49ed,fr FRA,DF,Chelsea,CHELSEA,26.42,2000,2026,3,3,270,3.0,0,1,1,0,0,0,1,0,0.0,0.33,0.33,0.0,0.33,0.1056,4,1,Talisman
Jorrel Hato,bde35051,nl NED,MF,Chelsea,CHELSEA,20.51,2006,2026,3,3,213,2.4,0,2,2,0,0,0,0,0,0.0,0.85,0.85,0.0,0.85,0.1033,5,2,Key Player
Roméo Lavia,ecad9aa5,be BEL,MF,Chelsea,CHELSEA,22.67,2004,2026,3,3,190,2.1,1,0,1,1,0,0,1,0,0.47,0.0,0.47,0.47,0.47,0.0784,6,2,Key Player
Pedro Neto,7ba2eaa9,pt POR,MF,Chelsea,CHELSEA,26.5,2000,2026,3,2,162,1.8,1,0,1,1,0,0,0,0,0.56,0.0,0.56,0.56,0.56,0.0696,7,2,Key Player
Joshua Acheampong,b7e62e1d,eng ENG,DF,Chelsea,CHELSEA,20.35,2006,2026,3,2,203,2.3,0,0,0,0,0,0,0,0,0.0,0.0,0.0,0.0,0.0,0.0695,8,2,Key Player
Reece James,1265a93a,eng ENG,MF,Chelsea,CHELSEA,26.75,1999,2026,3,2,203,2.3,0,0,0,0,0,0,1,0,0.0,0.0,0.0,0.0,0.0,0.0695,9,3,Regular Starter
Malo Gusto,d56b9520,fr FRA,MF,Chelsea,CHELSEA,23.31,2003,2026,3,2,196,2.2,0,0,0,0,0,0,0,0,0.0,0.0,0.0,0.0,0.0,0.0665,10,3,Regular Starter
Emiliano Martínez,7956236f,ar ARG,GK,Chelsea,CHELSEA,34.02,1992,2026,2,2,180,2.0,0,0,0,0,0,0,0,0,0.0,0.0,0.0,0.0,0.0,0.0604,11,3,Regular Starter
Levi Colwill,700783e7,eng ENG,DF,Chelsea,CHELSEA,23.53,2003,2026,2,2,161,1.8,0,0,0,0,0,0,1,0,0.0,0.0,0.0,0.0,0.0,0.0544,12,3,Regular Starter
Wesley Fofana,132a82f1,fr FRA,DF,Chelsea,CHELSEA,25.73,2000,2026,2,2,157,1.7,0,0,0,0,0,0,1,0,0.0,0.0,0.0,0.0,0.0,0.0514,13,4,Squad Rotation
Robert Sánchez,6a713852,es ESP,GK,Chelsea,CHELSEA,28.81,1997,2026,1,1,90,1.0,0,0,0,0,0,0,0,0,0.0,0.0,0.0,0.0,0.0,0.0302,14,4,Squad Rotation
Pep Chavarría,63c5e56b,es ESP,DFMF,Chelsea,CHELSEA,28.41,1998,2026,3,0,76,0.8,0,0,0,0,0,0,0,0,0.0,0.0,0.0,0.0,0.0,0.0242,15,4,Squad Rotation
Enzo Fernández,5ff4ab71,ar ARG,MF,Chelsea,CHELSEA,25.64,2001,2026,1,0,26,0.3,0,0,0,0,0,0,0,0,0.0,0.0,0.0,0.0,0.0,0.0091,16,4,Squad Rotation
Moisés Caicedo,16264a81,ec ECU,MF,Chelsea,CHELSEA,24.85,2001,2026,1,0,14,0.2,0,0,0,0,0,0,0,0,0.0,0.0,0.0,0.0,0.0,0.006,17,5,Fringe/Backup
Estêvão Willian,2eda11b1,br BRA,MF,Chelsea,CHELSEA,19.38,2007,2026,2,0,18,0.2,0,0,0,0,0,0,0,0,0.0,0.0,0.0,0.0,0.0,0.006,18,5,Fringe/Backup
Valentín Barco,b9f282ec,ar ARG,DFMF,Chelsea,CHELSEA,22.13,2004,2026,1,0,9,0.1,0,0,0,0,0,0,0,0,0.0,0.0,0.0,0.0,0.0,0.003,19,5,Fringe/Backup
Geovany Quenda,19f53b56,pt POR,MF,Chelsea,CHELSEA,19.36,2007,2026,1,0,9,0.1,0,0,0,0,0,0,0,0,0.0,0.0,0.0,0.0,0.0,0.003,20,5,Fringe/Backup
Danny Welbeck,ce5143da,eng ENG,FWMF,Chelsea,CHELSEA,35.78,1990,2026,1,0,4,0.0,0,0,0,0,0,0,0,0,0.0,0.0,0.0,0.0,0.0,0.0,21,5,Fringe/Backup
Aurèle Amenda,1227a22d,ch SUI,DF,Coventry City,COVENTRYCITY,23.11,2003,2026,3,3,270,3.0,0,0,0,0,0,0,1,0,0.0,0.0,0.0,0.0,0.0,0.0909,1,1,Talisman
Milan van Ewijk,58448fbb,nl NED,DFMF,Coventry City,COVENTRYCITY,26.0,2000,2026,3,3,270,3.0,0,0,0,0,0,0,1,0,0.0,0.0,0.0,0.0,0.0,0.0909,2,1,Talisman
Matt Grimes,81a487b9,eng ENG,MF,Coventry City,COVENTRYCITY,31.15,1995,2026,3,3,270,3.0,0,0,0,0,0,0,0,0,0.0,0.0,0.0,0.0,0.0,0.0909,3,1,Talisman
Carl Rushworth,810912d5,eng ENG,GK,Coventry City,COVENTRYCITY,25.19,2001,2026,3,3,270,3.0,0,0,0,0,0,0,0,0,0.0,0.0,0.0,0.0,0.0,0.0909,4,2,Key Player
Jay Dasilva,2a158ded,wls WAL,DFMF,Coventry City,COVENTRYCITY,28.38,1998,2026,3,3,264,2.9,0,0,0,0,0,0,0,0,0.0,0.0,0.0,0.0,0.0,0.0879,5,2,Key Player
Bobby Thomas,6a471ee8,eng ENG,DF,Coventry City,COVENTRYCITY,25.61,2001,2026,3,3,257,2.9,0,0,0,0,0,0,0,0,0.0,0.0,0.0,0.0,0.0,0.0879,6,2,Key Player
Taiwo Awoniyi,e5478b87,ng NGA,FW,Coventry City,COVENTRYCITY,29.07,1997,2026,3,2,181,2.0,0,0,0,0,0,0,0,0,0.0,0.0,0.0,0.0,0.0,0.0606,7,2,Key Player
Loum Tchaouna,a3c8b4d3,fr FRA,MF,Coventry City,COVENTRYCITY,23.0,2003,2026,3,2,167,1.9,0,0,0,0,0,0,0,0,0.0,0.0,0.0,0.0,0.0,0.0576,8,3,Regular Starter
Caleb Yirenkyi,d40ce7b0,gh GHA,MF,Coventry City,COVENTRYCITY,20.65,2006,2026,3,2,159,1.8,0,0,0,0,0,0,1,0,0.0,0.0,0.0,0.0,0.0,0.0545,9,3,Regular Starter
Frank Onyeka,2944f86f,ng NGA,MF,Coventry City,COVENTRYCITY,28.68,1998,2026,2,2,152,1.7,0,0,0,0,0,0,0,0,0.0,0.0,0.0,0.0,0.0,0.0515,10,3,Regular Starter
Jack Rudoni,4d395e2b,eng ENG,MF,Coventry City,COVENTRYCITY,26.29,2000,2026,3,2,153,1.7,0,0,0,0,0,0,0,0,0.0,0.0,0.0,0.0,0.0,0.0515,11,4,Squad Rotation
Ephron Mason-Clark,0d5a541f,jm JAM,MF,Coventry City,COVENTRYCITY,27.04,1999,2026,2,2,128,1.4,0,0,0,0,0,0,0,0,0.0,0.0,0.0,0.0,0.0,0.0424,12,4,Squad Rotation
Brandon Thomas-Asante,fb152f96,gh GHA,MF,Coventry City,COVENTRYCITY,27.69,1998,2026,3,1,121,1.3,0,0,0,0,0,0,0,0,0.0,0.0,0.0,0.0,0.0,0.0394,13,4,Squad Rotation
Ethan Pinnock,e541326e,jm JAM,DF,Coventry City,COVENTRYCITY,33.28,1993,2026,2,1,103,1.1,0,0,0,0,0,0,1,0,0.0,0.0,0.0,0.0,0.0,0.0333,14,4,Squad Rotation
Ellis Simms,26d3b5be,eng ENG,FW,Coventry City,COVENTRYCITY,25.67,2001,2026,2,1,89,1.0,0,0,0,0,0,0,0,0,0.0,0.0,0.0,0.0,0.0,0.0303,15,5,Fringe/Backup
Victor Torp,e8cc2cbb,dk DEN,MF,Coventry City,COVENTRYCITY,27.11,1999,2026,2,0,49,0.5,0,0,0,0,0,0,0,0,0.0,0.0,0.0,0.0,0.0,0.0152,16,5,Fringe/Backup
Gustavo Hamer,eebacc07,nl NED,MF,Coventry City,COVENTRYCITY,29.21,1997,2026,3,0,35,0.4,0,0,0,0,0,0,0,0,0.0,0.0,0.0,0.0,0.0,0.0121,17,5,Fringe/Backup
Tatsuhiro Sakamoto,5e67ea3a,jp JPN,FWMF,Coventry City,COVENTRYCITY,29.88,1996,2026,1,0,32,0.4,0,0,0,0,0,0,0,0,0.0,0.0,0.0,0.0,0.0,0.0121,18,5,Fringe/Backup
Tyrick Mitchell,5cbd1eb0,eng ENG,MF,Crystal Palace,CRYSTALPALACE,27.02,1999,2026,3,3,253,2.8,2,0,2,2,0,0,0,0,0.71,0.0,0.71,0.71,0.71,0.1153,1,1,Talisman
Daichi Kamada,15b287da,jp JPN,MF,Crystal Palace,CRYSTALPALACE,30.09,1996,2026,3,3,268,3.0,0,1,1,0,0,0,1,0,0.0,0.34,0.34,0.0,0.34,0.1067,2,1,Talisman
Jaydee Canvot,3684108d,fr FRA,DF,Crystal Palace,CRYSTALPALACE,20.11,2006,2026,3,3,270,3.0,0,0,0,0,0,0,0,0,0.0,0.0,0.0,0.0,0.0,0.0912,3,1,Talisman
Dean Henderson,e5a76dfe,eng ENG,GK,Crystal Palace,CRYSTALPALACE,29.49,1997,2026,3,3,270,3.0,0,0,0,0,0,0,0,0,0.0,0.0,0.0,0.0,0.0,0.0912,4,1,Talisman
Chris Richards,0a3d6d2b,us USA,DF,Crystal Palace,CRYSTALPALACE,26.45,2000,2026,3,3,270,3.0,0,0,0,0,0,0,0,0,0.0,0.0,0.0,0.0,0.0,0.0912,5,2,Key Player
Adam Wharton,4b542852,eng ENG,MF,Crystal Palace,CRYSTALPALACE,22.59,2004,2026,3,3,270,3.0,0,0,0,0,0,0,0,0,0.0,0.0,0.0,0.0,0.0,0.0912,6,2,Key Player
Eddie Nketiah,a53649b7,eng ENG,MFFW,Crystal Palace,CRYSTALPALACE,27.28,1999,2026,3,3,166,1.8,0,1,1,0,0,0,0,0,0.0,0.54,0.54,0.0,0.54,0.0695,7,2,Key Player
Anan Khalaili,638ddf68,il ISR,MF,Crystal Palace,CRYSTALPALACE,22.01,2004,2026,3,2,200,2.2,0,0,0,0,0,0,1,0,0.0,0.0,0.0,0.0,0.0,0.0669,8,2,Key Player
Yéremy Pino,540ec57b,es ESP,MF,Crystal Palace,CRYSTALPALACE,23.88,2002,2026,3,2,191,2.1,0,0,0,0,0,0,0,0,0.0,0.0,0.0,0.0,0.0,0.0638,9,2,Key Player
Jørgen Strand Larsen,f553b2b3,no NOR,FW,Crystal Palace,CRYSTALPALACE,26.59,2000,2026,3,1,135,1.5,0,0,0,0,0,0,0,0,0.0,0.0,0.0,0.0,0.0,0.0456,10,3,Regular Starter
Axel Disasi,ad82197c,fr FRA,DF,Crystal Palace,CRYSTALPALACE,28.5,1998,2026,2,1,106,1.2,0,0,0,0,0,0,0,0,0.0,0.0,0.0,0.0,0.0,0.0365,11,3,Regular Starter
Takehiro Tomiyasu,b3af9be1,jp JPN,DF,Crystal Palace,CRYSTALPALACE,27.84,1998,2026,2,1,93,1.0,0,0,0,0,0,0,0,0,0.0,0.0,0.0,0.0,0.0,0.0304,12,3,Regular Starter
Dwight McNeil,fc15fb84,eng ENG,MF,Crystal Palace,CRYSTALPALACE,26.79,1999,2026,2,1,85,0.9,0,0,0,0,0,0,0,0,0.0,0.0,0.0,0.0,0.0,0.0274,13,3,Regular Starter
Chadi Riad,b3b9b8b8,ma MAR,DF,Crystal Palace,CRYSTALPALACE,23.23,2003,2026,1,1,71,0.8,0,0,0,0,0,0,0,0,0.0,0.0,0.0,0.0,0.0,0.0243,14,4,Squad Rotation
Quinten Timber,803e7aca,nl NED,MF,Crystal Palace,CRYSTALPALACE,25.23,2001,2026,1,1,73,0.8,0,0,0,0,0,0,0,0,0.0,0.0,0.0,0.0,0.0,0.0243,15,4,Squad Rotation
Ben Chilwell,d2424d1b,eng ENG,DFMF,Crystal Palace,CRYSTALPALACE,29.72,1996,2026,1,0,17,0.2,1,0,1,1,0,0,0,0,5.29,0.0,5.29,5.29,5.29,0.0222,16,4,Squad Rotation
Jean-Philippe Mateta,50e6dc35,fr FRA,FW,Crystal Palace,CRYSTALPALACE,29.2,1997,2026,1,1,62,0.7,0,0,0,0,0,0,0,0,0.0,0.0,0.0,0.0,0.0,0.0213,17,4,Squad Rotation
Evann Guessand,b73f17f8,ci CIV,FWMF,Crystal Palace,CRYSTALPALACE,25.19,2001,2026,2,0,56,0.6,0,0,0,0,0,0,0,0,0.0,0.0,0.0,0.0,0.0,0.0182,18,4,Squad Rotation
Daniel Muñoz,778ef829,co COL,MF,Crystal Palace,CRYSTALPALACE,30.29,1996,2026,1,1,54,0.6,0,0,0,0,0,0,0,0,0.0,0.0,0.0,0.0,0.0,0.0182,19,5,Fringe/Backup
Zavier Gozo,bc2eb719,us USA,MF,Crystal Palace,CRYSTALPALACE,19.47,2007,2026,1,0,23,0.3,0,0,0,0,0,0,0,0,0.0,0.0,0.0,0.0,0.0,0.0091,20,5,Fringe/Backup
Will Hughes,a0666d3e,eng ENG,MF,Crystal Palace,CRYSTALPALACE,31.39,1995,2026,1,0,17,0.2,0,0,0,0,0,0,0,0,0.0,0.0,0.0,0.0,0.0,0.0061,21,5,Fringe/Backup
Óscar Mingueza,056269d7,es ESP,DFMF,Crystal Palace,CRYSTALPALACE,27.32,1999,2026,2,0,18,0.2,0,0,0,0,0,0,0,0,0.0,0.0,0.0,0.0,0.0,0.0061,22,5,Fringe/Backup
Darío Osorio,2e1e3952,cl CHI,FWMF,Crystal Palace,CRYSTALPALACE,22.62,2004,2026,1,0,2,0.0,0,0,0,0,0,0,0,0,0.0,0.0,0.0,0.0,0.0,0.0,23,5,Fringe/Backup
Kiernan Dewsbury-Hall,5c74c0f5,eng ENG,MF,Everton,EVERTON,28.01,1998,2026,3,3,269,3.0,1,0,1,1,0,0,0,0,0.33,0.0,0.33,0.33,0.33,0.1053,1,1,Talisman
James Tarkowski,15ea812b,eng ENG,DF,Everton,EVERTON,33.8,1992,2026,3,3,270,3.0,1,0,1,1,0,0,0,0,0.33,0.0,0.33,0.33,0.33,0.1053,2,1,Talisman
Harrison Armstrong,de59e609,eng ENG,MF,Everton,EVERTON,19.64,2007,2026,3,3,265,2.9,0,1,1,0,0,0,1,0,0.0,0.34,0.34,0.0,0.34,0.1022,3,1,Talisman
Thierno Barry,52c3244b,fr FRA,FW,Everton,EVERTON,23.88,2002,2026,3,3,237,2.6,1,0,1,1,0,0,0,0,0.38,0.0,0.38,0.38,0.38,0.0932,4,2,Key Player
Tyrique George,e6f7797e,eng ENG,MF,Everton,EVERTON,20.59,2006,2026,3,3,234,2.6,1,0,1,1,0,0,0,0,0.38,0.0,0.38,0.38,0.38,0.0932,5,2,Key Player
Jarrad Branthwaite,c1949191,eng ENG,DF,Everton,EVERTON,24.2,2002,2026,3,3,270,3.0,0,0,0,0,0,0,0,0,0.0,0.0,0.0,0.0,0.0,0.0904,6,2,Key Player
Vitaliy Mykolenko,30d4a2e5,ua UKR,DF,Everton,EVERTON,27.28,1999,2026,3,3,270,3.0,0,0,0,0,0,0,0,0,0.0,0.0,0.0,0.0,0.0,0.0904,7,2,Key Player
Jordan Pickford,4806ec67,eng ENG,GK,Everton,EVERTON,32.51,1994,2026,3,3,270,3.0,0,0,0,0,0,0,0,0,0.0,0.0,0.0,0.0,0.0,0.0904,8,3,Regular Starter
Merlin Röhl,1f2c7b55,de GER,DF,Everton,EVERTON,24.18,2002,2026,3,3,249,2.8,0,0,0,0,0,0,1,0,0.0,0.0,0.0,0.0,0.0,0.0843,9,3,Regular Starter
Iliman Ndiaye,5ed97752,sn SEN,MF,Everton,EVERTON,26.51,2000,2026,2,2,180,2.0,0,1,1,0,0,0,0,0,0.0,0.5,0.5,0.0,0.5,0.0753,10,3,Regular Starter
Hayden Hackney,ba397562,eng ENG,MF,Everton,EVERTON,24.2,2002,2026,3,1,123,1.4,0,1,1,0,0,0,0,0,0.0,0.73,0.73,0.0,0.73,0.0576,11,4,Squad Rotation
James Garner,4e015693,eng ENG,MF,Everton,EVERTON,25.49,2001,2026,3,2,149,1.7,0,0,0,0,0,0,1,0,0.0,0.0,0.0,0.0,0.0,0.0512,12,4,Squad Rotation
Brennan Johnson,0cd31129,wls WAL,MF,Everton,EVERTON,25.3,2001,2026,3,1,101,1.1,0,0,0,0,0,0,1,0,0.0,0.0,0.0,0.0,0.0,0.0331,13,4,Squad Rotation
Ainsley Maitland-Niles,e3a5814e,eng ENG,DFFW,Everton,EVERTON,29.03,1997,2026,1,0,14,0.2,1,0,1,1,0,0,0,0,6.43,0.0,6.43,6.43,6.43,0.0254,14,4,Squad Rotation
Beto,ed5c0319,gw GNB,FW,Everton,EVERTON,28.6,1998,2026,2,0,33,0.4,0,0,0,0,0,0,0,0,0.0,0.0,0.0,0.0,0.0,0.012,15,5,Fringe/Backup
Jack Grealish,b0b4fd3e,eng ENG,FWMF,Everton,EVERTON,30.99,1995,2026,1,0,25,0.3,0,0,0,0,0,0,0,0,0.0,0.0,0.0,0.0,0.0,0.009,16,5,Fringe/Backup
Carlos Alcaraz,4abac767,ar ARG,MF,Everton,EVERTON,23.77,2002,2026,2,0,6,0.1,0,0,0,0,0,0,1,0,0.0,0.0,0.0,0.0,0.0,0.003,17,5,Fringe/Backup
Tim Iroegbunam,84c5ceea,eng ENG,MF,Everton,EVERTON,23.19,2003,2026,1,0,5,0.1,0,0,0,0,0,0,0,0,0.0,0.0,0.0,0.0,0.0,0.003,18,5,Fringe/Backup
Joshua King,86109b3b,eng ENG,MF,Fulham,FULHAM,19.68,2007,2026,3,3,270,3.0,2,0,2,2,0,0,0,0,0.67,0.0,0.67,0.67,0.67,0.1217,1,1,Talisman
Gonzalo García,74c2d562,es ESP,FW,Fulham,FULHAM,22.46,2004,2026,3,3,270,3.0,1,0,1,1,0,0,0,0,0.33,0.0,0.33,0.33,0.33,0.1062,2,1,Talisman
Timothy Castagne,197640fd,be BEL,DF,Fulham,FULHAM,30.76,1995,2026,3,3,247,2.7,0,1,1,0,0,0,1,0,0.0,0.36,0.36,0.0,0.36,0.0968,3,1,Talisman
Calvin Bassey,a36524bf,ng NGA,DF,Fulham,FULHAM,26.69,1999,2026,3,3,270,3.0,0,0,0,0,0,0,1,0,0.0,0.0,0.0,0.0,0.0,0.0912,4,2,Key Player
Bernd Leno,2628fd2b,de GER,GK,Fulham,FULHAM,34.52,1992,2026,3,3,270,3.0,0,0,0,0,0,0,0,0,0.0,0.0,0.0,0.0,0.0,0.0912,5,2,Key Player
Alex Iwobi,6ca5ec4b,ng NGA,MF,Fulham,FULHAM,30.35,1996,2026,3,3,262,2.9,0,0,0,0,0,0,0,0,0.0,0.0,0.0,0.0,0.0,0.0881,6,2,Key Player
Antonee Robinson,289601e6,us USA,DF,Fulham,FULHAM,29.08,1997,2026,3,3,249,2.8,0,0,0,0,0,0,0,0,0.0,0.0,0.0,0.0,0.0,0.0851,7,2,Key Player
César Palacios,f4d61d12,es ESP,MF,Fulham,FULHAM,21.82,2004,2026,3,3,207,2.3,1,0,1,1,0,0,1,0,0.43,0.0,0.43,0.43,0.43,0.0849,8,3,Regular Starter
Oscar Bobb,eed2427e,no NOR,MF,Fulham,FULHAM,23.16,2003,2026,3,3,211,2.3,0,0,0,0,0,0,0,0,0.0,0.0,0.0,0.0,0.0,0.0699,9,3,Regular Starter
Joachim Andersen,e34fc66d,dk DEN,DF,Fulham,FULHAM,30.27,1996,2026,2,2,180,2.0,0,0,0,0,0,0,1,0,0.0,0.0,0.0,0.0,0.0,0.0608,10,3,Regular Starter
Sander Berge,d0b6129f,no NOR,MF,Fulham,FULHAM,28.56,1998,2026,3,2,184,2.0,0,0,0,0,0,0,0,0,0.0,0.0,0.0,0.0,0.0,0.0608,11,4,Squad Rotation
Shea Charles,5cc3ce65,nir NIR,MF,Fulham,FULHAM,22.84,2003,2026,3,1,125,1.4,0,0,0,0,0,0,0,0,0.0,0.0,0.0,0.0,0.0,0.0426,12,4,Squad Rotation
Jorge Cuenca,0abc51f2,es ESP,DF,Fulham,FULHAM,26.81,1999,2026,1,1,90,1.0,0,0,0,0,0,0,0,0,0.0,0.0,0.0,0.0,0.0,0.0304,13,4,Squad Rotation
Ryan Sessegnon,6aa3e78b,eng ENG,DFFW,Fulham,FULHAM,26.31,2000,2026,3,0,53,0.6,0,0,0,0,0,0,0,0,0.0,0.0,0.0,0.0,0.0,0.0182,14,4,Squad Rotation
Kevin,93508980,br BRA,MF,Fulham,FULHAM,23.68,2003,2026,2,0,26,0.3,0,0,0,0,0,0,0,0,0.0,0.0,0.0,0.0,0.0,0.0091,15,5,Fringe/Backup
Emile Smith Rowe,17695062,eng ENG,MF,Fulham,FULHAM,26.12,2000,2026,2,0,27,0.3,0,0,0,0,0,0,0,0,0.0,0.0,0.0,0.0,0.0,0.0091,16,5,Fringe/Backup
Rodrigo Muniz,a755db8c,br BRA,FW,Fulham,FULHAM,25.35,2001,2026,2,0,17,0.2,0,0,0,0,0,0,0,0,0.0,0.0,0.0,0.0,0.0,0.0061,17,5,Fringe/Backup
Hugo Larsson,00c9a283,se SWE,MF,Fulham,FULHAM,22.2,2004,2026,1,0,12,0.1,0,0,0,0,0,0,0,0,0.0,0.0,0.0,0.0,0.0,0.003,18,5,Fringe/Backup
Regan Slater,ba4d4908,eng ENG,MF,Hull City,HULLCITY,26.99,1999,2026,3,3,270,3.0,0,1,1,0,0,0,1,0,0.0,0.33,0.33,0.0,0.33,0.1059,1,1,Talisman
Bachir Belloumi,b6cafcad,dz ALG,MF,Hull City,HULLCITY,24.27,2002,2026,3,3,253,2.8,0,1,1,0,0,0,0,0,0.0,0.36,0.36,0.0,0.36,0.1001,2,1,Talisman
Semi Ajayi,d6192210,ng NGA,DF,Hull City,HULLCITY,32.83,1993,2026,3,3,243,2.7,1,0,1,1,0,0,1,0,0.37,0.0,0.37,0.37,0.37,0.097,3,1,Talisman
John Egan,debe38a0,ie IRL,DF,Hull City,HULLCITY,33.88,1992,2026,3,3,270,3.0,0,0,0,0,0,0,0,0,0.0,0.0,0.0,0.0,0.0,0.0909,4,1,Talisman
Oliver McBurnie,78b8ac63,sct SCO,FW,Hull City,HULLCITY,30.26,1996,2026,3,3,270,3.0,0,0,0,0,0,0,1,0,0.0,0.0,0.0,0.0,0.0,0.0909,5,2,Key Player
Kostas Tzolakis,9052e98c,gr GRE,GK,Hull City,HULLCITY,23.83,2002,2026,3,3,270,3.0,0,0,0,0,0,0,0,0,0.0,0.0,0.0,0.0,0.0,0.0909,6,2,Key Player
Ryan Giles,73b1d65b,eng ENG,DF,Hull City,HULLCITY,26.62,2000,2026,3,3,264,2.9,0,0,0,0,0,0,0,0,0.0,0.0,0.0,0.0,0.0,0.0879,7,2,Key Player
Nobel Mendy,7e64e657,sn SEN,DF,Hull City,HULLCITY,22.01,2004,2026,3,3,191,2.1,1,0,1,1,0,0,0,0,0.47,0.0,0.47,0.47,0.47,0.0786,8,2,Key Player
Elliot Stroud,ff11bdec,se SWE,MF,Hull City,HULLCITY,24.21,2002,2026,3,3,190,2.1,0,0,0,0,0,0,1,0,0.0,0.0,0.0,0.0,0.0,0.0636,9,3,Regular Starter
Lewie Coyle,97aba136,eng ENG,DF,Hull City,HULLCITY,30.9,1995,2026,3,3,177,2.0,0,0,0,0,0,0,1,0,0.0,0.0,0.0,0.0,0.0,0.0606,10,3,Regular Starter
Lucas Gourna-Douath,3cd7820a,fr FRA,MF,Hull City,HULLCITY,23.09,2003,2026,2,1,126,1.4,0,0,0,0,0,0,1,0,0.0,0.0,0.0,0.0,0.0,0.0424,11,3,Regular Starter
Liam Millar,983515f8,ca CAN,FWMF,Hull City,HULLCITY,26.95,1999,2026,2,0,52,0.6,1,0,1,1,0,0,1,0,1.73,0.0,1.73,1.73,1.73,0.0339,12,3,Regular Starter
Matt Crooks,43f5d4e6,eng ENG,MF,Hull City,HULLCITY,32.63,1994,2026,1,1,90,1.0,0,0,0,0,0,0,1,0,0.0,0.0,0.0,0.0,0.0,0.0303,13,3,Regular Starter
Lucas Herrington,6f808c85,au AUS,DF,Hull City,HULLCITY,19.01,2007,2026,3,0,79,0.9,0,0,0,0,0,0,0,0,0.0,0.0,0.0,0.0,0.0,0.0273,14,4,Squad Rotation
Cody Drameh,e0d1510a,eng ENG,DFMF,Hull City,HULLCITY,24.75,2001,2026,2,0,66,0.7,0,0,0,0,0,0,0,0,0.0,0.0,0.0,0.0,0.0,0.0212,15,4,Squad Rotation
Hidemasa Morita,a650c75b,jp JPN,MF,Hull City,HULLCITY,31.33,1995,2026,1,1,45,0.5,0,0,0,0,0,0,0,0,0.0,0.0,0.0,0.0,0.0,0.0152,16,4,Squad Rotation
Paddy McNair,8ac454b5,nir NIR,DFMF,Hull City,HULLCITY,31.37,1995,2026,1,0,27,0.3,0,0,0,0,0,0,0,0,0.0,0.0,0.0,0.0,0.0,0.0091,17,4,Squad Rotation
Brooke Norton-Cuffy,54f5b2bd,eng ENG,DFMF,Hull City,HULLCITY,22.65,2004,2026,1,0,27,0.3,0,0,0,0,0,0,0,0,0.0,0.0,0.0,0.0,0.0,0.0091,18,5,Fringe/Backup
Sorba Thomas,8725a42e,wls WAL,FWMF,Hull City,HULLCITY,27.05,1999,2026,1,0,28,0.3,0,0,0,0,0,0,0,0,0.0,0.0,0.0,0.0,0.0,0.0091,19,5,Fringe/Backup
Mohamed Ali Cho,f8405304,fr FRA,FWMF,Hull City,HULLCITY,22.64,2004,2026,2,0,17,0.2,0,0,0,0,0,0,0,0,0.0,0.0,0.0,0.0,0.0,0.0061,20,5,Fringe/Backup
Jens Hjertø-Dahl,c232eadd,no NOR,MF,Hull City,HULLCITY,20.85,2005,2026,1,0,9,0.1,0,0,0,0,0,0,0,0,0.0,0.0,0.0,0.0,0.0,0.003,21,5,Fringe/Backup
Matt Targett,e514ab62,eng ENG,DFMF,Hull City,HULLCITY,30.97,1995,2026,1,0,6,0.1,0,0,0,0,0,0,0,0,0.0,0.0,0.0,0.0,0.0,0.003,22,5,Fringe/Backup
Julio Enciso,9cfbad36,py PAR,MF,Ipswich Town,IPSWICHTOWN,22.62,2004,2026,3,3,250,2.8,0,2,2,0,0,0,1,0,0.0,0.72,0.72,0.0,0.72,0.115,1,1,Talisman
Leif Davis,8574c61f,eng ENG,DF,Ipswich Town,IPSWICHTOWN,26.69,1999,2026,3,3,270,3.0,1,0,1,1,0,0,0,0,0.33,0.0,0.33,0.33,0.33,0.1056,2,1,Talisman
Saša Lukić,c6e8cf1f,rs SRB,MF,Ipswich Town,IPSWICHTOWN,30.07,1996,2026,3,3,252,2.8,0,1,1,0,0,0,1,0,0.0,0.36,0.36,0.0,0.36,0.0998,3,1,Talisman
Issa Diop,a712ca2b,ma MAR,DF,Ipswich Town,IPSWICHTOWN,29.66,1997,2026,3,3,270,3.0,0,0,0,0,0,0,0,0,0.0,0.0,0.0,0.0,0.0,0.0906,4,2,Key Player
Abdul Fatawu Issahaku,bceda5ff,gh GHA,MF,Ipswich Town,IPSWICHTOWN,22.5,2004,2026,3,3,225,2.5,0,1,1,0,0,0,1,0,0.0,0.4,0.4,0.0,0.4,0.0906,5,2,Key Player
Jacob Greaves,1f169636,eng ENG,DF,Ipswich Town,IPSWICHTOWN,25.99,2000,2026,3,3,270,3.0,0,0,0,0,0,0,1,0,0.0,0.0,0.0,0.0,0.0,0.0906,6,2,Key Player
Dara O'Shea,1d042188,ie IRL,DF,Ipswich Town,IPSWICHTOWN,27.52,1999,2026,3,3,270,3.0,0,0,0,0,0,0,0,0,0.0,0.0,0.0,0.0,0.0,0.0906,7,2,Key Player
Kjell Scherpen,f0e4c69e,nl NED,GK,Ipswich Town,IPSWICHTOWN,26.62,2000,2026,3,3,270,3.0,0,0,0,0,0,0,0,0,0.0,0.0,0.0,0.0,0.0,0.0906,8,3,Regular Starter
Daizen Maeda,395451fc,jp JPN,MF,Ipswich Town,IPSWICHTOWN,28.88,1997,2026,3,3,216,2.4,0,0,0,0,0,0,0,0,0.0,0.0,0.0,0.0,0.0,0.0725,9,3,Regular Starter
Emersonn,ac24342e,br BRA,FW,Ipswich Town,IPSWICHTOWN,22.15,2004,2026,3,3,175,1.9,1,0,1,1,0,0,0,0,0.51,0.0,0.51,0.51,0.51,0.072,10,3,Regular Starter
Marcelino Núñez,b6d1cf5c,cl CHI,MF,Ipswich Town,IPSWICHTOWN,26.52,2000,2026,2,2,140,1.6,0,0,0,0,0,0,0,0,0.0,0.0,0.0,0.0,0.0,0.0483,11,3,Regular Starter
Chuba Akpom,e2b384d2,eng ENG,FWMF,Ipswich Town,IPSWICHTOWN,30.92,1995,2026,2,0,70,0.8,1,0,1,1,0,0,0,0,1.29,0.0,1.29,1.29,1.29,0.0398,12,4,Squad Rotation
Exequiel Palacios,e82adcab,ar ARG,MF,Ipswich Town,IPSWICHTOWN,27.93,1998,2026,2,1,106,1.2,0,0,0,0,0,0,0,0,0.0,0.0,0.0,0.0,0.0,0.0363,13,4,Squad Rotation
Jack Clarke,e16932d8,eng ENG,FWMF,Ipswich Town,IPSWICHTOWN,25.79,2000,2026,2,0,45,0.5,1,0,1,1,0,0,0,0,2.0,0.0,2.0,2.0,2.0,0.0302,14,4,Squad Rotation
Kasey McAteer,b2c66859,ie IRL,MF,Ipswich Town,IPSWICHTOWN,24.79,2001,2026,3,0,45,0.5,0,0,0,0,0,0,0,0,0.0,0.0,0.0,0.0,0.0,0.0151,15,4,Squad Rotation
Abdoul Ouattara,d028b5e5,fr FRA,MF,Ipswich Town,IPSWICHTOWN,20.88,2005,2026,3,0,42,0.5,0,0,0,0,0,0,0,0,0.0,0.0,0.0,0.0,0.0,0.0151,16,5,Fringe/Backup
Zian Flemming,b3f36e72,nl NED,FWMF,Ipswich Town,IPSWICHTOWN,28.1,1998,2026,1,0,25,0.3,0,0,0,0,0,0,0,0,0.0,0.0,0.0,0.0,0.0,0.0091,17,5,Fringe/Backup
Darnell Furlong,3ec9195b,eng ENG,DFMF,Ipswich Town,IPSWICHTOWN,30.85,1995,2026,1,0,18,0.2,0,0,0,0,0,0,0,0,0.0,0.0,0.0,0.0,0.0,0.006,18,5,Fringe/Backup
Sindre Egeli,25172468,no NOR,FWMF,Ipswich Town,IPSWICHTOWN,20.22,2006,2026,1,0,11,0.1,0,0,0,0,0,0,0,0,0.0,0.0,0.0,0.0,0.0,0.003,19,5,Fringe/Backup
Anton Stach,0f59a7bf,de GER,MF,Leeds United,LEEDSUNITED,27.81,1998,2026,3,3,270,3.0,1,0,1,1,0,0,0,0,0.33,0.0,0.33,0.33,0.33,0.1062,1,1,Talisman
Dominic Calvert-Lewin,59e6e5bf,eng ENG,FW,Leeds United,LEEDSUNITED,29.48,1997,2026,3,3,252,2.8,1,0,1,1,0,0,2,0,0.36,0.0,0.36,0.36,0.36,0.1004,2,1,Talisman
Ethan Ampadu,10b9fa99,wls WAL,MF,Leeds United,LEEDSUNITED,25.98,2000,2026,3,3,270,3.0,0,0,0,0,0,0,0,0,0.0,0.0,0.0,0.0,0.0,0.0912,3,1,Talisman
James Justin,fb614c44,eng ENG,MFDF,Leeds United,LEEDSUNITED,28.54,1998,2026,3,3,270,3.0,0,0,0,0,0,0,0,0,0.0,0.0,0.0,0.0,0.0,0.0912,4,2,Key Player
Tarik Muharemovic,426dda23,ba BIH,DF,Leeds United,LEEDSUNITED,23.53,2003,2026,3,3,270,3.0,0,0,0,0,0,0,0,0,0.0,0.0,0.0,0.0,0.0,0.0912,5,2,Key Player
James Trafford,259fea27,eng ENG,GK,Leeds United,LEEDSUNITED,23.91,2002,2026,3,3,270,3.0,0,0,0,0,0,0,0,0,0.0,0.0,0.0,0.0,0.0,0.0912,6,2,Key Player
Jayden Bogle,ae5019e6,eng ENG,MF,Leeds United,LEEDSUNITED,26.12,2000,2026,3,3,217,2.4,1,0,1,1,0,0,1,0,0.41,0.0,0.41,0.41,0.41,0.0879,7,2,Key Player
Jaka Bijol,6fdac234,si SVN,DF,Leeds United,LEEDSUNITED,27.59,1999,2026,3,2,165,1.8,0,0,0,0,0,0,0,0,0.0,0.0,0.0,0.0,0.0,0.0547,8,3,Regular Starter
Ao Tanaka,1d36d6b6,jp JPN,MF,Leeds United,LEEDSUNITED,27.99,1998,2026,2,1,117,1.3,0,1,1,0,0,0,0,0,0.0,0.77,0.77,0.0,0.77,0.0547,9,3,Regular Starter
Brenden Aaronson,5bc43860,us USA,MF,Leeds United,LEEDSUNITED,25.88,2000,2026,3,2,155,1.7,0,0,0,0,0,0,0,0,0.0,0.0,0.0,0.0,0.0,0.0517,10,3,Regular Starter
Noah Okafor,ca607d59,ch SUI,MFFW,Leeds United,LEEDSUNITED,26.29,2000,2026,3,2,154,1.7,0,0,0,0,0,0,0,0,0.0,0.0,0.0,0.0,0.0,0.0517,11,4,Squad Rotation
Nico Elvedi,48035304,ch SUI,DF,Leeds United,LEEDSUNITED,29.94,1996,2026,2,1,147,1.6,0,0,0,0,0,0,0,0,0.0,0.0,0.0,0.0,0.0,0.0486,12,4,Squad Rotation
Joe Rodon,8d62d31a,wls WAL,DF,Leeds United,LEEDSUNITED,28.88,1997,2026,2,2,123,1.4,0,0,0,0,0,0,0,0,0.0,0.0,0.0,0.0,0.0,0.0426,13,4,Squad Rotation
Harry Wilson,c6dc9ecd,wls WAL,MF,Leeds United,LEEDSUNITED,29.47,1997,2026,3,1,128,1.4,0,0,0,0,0,0,1,0,0.0,0.0,0.0,0.0,0.0,0.0426,14,4,Squad Rotation
Gabriel Gudmundsson,d5d22a58,se SWE,MF,Leeds United,LEEDSUNITED,27.36,1999,2026,1,1,90,1.0,0,0,0,0,0,0,0,0,0.0,0.0,0.0,0.0,0.0,0.0304,15,5,Fringe/Backup
Lukas Nmecha,0cc5f4a5,de GER,FW,Leeds United,LEEDSUNITED,27.73,1998,2026,2,0,40,0.4,0,1,1,0,0,0,0,0,0.0,2.25,2.25,0.0,2.25,0.0258,16,5,Fringe/Backup
Daniel James,c931d9f9,wls WAL,FWMF,Leeds United,LEEDSUNITED,28.83,1997,2026,1,0,23,0.3,0,0,0,0,0,0,0,0,0.0,0.0,0.0,0.0,0.0,0.0091,17,5,Fringe/Backup
Sean Longstaff,a2b105e0,eng ENG,MF,Leeds United,LEEDSUNITED,28.86,1997,2026,1,0,9,0.1,0,0,0,0,0,0,0,0,0.0,0.0,0.0,0.0,0.0,0.003,18,5,Fringe/Backup
Cody Gakpo,1971591f,nl NED,MF,Liverpool,LIVERPOOL,27.34,1999,2026,3,3,250,2.8,1,3,4,1,0,0,0,0,0.36,1.08,1.44,0.36,1.44,0.1455,1,1,Talisman
Alexander Isak,8e92be30,se SWE,FW,Liverpool,LIVERPOOL,26.96,1999,2026,3,3,243,2.7,3,0,3,3,0,0,0,0,1.11,0.0,1.11,1.11,1.11,0.1268,2,1,Talisman
Florian Wirtz,e7fcf289,de GER,MF,Liverpool,LIVERPOOL,23.35,2003,2026,3,3,241,2.7,0,1,1,0,0,0,1,0,0.0,0.37,0.37,0.0,0.37,0.0967,3,1,Talisman
Alisson,7a2e46a8,br BRA,GK,Liverpool,LIVERPOOL,33.93,1992,2026,3,3,270,3.0,0,0,0,0,0,0,1,0,0.0,0.0,0.0,0.0,0.0,0.0906,4,2,Key Player
Dominik Szoboszlai,934e1968,hu HUN,MF,Liverpool,LIVERPOOL,25.87,2000,2026,3,3,270,3.0,1,0,1,0,1,1,0,0,0.33,0.0,0.33,0.0,0.0,0.0906,5,2,Key Player
Virgil van Dijk,e06683ca,nl NED,DF,Liverpool,LIVERPOOL,35.17,1991,2026,3,3,270,3.0,0,0,0,0,0,0,1,0,0.0,0.0,0.0,0.0,0.0,0.0906,6,2,Key Player
Milos Kerkez,0ad53bdc,hu HUN,DF,Liverpool,LIVERPOOL,22.84,2003,2026,3,3,250,2.8,0,0,0,0,0,0,2,0,0.0,0.0,0.0,0.0,0.0,0.0846,7,2,Key Player
Jérémy Jacquet,cef70c94,fr FRA,DF,Liverpool,LIVERPOOL,21.16,2005,2026,3,3,235,2.6,0,0,0,0,0,0,1,0,0.0,0.0,0.0,0.0,0.0,0.0785,8,3,Regular Starter
Víctor Muñoz,f8b5680f,es ESP,MF,Liverpool,LIVERPOOL,23.16,2003,2026,3,2,181,2.0,1,0,1,1,0,0,1,0,0.5,0.0,0.5,0.5,0.5,0.0755,9,3,Regular Starter
Alexis Mac Allister,83d074ff,ar ARG,MF,Liverpool,LIVERPOOL,27.71,1998,2026,3,2,187,2.1,0,0,0,0,0,0,1,0,0.0,0.0,0.0,0.0,0.0,0.0634,10,3,Regular Starter
Ryan Gravenberch,b8e740fb,nl NED,MF,Liverpool,LIVERPOOL,24.32,2002,2026,3,1,124,1.4,0,1,1,0,0,0,0,0,0.0,0.73,0.73,0.0,0.73,0.0577,11,4,Squad Rotation
Jeremie Frimpong,74f2e748,nl NED,DF,Liverpool,LIVERPOOL,25.75,2000,2026,2,2,160,1.8,0,0,0,0,0,0,1,0,0.0,0.0,0.0,0.0,0.0,0.0544,12,4,Squad Rotation
Ronald Araújo,2bef2bca,uy URU,DF,Liverpool,LIVERPOOL,27.51,1999,2026,3,1,125,1.4,0,0,0,0,0,0,1,0,0.0,0.0,0.0,0.0,0.0,0.0423,13,4,Squad Rotation
Rio Ngumoha,022eca88,eng ENG,MF,Liverpool,LIVERPOOL,18.03,2008,2026,2,1,82,0.9,0,0,0,0,0,0,0,0,0.0,0.0,0.0,0.0,0.0,0.0272,14,4,Squad Rotation
Bradley Barcola,a0d55a09,fr FRA,FWMF,Liverpool,LIVERPOOL,24.02,2002,2026,1,0,27,0.3,0,0,0,0,0,0,0,0,0.0,0.0,0.0,0.0,0.0,0.0091,15,5,Fringe/Backup
Lewis Koumas,d77edba6,wls WAL,MF,Liverpool,LIVERPOOL,20.97,2005,2026,2,0,14,0.2,0,0,0,0,0,0,0,0,0.0,0.0,0.0,0.0,0.0,0.006,16,5,Fringe/Backup
Trey Nyoni,1d3b3d77,eng ENG,MF,Liverpool,LIVERPOOL,19.19,2007,2026,2,0,21,0.2,0,0,0,0,0,0,0,0,0.0,0.0,0.0,0.0,0.0,0.006,17,5,Fringe/Backup
Kostas Tsimikas,f315ca93,gr GRE,DF,Liverpool,LIVERPOOL,30.33,1996,2026,1,0,20,0.2,0,0,0,0,0,0,0,0,0.0,0.0,0.0,0.0,0.0,0.006,18,5,Fringe/Backup
Erling Haaland,1f44ac21,no NOR,FW,Manchester City,MANCHESTERCITY,26.13,2000,2026,3,3,270,3.0,3,0,3,3,0,0,0,0,1.0,0.0,1.0,1.0,1.0,0.1364,1,1,Talisman
Antoine Semenyo,efd2ec23,gh GHA,MF,Manchester City,MANCHESTERCITY,26.67,2000,2026,3,3,270,3.0,0,2,2,0,0,0,0,0,0.0,0.67,0.67,0.0,0.67,0.1214,2,1,Talisman
Rayan Cherki,b34c63a5,fr FRA,MF,Manchester City,MANCHESTERCITY,23.06,2003,2026,3,2,174,1.9,2,2,4,2,0,0,1,0,1.03,1.03,2.07,1.03,2.07,0.1172,3,1,Talisman
Joško Gvardiol,5ad50391,hr CRO,DF,Manchester City,MANCHESTERCITY,24.62,2002,2026,3,3,254,2.8,1,1,2,1,0,0,0,0,0.35,0.35,0.71,0.35,0.71,0.115,4,1,Talisman
Marc Guéhi,d0706b27,eng ENG,DFMF,Manchester City,MANCHESTERCITY,26.16,2000,2026,3,3,270,3.0,1,0,1,1,0,0,0,0,0.33,0.0,0.33,0.33,0.33,0.1059,5,2,Key Player
Phil Foden,ed1e53f3,eng ENG,MF,Manchester City,MANCHESTERCITY,26.28,2000,2026,3,2,196,2.2,0,2,2,0,0,0,1,0,0.0,0.92,0.92,0.0,0.92,0.0973,6,2,Key Player
Rúben Dias,31c69ef1,pt POR,DF,Manchester City,MANCHESTERCITY,29.32,1997,2026,3,3,270,3.0,0,0,0,0,0,0,0,0,0.0,0.0,0.0,0.0,0.0,0.0909,7,2,Key Player
Gianluigi Donnarumma,08f5afaa,it ITA,GK,Manchester City,MANCHESTERCITY,27.53,1999,2026,3,3,270,3.0,0,0,0,0,0,0,0,0,0.0,0.0,0.0,0.0,0.0,0.0909,8,2,Key Player
Abdukodir Khusanov,d17ce930,uz UZB,DF,Manchester City,MANCHESTERCITY,22.52,2004,2026,3,3,268,3.0,0,0,0,0,0,0,1,0,0.0,0.0,0.0,0.0,0.0,0.0909,9,3,Regular Starter
Elliot Anderson,de31038e,eng ENG,MF,Manchester City,MANCHESTERCITY,23.84,2002,2026,3,3,233,2.6,0,0,0,0,0,0,1,0,0.0,0.0,0.0,0.0,0.0,0.0788,10,3,Regular Starter
Nico O'Reilly,91ca4a16,eng ENG,MF,Manchester City,MANCHESTERCITY,21.47,2005,2026,2,2,150,1.7,0,0,0,0,0,0,0,0,0.0,0.0,0.0,0.0,0.0,0.0515,11,3,Regular Starter
Iliman Ndiaye,5ed97752,sn SEN,MF,Manchester City,MANCHESTERCITY,26.51,2000,2026,1,1,86,1.0,0,0,0,0,0,0,0,0,0.0,0.0,0.0,0.0,0.0,0.0303,12,3,Regular Starter
Enzo Fernández,5ff4ab71,ar ARG,MF,Manchester City,MANCHESTERCITY,25.64,2001,2026,1,1,75,0.8,0,0,0,0,0,0,0,0,0.0,0.0,0.0,0.0,0.0,0.0242,13,4,Squad Rotation
Rico Lewis,b57e066e,eng ENG,DF,Manchester City,MANCHESTERCITY,21.8,2004,2026,1,1,56,0.6,0,0,0,0,0,0,0,0,0.0,0.0,0.0,0.0,0.0,0.0182,14,4,Squad Rotation
Mateo Kovačić,79c0821a,hr CRO,MF,Manchester City,MANCHESTERCITY,32.34,1994,2026,2,0,44,0.5,0,0,0,0,0,0,0,0,0.0,0.0,0.0,0.0,0.0,0.0152,15,4,Squad Rotation
Matheus Nunes,e6af02e0,pt POR,DFMF,Manchester City,MANCHESTERCITY,28.03,1998,2026,1,0,34,0.4,0,0,0,0,0,0,0,0,0.0,0.0,0.0,0.0,0.0,0.0121,16,4,Squad Rotation
Ayyoub Bouaddi,8006228f,ma MAR,MF,Manchester City,MANCHESTERCITY,18.93,2007,2026,2,0,24,0.3,0,0,0,0,0,0,0,0,0.0,0.0,0.0,0.0,0.0,0.0091,17,5,Fringe/Backup
Jack Grealish,b0b4fd3e,eng ENG,FWMF,Manchester City,MANCHESTERCITY,30.99,1995,2026,1,0,9,0.1,0,0,0,0,0,0,0,0,0.0,0.0,0.0,0.0,0.0,0.003,18,5,Fringe/Backup
Ryan Mcaidoo,8dd0d7c5,eng ENG,FW,Manchester City,MANCHESTERCITY,18.21,2008,2026,2,0,13,0.1,0,0,0,0,0,0,0,0,0.0,0.0,0.0,0.0,0.0,0.003,19,5,Fringe/Backup
Kaden Braithwaite,dd1bd054,eng ENG,DF,Manchester City,MANCHESTERCITY,18.58,2008,2026,1,0,2,0.0,0,0,0,0,0,0,0,0,0.0,0.0,0.0,0.0,0.0,0.0,20,5,Fringe/Backup
Vitor Reis,c4ce0ab5,br BRA,DF,Manchester City,MANCHESTERCITY,20.65,2006,2026,1,0,2,0.0,0,0,0,0,0,0,0,0,0.0,0.0,0.0,0.0,0.0,0.0,21,5,Fringe/Backup
Bruno Fernandes,507c7bdf,pt POR,MF,Manchester Utd,MANCHESTERUNITED,32.0,1994,2026,3,3,270,3.0,3,1,4,2,1,1,0,0,1.0,0.33,1.33,0.67,1.0,0.1364,1,1,Talisman
Bryan Mbeumo,6afaebf2,cm CMR,MF,Manchester Utd,MANCHESTERUNITED,27.09,1999,2026,3,3,270,3.0,2,0,2,2,0,0,1,0,0.67,0.0,0.67,0.67,0.67,0.1214,2,1,Talisman
Luke Shaw,9c94165b,eng ENG,DF,Manchester Utd,MANCHESTERUNITED,31.16,1995,2026,3,3,251,2.8,0,1,1,0,0,0,1,0,0.0,0.36,0.36,0.0,0.36,0.1001,3,1,Talisman
Matheus Cunha,dc62b55d,br BRA,FW,Manchester Utd,MANCHESTERUNITED,27.28,1999,2026,3,3,227,2.5,0,1,1,0,0,0,0,0,0.0,0.4,0.4,0.0,0.4,0.0909,4,2,Key Player
Senne Lammens,8e6d2fcd,be BEL,GK,Manchester Utd,MANCHESTERUNITED,24.17,2002,2026,3,3,270,3.0,0,0,0,0,0,0,0,0,0.0,0.0,0.0,0.0,0.0,0.0909,5,2,Key Player
Harry Maguire,d8931174,eng ENG,DF,Manchester Utd,MANCHESTERUNITED,33.51,1993,2026,3,3,270,3.0,0,0,0,0,0,0,1,0,0.0,0.0,0.0,0.0,0.0,0.0909,6,2,Key Player
Youri Tielemans,56f7a928,be BEL,MF,Manchester Utd,MANCHESTERUNITED,29.34,1997,2026,3,3,246,2.7,0,0,0,0,0,0,0,0,0.0,0.0,0.0,0.0,0.0,0.0818,7,2,Key Player
Kobbie Mainoo,c6220452,eng ENG,MF,Manchester Utd,MANCHESTERUNITED,21.39,2005,2026,3,2,186,2.1,0,1,1,0,0,0,0,0,0.0,0.48,0.48,0.0,0.48,0.0789,8,3,Regular Starter
Marcus Rashford,a1d5bd30,eng ENG,MF,Manchester Utd,MANCHESTERUNITED,28.85,1997,2026,3,2,193,2.1,0,0,0,0,0,0,0,0,0.0,0.0,0.0,0.0,0.0,0.0636,9,3,Regular Starter
Lisandro Martínez,bac46a10,ar ARG,DF,Manchester Utd,MANCHESTERUNITED,28.64,1998,2026,2,2,180,2.0,0,0,0,0,0,0,0,0,0.0,0.0,0.0,0.0,0.0,0.0606,10,3,Regular Starter
Diogo Dalot,d9565625,pt POR,DF,Manchester Utd,MANCHESTERUNITED,27.48,1999,2026,3,2,167,1.9,0,0,0,0,0,0,1,0,0.0,0.0,0.0,0.0,0.0,0.0576,11,4,Squad Rotation
Noussair Mazraoui,b74277a0,ma MAR,DF,Manchester Utd,MANCHESTERUNITED,28.82,1997,2026,3,1,98,1.1,0,0,0,0,0,0,0,0,0.0,0.0,0.0,0.0,0.0,0.0333,12,4,Squad Rotation
Benjamin Šeško,3260690c,si SVN,FW,Manchester Utd,MANCHESTERUNITED,23.27,2003,2026,3,0,56,0.6,1,0,1,1,0,0,0,0,1.61,0.0,1.61,1.61,1.61,0.0328,13,4,Squad Rotation
Ayden Heaven,64e17fab,eng ENG,DF,Manchester Utd,MANCHESTERUNITED,19.96,2006,2026,1,1,90,1.0,0,0,0,0,0,0,0,0,0.0,0.0,0.0,0.0,0.0,0.0303,14,4,Squad Rotation
Patrick Dorgu,e6536124,dk DEN,MF,Manchester Utd,MANCHESTERUNITED,21.87,2004,2026,3,1,77,0.9,0,0,0,0,0,0,1,0,0.0,0.0,0.0,0.0,0.0,0.0273,15,5,Fringe/Backup
Andrey Santos,dd745366,br BRA,MF,Manchester Utd,MANCHESTERUNITED,22.35,2004,2026,3,1,84,0.9,0,0,0,0,0,0,0,0,0.0,0.0,0.0,0.0,0.0,0.0273,16,5,Fringe/Backup
Leny Yoro,6763f716,fr FRA,DF,Manchester Utd,MANCHESTERUNITED,20.82,2005,2026,2,0,24,0.3,0,0,0,0,0,0,0,0,0.0,0.0,0.0,0.0,0.0,0.0091,17,5,Fringe/Backup
Shea Lacey,3160e952,eng ENG,FW,Manchester Utd,MANCHESTERUNITED,19.4,2007,2026,1,0,11,0.1,0,0,0,0,0,0,0,0,0.0,0.0,0.0,0.0,0.0,0.003,18,5,Fringe/Backup
Yoane Wissa,2500cef9,cd COD,FWMF,Newcastle,NEWCASTLEUNITED,30.01,1996,2026,3,3,260,2.9,1,1,2,1,0,0,2,0,0.35,0.35,0.69,0.35,0.69,0.1182,1,1,Talisman
Anthony Elanga,2fba6108,se SWE,MF,Newcastle,NEWCASTLEUNITED,24.37,2002,2026,3,3,232,2.6,2,0,2,2,0,0,1,0,0.78,0.0,0.78,0.78,0.78,0.1095,2,1,Talisman
Harvey Barnes,3ea50f67,eng ENG,MF,Newcastle,NEWCASTLEUNITED,28.75,1997,2026,3,3,269,3.0,1,0,1,1,0,0,0,0,0.33,0.0,0.33,0.33,0.33,0.1059,3,1,Talisman
Amar Dedić,bc6e544a,ba BIH,DF,Newcastle,NEWCASTLEUNITED,24.06,2002,2026,3,3,270,3.0,0,1,1,0,0,0,0,0,0.0,0.33,0.33,0.0,0.33,0.1059,4,1,Talisman
Lewis Hall,da011f18,eng ENG,DF,Newcastle,NEWCASTLEUNITED,22.0,2004,2026,3,3,269,3.0,0,1,1,0,0,0,0,0,0.0,0.33,0.33,0.0,0.33,0.1059,5,2,Key Player
Sven Botman,ccce7025,nl NED,DF,Newcastle,NEWCASTLEUNITED,26.65,2000,2026,3,3,270,3.0,0,0,0,0,0,0,1,0,0.0,0.0,0.0,0.0,0.0,0.0909,6,2,Key Player
Lukáš Horníček,cc8312b4,cz CZE,GK,Newcastle,NEWCASTLEUNITED,24.16,2002,2026,3,3,270,3.0,0,0,0,0,0,0,1,0,0.0,0.0,0.0,0.0,0.0,0.0909,7,2,Key Player
Malick Thiaw,ff5ea0bf,de GER,DF,Newcastle,NEWCASTLEUNITED,25.08,2001,2026,3,3,270,3.0,0,0,0,0,0,0,0,0,0.0,0.0,0.0,0.0,0.0,0.0909,8,2,Key Player
Lewis Miley,2c6835e5,eng ENG,MF,Newcastle,NEWCASTLEUNITED,20.36,2006,2026,3,3,227,2.5,0,0,0,0,0,0,1,0,0.0,0.0,0.0,0.0,0.0,0.0758,9,3,Regular Starter
Joe Willock,a3b03921,eng ENG,MF,Newcastle,NEWCASTLEUNITED,27.05,1999,2026,3,2,167,1.9,1,0,1,1,0,0,0,0,0.54,0.0,0.54,0.54,0.54,0.0731,10,3,Regular Starter
Nicolás González,2c56a792,es ESP,MF,Newcastle,NEWCASTLEUNITED,24.68,2002,2026,2,2,146,1.6,0,0,0,0,0,0,1,0,0.0,0.0,0.0,0.0,0.0,0.0485,11,3,Regular Starter
Jacob Ramsey,1544f145,eng ENG,MF,Newcastle,NEWCASTLEUNITED,25.28,2001,2026,3,0,72,0.8,1,0,1,1,0,0,1,0,1.25,0.0,1.25,1.25,1.25,0.0394,12,3,Regular Starter
William Osula,7b355808,dk DEN,FW,Newcastle,NEWCASTLEUNITED,23.1,2003,2026,1,1,55,0.6,0,1,1,0,0,0,0,0,0.0,1.64,1.64,0.0,1.64,0.0331,13,4,Squad Rotation
Sean Steur,7f1d94bf,nl NED,MF,Newcastle,NEWCASTLEUNITED,18.66,2008,2026,3,1,89,1.0,0,0,0,0,0,0,0,0,0.0,0.0,0.0,0.0,0.0,0.0303,14,4,Squad Rotation
Nick Woltemade,7ca196eb,de GER,FWMF,Newcastle,NEWCASTLEUNITED,24.56,2002,2026,1,0,20,0.2,0,1,1,0,0,0,0,0,0.0,4.5,4.5,0.0,4.5,0.0197,15,4,Squad Rotation
Jacob Murphy,de112b84,eng ENG,DFFW,Newcastle,NEWCASTLEUNITED,31.54,1995,2026,3,0,38,0.4,0,0,0,0,0,0,1,0,0.0,0.0,0.0,0.0,0.0,0.0121,16,4,Squad Rotation
Matias Fernandez-Pardo,0cdb6a2a,be BEL,FWMF,Newcastle,NEWCASTLEUNITED,21.59,2005,2026,1,0,28,0.3,0,0,0,0,0,0,0,0,0.0,0.0,0.0,0.0,0.0,0.0091,17,5,Fringe/Backup
Aladji Bamba,6906ecb2,fr FRA,MF,Newcastle,NEWCASTLEUNITED,20.15,2006,2026,1,0,15,0.2,0,0,0,0,0,0,0,0,0.0,0.0,0.0,0.0,0.0,0.0061,18,5,Fringe/Backup
Tino Livramento,afed6722,eng ENG,DFMF,Newcastle,NEWCASTLEUNITED,23.82,2002,2026,1,0,1,0.0,0,0,0,0,0,0,0,0,0.0,0.0,0.0,0.0,0.0,0.0,19,5,Fringe/Backup
Fabian Schär,c8aa95da,ch SUI,DF,Newcastle,NEWCASTLEUNITED,34.72,1991,2026,1,0,1,0.0,0,0,0,0,0,0,0,0,0.0,0.0,0.0,0.0,0.0,0.0,20,5,Fringe/Backup
Bazoumana Touré,93945a50,ci CIV,MF,Newcastle,NEWCASTLEUNITED,20.52,2006,2026,1,0,1,0.0,0,0,0,0,0,0,0,0,0.0,0.0,0.0,0.0,0.0,0.0,21,5,Fringe/Backup
Morgan Gibbs-White,32f60ed8,eng ENG,MF,Nottingham,NOTTINGHAMFOREST,26.61,2000,2026,3,3,270,3.0,1,1,2,0,1,1,0,0,0.33,0.33,0.67,0.0,0.33,0.1062,1,1,Talisman
Jair Cunha,ac31d35e,br BRA,DF,Nottingham,NOTTINGHAMFOREST,21.51,2005,2026,3,3,270,3.0,0,0,0,0,0,0,1,0,0.0,0.0,0.0,0.0,0.0,0.0912,2,1,Talisman
Nikola Milenković,bee704fc,rs SRB,DF,Nottingham,NOTTINGHAMFOREST,28.91,1997,2026,3,3,270,3.0,0,0,0,0,0,0,1,0,0.0,0.0,0.0,0.0,0.0,0.0912,3,1,Talisman
Murillo,1704b0b8,br BRA,DF,Nottingham,NOTTINGHAMFOREST,24.18,2002,2026,3,3,268,3.0,0,0,0,0,0,0,0,0,0.0,0.0,0.0,0.0,0.0,0.0912,4,1,Talisman
Matz Sels,834b5c4c,be BEL,GK,Nottingham,NOTTINGHAMFOREST,34.53,1992,2026,3,3,270,3.0,0,0,0,0,0,0,0,0,0.0,0.0,0.0,0.0,0.0,0.0912,5,2,Key Player
Neco Williams,dd323728,wls WAL,MF,Nottingham,NOTTINGHAMFOREST,25.41,2001,2026,3,3,270,3.0,0,0,0,0,0,0,0,0,0.0,0.0,0.0,0.0,0.0,0.0912,6,2,Key Player
James Mcatee,96593e89,eng ENG,MF,Nottingham,NOTTINGHAMFOREST,23.89,2002,2026,3,3,252,2.8,0,0,0,0,0,0,1,0,0.0,0.0,0.0,0.0,0.0,0.0851,7,2,Key Player
Dan Ndoye,8e697a8f,ch SUI,MF,Nottingham,NOTTINGHAMFOREST,25.87,2000,2026,3,3,184,2.0,1,0,1,1,0,0,0,0,0.49,0.0,0.49,0.49,0.49,0.0757,8,2,Key Player
Ola Aina,246d153b,ng NGA,MF,Nottingham,NOTTINGHAMFOREST,29.92,1996,2026,3,3,216,2.4,0,0,0,0,0,0,2,0,0.0,0.0,0.0,0.0,0.0,0.0729,9,3,Regular Starter
Igor Jesus,dbe24cce,br BRA,FW,Nottingham,NOTTINGHAMFOREST,25.53,2001,2026,3,2,211,2.3,0,0,0,0,0,0,1,0,0.0,0.0,0.0,0.0,0.0,0.0699,10,3,Regular Starter
Xaver Schlager,8f056768,at AUT,MF,Nottingham,NOTTINGHAMFOREST,28.95,1997,2026,3,2,197,2.2,0,0,0,0,0,0,0,0,0.0,0.0,0.0,0.0,0.0,0.0669,11,3,Regular Starter
Liam Delap,dd897ee7,eng ENG,FW,Nottingham,NOTTINGHAMFOREST,23.58,2003,2026,2,1,98,1.1,0,0,0,0,0,0,0,0,0.0,0.0,0.0,0.0,0.0,0.0334,12,3,Regular Starter
Ibrahim Sangaré,bced0375,ci CIV,MF,Nottingham,NOTTINGHAMFOREST,28.77,1997,2026,1,1,90,1.0,0,0,0,0,0,0,0,0,0.0,0.0,0.0,0.0,0.0,0.0304,13,4,Squad Rotation
Chris Wood,4e9a0555,nz NZL,FW,Nottingham,NOTTINGHAMFOREST,34.75,1991,2026,2,0,46,0.5,0,0,0,0,0,0,0,0,0.0,0.0,0.0,0.0,0.0,0.0152,14,4,Squad Rotation
Daniel Muñoz,778ef829,co COL,DFMF,Nottingham,NOTTINGHAMFOREST,30.29,1996,2026,1,0,32,0.4,0,0,0,0,0,0,0,0,0.0,0.0,0.0,0.0,0.0,0.0122,15,4,Squad Rotation
Luca Netz,e79269bd,de GER,DFMF,Nottingham,NOTTINGHAMFOREST,23.32,2003,2026,2,0,22,0.2,0,0,0,0,0,0,0,0,0.0,0.0,0.0,0.0,0.0,0.0061,16,4,Squad Rotation
Ousmane Diomande,394be156,ci CIV,DF,Nottingham,NOTTINGHAMFOREST,22.76,2003,2026,1,0,1,0.0,0,0,0,0,0,0,0,0,0.0,0.0,0.0,0.0,0.0,0.0,17,5,Fringe/Backup
Nicolás Domínguez,20b3a502,ar ARG,MF,Nottingham,NOTTINGHAMFOREST,28.2,1998,2026,1,0,1,0.0,0,0,0,0,0,0,0,0,0.0,0.0,0.0,0.0,0.0,0.0,18,5,Fringe/Backup
Callum Hudson-Odoi,15f3ec41,eng ENG,FWMF,Nottingham,NOTTINGHAMFOREST,25.84,2000,2026,1,0,1,0.0,0,0,0,0,0,0,0,0,0.0,0.0,0.0,0.0,0.0,0.0,19,5,Fringe/Backup
Arnaud Kalimuendo,bf4c41f9,fr FRA,FW,Nottingham,NOTTINGHAMFOREST,24.63,2002,2026,1,0,1,0.0,0,0,0,0,0,0,0,0,0.0,0.0,0.0,0.0,0.0,0.0,20,5,Fringe/Backup
Daniel Ballard,38f300f3,nir NIR,DF,Sunderland,SUNDERLAND,26.96,1999,2026,3,3,270,3.0,0,0,0,0,0,0,1,0,0.0,0.0,0.0,0.0,0.0,0.0906,1,1,Talisman
Reinildo Mandava,c20bdcd7,mz MOZ,DF,Sunderland,SUNDERLAND,32.63,1994,2026,3,3,270,3.0,0,0,0,0,0,0,0,0,0.0,0.0,0.0,0.0,0.0,0.0906,2,1,Talisman
Robin Roefs,349fa918,nl NED,GK,Sunderland,SUNDERLAND,23.64,2003,2026,3,3,270,3.0,0,0,0,0,0,0,0,0,0.0,0.0,0.0,0.0,0.0,0.0906,3,1,Talisman
Granit Xhaka,e61b8aee,ch SUI,MF,Sunderland,SUNDERLAND,33.95,1992,2026,3,3,270,3.0,0,0,0,0,0,0,1,0,0.0,0.0,0.0,0.0,0.0,0.0906,4,1,Talisman
Enzo Le Fée,6f806d99,fr FRA,MF,Sunderland,SUNDERLAND,26.59,2000,2026,3,3,258,2.9,1,0,1,0,1,1,0,0,0.35,0.0,0.35,0.0,0.0,0.0876,5,2,Key Player
Noah Sadiki,645481cc,cd COD,MF,Sunderland,SUNDERLAND,21.73,2004,2026,3,3,253,2.8,0,0,0,0,0,0,1,0,0.0,0.0,0.0,0.0,0.0,0.0846,6,2,Key Player
Thomas Meunier,e162b013,be BEL,DFMF,Sunderland,SUNDERLAND,34.99,1991,2026,3,3,243,2.7,0,0,0,0,0,0,0,0,0.0,0.0,0.0,0.0,0.0,0.0816,7,2,Key Player
Nilson Angulo,a9b9d89c,ec ECU,MF,Sunderland,SUNDERLAND,23.22,2003,2026,3,3,185,2.1,1,0,1,1,0,0,1,0,0.49,0.0,0.49,0.49,0.49,0.079,8,2,Key Player
Brian Brobbey,4c184730,nl NED,FW,Sunderland,SUNDERLAND,24.6,2002,2026,3,3,220,2.4,0,0,0,0,0,0,0,0,0.0,0.0,0.0,0.0,0.0,0.0725,9,3,Regular Starter
Trai Hume,4fa3a3a4,nir NIR,MF,Sunderland,SUNDERLAND,24.48,2002,2026,3,2,196,2.2,0,0,0,0,0,0,0,0,0.0,0.0,0.0,0.0,0.0,0.0665,10,3,Regular Starter
Nordi Mukiele,ac73ec79,fr FRA,DF,Sunderland,SUNDERLAND,28.85,1997,2026,2,2,180,2.0,0,0,0,0,0,0,0,0,0.0,0.0,0.0,0.0,0.0,0.0604,11,3,Regular Starter
Wilson Isidor,a671316d,ht HAI,FWMF,Sunderland,SUNDERLAND,26.03,2000,2026,3,0,77,0.9,1,0,1,1,0,0,0,0,1.17,0.0,1.17,1.17,1.17,0.0431,12,3,Regular Starter
Kevin Danso,6e33125f,at AUT,DF,Sunderland,SUNDERLAND,27.97,1998,2026,1,1,90,1.0,0,0,0,0,0,0,0,0,0.0,0.0,0.0,0.0,0.0,0.0302,13,4,Squad Rotation
Habib Diarra,6d0fe035,sn SEN,MF,Sunderland,SUNDERLAND,22.68,2004,2026,2,0,29,0.3,0,1,1,0,0,0,0,0,0.0,3.1,3.1,0.0,3.1,0.0231,14,4,Squad Rotation
Luke O'Nien,8092d497,eng ENG,DF,Sunderland,SUNDERLAND,31.8,1994,2026,1,1,66,0.7,0,0,0,0,0,0,1,0,0.0,0.0,0.0,0.0,0.0,0.0211,15,4,Squad Rotation
Chemsdine Talbi,47ce793b,ma MAR,MF,Sunderland,SUNDERLAND,21.33,2005,2026,1,0,32,0.4,0,0,0,0,0,0,0,0,0.0,0.0,0.0,0.0,0.0,0.0121,16,4,Squad Rotation
Omar Alderete,bb08bce9,py PAR,DF,Sunderland,SUNDERLAND,29.7,1996,2026,1,0,24,0.3,0,0,0,0,0,0,0,0,0.0,0.0,0.0,0.0,0.0,0.0091,17,5,Fringe/Backup
Malick Fofana,8236f673,be BEL,FWMF,Sunderland,SUNDERLAND,21.44,2005,2026,1,0,17,0.2,0,0,0,0,0,0,0,0,0.0,0.0,0.0,0.0,0.0,0.006,18,5,Fringe/Backup
Chris Rigg,35741fe2,eng ENG,MF,Sunderland,SUNDERLAND,19.22,2007,2026,2,0,19,0.2,0,0,0,0,0,0,0,0,0.0,0.0,0.0,0.0,0.0,0.006,19,5,Fringe/Backup
Romaine Mundle,597610cd,eng ENG,MF,Sunderland,SUNDERLAND,23.38,2003,2026,1,0,1,0.0,0,0,0,0,0,0,0,0,0.0,0.0,0.0,0.0,0.0,0.0,20,5,Fringe/Backup
Jan Paul van Hecke,4fd08daa,nl NED,DF,Tottenham,TOTTENHAMHOTSPUR,26.25,2000,2026,3,3,270,3.0,0,0,0,0,0,0,0,0,0.0,0.0,0.0,0.0,0.0,0.0906,1,1,Talisman
Antonín Kinský,b38ac6a4,cz CZE,GK,Tottenham,TOTTENHAMHOTSPUR,23.49,2003,2026,3,3,270,3.0,0,0,0,0,0,0,0,0,0.0,0.0,0.0,0.0,0.0,0.0906,2,1,Talisman
Sandro Tonali,0db169ae,it ITA,MF,Tottenham,TOTTENHAMHOTSPUR,26.34,2000,2026,3,3,254,2.8,0,0,0,0,0,0,0,0,0.0,0.0,0.0,0.0,0.0,0.0846,3,1,Talisman
Mathys Tel,829aa60c,fr FRA,MF,Tottenham,TOTTENHAMHOTSPUR,21.37,2005,2026,3,3,230,2.6,0,0,0,0,0,0,0,0,0.0,0.0,0.0,0.0,0.0,0.0785,4,1,Talisman
Rodrigo Bentancur,3b8674e6,uy URU,MF,Tottenham,TOTTENHAMHOTSPUR,29.21,1997,2026,3,2,225,2.5,0,0,0,0,0,0,0,0,0.0,0.0,0.0,0.0,0.0,0.0755,5,2,Key Player
Andy Robertson,2e4f5f03,sct SCO,DF,Tottenham,TOTTENHAMHOTSPUR,32.5,1994,2026,3,2,187,2.1,0,0,0,0,0,0,0,0,0.0,0.0,0.0,0.0,0.0,0.0634,6,2,Key Player
Pedro Porro,27d0a506,es ESP,MFDF,Tottenham,TOTTENHAMHOTSPUR,26.99,1999,2026,2,2,180,2.0,0,0,0,0,0,0,0,0,0.0,0.0,0.0,0.0,0.0,0.0604,7,2,Key Player
Micky van de Ven,8fe2a392,nl NED,DF,Tottenham,TOTTENHAMHOTSPUR,25.39,2001,2026,2,2,180,2.0,0,0,0,0,0,0,1,0,0.0,0.0,0.0,0.0,0.0,0.0604,8,2,Key Player
Omar Marmoush,0e0102eb,eg EGY,FW,Tottenham,TOTTENHAMHOTSPUR,27.58,1999,2026,2,2,173,1.9,0,0,0,0,0,0,0,0,0.0,0.0,0.0,0.0,0.0,0.0574,9,3,Regular Starter
Archie Gray,f58515f5,eng ENG,DF,Tottenham,TOTTENHAMHOTSPUR,20.49,2006,2026,2,2,152,1.7,0,0,0,0,0,0,0,0,0.0,0.0,0.0,0.0,0.0,0.0514,10,3,Regular Starter
Mateus Fernandes,ef491564,pt POR,MF,Tottenham,TOTTENHAMHOTSPUR,22.16,2004,2026,3,1,143,1.6,0,0,0,0,0,0,1,0,0.0,0.0,0.0,0.0,0.0,0.0483,11,3,Regular Starter
Conor Gallagher,c2731c10,eng ENG,MF,Tottenham,TOTTENHAMHOTSPUR,26.59,2000,2026,2,2,127,1.4,0,0,0,0,0,0,1,0,0.0,0.0,0.0,0.0,0.0,0.0423,12,3,Regular Starter
Mikey Moore,00953a9d,eng ENG,MF,Tottenham,TOTTENHAMHOTSPUR,19.08,2007,2026,2,1,90,1.0,0,0,0,0,0,0,0,0,0.0,0.0,0.0,0.0,0.0,0.0302,13,3,Regular Starter
Marcos Senesi,35141f4c,ar ARG,DF,Tottenham,TOTTENHAMHOTSPUR,29.33,1997,2026,1,1,90,1.0,0,0,0,0,0,0,0,0,0.0,0.0,0.0,0.0,0.0,0.0302,14,4,Squad Rotation
Destiny Udogie,7cd520e8,it ITA,DF,Tottenham,TOTTENHAMHOTSPUR,23.78,2002,2026,3,1,88,1.0,0,0,0,0,0,0,1,0,0.0,0.0,0.0,0.0,0.0,0.0302,15,4,Squad Rotation
Richarlison,fa031b34,br BRA,FW,Tottenham,TOTTENHAMHOTSPUR,29.33,1997,2026,1,1,67,0.7,0,0,0,0,0,0,0,0,0.0,0.0,0.0,0.0,0.0,0.0211,16,4,Squad Rotation
Sávio,fe6e7156,br BRA,MF,Tottenham,TOTTENHAMHOTSPUR,22.41,2004,2026,1,1,60,0.7,0,0,0,0,0,0,0,0,0.0,0.0,0.0,0.0,0.0,0.0211,17,4,Squad Rotation
Mohammed Kudus,b62878a5,gh GHA,FWMF,Tottenham,TOTTENHAMHOTSPUR,26.1,2000,2026,2,0,53,0.6,0,0,0,0,0,0,0,0,0.0,0.0,0.0,0.0,0.0,0.0181,18,5,Fringe/Backup
Lucas Bergvall,a109e5c8,se SWE,MF,Tottenham,TOTTENHAMHOTSPUR,20.6,2006,2026,1,1,45,0.5,0,0,0,0,0,0,0,0,0.0,0.0,0.0,0.0,0.0,0.0151,19,5,Fringe/Backup
Dominic Solanke,e77dc3b2,eng ENG,FW,Tottenham,TOTTENHAMHOTSPUR,28.98,1997,2026,3,0,46,0.5,0,0,0,0,0,0,0,0,0.0,0.0,0.0,0.0,0.0,0.0151,20,5,Fringe/Backup
James Maddison,ee38d9c5,eng ENG,FWMF,Tottenham,TOTTENHAMHOTSPUR,29.79,1996,2026,1,0,23,0.3,0,0,0,0,0,0,0,0,0.0,0.0,0.0,0.0,0.0,0.0091,21,5,Fringe/Backup
Mykhailo Mudryk,049a888d,ua UKR,MF,Tottenham,TOTTENHAMHOTSPUR,25.67,2001,2026,1,0,17,0.2,0,0,0,0,0,0,0,0,0.0,0.0,0.0,0.0,0.0,0.006,22,5,Fringe/Backup
